{"root": {"matrix": [[0.20638105273246765, -0.6911110281944275, 0.6926560401916504, 0.0], [0.9772472977638245, 0.11018569767475128, -0.18123683333396912, 0.0], [0.04893406108021736, 0.7143000960350037, 0.6981266736984253, 0.0], [0.0, 0.0, 0.0, 1.0]]}, "carpals": {"matrix": [[-0.9576983451843262, -0.07882580161094666, -0.27676722407341003, -0.28761813044548035], [0.19098566472530365, -0.8935182690620422, -0.4063856899738312, 2.3382465839385986], [-0.21526291966438293, -0.44205352663993835, 0.8707756996154785, 0.7313438653945923], [0.0, 0.0, 0.0, 1.0]]}, "metacarpals": {"matrix": [[-0.7358976006507874, -0.5708776712417603, 0.3640786409378052, -0.36439406871795654], [0.3566770851612091, -0.7838970422744751, -0.5082190036773682, 1.4679652452468872], [0.5755311250686646, -0.24413862824440002, 0.780487060546875, 0.3007863759994507], [0.0, 0.0, 0.0, 1.0]]}, "finger5joint1": {"matrix": [[-0.7828925251960754, -0.5493748784065247, 0.29200392961502075, -0.710821807384491], [0.19754910469055176, -0.6645589470863342, -0.7206493020057678, 1.1670994758605957], [0.5899605751037598, -0.5065059065818787, 0.6288068294525146, -0.260589063167572], [0.0, 0.0, 0.0, 1.0]]}, "finger5joint2": {"matrix": [[0.27889877557754517, -0.7623080015182495, 0.5840388536453247, -1.2911112308502197], [-0.7334590554237366, -0.5616617202758789, -0.3828490078449249, 0.4651443064212799], [0.6198813915252686, -0.3215925097465515, -0.7157687544822693, -0.7955971956253052], [0.0, 0.0, 0.0, 1.0]]}, "finger5joint3": {"matrix": [[0.1739366054534912, -0.9827984571456909, 0.06206955388188362, -1.8150722980499268], [-0.7604953050613403, -0.17410123348236084, -0.6255677342414856, 0.07909449189901352], [0.6256136298179626, 0.06160560995340347, -0.7776964902877808, -1.016638994216919], [0.0, 0.0, 0.0, 1.0]]}, "Bone": {"matrix": [[0.4174961447715759, -0.869139552116394, 0.26512882113456726, -1.255692481994629], [0.8697210550308228, 0.2976921498775482, -0.39365512132644653, 0.24408432841300964], [0.26321443915367126, 0.3949376940727234, 0.880194365978241, -0.08038181066513062], [0.0, 0.0, 0.0, 1.0]]}, "finger1joint1": {"matrix": [[-0.6459118127822876, -0.7222853899002075, 0.24718736112117767, -1.9789798259735107], [0.4375598132610321, -0.6155978441238403, -0.6554237604141235, 0.4918200671672821], [0.6255711317062378, -0.31518667936325073, 0.7136651277542114, 0.24828046560287476], [0.0, 0.0, 0.0, 1.0]]}, "finger1joint2": {"matrix": [[-0.6759242415428162, -0.07676505297422409, -0.7329621315002441, -2.387199640274048], [0.6285560131072998, 0.4592001438140869, -0.6277357935905457, 0.14389750361442566], [0.38476449251174927, -0.885009765625, -0.26213338971138, 0.07014378905296326], [0.0, 0.0, 0.0, 1.0]]}, "finger1joint3": {"matrix": [[-0.743404746055603, 0.6687567234039307, -0.010667144320905209, -2.420107841491699], [0.5444797277450562, 0.614363968372345, 0.5710503458976746, 0.3407490849494934], [0.38844728469848633, 0.4187134802341461, -0.8208456635475159, -0.3092453181743622], [0.0, 0.0, 0.0, 1.0]]}, "Bone.001": {"matrix": [[0.12701217830181122, -0.8162491321563721, 0.5635645389556885, -1.255692481994629], [0.8662802577018738, -0.1854630410671234, -0.463855117559433, 0.24408435821533203], [0.48314177989959717, 0.5471201539039612, 0.6835446357727051, -0.08038178086280823], [0.0, 0.0, 0.0, 1.0]]}, "finger2joint1": {"matrix": [[-0.5859441161155701, -0.4781956374645233, -0.6542156934738159, -1.7730995416641235], [0.45507460832595825, 0.47382229566574097, -0.7539224624633789, 0.12652233242988586], [0.6705045104026794, -0.7394735813140869, -0.0600186362862587, 0.26642870903015137], [0.0, 0.0, 0.0, 1.0]]}, "finger2joint2": {"matrix": [[-0.5638117790222168, -0.12238526344299316, -0.8167851567268372, -2.186809778213501], [0.5637751817703247, 0.6656778454780579, -0.488907128572464, 0.5364491939544678], [0.603550910949707, -0.7361348867416382, -0.3063192367553711, -0.37332603335380554], [0.0, 0.0, 0.0, 1.0]]}, "finger2joint3": {"matrix": [[-0.4988757073879242, 0.1397421956062317, -0.8553332090377808, -2.233269453048706], [0.677821159362793, 0.6779155135154724, -0.2845849394798279, 0.7891514301300049], [0.5400751829147339, -0.7217355966567993, -0.4329158663749695, -0.6527749300003052], [0.0, 0.0, 0.0, 1.0]]}, "Bone.002": {"matrix": [[-0.4869844913482666, -0.6046907305717468, 0.6302341222763062, -1.2556926012039185], [0.49879637360572815, -0.7848803400993347, -0.36764752864837646, 0.24408435821533203], [0.7169715762138367, 0.13531990349292755, 0.6838422417640686, -0.08038179576396942], [0.0, 0.0, 0.0, 1.0]]}, "finger3joint1": {"matrix": [[-0.6598787307739258, -0.0790039673447609, 0.74720698595047, -1.510575771331787], [0.45933517813682556, -0.8294064402580261, 0.317955881357193, -0.08675050735473633], [0.5946186780929565, 0.5530308485031128, 0.5835970044136047, -0.02334308624267578], [0.0, 0.0, 0.0, 1.0]]}, "finger3joint2": {"matrix": [[-0.6925527453422546, -0.7108543515205383, 0.12270548939704895, -1.5798765420913696], [0.3097241520881653, -0.44664302468299866, -0.8393930792808533, -0.8142906427383423], [0.6514918804168701, -0.5433192253112793, 0.5294927358627319, 0.4617653787136078], [0.0, 0.0, 0.0, 1.0]]}, "finger3joint3": {"matrix": [[-0.73772794008255, -0.5573251247406006, -0.3809804916381836, -2.039856433868408], [0.42392244935035706, 0.056763797998428345, -0.9039177298545837, -1.1033045053482056], [0.5254020690917969, -0.8283517956733704, 0.1943863481283188, 0.11019422113895416], [0.0, 0.0, 0.0, 1.0]]}, "Bone.003": {"matrix": [[-0.2968698740005493, 0.41022124886512756, 0.862314760684967, -1.2556926012039185], [-0.26862555742263794, -0.9024344086647034, 0.33682680130004883, 0.24408438801765442], [0.916356086730957, -0.1316460222005844, 0.37810155749320984, -0.08038178086280823], [0.0, 0.0, 0.0, 1.0]]}, "finger4joint1": {"matrix": [[-0.7410421967506409, -0.5961341857910156, 0.30899855494499207, -1.0798637866973877], [0.35444071888923645, -0.7381420135498047, -0.5740363597869873, -0.14271658658981323], [0.5702876448631287, -0.31586360931396484, 0.7582888007164001, -0.13680779933929443], [0.0, 0.0, 0.0, 1.0]]}, "finger4joint2": {"matrix": [[-0.7484076619148254, -0.6627759337425232, 0.024769986048340797, -1.6720390319824219], [0.32627615332603455, -0.40043267607688904, -0.8562692403793335, -0.8759565949440002], [0.5774334669113159, -0.6327568888664246, 0.5159351229667664, -0.4505738317966461], [0.0, 0.0, 0.0, 1.0]]}, "finger4joint3": {"matrix": [[-0.6910055875778198, -0.6955512762069702, -0.19677212834358215, -1.948458194732666], [0.37092429399490356, -0.10754796862602234, -0.9224143028259277, -1.0429621934890747], [0.6204240918159485, -0.710381269454956, 0.33231326937675476, -0.7144732475280762], [0.0, 0.0, 0.0, 1.0]]}}