{"root": {"matrix": [[0.3293885588645935, -0.7411322593688965, -0.5850009918212891, 0.0], [-0.7308912873268127, 0.19209903478622437, -0.6549014449119568, 0.0], [0.5977466702461243, 0.6432892084121704, -0.4784119129180908, 0.0], [0.0, 0.0, 0.0, 1.0]]}, "carpals": {"matrix": [[0.8943317532539368, -0.4366077184677124, -0.09769473224878311, 0.08524084091186523], [0.2933172583580017, 0.4072881042957306, 0.8649167418479919, -1.3912336826324463], [-0.33783942461013794, -0.802178144454956, 0.49231550097465515, 2.035236358642578], [0.0, 0.0, 0.0, 1.0]]}, "metacarpals": {"matrix": [[0.2839438319206238, -0.5496789216995239, 0.7856391072273254, -0.34001243114471436], [-0.4387379586696625, 0.654073178768158, 0.6161954402923584, -0.9945375323295593], [-0.8525753617286682, -0.5196546316146851, -0.055444858968257904, 1.2539198398590088], [0.0, 0.0, 0.0, 1.0]]}, "finger5joint1": {"matrix": [[0.3188783824443817, -0.9412468075752258, 0.11122439801692963, -1.0267062187194824], [-0.2133338451385498, 0.04306069761514664, 0.9760296940803528, -0.7977774143218994], [-0.9234744906425476, -0.33496275544166565, -0.18706852197647095, 1.1297746896743774], [0.0, 0.0, 0.0, 1.0]]}, "finger5joint2": {"matrix": [[0.05897139012813568, -0.4275296926498413, -0.9020755290985107, -2.0209193229675293], [0.9500507116317749, -0.2533898651599884, 0.18219926953315735, -0.7522935271263123], [-0.3064723312854767, -0.8677622675895691, 0.3912324607372284, 0.7759628295898438], [0.0, 0.0, 0.0, 1.0]]}, "finger5joint3": {"matrix": [[0.06837484985589981, 0.24254924058914185, -0.9677262902259827, -2.314775228500366], [0.9107683300971985, -0.4111005365848541, -0.03868706524372101, -0.926457405090332], [-0.40721628069877625, -0.8787297010421753, -0.24901506304740906, 0.1795194149017334], [0.0, 0.0, 0.0, 1.0]]}, "Bone": {"matrix": [[0.5185045599937439, 0.059539489448070526, 0.8529993891716003, -1.198213815689087], [-0.7637332081794739, -0.41636598110198975, 0.49330565333366394, 0.026652276515960693], [0.38453105092048645, -0.9072454571723938, -0.17041531205177307, 0.44259458780288696], [0.0, 0.0, 0.0, 1.0]]}, "finger1joint1": {"matrix": [[0.40147823095321655, -0.6243994832038879, 0.6700301766395569, -1.1486659049987793], [-0.5129203200340271, 0.4528011679649353, 0.7293033003807068, -0.31984230875968933], [-0.758767306804657, -0.6364715695381165, -0.13847723603248596, -0.3124038577079773], [0.0, 0.0, 0.0, 1.0]]}, "finger1joint2": {"matrix": [[0.19082660973072052, -0.8192309737205505, 0.5407825708389282, -1.5015629529953003], [-0.7195602655410767, 0.2579830586910248, 0.6447305083274841, -0.06392890959978104], [-0.6676962375640869, -0.5121574401855469, -0.5402559041976929, -0.6721237897872925], [0.0, 0.0, 0.0, 1.0]]}, "finger1joint3": {"matrix": [[0.27453821897506714, -0.9542669057846069, 0.11833588033914566, -1.8527536392211914], [-0.6595447063446045, -0.09732081741094589, 0.7453382611274719, 0.04666418582201004], [-0.6997354030609131, -0.2826716899871826, -0.6560998558998108, -0.8916772603988647], [0.0, 0.0, 0.0, 1.0]]}, "Bone.001": {"matrix": [[0.6048121452331543, 0.15461362898349762, 0.7812148928642273, -1.1982139348983765], [-0.7957252860069275, 0.07792845368385315, 0.6006229519844055, 0.02665228396654129], [0.031985554844141006, -0.984896719455719, 0.17016220092773438, 0.4425947070121765], [0.0, 0.0, 0.0, 1.0]]}, "finger2joint1": {"matrix": [[0.4195158779621124, -0.8821223378181458, 0.2141645848751068, -1.1002068519592285], [-0.5369686484336853, -0.05093040317296982, 0.8420630693435669, 0.07604986429214478], [-0.731895387172699, -0.46825864911079407, -0.49503812193870544, -0.18171527981758118], [0.0, 0.0, 0.0, 1.0]]}, "finger2joint2": {"matrix": [[0.3164311647415161, -0.7219858169555664, -0.6153109669685364, -1.8633739948272705], [-0.6148843169212341, -0.6500319838523865, 0.4465145766735077, 0.03198748826980591], [-0.7223492860794067, 0.23705387115478516, -0.6496281623840332, -0.5868287086486816], [0.0, 0.0, 0.0, 1.0]]}, "finger2joint3": {"matrix": [[0.2852385938167572, -0.1491558998823166, -0.9467793703079224, -2.137451648712158], [-0.7228047251701355, -0.6821944713592529, -0.11028815060853958, -0.21477532386779785], [-0.6294378042221069, 0.7157951593399048, -0.3023988902568817, -0.4968391954898834], [0.0, 0.0, 0.0, 1.0]]}, "Bone.002": {"matrix": [[0.5289491415023804, -0.21741649508476257, 0.8203309774398804, -1.1982139348983765], [-0.5253653526306152, 0.6752462387084961, 0.5177194476127625, 0.026652276515960693], [-0.6664863228797913, -0.7048206329345703, 0.24294792115688324, 0.44259464740753174], [0.0, 0.0, 0.0, 1.0]]}, "finger3joint1": {"matrix": [[0.4982188045978546, -0.054551079869270325, 0.8653335571289062, -1.2898571491241455], [-0.7445976734161377, 0.48442718386650085, 0.45924320816993713, 0.3112753629684448], [-0.4442436397075653, -0.8731288909912109, 0.20073220133781433, 0.14550566673278809], [0.0, 0.0, 0.0, 1.0]]}, "finger3joint2": {"matrix": [[0.44937658309936523, -0.8361291289329529, 0.31456127762794495, -1.3377082347869873], [-0.675879180431366, -0.0879599079489708, 0.7317445874214172, 0.7362059354782104], [-0.5841643810272217, -0.5414342880249023, -0.6046493053436279, -0.6203868389129639], [0.0, 0.0, 0.0, 1.0]]}, "finger3joint3": {"matrix": [[0.3480338156223297, -0.9285957217216492, -0.12877294421195984, -1.8787509202957153], [-0.7928268313407898, -0.3648456335067749, 0.48817306756973267, 0.6792888641357422], [-0.5002979636192322, -0.06780613958835602, -0.8631941676139832, -0.9707383513450623], [0.0, 0.0, 0.0, 1.0]]}, "Bone.003": {"matrix": [[0.6828764081001282, -0.07948119193315506, 0.726197361946106, -1.1982139348983765], [0.27528220415115356, 0.9487829208374023, -0.15501746535301208, 0.026652276515960693], [-0.6766825914382935, 0.3057671785354614, 0.6697813272476196, 0.44259464740753174], [0.0, 0.0, 0.0, 1.0]]}, "finger4joint1": {"matrix": [[0.40584492683410645, -0.34408414363861084, 0.8466970324516296, -1.232280969619751], [-0.6088882684707642, 0.5890882611274719, 0.5312528014183044, 0.4333190321922302], [-0.6815752387046814, -0.7311500906944275, 0.029569825157523155, 0.5736523866653442], [0.0, 0.0, 0.0, 1.0]]}, "finger4joint2": {"matrix": [[0.41412490606307983, -0.9015845060348511, -0.12508319318294525, -1.5740801095962524], [-0.5848523378372192, -0.36886629462242126, 0.7224159240722656, 1.0184952020645142], [-0.6974582076072693, -0.2260153442621231, -0.6800504922866821, -0.152642160654068], [0.0, 0.0, 0.0, 1.0]]}, "finger4joint3": {"matrix": [[0.4894220530986786, -0.589160680770874, -0.6429272890090942, -1.950097680091858], [-0.5626709461212158, -0.7766092419624329, 0.28333520889282227, 0.8646547794342041], [-0.666233479976654, 0.2230859249830246, -0.7115933895111084, -0.24690479040145874], [0.0, 0.0, 0.0, 1.0]]}}