{"root": {"matrix": [[0.16747334599494934, -0.9145932793617249, -0.36806491017341614, -5.960464477539063e-08], [-0.36218851804733276, 0.2901536822319031, -0.8857936263084412, 2.9802322387695312e-08], [0.9169362783432007, 0.2816557288169861, -0.2826622426509857, 0.0], [0.0, 0.0, 0.0, 1.0]]}, "carpals": {"matrix": [[0.8851202726364136, -0.38941434025764465, -0.2547908127307892, -0.475102037191391], [0.2702564597129822, -0.015582338906824589, 0.9626621007919312, -0.43548622727394104], [-0.37884461879730225, -0.9209307432174683, 0.09144973009824753, 2.3810954093933105], [0.0, 0.0, 0.0, 1.0]]}, "metacarpals": {"matrix": [[0.40653276443481445, -0.5136762857437134, 0.7555578351020813, -0.8543892502784729], [-0.6262409090995789, 0.44548094272613525, 0.639819324016571, -0.45066332817077637], [-0.665246844291687, -0.733268678188324, -0.1405823826789856, 1.4841142892837524], [0.0, 0.0, 0.0, 1.0]]}, "finger5joint1": {"matrix": [[0.2903558909893036, -0.3453158140182495, 0.8924406170845032, -1.5296730995178223], [-0.5489559173583984, 0.7037870287895203, 0.45092231035232544, -0.3497580885887146], [-0.7837989330291748, -0.6208384037017822, 0.0147856455296278, 1.2402193546295166], [0.0, 0.0, 0.0, 1.0]]}, "finger5joint2": {"matrix": [[0.9065583944320679, -0.24639862775802612, -0.34269407391548157, -1.8944207429885864], [0.40705931186676025, 0.7250618934631348, 0.5555064678192139, 0.3936326205730438], [0.1115984320640564, -0.6430956125259399, 0.7576100826263428, 0.5844449400901794], [0.0, 0.0, 0.0, 1.0]]}, "finger5joint3": {"matrix": [[0.8970824480056763, -0.2686524987220764, -0.3508112132549286, -2.063778877258301], [0.44176700711250305, 0.5618293881416321, 0.6994205713272095, 0.8919931054115295], [0.009195050224661827, -0.7824146151542664, 0.6226893663406372, 0.14242279529571533], [0.0, 0.0, 0.0, 1.0]]}, "Bone": {"matrix": [[0.5045440793037415, 0.18961599469184875, 0.8423068523406982, -1.6563804149627686], [-0.5893610119819641, -0.6372966170310974, 0.49649399518966675, 0.2448561191558838], [0.6309424042701721, -0.7469261884689331, -0.2097918838262558, 0.33927828073501587], [0.0, 0.0, 0.0, 1.0]]}, "finger1joint1": {"matrix": [[0.8254513144493103, -0.426336407661438, 0.36995580792427063, -1.498584508895874], [-0.5528931617736816, -0.47858545184135437, 0.6821032166481018, -0.285494327545166], [-0.1137501522898674, -0.7675892114639282, -0.6307673454284668, -0.28230446577072144], [0.0, 0.0, 0.0, 1.0]]}, "finger1joint2": {"matrix": [[0.6819815039634705, -0.5740317106246948, 0.4531983733177185, -1.7395405769348145], [-0.7246285676956177, -0.6142711043357849, 0.312384694814682, -0.5559804439544678], [0.09906774759292603, -0.5414412617683411, -0.8348812460899353, -0.7161292433738708], [0.0, 0.0, 0.0, 1.0]]}, "finger1joint3": {"matrix": [[0.7449700236320496, -0.6582632660865784, 0.10820840299129486, -1.9856185913085938], [-0.6662408113479614, -0.742379367351532, 0.07068172842264175, -0.8193084001541138], [0.033804312348365784, -0.12474880367517471, -0.9916121959686279, -0.9482362270355225], [0.0, 0.0, 0.0, 1.0]]}, "Bone.001": {"matrix": [[0.6345230340957642, 0.26920244097709656, 0.7245069742202759, -1.6563804149627686], [-0.7072938084602356, -0.17570757865905762, 0.6847348809242249, 0.2448561042547226], [0.3116335868835449, -0.9469195604324341, 0.07891490310430527, 0.33927834033966064], [0.0, 0.0, 0.0, 1.0]]}, "finger2joint1": {"matrix": [[0.7900261878967285, -0.18341600894927979, 0.5849931240081787, -1.4857375621795654], [-0.6127059459686279, -0.2032107412815094, 0.7637384533882141, 0.13347794115543365], [-0.021205082535743713, -0.9618023037910461, -0.27292177081108093, -0.2609584927558899], [0.0, 0.0, 0.0, 1.0]]}, "finger2joint2": {"matrix": [[0.7127472162246704, -0.6660730242729187, 0.2198590785264969, -1.6444196701049805], [-0.69651859998703, -0.6351044774055481, 0.33392179012298584, -0.042329609394073486], [-0.08278296887874603, -0.39113789796829224, -0.9166011810302734, -1.0930607318878174], [0.0, 0.0, 0.0, 1.0]]}, "finger2joint3": {"matrix": [[0.6091315150260925, -0.6586563587188721, -0.4417356252670288, -1.897271990776062], [-0.7917989492416382, -0.5365928411483765, -0.29175692796707153, -0.2834256887435913], [-0.04486481100320816, 0.527484118938446, -0.8483791947364807, -1.241543173789978], [0.0, 0.0, 0.0, 1.0]]}, "Bone.002": {"matrix": [[0.6310319304466248, -0.16280052065849304, 0.7584818005561829, -1.6563806533813477], [-0.6401657462120056, 0.44295960664749146, 0.6276737451553345, 0.2448561042547226], [-0.43816259503364563, -0.8816361427307129, 0.17530246078968048, 0.33927831053733826], [0.0, 0.0, 0.0, 1.0]]}, "finger3joint1": {"matrix": [[0.4586186707019806, 0.3612957000732422, 0.8118708729743958, -1.725002646446228], [-0.6659673452377319, 0.7446328401565552, 0.04482531547546387, 0.4315679669380188], [-0.588350772857666, -0.5612369775772095, 0.5821135640144348, -0.032340168952941895], [0.0, 0.0, 0.0, 1.0]]}, "finger3joint2": {"matrix": [[0.47813352942466736, -0.7104387879371643, 0.5163962841033936, -1.4080806970596313], [-0.5410771369934082, 0.2248685210943222, 0.8103514909744263, 1.0847461223602295], [-0.6918265223503113, -0.6668662428855896, -0.2768847644329071, -0.5246468782424927], [0.0, 0.0, 0.0, 1.0]]}, "finger3joint3": {"matrix": [[0.34863990545272827, -0.920819878578186, -0.1747599095106125, -1.8677916526794434], [-0.6578111052513123, -0.3732205331325531, 0.6542100310325623, 1.2302541732788086], [-0.6676337718963623, -0.11312484741210938, -0.7358448505401611, -0.9561628699302673], [0.0, 0.0, 0.0, 1.0]]}, "Bone.003": {"matrix": [[0.7458234429359436, -0.16223883628845215, 0.6460850834846497, -1.6563806533813477], [0.13835464417934418, 0.9864653944969177, 0.08799911290407181, 0.2448561191558838], [-0.6516173481941223, 0.023757310584187508, 0.7581755518913269, 0.33927831053733826], [0.0, 0.0, 0.0, 1.0]]}, "finger4joint1": {"matrix": [[0.5291386842727661, -0.16028575599193573, 0.8332590460777283, -1.725919246673584], [-0.7662363648414612, 0.3316250443458557, 0.5503692030906677, 0.6676743030548096], [-0.36454614996910095, -0.9296948909759521, 0.05265901982784271, 0.3494611382484436], [0.0, 0.0, 0.0, 1.0]]}, "finger4joint2": {"matrix": [[0.5413169860839844, -0.7610766291618347, -0.3574046194553375, -1.8851405382156372], [-0.7476624846458435, -0.6301632523536682, 0.20951050519943237, 0.9970971345901489], [-0.3846770226955414, 0.15380626916885376, -0.9101464748382568, -0.5740596652030945], [0.0, 0.0, 0.0, 1.0]]}, "finger4joint3": {"matrix": [[0.6078789830207825, 0.05533136799931526, -0.7920993566513062, -2.202557325363159], [-0.6956764459609985, -0.4437822103500366, -0.5648815035820007, 0.734279453754425], [-0.3827754557132721, 0.8944244384765625, -0.23127326369285583, -0.5099127888679504], [0.0, 0.0, 0.0, 1.0]]}}