{"root": {"matrix": [[0.1397550106048584, -0.905195415019989, -0.401359885931015, -5.960464477539063e-08], [-0.3987383544445038, 0.31957292556762695, -0.8595817685127258, 0.0], [0.906353235244751, 0.28016847372055054, -0.3162742853164673, 0.0], [0.0, 0.0, 0.0, 1.0]]}, "carpals": {"matrix": [[0.902222752571106, -0.3542197644710541, -0.24601280689239502, -0.5248442888259888], [0.2629184126853943, -0.0004137888608966023, 0.9648178219795227, -0.4922935962677002], [-0.34185928106307983, -0.9351620078086853, 0.09275779128074646, 2.359485149383545], [0.0, 0.0, 0.0, 1.0]]}, "metacarpals": {"matrix": [[0.4244396984577179, -0.5127392411231995, 0.746290385723114, -0.8698521852493286], [-0.6024519801139832, 0.4553776979446411, 0.655501663684845, -0.4926965832710266], [-0.6759455800056458, -0.7278250455856323, -0.11562024801969528, 1.4486430883407593], [0.0, 0.0, 0.0, 1.0]]}, "finger5joint1": {"matrix": [[0.3187726140022278, -0.3319514989852905, 0.8878018260002136, -1.543931007385254], [-0.5398098826408386, 0.7063359618186951, 0.45792412757873535, -0.3967689573764801], [-0.7790951132774353, -0.6252177357673645, 0.045969974249601364, 1.1994633674621582], [0.0, 0.0, 0.0, 1.0]]}, "finger5joint2": {"matrix": [[0.9003099203109741, -0.2475602775812149, -0.35798826813697815, -1.8945621252059937], [0.40885987877845764, 0.7630656957626343, 0.5005634427070618, 0.3493141531944275], [0.14924903213977814, -0.5970290303230286, 0.7882133722305298, 0.5390631556510925], [0.0, 0.0, 0.0, 1.0]]}, "finger5joint3": {"matrix": [[0.8916043639183044, -0.2662642300128937, -0.3662576377391815, -2.0647189617156982], [0.4501296579837799, 0.6091269850730896, 0.6529525518417358, 0.8737959861755371], [0.04923960193991661, -0.7470386624336243, 0.6629539728164673, 0.12870417535305023], [0.0, 0.0, 0.0, 1.0]]}, "Bone": {"matrix": [[0.5071713924407959, 0.20867474377155304, 0.8362008333206177, -1.6703805923461914], [-0.5967549085617065, -0.6150025129318237, 0.5154174566268921, 0.21827441453933716], [0.6218201518058777, -0.7604122161865234, -0.18738390505313873, 0.31230616569519043], [0.0, 0.0, 0.0, 1.0]]}, "finger1joint1": {"matrix": [[0.8337709903717041, -0.39726564288139343, 0.3834134042263031, -1.496724009513855], [-0.5407221913337708, -0.4472380578517914, 0.712458610534668, -0.2935231029987335], [-0.1115584522485733, -0.8013476729393005, -0.5877043008804321, -0.3204994797706604], [0.0, 0.0, 0.0, 1.0]]}, "finger1joint2": {"matrix": [[0.685225784778595, -0.6096119284629822, 0.3985459804534912, -1.7212499380111694], [-0.7229068279266357, -0.6359182596206665, 0.2702099680900574, -0.5462923645973206], [0.08871926367282867, -0.4732666611671448, -0.876440167427063, -0.7734038233757019], [0.0, 0.0, 0.0, 1.0]]}, "finger1joint3": {"matrix": [[0.7439659833908081, -0.6668012738227844, 0.04348240792751312, -1.982580542564392], [-0.6680060625076294, -0.743790864944458, 0.023298587650060654, -0.8188999891281128], [0.016806110739707947, -0.04638006538152695, -0.9987823963165283, -0.9762855172157288], [0.0, 0.0, 0.0, 1.0]]}, "Bone.001": {"matrix": [[0.6427035331726074, 0.2827836871147156, 0.7120149731636047, -1.6703804731369019], [-0.7044233083724976, -0.14725808799266815, 0.6943359971046448, 0.21827441453933716], [0.30119675397872925, -0.9478123188018799, 0.10455629974603653, 0.31230616569519043], [0.0, 0.0, 0.0, 1.0]]}, "finger2joint1": {"matrix": [[0.6116462349891663, -0.1517946571111679, 0.7764322757720947, -1.4911284446716309], [-0.7140731811523438, 0.3165605962276459, 0.6244104504585266, 0.12492990493774414], [-0.34057021141052246, -0.9363478422164917, 0.085230752825737, -0.28849655389785767], [0.0, 0.0, 0.0, 1.0]]}, "finger2joint2": {"matrix": [[0.5210327506065369, -0.8249163031578064, 0.2191752940416336, -1.6224534511566162], [-0.737155556678772, -0.3054565489292145, 0.6027417778968811, 0.3988019824028015], [-0.4302632510662079, -0.4756145775318146, -0.7672443985939026, -1.0985770225524902], [0.0, 0.0, 0.0, 1.0]]}, "finger2joint3": {"matrix": [[0.4012964367866516, -0.5486885905265808, -0.7334178686141968, -1.9356054067611694], [-0.8182141184806824, -0.574637770652771, -0.017792409285902977, 0.2828456461429596], [-0.4116874039173126, 0.6072328686714172, -0.6795449256896973, -1.2791279554367065], [0.0, 0.0, 0.0, 1.0]]}, "Bone.002": {"matrix": [[0.6465607285499573, -0.16021665930747986, 0.7458484172821045, -1.6703804731369019], [-0.6184229254722595, 0.46237635612487793, 0.635421872138977, 0.21827438473701477], [-0.44666802883148193, -0.8720884323120117, 0.19987286627292633, 0.31230616569519043], [0.0, 0.0, 0.0, 1.0]]}, "finger3joint1": {"matrix": [[0.4763107895851135, 0.35510748624801636, 0.8043797016143799, -1.7379133701324463], [-0.6432487368583679, 0.7644245028495789, 0.04342896491289139, 0.4131707549095154], [-0.5994658470153809, -0.5381016731262207, 0.5925260186195374, -0.05528786778450012], [0.0, 0.0, 0.0, 1.0]]}, "finger3joint2": {"matrix": [[0.4949016571044922, -0.6921496391296387, 0.525358259677887, -1.426419734954834], [-0.5154780149459839, 0.2528678774833679, 0.8187429904937744, 1.083709716796875], [-0.6995390057563782, -0.6760076880455017, -0.2316429316997528, -0.5273007154464722], [0.0, 0.0, 0.0, 1.0]]}, "finger3joint3": {"matrix": [[0.36454862356185913, -0.9007726907730103, -0.23603588342666626, -1.8742960691452026], [-0.6326305270195007, -0.42557835578918457, 0.6470405459403992, 1.2473355531692505], [-0.6832883954048157, -0.08655440807342529, -0.7250000238418579, -0.9647319316864014], [0.0, 0.0, 0.0, 1.0]]}, "Bone.003": {"matrix": [[0.7507185935974121, -0.17897386848926544, 0.6359166502952576, -1.6703805923461914], [0.16702772676944733, 0.982749342918396, 0.07940613478422165, 0.21827435493469238], [-0.6391581892967224, 0.04660428687930107, 0.7676618099212646, 0.31230616569519043], [0.0, 0.0, 0.0, 1.0]]}, "finger4joint1": {"matrix": [[0.5310238599777222, -0.14417539536952972, 0.8350011706352234, -1.7470922470092773], [-0.7408885359764099, 0.39921513199806213, 0.5401027798652649, 0.639499843120575], [-0.4112148880958557, -0.905450165271759, 0.10517504066228867, 0.3322816491127014], [0.0, 0.0, 0.0, 1.0]]}, "finger4joint2": {"matrix": [[0.5436042547225952, -0.7340484261512756, -0.40702226758003235, -1.8903101682662964], [-0.720974862575531, -0.6566579937934875, 0.22134821116924286, 1.03606379032135], [-0.42975494265556335, 0.17312683165073395, -0.8861925601959229, -0.5671554803848267], [0.0, 0.0, 0.0, 1.0]]}, "finger4joint3": {"matrix": [[0.6086371541023254, 0.039826031774282455, -0.7924484014511108, -2.1964542865753174], [-0.6670548915863037, -0.5151296854019165, -0.538218080997467, 0.7621961832046509], [-0.4296489655971527, 0.856186032295227, -0.28696107864379883, -0.49495065212249756], [0.0, 0.0, 0.0, 1.0]]}}