{"root": {"matrix": [[0.30403295159339905, -0.5786514282226562, -0.7567869424819946, 5.960464477539063e-08], [-0.7658097743988037, 0.3240651488304138, -0.5554431676864624, 2.9802322387695312e-08], [0.5666561722755432, 0.7484279274940491, -0.3446104824542999, 0.0], [0.0, 0.0, 0.0, 1.0]]}, "carpals": {"matrix": [[0.8754557371139526, -0.4703599810600281, 0.11107935756444931, 0.20625191926956177], [0.10124459862709045, 0.4032231569290161, 0.9094834923744202, -1.3522121906280518], [-0.4725744128227234, -0.7849664688110352, 0.40062564611434937, 2.052794933319092], [0.0, 0.0, 0.0, 1.0]]}, "metacarpals": {"matrix": [[0.14514105021953583, -0.621771514415741, 0.7696325182914734, -0.2518758773803711], [-0.6150104999542236, 0.5526408553123474, 0.5624497532844543, -0.9594752788543701], [-0.7750458121299744, -0.5549666285514832, -0.3021850883960724, 1.2882423400878906], [0.0, 0.0, 0.0, 1.0]]}, "finger5joint1": {"matrix": [[0.1726183444261551, -0.8092178702354431, 0.5615774393081665, -0.9487709403038025], [-0.5212047100067139, 0.4087361693382263, 0.7491862177848816, -0.7675604224205017], [-0.8357921242713928, -0.4220200479030609, -0.3512127101421356, 1.2318429946899414], [0.0, 0.0, 0.0, 1.0]]}, "finger5joint2": {"matrix": [[0.5770524740219116, -0.4733971655368805, -0.6655111908912659, -1.803525447845459], [0.7338670492172241, -0.05703609436750412, 0.676893949508667, -0.33582377433776855], [-0.35839787125587463, -0.879000186920166, 0.31449809670448303, 0.7860748171806335], [0.0, 0.0, 0.0, 1.0]]}, "finger5joint3": {"matrix": [[0.5660983324050903, -0.20422904193401337, -0.7986379861831665, -2.1289076805114746], [0.6869537234306335, -0.4186505675315857, 0.593991219997406, -0.3750266432762146], [-0.45566055178642273, -0.8848851919174194, -0.09670127183198929, 0.18190720677375793], [0.0, 0.0, 0.0, 1.0]]}, "Bone": {"matrix": [[0.5693842768669128, -0.08496915549039841, 0.8176684379577637, -1.222633719444275], [-0.6865682601928711, -0.5961987376213074, 0.4161377251148224, -0.09664946794509888], [0.45213398337364197, -0.7983278036117554, -0.39780327677726746, 0.4217853844165802], [0.0, 0.0, 0.0, 1.0]]}, "finger1joint1": {"matrix": [[0.679896891117096, -0.5765448212623596, 0.45314037799835205, -1.2933441400527954], [-0.6667409539222717, -0.22877489030361176, 0.7093081474304199, -0.5927987098693848], [-0.30528101325035095, -0.7843838334083557, -0.539949357509613, -0.24257320165634155], [0.0, 0.0, 0.0, 1.0]]}, "finger1joint2": {"matrix": [[0.5210457444190979, -0.7309180498123169, 0.4407607913017273, -1.619194746017456], [-0.8463267087936401, -0.3754902482032776, 0.3778066039085388, -0.7220973968505859], [-0.11064445972442627, -0.569882333278656, -0.8142430782318115, -0.6858899593353271], [0.0, 0.0, 0.0, 1.0]]}, "finger1joint3": {"matrix": [[0.5894666910171509, -0.806724488735199, 0.041527677327394485, -1.9325273036956787], [-0.7893655896186829, -0.5643404126167297, 0.24170562624931335, -0.8830638527870178], [-0.171554297208786, -0.175258070230484, -0.9694604873657227, -0.9301891326904297], [0.0, 0.0, 0.0, 1.0]]}, "Bone.001": {"matrix": [[0.5992603898048401, -0.0013189790770411491, 0.8005529642105103, -1.222633719444275], [-0.7936202883720398, -0.13230681419372559, 0.5938528776168823, -0.09664950519800186], [0.10513526946306229, -0.9912078380584717, -0.080332912504673, 0.4217853546142578], [0.0, 0.0, 0.0, 1.0]]}, "finger2joint1": {"matrix": [[0.20450662076473236, -0.27314066886901855, 0.9399846196174622, -1.223469853401184], [-0.6913429498672485, 0.6395195126533508, 0.33624276518821716, -0.18051663041114807], [-0.6929802894592285, -0.7186156511306763, -0.058047857135534286, -0.20652508735656738], [0.0, 0.0, 0.0, 1.0]]}, "finger2joint2": {"matrix": [[0.09122291207313538, -0.6624072790145874, 0.7435689568519592, -1.4597772359848022], [-0.658780038356781, 0.5198032855987549, 0.5438868403434753, 0.3727630078792572], [-0.746784508228302, -0.5394633412361145, -0.3889627158641815, -0.8282346725463867], [0.0, 0.0, 0.0, 1.0]]}, "finger2joint3": {"matrix": [[-0.052162881940603256, -0.99616539478302, -0.07023733854293823, -1.7112380266189575], [-0.6407574415206909, -0.020559998229146004, 0.7674676179885864, 0.5700888633728027], [-0.7659690976142883, 0.0850384533405304, -0.6372280120849609, -1.0330238342285156], [0.0, 0.0, 0.0, 1.0]]}, "Bone.002": {"matrix": [[0.4159402847290039, -0.32254737615585327, 0.8502686619758606, -1.222633719444275], [-0.6703394055366516, 0.5230712294578552, 0.5263471007347107, -0.09664950519800186], [-0.61452317237854, -0.7888975143432617, 0.0013502571964636445, 0.4217853546142578], [0.0, 0.0, 0.0, 1.0]]}, "finger3joint1": {"matrix": [[0.23648476600646973, -0.058707501739263535, 0.9698599576950073, -1.358590841293335], [-0.7055401802062988, 0.6759182214736938, 0.2129492163658142, 0.12383025884628296], [-0.6680480241775513, -0.734634280204773, 0.11842385679483414, 0.08925718069076538], [0.0, 0.0, 0.0, 1.0]]}, "finger3joint2": {"matrix": [[0.18642272055149078, -0.7112130522727966, 0.6778072118759155, -1.4100878238677979], [-0.5975093245506287, 0.4655740261077881, 0.6528577208518982, 0.7167332172393799], [-0.7798905372619629, -0.5267034769058228, -0.33816277980804443, -0.5551505088806152], [0.0, 0.0, 0.0, 1.0]]}, "finger3joint3": {"matrix": [[0.03426586091518402, -0.9129716157913208, 0.4065817892551422, -1.8702998161315918], [-0.674941897392273, 0.2788938879966736, 0.6831334829330444, 1.017997145652771], [-0.7370747923851013, -0.2978271543979645, -0.6066461205482483, -0.8959699273109436], [0.0, 0.0, 0.0, 1.0]]}, "Bone.003": {"matrix": [[0.5694747567176819, -0.026905754581093788, 0.8215684294700623, -1.2226338386535645], [0.10487239062786102, 0.9936746954917908, -0.040150754153728485, -0.09664949774742126], [-0.8152914643287659, 0.10902485996484756, 0.5686943531036377, 0.4217853546142578], [0.0, 0.0, 0.0, 1.0]]}, "finger4joint1": {"matrix": [[0.22795866429805756, -0.3225766718387604, 0.9186832904815674, -1.234166145324707], [-0.7182135581970215, 0.58135986328125, 0.38234734535217285, 0.3292587399482727], [-0.6574221849441528, -0.7469701170921326, -0.09915287047624588, 0.4685155153274536], [0.0, 0.0, 0.0, 1.0]]}, "finger4joint2": {"matrix": [[0.23820167779922485, -0.9710661172866821, -0.01704223081469536, -1.554600477218628], [-0.6971810460090637, -0.18318182229995728, 0.6930962204933167, 0.9067578315734863], [-0.6761643290519714, -0.1532151699066162, -0.7206430435180664, -0.27349400520324707], [0.0, 0.0, 0.0, 1.0]]}, "finger4joint3": {"matrix": [[0.3183217942714691, -0.5648300051689148, -0.7613397240638733, -1.9595962762832642], [-0.689605176448822, -0.6890401840209961, 0.2228626161813736, 0.8303594589233398], [-0.6504733562469482, 0.4540817141532898, -0.6088461875915527, -0.3373943567276001], [0.0, 0.0, 0.0, 1.0]]}}