{"root": {"matrix": [[0.15137404203414917, -0.8466225862503052, -0.5102117657661438, -5.960464477539063e-08], [-0.8413878083229065, 0.1605466902256012, -0.5160341858863831, 0.0], [0.5187989473342896, 0.5074001550674438, -0.6880353689193726, 5.960464477539063e-08], [0.0, 0.0, 0.0, 1.0]]}, "carpals": {"matrix": [[0.8537269830703735, -0.3299776613712311, -0.40282100439071655, -0.42899832129478455], [0.5193672180175781, 0.5953328609466553, 0.6130546927452087, -1.687615156173706], [0.03751831129193306, -0.7325934767723083, 0.6796315312385559, 1.7472552061080933], [0.0, 0.0, 0.0, 1.0]]}, "metacarpals": {"matrix": [[0.6129387617111206, -0.6156607270240784, 0.49524518847465515, -0.7503945231437683], [0.23431885242462158, 0.7402273416519165, 0.6302045583724976, -1.1077646017074585], [-0.7545862793922424, -0.2702315151691437, 0.5979751348495483, 1.0337135791778564], [0.0, 0.0, 0.0, 1.0]]}, "finger5joint1": {"matrix": [[0.7161751985549927, -0.6851564645767212, -0.1328667402267456, -1.413010835647583], [0.366287499666214, 0.20694495737552643, 0.9071971774101257, -0.9856999516487122], [-0.5940759778022766, -0.6983796954154968, 0.3991732895374298, 0.7659170627593994], [0.0, 0.0, 0.0, 1.0]]}, "finger5joint2": {"matrix": [[-0.16093717515468597, -0.22285084426403046, -0.9614761471748352, -2.1367225646972656], [0.9502629041671753, 0.22820109128952026, -0.21195271611213684, -0.767109751701355], [0.26664403080940247, -0.9477663040161133, 0.17504093050956726, 0.028237998485565186], [0.0, 0.0, 0.0, 1.0]]}, "finger5joint3": {"matrix": [[-0.12786021828651428, 0.2131483256816864, -0.9686171412467957, -2.28989577293396], [0.9776380658149719, 0.19149211049079895, -0.08691241592168808, -0.6102591753005981], [0.1669575721025467, -0.958069920539856, -0.23286615312099457, -0.6231951117515564], [0.0, 0.0, 0.0, 1.0]]}, "Bone": {"matrix": [[0.6588320136070251, 0.41501113772392273, 0.6274599432945251, -1.7116119861602783], [-0.7457631230354309, 0.2506711483001709, 0.6172526478767395, 0.04793587327003479], [0.09888060390949249, -0.8746024966239929, 0.4746503531932831, 0.611807107925415], [0.0, 0.0, 0.0, 1.0]]}, "finger1joint1": {"matrix": [[0.7812936902046204, -0.6183896064758301, 0.08470141142606735, -1.3662447929382324], [0.09617412835359573, 0.2533550262451172, 0.9625805020332336, 0.25654134154319763], [-0.6167094111442566, -0.7439122200012207, 0.2574179172515869, -0.11602634191513062], [0.0, 0.0, 0.0, 1.0]]}, "finger1joint2": {"matrix": [[0.7306184768676758, -0.6789936423301697, -0.07186233997344971, -1.7157450914382935], [-0.20654386281967163, -0.3201034963130951, 0.9245933890342712, 0.3997321128845215], [-0.6507965922355652, -0.6606824994087219, -0.3741154670715332, -0.5364693403244019], [0.0, 0.0, 0.0, 1.0]]}, "finger1joint3": {"matrix": [[0.7440003156661987, -0.5241163969039917, -0.41444605588912964, -2.0068185329437256], [-0.09996219724416733, -0.700588583946228, 0.7065286636352539, 0.26250898838043213], [-0.6606596112251282, -0.48422878980636597, -0.5736299753189087, -0.8196930885314941], [0.0, 0.0, 0.0, 1.0]]}, "Bone.001": {"matrix": [[0.829487144947052, 0.33746337890625, 0.4450497627258301, -1.7116118669509888], [-0.5386708974838257, 0.6939327120780945, 0.47779765725135803, 0.04793587327003479], [-0.1475953906774521, -0.6360624432563782, 0.7573902606964111, 0.611807107925415], [0.0, 0.0, 0.0, 1.0]]}, "finger2joint1": {"matrix": [[0.6738284230232239, -0.17361697554588318, 0.7182006239891052, -1.4976993799209595], [0.12628112733364105, 0.9847609996795654, 0.11957582086324692, 0.4878084659576416], [-0.7280164957046509, 0.01012171059846878, 0.685484766960144, 0.20861755311489105], [0.0, 0.0, 0.0, 1.0]]}, "finger2joint2": {"matrix": [[0.5861008763313293, -0.7878822684288025, 0.18901602923870087, -1.6479039192199707], [0.2032243013381958, 0.36877715587615967, 0.9070296287536621, 1.3397732973098755], [-0.78433758020401, -0.49319836497306824, 0.37625765800476074, 0.21737433969974518], [0.0, 0.0, 0.0, 1.0]]}, "finger2joint3": {"matrix": [[0.47261565923690796, -0.4676610827445984, -0.746945321559906, -1.9469969272613525], [0.16231682896614075, -0.786884605884552, 0.5953698754310608, 1.4797673225402832], [-0.8661912679672241, -0.40262314677238464, -0.29598480463027954, 0.03014814853668213], [0.0, 0.0, 0.0, 1.0]]}, "Bone.002": {"matrix": [[0.822744607925415, -0.28126394748687744, 0.49394524097442627, -1.7116118669509888], [0.0903000608086586, 0.9226325750350952, 0.37495946884155273, 0.04793587327003479], [-0.5611926317214966, -0.2638924717903137, 0.7844893336296082, 0.611807107925415], [0.0, 0.0, 0.0, 1.0]]}, "finger3joint1": {"matrix": [[0.8805541396141052, 0.08862575143575668, 0.4655855596065521, -1.830167531967163], [-0.3922015130519867, 0.6877861022949219, 0.6108418703079224, 0.43683475255966187], [-0.266087144613266, -0.7204827666282654, 0.6403922438621521, 0.5005738139152527], [0.0, 0.0, 0.0, 1.0]]}, "finger3joint2": {"matrix": [[0.8647573590278625, -0.3656606674194336, 0.3442194163799286, -1.7524265050888062], [-0.3019103407859802, 0.16919513046741486, 0.938201904296875, 1.0401480197906494], [-0.4013039469718933, -0.915240466594696, 0.03591611236333847, -0.13142037391662598], [0.0, 0.0, 0.0, 1.0]]}, "finger3joint3": {"matrix": [[0.7753346562385559, -0.5483618378639221, 0.31329774856567383, -1.989038348197937], [-0.44661110639572144, -0.12531892955303192, 0.8859081268310547, 1.1496309041976929], [-0.44653627276420593, -0.8267977237701416, -0.34206855297088623, -0.7236543893814087], [0.0, 0.0, 0.0, 1.0]]}, "Bone.003": {"matrix": [[0.6704739332199097, -0.48968490958213806, 0.5573807954788208, -1.7116118669509888], [0.7366858124732971, 0.5285804867744446, -0.421777606010437, 0.04793590307235718], [-0.08808235079050064, 0.6934056282043457, 0.7151435017585754, 0.611807107925415], [0.0, 0.0, 0.0, 1.0]]}, "finger4joint1": {"matrix": [[0.8400013446807861, 0.11027564108371735, 0.5312597155570984, -1.921500325202942], [-0.4172748029232025, 0.7571412324905396, 0.5026114583015442, 0.2744957208633423], [-0.3468129634857178, -0.6438756585121155, 0.6820151805877686, 0.9090142250061035], [0.0, 0.0, 0.0, 1.0]]}, "finger4joint2": {"matrix": [[0.8524104356765747, -0.47438111901283264, 0.21990616619586945, -1.8119570016860962], [-0.3900257349014282, -0.29675665497779846, 0.8716735243797302, 1.0266087055206299], [-0.3482469618320465, -0.8287930488586426, -0.4379792809486389, 0.2694145441055298], [0.0, 0.0, 0.0, 1.0]]}, "finger4joint3": {"matrix": [[0.8855851888656616, -0.4369906187057495, -0.1574094444513321, -2.0098037719726562], [-0.376717209815979, -0.8739994764328003, 0.306933730840683, 0.90284264087677], [-0.2717030346393585, -0.21251742541790009, -0.9386231899261475, -0.07624426484107971], [0.0, 0.0, 0.0, 1.0]]}}