{"root": {"matrix": [[0.15314340591430664, -0.9881329536437988, -0.011847124435007572, -5.960464477539063e-08], [-0.431352436542511, -0.05605637654662132, -0.9004403352737427, -3.725290298461914e-09], [0.8890905976295471, 0.14300677180290222, -0.434818297624588, 1.4901161193847656e-08], [0.0, 0.0, 0.0, 1.0]]}, "carpals": {"matrix": [[0.5987125039100647, -0.378572016954422, -0.7058514952659607, -0.6195388436317444], [0.7185002565383911, -0.135616272687912, 0.6821768879890442, -0.9291279911994934], [-0.35397791862487793, -0.9155824780464172, 0.19080913066864014, 2.1995177268981934], [0.0, 0.0, 0.0, 1.0]]}, "metacarpals": {"matrix": [[0.6649697422981262, -0.5791645050048828, 0.47157564759254456, -0.9882657527923584], [0.052232857793569565, 0.6659188866615295, 0.7441931366920471, -1.0612174272537231], [-0.7450414896011353, -0.47023406624794006, 0.4730675220489502, 1.3077456951141357], [0.0, 0.0, 0.0, 1.0]]}, "finger5joint1": {"matrix": [[0.9115115404129028, -0.40795719623565674, 0.05212908983230591, -1.6294474601745605], [0.04383612051606178, 0.22239887714385986, 0.973969578742981, -0.9964998960494995], [-0.4089314639568329, -0.8854994177818298, 0.22060266137123108, 0.9755221605300903], [0.0, 0.0, 0.0, 1.0]]}, "finger5joint2": {"matrix": [[0.04303855076432228, -0.2036990374326706, -0.9780869483947754, -2.060361385345459], [0.9690312743186951, 0.24678164720535278, -0.00875539518892765, -0.76158607006073], [0.24315766990184784, -0.9474200010299683, 0.2080119252204895, 0.04019361734390259], [0.0, 0.0, 0.0, 1.0]]}, "finger5joint3": {"matrix": [[0.07761639356613159, -0.018887944519519806, -0.9968041777610779, -2.2003705501556396], [0.9868436455726624, 0.14368553459644318, 0.07411813735961914, -0.5919644236564636], [0.14182670414447784, -0.989442765712738, 0.029791884124279022, -0.6110012531280518], [0.0, 0.0, 0.0, 1.0]]}, "Bone": {"matrix": [[0.6329447627067566, 0.4754888415336609, 0.6109755039215088, -1.8925023078918457], [-0.710381805896759, 0.04294372722506523, 0.7025049328804016, -0.021533140912652016], [0.30779555439949036, -0.8786728978157043, 0.36495980620384216, 0.5735798478126526], [0.0, 0.0, 0.0, 1.0]]}, "finger1joint1": {"matrix": [[0.8166317343711853, -0.2984999418258667, 0.49397385120391846, -1.496806263923645], [-0.07838266342878342, 0.7905830144882202, 0.607317328453064, 0.01420411467552185], [-0.5718116760253906, -0.5346735119819641, 0.6222181916236877, -0.15764084458351135], [0.0, 0.0, 0.0, 1.0]]}, "finger1joint2": {"matrix": [[0.6332675218582153, -0.6066662073135376, 0.4805498719215393, -1.6655120849609375], [-0.27535924315452576, 0.40367329120635986, 0.8724820017814636, 0.46102452278137207], [-0.723290741443634, -0.6848383545875549, 0.08858225494623184, -0.4598267078399658], [0.0, 0.0, 0.0, 1.0]]}, "finger1joint3": {"matrix": [[0.7005066871643066, -0.7136105298995972, -0.007086629047989845, -1.9255797863006592], [-0.20020791888237, -0.20604369044303894, 0.9578425884246826, 0.6340726017951965], [-0.6849870085716248, -0.6695564985275269, -0.2872052490711212, -0.7534056901931763], [0.0, 0.0, 0.0, 1.0]]}, "Bone.001": {"matrix": [[0.8238344192504883, 0.3937922418117523, 0.407706081867218, -1.8925023078918457], [-0.5658605694770813, 0.5293077826499939, 0.6321666836738586, -0.021533161401748657], [0.03314023092389107, -0.7515054941177368, 0.6588937044143677, 0.5735798478126526], [0.0, 0.0, 0.0, 1.0]]}, "finger2joint1": {"matrix": [[0.7214137315750122, -0.5210151672363281, -0.45618540048599243, -1.6428838968276978], [-0.047591160982847214, -0.6944907307624817, 0.7179257273674011, 0.3139864206314087], [-0.6908668279647827, -0.49621132016181946, -0.5258108377456665, 0.09721282124519348], [0.0, 0.0, 0.0, 1.0]]}, "finger2joint2": {"matrix": [[0.7103991508483887, -0.2707538902759552, -0.649634599685669, -2.093639612197876], [-0.17634102702140808, -0.9620721936225891, 0.20813582837581635, -0.28685152530670166], [-0.6813492178916931, -0.03330247476696968, -0.7312003970146179, -0.33208388090133667], [0.0, 0.0, 0.0, 1.0]]}, "finger2joint3": {"matrix": [[0.7298422455787659, -0.05218646675348282, -0.6816204786300659, -2.1964223384857178], [-0.30341190099716187, -0.9182221293449402, -0.25457584857940674, -0.6520700454711914], [-0.6125938892364502, 0.39261189103126526, -0.6859915256500244, -0.3447260558605194], [0.0, 0.0, 0.0, 1.0]]}, "Bone.002": {"matrix": [[0.8585571646690369, -0.24150709807872772, 0.4522763192653656, -1.8925023078918457], [-0.04640088602900505, 0.8418965339660645, 0.5376401543617249, -0.021533161401748657], [-0.5106139183044434, -0.4825805723667145, 0.7116103172302246, 0.5735798478126526], [0.0, 0.0, 0.0, 1.0]]}, "finger3joint1": {"matrix": [[0.8257641196250916, 0.26390376687049866, 0.4984661340713501, -1.994300127029419], [-0.49079591035842896, 0.7716836929321289, 0.40450385212898254, 0.33333468437194824], [-0.2779083847999573, -0.5786697268486023, 0.7667516469955444, 0.37016725540161133], [0.0, 0.0, 0.0, 1.0]]}, "finger3joint2": {"matrix": [[0.8371381759643555, -0.3347797095775604, 0.4325762093067169, -1.7628083229064941], [-0.37791866064071655, 0.2177337110042572, 0.899871826171875, 1.0102412700653076], [-0.39544549584388733, -0.9167956113815308, 0.0557539127767086, -0.13743114471435547], [0.0, 0.0, 0.0, 1.0]]}, "finger3joint3": {"matrix": [[0.7348170280456543, -0.5777119994163513, 0.3553769886493683, -1.9794377088546753], [-0.5125880837440491, -0.12987516820430756, 0.8487553000450134, 1.151132583618164], [-0.4441817104816437, -0.8058419227600098, -0.3915625810623169, -0.7306715250015259], [0.0, 0.0, 0.0, 1.0]]}, "Bone.003": {"matrix": [[0.6924002766609192, -0.5195965766906738, 0.5006008148193359, -1.8925023078918457], [0.6914714574813843, 0.675992488861084, -0.2547571361064911, -0.02153313159942627], [-0.20603126287460327, 0.522545337677002, 0.8273435831069946, 0.5735797882080078], [0.0, 0.0, 0.0, 1.0]]}, "finger4joint1": {"matrix": [[0.786638081073761, 0.31894248723983765, 0.528654932975769, -2.1152114868164062], [-0.5643433928489685, 0.7187350988388062, 0.40612295269966125, 0.26821041107177734], [-0.2504332661628723, -0.6178146004676819, 0.7453777194023132, 0.7975529432296753], [0.0, 0.0, 0.0, 1.0]]}, "finger4joint2": {"matrix": [[0.8038041591644287, -0.41970115900039673, 0.4216035306453705, -1.798387050628662], [-0.5397718548774719, -0.2166088968515396, 0.8134656548500061, 0.9821723699569702], [-0.2500896155834198, -0.8814370632171631, -0.40065380930900574, 0.18384122848510742], [0.0, 0.0, 0.0, 1.0]]}, "finger4joint3": {"matrix": [[0.8296564817428589, -0.5295596122741699, -0.17673833668231964, -1.973428726196289], [-0.5317398309707642, -0.8460186123847961, 0.0387902557849884, 0.8918328881263733], [-0.17006587982177734, 0.06179594248533249, -0.9834929704666138, -0.1837734580039978], [0.0, 0.0, 0.0, 1.0]]}}