{"root": {"matrix": [[0.4661484658718109, -0.48147445917129517, -0.7422182559967041, -2.9802322387695312e-08], [-0.8141303062438965, 0.09490128606557846, -0.5728747844696045, 0.0], [0.34626200795173645, 0.8713071346282959, -0.3477449119091034, 0.0], [0.0, 0.0, 0.0, 1.0]]}, "carpals": {"matrix": [[0.3642790615558624, -0.9311880469322205, -0.013763473369181156, 0.666352391242981], [0.628463864326477, 0.23489375412464142, 0.7415238618850708, -1.6838374137878418], [-0.6872652769088745, -0.2787715196609497, 0.670785129070282, 1.6750078201293945], [0.0, 0.0, 0.0, 1.0]]}, "metacarpals": {"matrix": [[0.3168284296989441, -0.6325941681861877, 0.7067136764526367, -0.2406192421913147], [-0.21582981944084167, 0.6774677038192749, 0.7031746506690979, -1.455052375793457], [-0.9236000776290894, -0.37531566619873047, 0.07810842990875244, 1.4034860134124756], [0.0, 0.0, 0.0, 1.0]]}, "finger5joint1": {"matrix": [[0.5270820260047913, -0.6969637870788574, 0.48623645305633545, -0.9479328393936157], [-0.24481715261936188, 0.42337852716445923, 0.8722469210624695, -1.3198347091674805], [-0.8137868046760559, -0.5787847638130188, 0.05252663418650627, 1.3192336559295654], [0.0, 0.0, 0.0, 1.0]]}, "finger5joint2": {"matrix": [[0.49435630440711975, -0.521178126335144, -0.6956901550292969, -1.6841164827346802], [0.8653439283370972, 0.37093764543533325, 0.33702296018600464, -0.8726317286491394], [0.08240878582000732, -0.7686207294464111, 0.6343740224838257, 0.7078793048858643], [0.0, 0.0, 0.0, 1.0]]}, "finger5joint3": {"matrix": [[0.48109015822410583, -0.42834779620170593, -0.7648986577987671, -2.0423405170440674], [0.8763211369514465, 0.2103315144777298, 0.43338340520858765, -0.6176732778549194], [-0.02475643716752529, -0.8787935972213745, 0.4765589237213135, 0.17957933247089386], [0.0, 0.0, 0.0, 1.0]]}, "Bone": {"matrix": [[0.6118783354759216, 0.09032957255840302, 0.7857768535614014, -1.2282741069793701], [-0.7596869468688965, -0.20943838357925415, 0.6156385540962219, -0.3973371386528015], [0.22018221020698547, -0.9736406207084656, -0.05952856317162514, 0.8175140619277954], [0.0, 0.0, 0.0, 1.0]]}, "finger1joint1": {"matrix": [[0.4177035987377167, -0.8983606696128845, 0.13591037690639496, -1.1531031131744385], [-0.29720258712768555, 0.006259951740503311, 0.9547936320304871, -0.5716291666030884], [-0.8586001396179199, -0.4392138123512268, -0.2643802762031555, 0.0072623491287231445], [0.0, 0.0, 0.0, 1.0]]}, "finger1joint2": {"matrix": [[0.3743743598461151, -0.8405009508132935, -0.39166563749313354, -1.660837173461914], [-0.5738500356674194, -0.541785478591919, 0.6141369938850403, -0.5680912137031555], [-0.7283816933631897, -0.005159864667803049, -0.6851521134376526, -0.24097180366516113], [0.0, 0.0, 0.0, 1.0]]}, "finger1joint3": {"matrix": [[0.36336657404899597, -0.5588237643241882, -0.745439887046814, -2.021146059036255], [-0.4884394407272339, -0.7956201434135437, 0.35835060477256775, -0.8003456592559814], [-0.793342113494873, 0.23388952016830444, -0.562053382396698, -0.24318374693393707], [0.0, 0.0, 0.0, 1.0]]}, "Bone.001": {"matrix": [[0.6944774389266968, 0.1252431571483612, 0.7085301876068115, -1.2282742261886597], [-0.7075178623199463, 0.29793834686279297, 0.640820324420929, -0.3973371386528015], [-0.1308399885892868, -0.9463332295417786, 0.29552337527275085, 0.8175140023231506], [0.0, 0.0, 0.0, 1.0]]}, "finger2joint1": {"matrix": [[0.7077775597572327, -0.44033345580101013, 0.552410364151001, -1.148884654045105], [-0.44237416982650757, 0.33340397477149963, 0.8325541019439697, -0.2084788978099823], [-0.5507773756980896, -0.8336353898048401, 0.04118378087878227, 0.21764886379241943], [0.0, 0.0, 0.0, 1.0]]}, "finger2joint2": {"matrix": [[0.6109665632247925, -0.6747839450836182, 0.41398823261260986, -1.5298386812210083], [-0.4854491353034973, 0.09374181181192398, 0.8692244291305542, 0.07996520400047302], [-0.6253469586372375, -0.7320374250411987, -0.27030014991760254, -0.5035698413848877], [0.0, 0.0, 0.0, 1.0]]}, "finger2joint3": {"matrix": [[0.4900873005390167, -0.8663194179534912, 0.09646182507276535, -1.7859976291656494], [-0.5472064018249512, -0.219630166888237, 0.8076677322387695, 0.11555112898349762], [-0.6785125136375427, -0.4486123323440552, -0.5816935896873474, -0.7814632654190063], [0.0, 0.0, 0.0, 1.0]]}, "Bone.002": {"matrix": [[0.573871910572052, -0.30876901745796204, 0.7585068941116333, -1.2282742261886597], [-0.3093799948692322, 0.7758251428604126, 0.5498899817466736, -0.3973371386528015], [-0.7582578659057617, -0.5502332448959351, 0.34969741106033325, 0.8175140023231506], [0.0, 0.0, 0.0, 1.0]]}, "finger3joint1": {"matrix": [[0.42104676365852356, -0.026393838226795197, 0.9066548347473145, -1.3584234714508057], [-0.3650563061237335, 0.9101141095161438, 0.19602520763874054, -0.07031911611557007], [-0.8303334712982178, -0.41351571679115295, 0.3735653758049011, 0.5855852365493774], [0.0, 0.0, 0.0, 1.0]]}, "finger3joint2": {"matrix": [[0.3760835528373718, -0.742577314376831, 0.5542021989822388, -1.3815757036209106], [-0.223880335688591, 0.507567286491394, 0.8320173025131226, 0.728016197681427], [-0.899132251739502, -0.4369828701019287, 0.024639353156089783, 0.22285683453083038], [0.0, 0.0, 0.0, 1.0]]}, "finger3joint3": {"matrix": [[0.2402186095714569, -0.9381759762763977, 0.2492406666278839, -1.8620827198028564], [-0.33514532446861267, 0.16081419587135315, 0.928340494632721, 1.056452989578247], [-0.9110283255577087, -0.306536465883255, -0.2757945954799652, -0.059906162321567535], [0.0, 0.0, 0.0, 1.0]]}, "Bone.003": {"matrix": [[0.6325982809066772, -0.18426384031772614, 0.7522408366203308, -1.2282743453979492], [0.48852109909057617, 0.8486212491989136, -0.202950119972229, -0.3973371386528015], [-0.6009711623191833, 0.4958716034889221, 0.6268532276153564, 0.8175140023231506], [0.0, 0.0, 0.0, 1.0]]}, "finger4joint1": {"matrix": [[0.5273598432540894, -0.264140784740448, 0.8075401186943054, -1.307253360748291], [-0.5224177837371826, 0.648744523525238, 0.5533620715141296, -0.033601582050323486], [-0.6700530052185059, -0.7136942744255066, 0.2041301280260086, 1.0300542116165161], [0.0, 0.0, 0.0, 1.0]]}, "finger4joint2": {"matrix": [[0.536661684513092, -0.7071130275726318, 0.46041855216026306, -1.569640040397644], [-0.49662622809410095, 0.17643927037715912, 0.8498417139053345, 0.6108346581459045], [-0.6821702718734741, -0.684733510017395, -0.2564826011657715, 0.32109957933425903], [0.0, 0.0, 0.0, 1.0]]}, "finger4joint3": {"matrix": [[0.5867908000946045, -0.8072139024734497, 0.06389087438583374, -1.8645504713058472], [-0.5219528079032898, -0.31673964858055115, 0.7919852137565613, 0.6844209432601929], [-0.6190649271011353, -0.4980778694152832, -0.6071875095367432, 0.035522639751434326], [0.0, 0.0, 0.0, 1.0]]}}