{"root": {"matrix": [[0.41349294781684875, -0.6261385679244995, -0.6610401272773743, 0.0], [-0.8646302819252014, -0.042474981397390366, -0.5006099939346313, -3.725290298461914e-09], [0.2853734791278839, 0.7785540223121643, -0.5589414834976196, 5.960464477539063e-08], [0.0, 0.0, 0.0, 1.0]]}, "carpals": {"matrix": [[0.6518632769584656, -0.723694384098053, -0.22658464312553406, 0.39654725790023804], [0.6642704010009766, 0.4007863700389862, 0.6309632658958435, -1.9406323432922363], [-0.3658125400543213, -0.5618153810501099, 0.741986870765686, 1.4702657461166382], [0.0, 0.0, 0.0, 1.0]]}, "metacarpals": {"matrix": [[0.45969268679618835, -0.6824622750282288, 0.568267285823822, -0.30832672119140625], [0.09370951354503632, 0.6735878586769104, 0.7331422567367554, -1.5502688884735107], [-0.8831200003623962, -0.2837681174278259, 0.37359675765037537, 0.9230610132217407], [0.0, 0.0, 0.0, 1.0]]}, "finger5joint1": {"matrix": [[0.5578499436378479, -0.6089135408401489, 0.5639393925666809, -1.012214183807373], [0.03629547730088234, 0.6967414617538452, 0.7164031863212585, -1.4839065074920654], [-0.8291476964950562, -0.3791770339012146, 0.41077813506126404, 0.762394905090332], [0.0, 0.0, 0.0, 1.0]]}, "finger5joint2": {"matrix": [[0.5771209597587585, -0.5275021195411682, -0.6234360933303833, -1.6553926467895508], [0.6738623976707458, 0.7388550639152527, -0.0013595541240647435, -0.7479577660560608], [0.4613463282585144, -0.41932541131973267, 0.7818729281425476, 0.36188068985939026], [0.0, 0.0, 0.0, 1.0]]}, "finger5joint3": {"matrix": [[0.5587990880012512, -0.45660755038261414, -0.6922808289527893, -2.017963171005249], [0.7389439344406128, 0.6530678272247314, 0.16572090983390808, -0.24011678993701935], [0.37643712759017944, -0.6041615009307861, 0.7023413777351379, 0.0736636370420456], [0.0, 0.0, 0.0, 1.0]]}, "Bone": {"matrix": [[0.6947430968284607, 0.24312976002693176, 0.6769193410873413, -1.3738398551940918], [-0.7105897068977356, 0.08634219318628311, 0.6982885003089905, -0.4986111521720886], [0.11132802814245224, -0.9661432504653931, 0.23275123536586761, 0.4800201654434204], [0.0, 0.0, 0.0, 1.0]]}, "finger1joint1": {"matrix": [[0.6154099106788635, -0.7494287490844727, 0.24418650567531586, -1.1715102195739746], [-0.0034125668462365866, 0.30726349353790283, 0.9516180753707886, -0.4267582297325134], [-0.7881997227668762, -0.5864686965942383, 0.18653562664985657, -0.3239923119544983], [0.0, 0.0, 0.0, 1.0]]}, "finger1joint2": {"matrix": [[0.5267090797424316, -0.8484539985656738, 0.051992762833833694, -1.5950710773468018], [-0.2991224527359009, -0.12774404883384705, 0.9456250667572021, -0.25309959053993225], [-0.7956778407096863, -0.5136216878890991, -0.32107558846473694, -0.6554517149925232], [0.0, 0.0, 0.0, 1.0]]}, "finger1joint3": {"matrix": [[0.5600374341011047, -0.6957122087478638, -0.4498249888420105, -1.9587894678115845], [-0.19692933559417725, -0.6391888856887817, 0.7434083223342896, -0.3078613579273224], [-0.8047216534614563, -0.32775288820266724, -0.49497589468955994, -0.8756328821182251], [0.0, 0.0, 0.0, 1.0]]}, "Bone.001": {"matrix": [[0.8106983304023743, 0.19174158573150635, 0.5531755089759827, -1.3738398551940918], [-0.5518699288368225, 0.565726101398468, 0.6126932501792908, -0.4986111521720886], [-0.1954670399427414, -0.8019905090332031, 0.5644498467445374, 0.4800201654434204], [0.0, 0.0, 0.0, 1.0]]}, "finger2joint1": {"matrix": [[0.7728052735328674, -0.57404625415802, -0.2706337869167328, -1.2522978782653809], [0.028557023033499718, -0.39454910159111023, 0.918430745601654, -0.1400066614151001], [-0.6340001225471497, -0.7174968123435974, -0.2885166108608246, -0.02834850549697876], [0.0, 0.0, 0.0, 1.0]]}, "finger2joint2": {"matrix": [[0.7394163608551025, -0.572333812713623, -0.354538232088089, -1.7489334344863892], [-0.09223704785108566, -0.6077606081962585, 0.7887451648712158, -0.4813503324985504], [-0.6669000387191772, -0.5505096316337585, -0.5021785497665405, -0.6490901708602905], [0.0, 0.0, 0.0, 1.0]]}, "finger2joint3": {"matrix": [[0.6975929141044617, -0.5406023859977722, -0.4702264070510864, -1.966200828552246], [-0.2314421385526657, -0.7911244034767151, 0.5661768317222595, -0.7120661735534668], [-0.6780843138694763, -0.2861308455467224, -0.6770011186599731, -0.8580726385116577], [0.0, 0.0, 0.0, 1.0]]}, "Bone.002": {"matrix": [[0.7059721350669861, -0.3596809208393097, 0.6101089715957642, -1.3738398551940918], [-0.01067505031824112, 0.8559422492980957, 0.516960859298706, -0.4986111521720886], [-0.7081590890884399, -0.37147289514541626, 0.6004319190979004, 0.4800201654434204], [0.0, 0.0, 0.0, 1.0]]}, "finger3joint1": {"matrix": [[0.5800325274467468, 0.1170923113822937, 0.8061338067054749, -1.5254489183425903], [-0.11580393463373184, 0.9914165735244751, -0.060681164264678955, -0.1378229856491089], [-0.8063199520111084, -0.058156322687864304, 0.5886136293411255, 0.3234406113624573], [0.0, 0.0, 0.0, 1.0]]}, "finger3joint2": {"matrix": [[0.5595358610153198, -0.7012121677398682, 0.4418383240699768, -1.422737717628479], [0.04486042633652687, 0.5579437017440796, 0.8286651968955994, 0.7318294048309326], [-0.8275911808013916, -0.44384679198265076, 0.3436463475227356, 0.272426962852478], [0.0, 0.0, 0.0, 1.0]]}, "finger3joint3": {"matrix": [[0.4417770504951477, -0.8940507769584656, 0.07420442253351212, -1.8764781951904297], [-0.06750437617301941, 0.0493512861430645, 0.9964974522590637, 1.0928637981414795], [-0.8945815563201904, -0.4452388882637024, -0.03854994848370552, -0.014777526259422302], [0.0, 0.0, 0.0, 1.0]]}, "Bone.003": {"matrix": [[0.6147159934043884, -0.37935131788253784, 0.6915321946144104, -1.3738398551940918], [0.711414098739624, 0.645270824432373, -0.2784155011177063, -0.4986111521720886], [-0.3406081795692444, 0.6631124019622803, 0.6665343046188354, 0.4800201952457428], [0.0, 0.0, 0.0, 1.0]]}, "finger4joint1": {"matrix": [[0.6447017192840576, -0.09746931493282318, 0.7581947445869446, -1.5364372730255127], [-0.27478405833244324, 0.8959946036338806, 0.3488362729549408, -0.22203552722930908], [-0.7133394479751587, -0.43323516845703125, 0.550866425037384, 0.7642430067062378], [0.0, 0.0, 0.0, 1.0]]}, "finger4joint2": {"matrix": [[0.6568185687065125, -0.6732103228569031, 0.3396719694137573, -1.6332592964172363], [-0.24738547205924988, 0.2331460565328598, 0.9404481053352356, 0.6680088043212891], [-0.7123126983642578, -0.7017338871955872, -0.013407627120614052, 0.33388495445251465], [0.0, 0.0, 0.0, 1.0]]}, "finger4joint3": {"matrix": [[0.705467164516449, -0.6807624697685242, -0.19717584550380707, -1.9140303134918213], [-0.27964067459106445, -0.522994339466095, 0.8051567077636719, 0.7652453184127808], [-0.6512424945831299, -0.5128734707832336, -0.5593242645263672, 0.041217803955078125], [0.0, 0.0, 0.0, 1.0]]}}