{"root": {"matrix": [[0.4744650423526764, -0.2912183105945587, -0.8307074308395386, 0.0], [-0.8790762424468994, -0.10753294080495834, -0.46439382433891296, 0.0], [0.045911505818367004, 0.9505937695503235, -0.3070237636566162, 0.0], [0.0, 0.0, 0.0, 1.0]]}, "carpals": {"matrix": [[0.5411809086799622, -0.8320426940917969, 0.12177041918039322, 0.8813344240188599], [0.5495466589927673, 0.45955052971839905, 0.6977186799049377, -2.04105281829834], [-0.6364914774894714, -0.3106735348701477, 0.7059464454650879, 1.0688018798828125], [0.0, 0.0, 0.0, 1.0]]}, "metacarpals": {"matrix": [[0.08869075030088425, -0.6555213332176208, 0.7499504089355469, 0.07092994451522827], [-0.21958275139331818, 0.721526563167572, 0.6566448211669922, -1.5934534072875977], [-0.9715539813041687, -0.22291451692581177, -0.07994844019412994, 0.7662076950073242], [0.0, 0.0, 0.0, 1.0]]}, "finger5joint1": {"matrix": [[0.11812476068735123, -0.9415202140808105, 0.3155726194381714, -0.6272234916687012], [-0.04682891070842743, 0.3121620714664459, 0.94887375831604, -1.413293480873108], [-0.9918938279151917, -0.12686337530612946, -0.007216247264295816, 0.8423597812652588], [0.0, 0.0, 0.0, 1.0]]}, "finger5joint2": {"matrix": [[0.23033659160137177, -0.6602462530136108, -0.7148562073707581, -1.621725082397461], [0.9664953351020813, 0.06970666348934174, 0.24703653156757355, -1.083565354347229], [-0.11327469348907471, -0.7478069067001343, 0.6541813611984253, 0.7083575129508972], [0.0, 0.0, 0.0, 1.0]]}, "finger5joint3": {"matrix": [[0.20669807493686676, -0.37739333510398865, -0.9026902318000793, -2.075535535812378], [0.9537093043327332, -0.12826333940029144, 0.2720041871070862, -1.0356534719467163], [-0.2184346318244934, -0.9171271920204163, 0.3334120512008667, 0.19436359405517578], [0.0, 0.0, 0.0, 1.0]]}, "Bone": {"matrix": [[0.5955517292022705, -0.1423763781785965, 0.7905991673469543, -0.9525209069252014], [-0.7997018694877625, -0.19833841919898987, 0.5666906237602234, -0.4669501781463623], [0.07612282037734985, -0.9697374701499939, -0.23197945952415466, 0.4181763231754303], [0.0, 0.0, 0.0, 1.0]]}, "finger1joint1": {"matrix": [[0.4523434042930603, -0.7507565021514893, 0.48140421509742737, -1.071004867553711], [-0.40679171681404114, 0.30667856335639954, 0.8605046272277832, -0.632004976272583], [-0.7936660051345825, -0.5850750207901001, -0.16667748987674713, -0.38882720470428467], [0.0, 0.0, 0.0, 1.0]]}, "finger1joint2": {"matrix": [[0.29922211170196533, -0.8888381719589233, 0.34703436493873596, -1.4953160285949707], [-0.6555150151252747, 0.07280153781175613, 0.7516645789146423, -0.45867684483528137], [-0.6933729648590088, -0.45240095257759094, -0.5608629584312439, -0.7194989919662476], [0.0, 0.0, 0.0, 1.0]]}, "finger1joint3": {"matrix": [[0.36523526906967163, -0.9261500239372253, -0.09407082945108414, -1.8763463497161865], [-0.5782487988471985, -0.30490151047706604, 0.7567450404167175, -0.42746803164482117], [-0.7295419573783875, -0.22199369966983795, -0.6469058990478516, -0.9134358167648315], [0.0, 0.0, 0.0, 1.0]]}, "Bone.001": {"matrix": [[0.6010777354240417, -0.06980444490909576, 0.7961360812187195, -0.9525208473205566], [-0.7468932271003723, 0.3053742051124573, 0.590674638748169, -0.4669501483440399], [-0.2843511998653412, -0.9496702551841736, 0.13141721487045288, 0.4181762933731079], [0.0, 0.0, 0.0, 1.0]]}, "finger2joint1": {"matrix": [[0.3764432668685913, -0.54169762134552, 0.7515676617622375, -0.9967687129974365], [-0.4491560757160187, 0.6028108596801758, 0.6594523191452026, -0.27337849140167236], [-0.8102770447731018, -0.5858176946640015, -0.01638268306851387, -0.1838042140007019], [0.0, 0.0, 0.0, 1.0]]}, "finger2joint2": {"matrix": [[0.2548424005508423, -0.7334986925125122, 0.6301069855690002, -1.4654178619384766], [-0.4518144130706787, 0.4857960045337677, 0.7482416033744812, 0.24814273416996002], [-0.8549379706382751, -0.47537514567375183, -0.20760390162467957, -0.6906237602233887], [0.0, 0.0, 0.0, 1.0]]}, "finger2joint3": {"matrix": [[0.1117020919919014, -0.9271476864814758, 0.3576584458351135, -1.743865966796875], [-0.45815134048461914, 0.2713302969932556, 0.8464494347572327, 0.4325588643550873], [-0.8818274736404419, -0.2584119141101837, -0.39446592330932617, -0.8710839748382568], [0.0, 0.0, 0.0, 1.0]]}, "Bone.002": {"matrix": [[0.3695598840713501, -0.3731577694416046, 0.850986897945404, -0.9525209665298462], [-0.3316243290901184, 0.8025442957878113, 0.4959309697151184, -0.4669501781463623], [-0.8680154085159302, -0.4654841423034668, 0.17283999919891357, 0.4181762933731079], [0.0, 0.0, 0.0, 1.0]]}, "finger3joint1": {"matrix": [[0.15668413043022156, -0.23757949471473694, 0.9586480259895325, -1.1098105907440186], [-0.28916725516319275, 0.917066752910614, 0.2745368480682373, -0.12866967916488647], [-0.944368839263916, -0.3202250897884369, 0.07498956471681595, 0.22197002172470093], [0.0, 0.0, 0.0, 1.0]]}, "finger3joint2": {"matrix": [[0.07983812689781189, -0.8253052234649658, 0.5590143799781799, -1.3182109594345093], [-0.15095019340515137, 0.5443268418312073, 0.8251799941062927, 0.6757643222808838], [-0.9853121042251587, -0.15026402473449707, -0.08112192153930664, -0.058925509452819824], [0.0, 0.0, 0.0, 1.0]]}, "finger3joint3": {"matrix": [[-0.05635158717632294, -0.968702495098114, 0.24174374341964722, -1.8522498607635498], [-0.2603713274002075, 0.2480083703994751, 0.9331121444702148, 1.0279874801635742], [-0.9638626575469971, -0.01036067120730877, -0.26619794964790344, -0.15615840256214142], [0.0, 0.0, 0.0, 1.0]]}, "Bone.003": {"matrix": [[0.5128669142723083, -0.014417647384107113, 0.8583471179008484, -0.9525208473205566], [0.4583679139614105, 0.8500038385391235, -0.2595996856689453, -0.4669501781463623], [-0.7258555293083191, 0.526578962802887, 0.442547470331192, 0.4181762933731079], [0.0, 0.0, 0.0, 1.0]]}, "finger4joint1": {"matrix": [[0.283385694026947, -0.4879234731197357, 0.8256046772003174, -0.9587006568908691], [-0.4581855237483978, 0.6873979568481445, 0.563515305519104, -0.10262197256088257], [-0.8424715995788574, -0.5379722714424133, -0.02876071073114872, 0.6438782811164856], [0.0, 0.0, 0.0, 1.0]]}, "finger4joint2": {"matrix": [[0.288016140460968, -0.8948309421539307, 0.34106311202049255, -1.4433836936950684], [-0.4313407242298126, 0.19675606489181519, 0.8804723620414734, 0.5802109241485596], [-0.8549804091453552, -0.40070468187332153, -0.3293081223964691, 0.10947862267494202], [0.0, 0.0, 0.0, 1.0]]}, "finger4joint3": {"matrix": [[0.356382817029953, -0.9297791719436646, -0.09220527112483978, -1.8165844678878784], [-0.4590372145175934, -0.26018866896629333, 0.8494622111320496, 0.6622706055641174], [-0.8138032555580139, -0.26040810346603394, -0.5195300579071045, -0.0576404333114624], [0.0, 0.0, 0.0, 1.0]]}}