{"root": {"matrix": [[0.47907429933547974, -0.4064808487892151, -0.7779852747917175, -2.9802322387695312e-08], [-0.8662365078926086, -0.07570149749517441, -0.493865966796875, 0.0], [0.14185234904289246, 0.9105177521705627, -0.38837525248527527, 0.0], [0.0, 0.0, 0.0, 1.0]]}, "carpals": {"matrix": [[0.5837975740432739, -0.811791718006134, -0.013209614902734756, 0.7730100154876709], [0.5566686391830444, 0.38837698101997375, 0.7343588471412659, -1.9775457382202148], [-0.5910161733627319, -0.43607041239738464, 0.6786326766014099, 1.2556886672973633], [0.0, 0.0, 0.0, 1.0]]}, "metacarpals": {"matrix": [[0.16828837990760803, -0.6461031436920166, 0.7444660067558289, -0.017670273780822754], [-0.17810162901878357, 0.7228779792785645, 0.66762775182724, -1.5992687940597534], [-0.9695146679878235, -0.24494463205337524, 0.006579975597560406, 0.8309586048126221], [0.0, 0.0, 0.0, 1.0]]}, "finger5joint1": {"matrix": [[0.20115607976913452, -0.8331040740013123, 0.5152414441108704, -0.7221595048904419], [-0.06870686262845993, 0.5126978754997253, 0.8558152914047241, -1.4301341772079468], [-0.977146565914154, -0.20755304396152496, 0.0458923801779747, 0.8585859537124634], [0.0, 0.0, 0.0, 1.0]]}, "finger5joint2": {"matrix": [[0.5175462961196899, -0.6123914122581482, -0.5975969433784485, -1.6021441221237183], [0.8549360036849976, 0.39871877431869507, 0.33182376623153687, -0.8885855674743652], [0.035067152231931686, -0.6826413869857788, 0.7299113273620605, 0.6393533945083618], [0.0, 0.0, 0.0, 1.0]]}, "finger5joint3": {"matrix": [[0.4902278482913971, -0.47852811217308044, -0.7284826636314392, -2.023062229156494], [0.868854284286499, 0.20208501815795898, 0.45194366574287415, -0.6145322322845459], [-0.0690523013472557, -0.854500949382782, 0.5148392915725708, 0.1701500564813614], [0.0, 0.0, 0.0, 1.0]]}, "Bone": {"matrix": [[0.5990394353866577, -0.062479984015226364, 0.7982780933380127, -1.0264166593551636], [-0.7955536842346191, -0.159500852227211, 0.5845111608505249, -0.47065556049346924], [0.090805783867836, -0.9852185845375061, -0.1452534794807434, 0.4485320746898651], [0.0, 0.0, 0.0, 1.0]]}, "finger1joint1": {"matrix": [[0.48577454686164856, -0.7547127604484558, 0.44094395637512207, -1.0784116983413696], [-0.34822630882263184, 0.2956041395664215, 0.8895819783210754, -0.6033902168273926], [-0.8017239570617676, -0.5856847167015076, -0.11921386420726776, -0.3713546395301819], [0.0, 0.0, 0.0, 1.0]]}, "finger1joint2": {"matrix": [[0.3434566557407379, -0.8833144903182983, 0.3190501034259796, -1.5049591064453125], [-0.6083735227584839, 0.04955226182937622, 0.7921021580696106, -0.4363211393356323], [-0.715485155582428, -0.4661544859409332, -0.5203661322593689, -0.7023710012435913], [0.0, 0.0, 0.0, 1.0]]}, "finger1joint3": {"matrix": [[0.40617579221725464, -0.9058558940887451, -0.12019264698028564, -1.8836214542388916], [-0.5264334082603455, -0.339474618434906, 0.7795026898384094, -0.41507890820503235], [-0.7469196915626526, -0.25334176421165466, -0.6147592067718506, -0.9022037982940674], [0.0, 0.0, 0.0, 1.0]]}, "Bone.001": {"matrix": [[0.6322687268257141, 0.0010774701368063688, 0.7747482657432556, -1.026416540145874], [-0.7277801036834717, 0.343715637922287, 0.5934602618217468, -0.4706555902957916], [-0.26565369963645935, -0.9390730261802673, 0.21810488402843475, 0.4485321044921875], [0.0, 0.0, 0.0, 1.0]]}, "finger2joint1": {"matrix": [[0.4422045052051544, -0.5087254047393799, 0.7386836409568787, -1.025733470916748], [-0.40812942385673523, 0.6192472577095032, 0.6707926392555237, -0.25277990102767944], [-0.7986771464347839, -0.5981061458587646, 0.06620816141366959, -0.1467309594154358], [0.0, 0.0, 0.0, 1.0]]}, "finger2joint2": {"matrix": [[0.32422399520874023, -0.725151777267456, 0.6074813008308411, -1.465856909751892], [-0.4106937646865845, 0.47059324383735657, 0.7809430956840515, 0.28296124935150146], [-0.8521791696548462, -0.5026893019676208, -0.14523769915103912, -0.6641818881034851], [0.0, 0.0, 0.0, 1.0]]}, "finger2joint3": {"matrix": [[0.18332546949386597, -0.9329861998558044, 0.3097228705883026, -1.7411363124847412], [-0.42213335633277893, 0.20982296764850616, 0.8819167613983154, 0.46160611510276794], [-0.8878034353256226, -0.29242220520973206, -0.35537877678871155, -0.855010986328125], [0.0, 0.0, 0.0, 1.0]]}, "Bone.002": {"matrix": [[0.44167250394821167, -0.3466464579105377, 0.8275032043457031, -1.026416540145874], [-0.29123684763908386, 0.8169973492622375, 0.49769067764282227, -0.470655620098114], [-0.8485908508300781, -0.4608156979084015, 0.2598890960216522, 0.4485320448875427], [0.0, 0.0, 0.0, 1.0]]}, "finger3joint1": {"matrix": [[0.2372761070728302, -0.17086006700992584, 0.9562985301017761, -1.1725316047668457], [-0.25221601128578186, 0.9398183822631836, 0.23049530386924744, -0.12628298997879028], [-0.9381296634674072, -0.29588472843170166, 0.1799027919769287, 0.2542935907840729], [0.0, 0.0, 0.0, 1.0]]}, "finger3joint2": {"matrix": [[0.1699957549571991, -0.8118472695350647, 0.5585744380950928, -1.3224067687988281], [-0.10918594896793365, 0.5478172302246094, 0.8294422030448914, 0.6981083154678345], [-0.979377269744873, -0.201990008354187, 0.004484351258724928, -0.005251005291938782], [0.0, 0.0, 0.0, 1.0]]}, "finger3joint3": {"matrix": [[0.033151160925626755, -0.9822947382926941, 0.18438555300235748, -1.8477373123168945], [-0.21979759633541107, 0.17280489206314087, 0.960118293762207, 1.0525901317596436], [-0.9749820232391357, -0.0723564475774765, -0.2101772427558899, -0.13595476746559143], [0.0, 0.0, 0.0, 1.0]]}, "Bone.003": {"matrix": [[0.5620028972625732, -0.068109430372715, 0.8243263363838196, -1.026416540145874], [0.4937111437320709, 0.827218770980835, -0.26825010776519775, -0.4706555902957916], [-0.6636278033256531, 0.5577365756034851, 0.4985257685184479, 0.44853201508522034], [0.0, 0.0, 0.0, 1.0]]}, "finger4joint1": {"matrix": [[0.34875667095184326, -0.41276276111602783, 0.8414247035980225, -1.0556097030639648], [-0.4247076213359833, 0.7307153940200806, 0.5344883799552917, -0.11609357595443726], [-0.8354591727256775, -0.5437659025192261, 0.07953842729330063, 0.6875888109207153], [0.0, 0.0, 0.0, 1.0]]}, "finger4joint2": {"matrix": [[0.3553861677646637, -0.8720710277557373, 0.3364410400390625, -1.4656312465667725], [-0.397445410490036, 0.18479572236537933, 0.8988253474235535, 0.6097691655158997], [-0.8460126519203186, -0.4531470835208893, -0.28092676401138306, 0.1474340409040451], [0.0, 0.0, 0.0, 1.0]]}, "finger4joint3": {"matrix": [[0.42168810963630676, -0.8972626328468323, -0.13076192140579224, -1.829339623451233], [-0.4245370924472809, -0.32279908657073975, 0.845912754535675, 0.6868405342102051], [-0.8012159466743469, -0.3011981248855591, -0.5170418620109558, -0.041556790471076965], [0.0, 0.0, 0.0, 1.0]]}}