{"root": {"matrix": [[0.294560968875885, -0.6175433993339539, -0.7292969226837158, 0.0], [-0.8678524494171143, 0.146635964512825, -0.47468942403793335, 0.0], [0.40008240938186646, 0.7727470993995667, -0.4927433431148529, 0.0], [0.0, 0.0, 0.0, 1.0]]}, "carpals": {"matrix": [[0.916271984577179, -0.3975788354873657, 0.048750199377536774, 0.1436726152896881], [0.2324710488319397, 0.626935601234436, 0.7435781955718994, -1.7657283544540405], [-0.3261941969394684, -0.6699869632720947, 0.6668692827224731, 1.7165508270263672], [0.0, 0.0, 0.0, 1.0]]}, "metacarpals": {"matrix": [[0.1699455976486206, -0.5776327252388, 0.798410177230835, -0.24356693029403687], [-0.2999197542667389, 0.7414433360099792, 0.6002578139305115, -1.1550968885421753], [-0.9387046694755554, -0.3414701819419861, -0.047238364815711975, 1.0639874935150146], [0.0, 0.0, 0.0, 1.0]]}, "finger5joint1": {"matrix": [[0.18372945487499237, -0.8783020973205566, 0.44139420986175537, -0.9314637184143066], [-0.1269489824771881, 0.42407622933387756, 0.8966843485832214, -0.9262788891792297], [-0.9747447371482849, -0.2207818478345871, -0.033584143966436386, 1.0532636642456055], [0.0, 0.0, 0.0, 1.0]]}, "finger5joint2": {"matrix": [[0.389142781496048, -0.4664345979690552, -0.7943589687347412, -1.859189748764038], [0.9089484214782715, 0.054382216185331345, 0.41334572434425354, -0.47833889722824097], [-0.14959967136383057, -0.8828820586204529, 0.44512778520584106, 0.8200578689575195], [0.0, 0.0, 0.0, 1.0]]}, "finger5joint3": {"matrix": [[0.3870391249656677, -0.07212080806493759, -0.9192381501197815, -2.1797866821289062], [0.88591468334198, -0.2473192662000656, 0.3924124240875244, -0.4409600794315338], [-0.25564637780189514, -0.9662460684776306, -0.031829170882701874, 0.21322207152843475], [0.0, 0.0, 0.0, 1.0]]}, "Bone": {"matrix": [[0.5273329019546509, -0.05807763338088989, 0.8476714491844177, -1.1454118490219116], [-0.8269477486610413, -0.264205664396286, 0.4963389039039612, 0.0025020092725753784], [0.19513337314128876, -0.9627161026000977, -0.18735146522521973, 0.5308576822280884], [0.0, 0.0, 0.0, 1.0]]}, "finger1joint1": {"matrix": [[0.48995721340179443, -0.5588603019714355, 0.6690418124198914, -1.193743348121643], [-0.5132362246513367, 0.435436487197876, 0.7395830750465393, -0.21736666560173035], [-0.7046490907669067, -0.7057406902313232, -0.07348202168941498, -0.27030277252197266], [0.0, 0.0, 0.0, 1.0]]}, "finger1joint2": {"matrix": [[0.2740766704082489, -0.8168556094169617, 0.5075715780258179, -1.5095990896224976], [-0.7226434946060181, 0.17331837117671967, 0.6691387295722961, 0.028732597827911377], [-0.6345614194869995, -0.5501887798309326, -0.5427928566932678, -0.6691720485687256], [0.0, 0.0, 0.0, 1.0]]}, "finger1joint3": {"matrix": [[0.35385340452194214, -0.9352659583091736, -0.008079677820205688, -1.859771490097046], [-0.6570320725440979, -0.2547144889831543, 0.709527313709259, 0.10303132981061935], [-0.6656550765037537, -0.24576014280319214, -0.7046313285827637, -0.9050289988517761], [0.0, 0.0, 0.0, 1.0]]}, "Bone.001": {"matrix": [[0.5726358294487, 0.04728829488158226, 0.8184447884559631, -1.1454118490219116], [-0.8029094338417053, 0.23401500284671783, 0.5482453107833862, 0.0025019794702529907], [-0.16560283303260803, -0.9710821509361267, 0.17197369039058685, 0.5308576822280884], [0.0, 0.0, 0.0, 1.0]]}, "finger2joint1": {"matrix": [[0.37142282724380493, -0.4976716935634613, 0.7838162183761597, -1.1154366731643677], [-0.49761271476745605, 0.6060181856155396, 0.6205827593803406, 0.15084028244018555], [-0.7838535308837891, -0.6205356121063232, -0.022558720782399178, -0.08469533920288086], [0.0, 0.0, 0.0, 1.0]]}, "finger2joint2": {"matrix": [[0.25086525082588196, -0.6330437660217285, 0.7323400974273682, -1.5459966659545898], [-0.49598222970962524, 0.5656285285949707, 0.6588364243507385, 0.6751362681388855], [-0.8313050866127014, -0.528506875038147, -0.17208190262317657, -0.6215510964393616], [0.0, 0.0, 0.0, 1.0]]}, "finger2joint3": {"matrix": [[0.11015429347753525, -0.8083130717277527, 0.5783560872077942, -1.7863106727600098], [-0.4847046434879303, 0.46432384848594666, 0.7412585020065308, 0.8898581266403198], [-0.8677137494087219, -0.3619847297668457, -0.3406458795070648, -0.8221810460090637], [0.0, 0.0, 0.0, 1.0]]}, "Bone.002": {"matrix": [[0.43047046661376953, -0.2674030363559723, 0.8620851635932922, -1.1454118490219116], [-0.42085644602775574, 0.7854663729667664, 0.45378628373146057, 0.0025020241737365723], [-0.7984829545021057, -0.5581555962562561, 0.22558186948299408, 0.5308576822280884], [0.0, 0.0, 0.0, 1.0]]}, "finger3joint1": {"matrix": [[0.22982589900493622, -0.0025018395390361547, 0.9732285141944885, -1.2581249475479126], [-0.3712889850139618, 0.9241397380828857, 0.09005476534366608, 0.3335839509963989], [-0.899624764919281, -0.38204580545425415, 0.2114623337984085, 0.29558950662612915], [0.0, 0.0, 0.0, 1.0]]}, "finger3joint2": {"matrix": [[0.18860939145088196, -0.9570491909980774, 0.22018946707248688, -1.260319471359253], [-0.22370119392871857, 0.17644961178302765, 0.9585525393486023, 1.1442221403121948], [-0.9562344551086426, -0.23004858195781708, -0.18081282079219818, -0.03953404724597931], [0.0, 0.0, 0.0, 1.0]]}, "finger3joint3": {"matrix": [[0.10117662698030472, -0.8840222954750061, -0.45636385679244995, -1.8796073198318481], [-0.3726757764816284, -0.45899498462677, 0.8064960837364197, 1.258399248123169], [-0.9224294424057007, 0.08847714215517044, -0.37589308619499207, -0.18839393556118011], [0.0, 0.0, 0.0, 1.0]]}, "Bone.003": {"matrix": [[0.6138994097709656, -0.007411145605146885, 0.7893494963645935, -1.1454118490219116], [0.3673272728919983, 0.8877780437469482, -0.2773455083370209, 0.0025019943714141846], [-0.698711633682251, 0.46021202206611633, 0.5477287769317627, 0.5308576822280884], [0.0, 0.0, 0.0, 1.0]]}, "finger4joint1": {"matrix": [[0.4225132167339325, -0.3779718279838562, 0.823783814907074, -1.1485884189605713], [-0.6293569803237915, 0.5316994190216064, 0.5667494535446167, 0.38302087783813477], [-0.6522209644317627, -0.7579132318496704, -0.013229076750576496, 0.7281135320663452], [0.0, 0.0, 0.0, 1.0]]}, "finger4joint2": {"matrix": [[0.4295664429664612, -0.8963203430175781, 0.10991954803466797, -1.5240501165390015], [-0.605941891670227, -0.19584716856479645, 0.7710237503051758, 0.9111893177032471], [-0.6695570945739746, -0.3978108763694763, -0.6272474527359009, -0.024766460061073303], [0.0, 0.0, 0.0, 1.0]]}, "finger4joint3": {"matrix": [[0.5009331107139587, -0.7222665548324585, -0.4768614172935486, -1.8978720903396606], [-0.5987787246704102, -0.6870483756065369, 0.41161617636680603, 0.8295087814331055], [-0.6249237060546875, 0.07934222370386124, -0.7766432762145996, -0.19067861139774323], [0.0, 0.0, 0.0, 1.0]]}}