{"root": {"matrix": [[0.3913632929325104, -0.7775364518165588, -0.49221116304397583, 0.0], [-0.919166624546051, -0.356072336435318, -0.1683603674173355, 0.0], [-0.04435652121901512, 0.5183141231536865, -0.854039192199707, 0.0], [0.0, 0.0, 0.0, 1.0]]}, "carpals": {"matrix": [[0.8396286368370056, -0.43473684787750244, -0.32561853528022766, 0.1793300360441208], [0.5428049564361572, 0.6932767629623413, 0.4740566909313202, -2.4082727432250977], [0.01965387351810932, -0.5747790932655334, 0.8180724382400513, 0.5030396580696106], [0.0, 0.0, 0.0, 1.0]]}, "metacarpals": {"matrix": [[0.1397683471441269, -0.7271883487701416, 0.6720578670501709, -0.24410104751586914], [0.21220745146274567, 0.684948205947876, 0.6970032453536987, -1.7330251932144165], [-0.9671776294708252, 0.045196644961833954, 0.2500489056110382, -0.056791700422763824], [0.0, 0.0, 0.0, 1.0]]}, "finger5joint1": {"matrix": [[0.36300426721572876, -0.8333732485771179, 0.41679349541664124, -0.96007239818573], [0.18460454046726227, 0.5027608275413513, 0.8444834351539612, -1.6661057472229004], [-0.9133175015449524, -0.2296091914176941, 0.33634883165359497, 0.03584510087966919], [0.0, 0.0, 0.0, 1.0]]}, "finger5joint2": {"matrix": [[0.4903919994831085, -0.4349890351295471, -0.7551819682121277, -1.8403414487838745], [0.7694031596183777, 0.6230658888816833, 0.14073717594146729, -1.1350536346435547], [0.40930911898612976, -0.6500558853149414, 0.640228807926178, -0.20668473839759827], [0.0, 0.0, 0.0, 1.0]]}, "finger5joint3": {"matrix": [[0.4884707033634186, -0.1770748496055603, -0.854423999786377, -2.13932466506958], [0.8152893781661987, 0.44157674908638, 0.37458303570747375, -0.7067985534667969], [0.3109646141529083, -0.8795759677886963, 0.3600647747516632, -0.6534910202026367], [0.0, 0.0, 0.0, 1.0]]}, "Bone": {"matrix": [[0.6805758476257324, -0.09217622131109238, 0.7268561720848083, -1.379443883895874], [-0.7004126310348511, 0.20930366218090057, 0.6823589205741882, -0.6636309027671814], [-0.21503087878227234, -0.9734964966773987, 0.07788564264774323, 0.013772904872894287], [0.0, 0.0, 0.0, 1.0]]}, "finger1joint1": {"matrix": [[0.38696905970573425, -0.30695024132728577, 0.8695034980773926, -1.4561518430709839], [0.0243692509829998, 0.9460424184799194, 0.3231245279312134, -0.48945093154907227], [-0.9217705130577087, -0.10385016351938248, 0.37356939911842346, -0.7963588833808899], [0.0, 0.0, 0.0, 1.0]]}, "finger1joint2": {"matrix": [[0.10992906242609024, -0.573045551776886, 0.8121172189712524, -1.6296335458755493], [-0.09409157186746597, 0.8073998689651489, 0.5824533104896545, 0.045231759548187256], [-0.9894757866859436, -0.14044205844402313, 0.03483802080154419, -0.8550527691841125], [0.0, 0.0, 0.0, 1.0]]}, "finger1joint3": {"matrix": [[0.21255838871002197, -0.8541607856750488, 0.47458213567733765, -1.875288724899292], [-0.06417844444513321, 0.4724283516407013, 0.8790290951728821, 0.39135077595710754], [-0.975038468837738, -0.2173031121492386, 0.04559990391135216, -0.9152579307556152], [0.0, 0.0, 0.0, 1.0]]}, "Bone.001": {"matrix": [[0.6899244785308838, -0.07811586558818817, 0.7196540236473083, -1.3794440031051636], [-0.5026484131813049, 0.6637086868286133, 0.5539268255233765, -0.6636308431625366], [-0.5209110975265503, -0.7439007759094238, 0.41864416003227234, 0.013772815465927124], [0.0, 0.0, 0.0, 1.0]]}, "finger2joint1": {"matrix": [[0.6433745622634888, -0.7625289559364319, -0.06796003878116608, -1.4289603233337402], [0.06184333562850952, -0.036714233458042145, 0.9974101781845093, -0.2429167628288269], [-0.763049304485321, -0.6459113359451294, 0.023536287248134613, -0.45777368545532227], [0.0, 0.0, 0.0, 1.0]]}, "finger2joint2": {"matrix": [[0.5752976536750793, -0.33687669038772583, -0.7453499436378479, -2.0886614322662354], [-0.034169264137744904, -0.9203505516052246, 0.3895983397960663, -0.2746800482273102], [-0.8172299861907959, -0.19866691529750824, -0.5409864187240601, -1.0165832042694092], [0.0, 0.0, 0.0, 1.0]]}, "finger2joint3": {"matrix": [[0.5971447229385376, -0.00952809490263462, -0.8020767569541931, -2.216545343399048], [-0.17417971789836884, -0.9776103496551514, -0.11806325614452362, -0.6240602731704712], [-0.7829937934875488, 0.21020646393299103, -0.5854345560073853, -1.0920004844665527], [0.0, 0.0, 0.0, 1.0]]}, "Bone.002": {"matrix": [[0.4286394715309143, -0.44936513900756836, 0.7837978601455688, -1.3794440031051636], [0.09384346008300781, 0.8849878907203674, 0.45605865120887756, -0.6636309027671814], [-0.8985885977745056, -0.12193048745393753, 0.4215107858181, 0.013772811740636826], [0.0, 0.0, 0.0, 1.0]]}, "finger3joint1": {"matrix": [[0.2885152995586395, 0.1915494054555893, 0.9381192326545715, -1.568855881690979], [-0.05702829360961914, 0.9814825057983398, -0.18286456167697906, -0.2905995845794678], [-0.9557754397392273, -0.0007401421898975968, 0.2940964996814728, -0.0376221127808094], [0.0, 0.0, 0.0, 1.0]]}, "finger3joint2": {"matrix": [[0.2785615622997284, -0.70341557264328, 0.6539189219474792, -1.4008322954177856], [0.10602088272571564, 0.6992291212081909, 0.7069920897483826, 0.5703387260437012], [-0.9545485973358154, -0.12761177122592926, 0.2693551480770111, -0.03827136009931564], [0.0, 0.0, 0.0, 1.0]]}, "finger3joint3": {"matrix": [[0.129381462931633, -0.9569767117500305, 0.25972309708595276, -1.8559987545013428], [0.020179493352770805, 0.2644113004207611, 0.964198648929596, 1.0227961540222168], [-0.9913895130157471, -0.11950838565826416, 0.05352122709155083, -0.12084642052650452], [0.0, 0.0, 0.0, 1.0]]}, "Bone.003": {"matrix": [[0.4769415855407715, -0.12572039663791656, 0.869897186756134, -1.3794440031051636], [0.7633446455001831, 0.549860954284668, -0.3390538990497589, -0.6636309027671814], [-0.43569648265838623, 0.825740396976471, 0.35821962356567383, 0.013772785663604736], [0.0, 0.0, 0.0, 1.0]]}, "finger4joint1": {"matrix": [[0.34217795729637146, -0.07107950001955032, 0.9369427561759949, -1.4333301782608032], [-0.20261213183403015, 0.9680958986282349, 0.14743833243846893, -0.42794984579086304], [-0.9175305366516113, -0.240286186337471, 0.3168596029281616, 0.3677011728286743], [0.0, 0.0, 0.0, 1.0]]}, "finger4joint2": {"matrix": [[0.3584873378276825, -0.809090793132782, 0.4656809866428375, -1.5039377212524414], [-0.1774822324514389, 0.43066808581352234, 0.884886622428894, 0.5337169766426086], [-0.9165077209472656, -0.3998708724975586, 0.010789856314659119, 0.12901072204113007], [0.0, 0.0, 0.0, 1.0]]}, "finger4joint3": {"matrix": [[0.41765230894088745, -0.8664746284484863, -0.2734740972518921, -1.841379165649414], [-0.22559329867362976, -0.3904455304145813, 0.8925577402114868, 0.7133327126502991], [-0.8801555037498474, -0.3110849857330322, -0.35854145884513855, -0.03776057809591293], [0.0, 0.0, 0.0, 1.0]]}}