{"root": {"matrix": [[0.12564991414546967, -0.6410529613494873, 0.7571414709091187, 0.0], [0.4690978229045868, -0.6340903043746948, -0.6147167682647705, -5.960464477539063e-08], [0.8741621375083923, 0.4324124753475189, 0.22104309499263763, 0.0], [0.0, 0.0, 0.0, 1.0]]}, "carpals": {"matrix": [[-0.972187340259552, -0.18676669895648956, 0.1413143277168274, -0.42844170331954956], [-0.10634810477495193, -0.18554916977882385, -0.9768630862236023, 0.509304940700531], [0.2086663544178009, -0.9647223949432373, 0.16052617132663727, 2.375296115875244], [0.0, 0.0, 0.0, 1.0]]}, "metacarpals": {"matrix": [[-0.4989030063152313, -0.27020251750946045, 0.8234599232673645, -0.6103512048721313], [-0.839763879776001, -0.08414541929960251, -0.5363916754722595, 0.32858115434646606], [0.21422475576400757, -0.9591192603111267, -0.18492603302001953, 1.4356622695922852], [0.0, 0.0, 0.0, 1.0]]}, "finger5joint1": {"matrix": [[-0.562382161617279, -0.4099365770816803, 0.718107283115387, -1.0157519578933716], [-0.7748796343803406, 0.5643845200538635, -0.28466033935546875, 0.6485657691955566], [-0.28859588503837585, -0.7165344953536987, -0.6350513696670532, 0.9268057942390442], [0.0, 0.0, 0.0, 1.0]]}, "finger5joint2": {"matrix": [[0.6748676896095276, -0.7035489678382874, -0.22264747321605682, -1.4487565755844116], [-0.3483879566192627, -0.5697379112243652, 0.7443280220031738, 1.2447094917297363], [-0.6505221724510193, -0.4247550666332245, -0.6296055912971497, 0.16995027661323547], [0.0, 0.0, 0.0, 1.0]]}, "finger5joint3": {"matrix": [[0.6174700260162354, -0.6441286206245422, -0.45147377252578735, -1.93233060836792], [-0.44050222635269165, -0.7586792707443237, 0.479961633682251, 0.8531086444854736], [-0.6516810059547424, -0.09748659282922745, -0.7522016763687134, -0.12199880182743073], [0.0, 0.0, 0.0, 1.0]]}, "Bone": {"matrix": [[0.11927606910467148, -0.6617594361305237, 0.7401672005653381, -1.032212495803833], [-0.0015186176169663668, -0.7456098794937134, -0.6663808822631836, 0.1972067952156067], [0.9928597211837769, 0.07835928350687027, -0.08993849903345108, -0.06178911030292511], [0.0, 0.0, 0.0, 1.0]]}, "finger1joint1": {"matrix": [[-0.4383021891117096, -0.5700940489768982, 0.6948984265327454, -1.5829205513000488], [-0.8362069725990295, -0.02488711103796959, -0.5478489398956299, -0.4232805371284485], [0.3296193778514862, -0.8212020993232727, -0.46580857038497925, 0.0034204721450805664], [0.0, 0.0, 0.0, 1.0]]}, "finger1joint2": {"matrix": [[-0.6175671815872192, -0.7296245694160461, -0.2936984896659851, -1.905125379562378], [-0.6290388107299805, 0.6823486685752869, -0.3724384307861328, -0.4373461902141571], [0.4721449911594391, -0.045257873833179474, -0.880358099937439, -0.4607051610946655], [0.0, 0.0, 0.0, 1.0]]}, "finger1joint3": {"matrix": [[-0.6169501543045044, 0.06598217785358429, -0.7842313647270203, -2.2179033756256104], [-0.6881303787231445, 0.43832629919052124, 0.5782271027565002, -0.14483454823493958], [0.38190194964408875, 0.8963905572891235, -0.22502094507217407, -0.4801064133644104], [0.0, 0.0, 0.0, 1.0]]}, "Bone.001": {"matrix": [[-0.02523890882730484, -0.36833804845809937, 0.9293491840362549, -1.032212495803833], [-0.3322390019893646, -0.8737117052078247, -0.3553095757961273, 0.1972067952156067], [0.9428572058677673, -0.3177337050437927, -0.10032486915588379, -0.06178911030292511], [0.0, 0.0, 0.0, 1.0]]}, "finger2joint1": {"matrix": [[-0.4546944200992584, -0.4222727119922638, 0.7841801643371582, -1.2656959295272827], [-0.8099045157432556, -0.17027626931667328, -0.5613023638725281, -0.3566247522830963], [0.37054991722106934, -0.8903321027755737, -0.26457706093788147, -0.263195276260376], [0.0, 0.0, 0.0, 1.0]]}, "finger2joint2": {"matrix": [[-0.5615326166152954, -0.8119661808013916, 0.15934818983078003, -1.631024718284607], [-0.7666329741477966, 0.43805187940597534, -0.46945104002952576, -0.5039390921592712], [0.31137561798095703, -0.3857734501361847, -0.868460476398468, -1.0334651470184326], [0.0, 0.0, 0.0, 1.0]]}, "finger2joint3": {"matrix": [[-0.6629343032836914, -0.5409796237945557, -0.5175508856773376, -1.939260482788086], [-0.6662963628768921, 0.7415611147880554, 0.07833291590213776, -0.337647408246994], [0.3414191007614136, 0.39677193760871887, -0.8520589470863342, -1.1799110174179077], [0.0, 0.0, 0.0, 1.0]]}, "Bone.002": {"matrix": [[-0.2895382046699524, -0.13763739168643951, 0.9472188353538513, -1.0322123765945435], [-0.841712474822998, -0.4345606565475464, -0.3204326033592224, 0.1972067803144455], [0.4557275176048279, -0.8900632858276367, 0.009970616549253464, -0.06178906559944153], [0.0, 0.0, 0.0, 1.0]]}, "finger3joint1": {"matrix": [[-0.06636983156204224, -0.3158332407474518, 0.9464905261993408, -1.0902280807495117], [-0.26924169063568115, -0.9077267646789551, -0.32177799940109253, 0.01403510570526123], [0.9607828259468079, -0.2761909067630768, -0.024789977818727493, -0.4369596838951111], [0.0, 0.0, 0.0, 1.0]]}, "finger3joint2": {"matrix": [[-0.1521417200565338, -0.8432382345199585, 0.51555997133255, -1.367271065711975], [-0.3966985046863556, -0.4256722331047058, -0.8132856488227844, -0.7822060585021973], [0.9052529335021973, -0.3282563090324402, -0.26974889636039734, -0.6792292594909668], [0.0, 0.0, 0.0, 1.0]]}, "finger3joint3": {"matrix": [[-0.27832022309303284, -0.9466288685798645, 0.16257810592651367, -1.9129140377044678], [-0.27490735054016113, -0.08367452025413513, -0.9578227996826172, -1.057650089263916], [0.9203062057495117, -0.3112751543521881, -0.23694688081741333, -0.89163738489151], [0.0, 0.0, 0.0, 1.0]]}, "Bone.003": {"matrix": [[0.2458074688911438, 0.6284871101379395, 0.7379584312438965, -1.032212495803833], [-0.9579216241836548, 0.2739051580429077, 0.08580207079648972, 0.1972067803144455], [-0.14820516109466553, -0.7279971241950989, 0.6693691611289978, -0.061789125204086304], [0.0, 0.0, 0.0, 1.0]]}, "finger4joint1": {"matrix": [[-0.5465739369392395, -0.7278057336807251, 0.4141926169395447, -0.7628306150436401], [-0.824455738067627, 0.3810220956802368, -0.41844314336776733, 0.3146078884601593], [0.14672890305519104, -0.5701934695243835, -0.8083003759384155, -0.37382280826568604], [0.0, 0.0, 0.0, 1.0]]}, "finger4joint2": {"matrix": [[-0.5550138354301453, -0.8249476552009583, 0.10686744749546051, -1.4858030080795288], [-0.8234312534332275, 0.5266285538673401, -0.21124160289764404, 0.6930995583534241], [0.11798392981290817, -0.2052398920059204, -0.9715738892555237, -0.940229594707489], [0.0, 0.0, 0.0, 1.0]]}, "finger4joint3": {"matrix": [[-0.48602208495140076, -0.861497163772583, -0.14698593318462372, -1.8298583030700684], [-0.8611792922019958, 0.5007428526878357, -0.08732964098453522, 0.9127368927001953], [0.14883649349212646, 0.08413725346326828, -0.9852756261825562, -1.0258275270462036], [0.0, 0.0, 0.0, 1.0]]}}