{"root": {"matrix": [[0.1874685287475586, -0.7858848571777344, 0.5892711877822876, -5.960464477539063e-08], [0.9278876781463623, -0.05515865236520767, -0.36875736713409424, 0.0], [0.32230430841445923, 0.6159079074859619, 0.7188723087310791, -5.960464477539063e-08], [0.0, 0.0, 0.0, 1.0]]}, "carpals": {"matrix": [[-0.9959564805030823, -0.07852999120950699, -0.043628890067338943, -0.4115312695503235], [0.07987797260284424, -0.5518777966499329, -0.8300904631614685, 2.0858616828918457], [0.041109226644039154, -0.830219030380249, 0.5559191703796387, 1.2509232759475708], [0.0, 0.0, 0.0, 1.0]]}, "metacarpals": {"matrix": [[-0.3896659016609192, -0.4198981821537018, 0.8196620345115662, -0.4880189895629883], [-0.4724613130092621, -0.6728264093399048, -0.5692843794822693, 1.5483360290527344], [0.7905318140983582, -0.6090892553329468, 0.06379184871912003, 0.4422948360443115], [0.0, 0.0, 0.0, 1.0]]}, "finger5joint1": {"matrix": [[-0.2830604314804077, -0.5486398935317993, 0.7866834402084351, -0.9964513182640076], [-0.4456682801246643, -0.6510584950447083, -0.6144121289253235, 1.4814603328704834], [0.8492681384086609, -0.5245155692100525, -0.06022249534726143, -0.07024675607681274], [0.0, 0.0, 0.0, 1.0]]}, "finger5joint2": {"matrix": [[0.8207972049713135, -0.5337689518928528, 0.20342588424682617, -1.5759644508361816], [-0.5677419900894165, -0.723078727722168, 0.3934788107872009, 0.7937653064727783], [-0.06293387711048126, -0.43845975399017334, -0.8965444564819336, -0.6242780089378357], [0.0, 0.0, 0.0, 1.0]]}, "finger5joint3": {"matrix": [[0.754932701587677, -0.6516203880310059, 0.07393907010555267, -1.942842721939087], [-0.6535636186599731, -0.7382513284683228, 0.16684997081756592, 0.2967679500579834], [-0.054137229919433594, -0.17428433895111084, -0.9832057952880859, -0.9256467819213867], [0.0, 0.0, 0.0, 1.0]]}, "Bone": {"matrix": [[0.28382664918899536, -0.5797659754753113, 0.7637497186660767, -1.1435967683792114], [0.6374791264533997, -0.4809027910232544, -0.6019573211669922, 0.4978671669960022], [0.7162836790084839, 0.6577261686325073, 0.2330957055091858, -0.5086625218391418], [0.0, 0.0, 0.0, 1.0]]}, "finger1joint1": {"matrix": [[-0.31318357586860657, -0.7542998790740967, 0.5770161151885986, -1.6260707378387451], [-0.3953331708908081, -0.4488893151283264, -0.801379919052124, 0.09766578674316406], [0.863497257232666, -0.479092538356781, -0.15761494636535645, 0.03868904709815979], [0.0, 0.0, 0.0, 1.0]]}, "finger1joint2": {"matrix": [[-0.45884037017822266, -0.436140775680542, -0.7741102576255798, -2.052384614944458], [-0.12351806461811066, 0.8940874338150024, -0.43052369356155396, -0.15603673458099365], [0.8798912763595581, -0.10192512720823288, -0.46411457657814026, -0.23208364844322205], [0.0, 0.0, 0.0, 1.0]]}, "finger1joint3": {"matrix": [[-0.5185666680335999, 0.16353324055671692, -0.8392529487609863, -2.239351272583008], [-0.1992012858390808, 0.931424081325531, 0.3045780658721924, 0.2272438108921051], [0.8315091729164124, 0.32512417435646057, -0.45042935013771057, -0.27577731013298035], [0.0, 0.0, 0.0, 1.0]]}, "Bone.001": {"matrix": [[0.15890829265117645, -0.3479250371456146, 0.9239567518234253, -1.1435967683792114], [0.36149004101753235, -0.8503578305244446, -0.38238224387168884, 0.4978671669960022], [0.9187342524528503, 0.3947649598121643, -0.009357480332255363, -0.5086625814437866], [0.0, 0.0, 0.0, 1.0]]}, "finger2joint1": {"matrix": [[-0.2259940803050995, -0.9105872511863708, -0.3460597097873688, -1.3641407489776611], [-0.3794492781162262, 0.4094797968864441, -0.8296651244163513, -0.04116073250770569], [0.8971869945526123, -0.05618730187416077, -0.4380616545677185, -0.2584275007247925], [0.0, 0.0, 0.0, 1.0]]}, "finger2joint2": {"matrix": [[-0.27446261048316956, -0.36137908697128296, -0.8911089897155762, -2.1519343852996826], [-0.26256263256073, 0.9196458458900452, -0.2920822203159332, 0.31310024857521057], [0.9250572323799133, 0.15380622446537018, -0.3472929894924164, -0.3070378601551056], [0.0, 0.0, 0.0, 1.0]]}, "finger2joint3": {"matrix": [[-0.23337216675281525, 0.2581931948661804, -0.937482476234436, -2.2891197204589844], [-0.1281932145357132, 0.9475197196006775, 0.2928694188594818, 0.6622129678726196], [0.9639001488685608, 0.18852639198303223, -0.18802610039710999, -0.24865049123764038], [0.0, 0.0, 0.0, 1.0]]}, "Bone.002": {"matrix": [[-0.14325222373008728, -0.25101399421691895, 0.957324743270874, -1.1435966491699219], [-0.3278462290763855, -0.900650143623352, -0.28521212935447693, 0.4978671669960022], [0.9338070154190063, -0.35471248626708984, 0.046726107597351074, -0.5086625814437866], [0.0, 0.0, 0.0, 1.0]]}, "finger3joint1": {"matrix": [[-0.17671287059783936, -0.14676226675510406, 0.9732590913772583, -1.249401569366455], [-0.012000699527561665, -0.9884258508682251, -0.1512284278869629, 0.11823403835296631], [0.9841892719268799, -0.03840363025665283, 0.17290626466274261, -0.6581774353981018], [0.0, 0.0, 0.0, 1.0]]}, "finger3joint2": {"matrix": [[-0.23531697690486908, -0.8358779549598694, 0.4959172010421753, -1.378138780593872], [-0.16226628422737122, -0.4692956805229187, -0.8680040836334229, -0.7487949132919312], [0.9582773447036743, -0.2847265899181366, -0.02520149201154709, -0.6918643712997437], [0.0, 0.0, 0.0, 1.0]]}, "finger3joint3": {"matrix": [[-0.35653868317604065, -0.9281976819038391, 0.10643867403268814, -1.9190189838409424], [-0.03706924989819527, -0.09978170692920685, -0.9943184852600098, -1.0524667501449585], [0.9335448145866394, -0.358458548784256, 0.0011685799108818173, -0.8761053681373596], [0.0, 0.0, 0.0, 1.0]]}, "Bone.003": {"matrix": [[0.2905897796154022, 0.4745025634765625, 0.830906093120575, -1.1435966491699219], [-0.835649311542511, -0.2971522808074951, 0.4619421362876892, 0.4978671669960022], [0.4660983681678772, -0.8285818099975586, 0.3101682662963867, -0.5086625218391418], [0.0, 0.0, 0.0, 1.0]]}, "finger4joint1": {"matrix": [[-0.3961193561553955, -0.9091064929962158, 0.12889781594276428, -0.9402155876159668], [-0.47371524572372437, 0.08208572864532471, -0.8768439292907715, 0.37050193548202515], [0.78656405210495, -0.40839579701423645, -0.4631733298301697, -0.8638088703155518], [0.0, 0.0, 0.0, 1.0]]}, "finger4joint2": {"matrix": [[-0.4142919182777405, -0.5859410762786865, -0.6964444518089294, -1.8432848453521729], [-0.48855268955230713, 0.7887852191925049, -0.3730061948299408, 0.4520425498485565], [0.7679049372673035, 0.1857164055109024, -0.6130505800247192, -1.269492506980896], [0.0, 0.0, 0.0, 1.0]]}, "finger4joint3": {"matrix": [[-0.3539186120033264, -0.20368854701519012, -0.9128265380859375, -2.0876591205596924], [-0.5469213128089905, 0.8368005156517029, 0.025326959788799286, 0.7810155749320984], [0.7586950659751892, 0.5082080960273743, -0.40756097435951233, -1.1920369863510132], [0.0, 0.0, 0.0, 1.0]]}}