{"root": {"matrix": [[0.29456228017807007, -0.7396602630615234, -0.6050915122032166, -5.960464477539063e-08], [-0.49298930168151855, 0.4248095452785492, -0.7592748999595642, 0.0], [0.8186541199684143, 0.5219573974609375, -0.23951180279254913, 5.960464477539063e-08], [0.0, 0.0, 0.0, 1.0]]}, "carpals": {"matrix": [[0.8922638893127441, -0.43536970019340515, -0.11965861171483994, 0.010181605815887451], [0.1533627063035965, 0.042972270399332047, 0.9872350096702576, -0.6137094497680664], [-0.42467015981674194, -0.8992254734039307, 0.10511229932308197, 2.389192819595337], [0.0, 0.0, 0.0, 1.0]]}, "metacarpals": {"matrix": [[0.4117453098297119, -0.6541600227355957, 0.6344606876373291, -0.41386592388153076], [-0.7257270812988281, 0.1857047975063324, 0.6624451875686646, -0.5718547105789185], [-0.5511677265167236, -0.7332040071487427, -0.39827844500541687, 1.5133525133132935], [0.0, 0.0, 0.0, 1.0]]}, "finger5joint1": {"matrix": [[0.22302547097206116, -0.806360125541687, 0.5477617383003235, -1.120418667793274], [-0.6201227903366089, 0.3161963224411011, 0.7179604768753052, -0.6110469102859497], [-0.752135157585144, -0.49980294704437256, -0.429522305727005, 1.3554853200912476], [0.0, 0.0, 0.0, 1.0]]}, "finger5joint2": {"matrix": [[0.6392319798469543, -0.3140837252140045, -0.7019497752189636, -1.9721544981002808], [0.7094451189041138, -0.11139553040266037, 0.6959009766578674, -0.2770575284957886], [-0.2967652380466461, -0.9428370594978333, 0.1516178697347641, 0.8275573253631592], [0.0, 0.0, 0.0, 1.0]]}, "finger5joint3": {"matrix": [[0.6447904706001282, -0.05104174464941025, -0.7626529335975647, -2.188035249710083], [0.6565545201301575, -0.47391360998153687, 0.5868061780929565, -0.35362356901168823], [-0.39138323068618774, -0.8790905475616455, -0.27206307649612427, 0.1795123666524887], [0.0, 0.0, 0.0, 1.0]]}, "Bone": {"matrix": [[0.653878927230835, 0.19062578678131104, 0.732191264629364, -1.43519127368927], [-0.350925087928772, -0.780937671661377, 0.5167084336280823, -0.2819180488586426], [0.6702936291694641, -0.5948092937469482, -0.4437432289123535, 0.36861753463745117], [0.0, 0.0, 0.0, 1.0]]}, "finger1joint1": {"matrix": [[0.5695089101791382, -0.550081193447113, 0.610794723033905, -1.276554822921753], [-0.7125124335289001, 0.0401492603123188, 0.7005096077919006, -0.9318047165870667], [-0.40986037254333496, -0.8341453075408936, -0.36907416582107544, -0.12637543678283691], [0.0, 0.0, 0.0, 1.0]]}, "finger1joint2": {"matrix": [[0.3673931658267975, -0.7433414459228516, 0.5589863061904907, -1.5874488353729248], [-0.8926153779029846, -0.11297747492790222, 0.4364328980445862, -0.9091131687164307], [-0.2612660527229309, -0.659302294254303, -0.7050250172615051, -0.5978162884712219], [0.0, 0.0, 0.0, 1.0]]}, "finger1joint3": {"matrix": [[0.4491369128227234, -0.8800771832466125, 0.154078409075737, -1.9061070680618286], [-0.8390784859657288, -0.35623180866241455, 0.41115206480026245, -0.9575448036193848], [-0.3069581687450409, -0.31394749879837036, -0.8984505534172058, -0.8804483413696289], [0.0, 0.0, 0.0, 1.0]]}, "Bone.001": {"matrix": [[0.7613019943237305, 0.17937086522579193, 0.6230932474136353, -1.4351913928985596], [-0.5308961272239685, -0.37926003336906433, 0.7578328847885132, -0.2819179892539978], [0.37224745750427246, -0.907737672328949, -0.1935039609670639, 0.36861753463745117], [0.0, 0.0, 0.0, 1.0]]}, "finger2joint1": {"matrix": [[0.5167979598045349, -0.24350987374782562, 0.8207451701164246, -1.321491003036499], [-0.759494423866272, 0.31201300024986267, 0.570802628993988, -0.5223247408866882], [-0.39507946372032166, -0.9183411002159119, -0.02369658462703228, -0.2067825198173523], [0.0, 0.0, 0.0, 1.0]]}, "finger2joint2": {"matrix": [[0.41459164023399353, -0.8445028066635132, 0.3390112817287445, -1.5321632623672485], [-0.7776526808738708, -0.13530901074409485, 0.6139604449272156, -0.25238701701164246], [-0.47262027859687805, -0.5181758999824524, -0.7128278017044067, -1.0012843608856201], [0.0, 0.0, 0.0, 1.0]]}, "finger2joint3": {"matrix": [[0.2830321788787842, -0.7529591917991638, -0.5940917730331421, -1.852750539779663], [-0.8397678732872009, -0.4937855899333954, 0.22575469315052032, -0.3037525713443756], [-0.46333828568458557, 0.4350033104419708, -0.7720682621002197, -1.1979924440383911], [0.0, 0.0, 0.0, 1.0]]}, "Bone.002": {"matrix": [[0.6608467698097229, -0.32625773549079895, 0.675897479057312, -1.43519127368927], [-0.6568310260772705, 0.18430079519748688, 0.7311674952507019, -0.2819180190563202], [-0.36311769485473633, -0.9271401166915894, -0.09250151365995407, 0.36861756443977356], [0.0, 0.0, 0.0, 1.0]]}, "finger3joint1": {"matrix": [[0.8036430478096008, -0.1568148136138916, 0.5740792155265808, -1.5727121829986572], [-0.5746437907218933, -0.4552982449531555, 0.6800645589828491, -0.204233318567276], [0.1547328531742096, -0.8764203190803528, -0.45600977540016174, -0.022181332111358643], [0.0, 0.0, 0.0, 1.0]]}, "finger3joint2": {"matrix": [[0.7458540201187134, -0.5729544758796692, -0.3397424519062042, -1.7102673053741455], [-0.6653509736061096, -0.6164848804473877, -0.4210157096385956, -0.6036126017570496], [0.03177650272846222, 0.5400642156600952, -0.8410236239433289, -0.7909610271453857], [0.0, 0.0, 0.0, 1.0]]}, "finger3joint3": {"matrix": [[0.763006329536438, -0.4304945468902588, -0.48217812180519104, -2.081014633178711], [-0.6148310899734497, -0.25310951471328735, -0.7469391226768494, -1.0025277137756348], [0.1995091289281845, 0.8663774728775024, -0.4578056335449219, -0.4414961338043213], [0.0, 0.0, 0.0, 1.0]]}, "Bone.003": {"matrix": [[0.6371967792510986, -0.29806435108184814, 0.7107306122779846, -1.4351913928985596], [0.04989800974726677, 0.9362069368362427, 0.34788867831230164, -0.2819179892539978], [-0.769084095954895, -0.1862093061208725, 0.6114209294319153, 0.36861753463745117], [0.0, 0.0, 0.0, 1.0]]}, "finger4joint1": {"matrix": [[0.3336416184902191, -0.13456134498119354, 0.933046817779541, -1.5629475116729736], [-0.6537068486213684, 0.6801106333732605, 0.33183804154396057, 0.11935847997665405], [-0.6792278289794922, -0.7206539511680603, 0.13894958794116974, 0.28880465030670166], [0.0, 0.0, 0.0, 1.0]]}, "finger4joint2": {"matrix": [[0.34842440485954285, -0.49764204025268555, 0.7943252921104431, -1.696615219116211], [-0.6314150094985962, 0.5017008185386658, 0.5912790298461914, 0.7949525117874146], [-0.692759096622467, -0.7075648307800293, -0.1394137293100357, -0.4270634651184082], [0.0, 0.0, 0.0, 1.0]]}, "finger4joint3": {"matrix": [[0.3769281804561615, -0.6720011830329895, 0.6374475955963135, -1.9041632413864136], [-0.6795158386230469, 0.26705148816108704, 0.6833309531211853, 1.0041933059692383], [-0.6294306516647339, -0.6907224059104919, -0.3559761047363281, -0.7221624851226807], [0.0, 0.0, 0.0, 1.0]]}}