{"root": {"matrix": [[0.2356877624988556, -0.8982048630714417, -0.3710516095161438, 0.0], [-0.562312126159668, 0.18536271154880524, -0.8058819770812988, 1.4901161193847656e-08], [0.7926262021064758, 0.3985833525657654, -0.4613838493824005, 0.0], [0.0, 0.0, 0.0, 1.0]]}, "carpals": {"matrix": [[0.7848116755485535, -0.4873320758342743, -0.38285496830940247, -0.3044598698616028], [0.503412127494812, 0.14099948108196259, 0.8524640798568726, -0.9996159076690674], [-0.3614506721496582, -0.861757755279541, 0.3559871315956116, 2.2345149517059326], [0.0, 0.0, 0.0, 1.0]]}, "metacarpals": {"matrix": [[0.5822869539260864, -0.5804951786994934, 0.5691810846328735, -0.7791184186935425], [-0.3036186695098877, 0.49418264627456665, 0.814615786075592, -0.8622832298278809], [-0.7541601061820984, -0.6471541523933411, 0.1115071028470993, 1.3951681852340698], [0.0, 0.0, 0.0, 1.0]]}, "finger5joint1": {"matrix": [[0.44744935631752014, -0.5641190409660339, 0.6939442753791809, -1.4467029571533203], [-0.20094484090805054, 0.6926954984664917, 0.6926714181900024, -0.8621001243591309], [-0.8714413642883301, -0.4493798017501831, 0.19658951461315155, 1.1123158931732178], [0.0, 0.0, 0.0, 1.0]]}, "finger5joint2": {"matrix": [[0.7523396611213684, -0.1600770205259323, -0.6390305757522583, -2.0425662994384766], [0.5354172587394714, 0.7137352824211121, 0.45156359672546387, -0.13042506575584412], [0.38381385803222656, -0.6818770170211792, 0.6226797103881836, 0.6376484632492065], [0.0, 0.0, 0.0, 1.0]]}, "finger5joint3": {"matrix": [[0.7681452631950378, -0.07332473248243332, -0.6360628604888916, -2.1525931358337402], [0.5740339756011963, 0.5189108848571777, 0.6334159970283508, 0.36015018820762634], [0.28361502289772034, -0.8516772389411926, 0.44069018959999084, 0.1689704954624176], [0.0, 0.0, 0.0, 1.0]]}, "Bone": {"matrix": [[0.6132285594940186, 0.37924420833587646, 0.6929100751876831, -1.6854324340820312], [-0.6022512316703796, -0.3431340754032135, 0.7207996249198914, -0.09072691202163696], [0.5111201405525208, -0.859321117401123, 0.017980817705392838, 0.3847809135913849], [0.0, 0.0, 0.0, 1.0]]}, "finger1joint1": {"matrix": [[0.7790428400039673, -0.6237892508506775, 0.06307951360940933, -1.3698302507400513], [-0.3388766050338745, -0.3342873156070709, 0.8794397115707397, -0.3762788772583008], [-0.5274986028671265, -0.7064976096153259, -0.4718116223812103, -0.3303355276584625], [0.0, 0.0, 0.0, 1.0]]}, "finger1joint2": {"matrix": [[0.7351658940315247, -0.6701492667198181, 0.10213244706392288, -1.7223823070526123], [-0.583783745765686, -0.5493028163909912, 0.5978817939758301, -0.5652108192443848], [-0.3445686101913452, -0.49916577339172363, -0.795050859451294, -0.7296326160430908], [0.0, 0.0, 0.0, 1.0]]}, "finger1joint3": {"matrix": [[0.7658177614212036, -0.5912463068962097, -0.2528851330280304, -2.009664297103882], [-0.49968576431274414, -0.7946617603302002, 0.3447122275829315, -0.8006877899169922], [-0.4047682285308838, -0.1376238316297531, -0.9040034413337708, -0.9436168074607849], [0.0, 0.0, 0.0, 1.0]]}, "Bone.001": {"matrix": [[0.7825285196304321, 0.3447979688644409, 0.518423855304718, -1.6854325532913208], [-0.5933622717857361, 0.16077160835266113, 0.788716197013855, -0.09072690457105637], [0.1885998547077179, -0.9248062372207642, 0.33039870858192444, 0.3847808837890625], [0.0, 0.0, 0.0, 1.0]]}, "finger2joint1": {"matrix": [[0.6374103426933289, -0.10792244225740433, 0.7629289031028748, -1.4668707847595215], [-0.38072770833969116, 0.8167125582695007, 0.4336203336715698, 0.011183559894561768], [-0.6698911786079407, -0.5668622255325317, 0.4794921576976776, -0.20143869519233704], [0.0, 0.0, 0.0, 1.0]]}, "finger2joint2": {"matrix": [[0.5517959594726562, -0.6719857454299927, 0.4939192235469818, -1.5602396726608276], [-0.34374725818634033, 0.3563356399536133, 0.8688281178474426, 0.7177616357803345], [-0.7598414421081543, -0.6491991877555847, -0.03436851128935814, -0.6918588876724243], [0.0, 0.0, 0.0, 1.0]]}, "finger2joint3": {"matrix": [[0.424724280834198, -0.7753595113754272, -0.4673614203929901, -1.8153364658355713], [-0.3768560588359833, -0.6208034157752991, 0.687446117401123, 0.8530324697494507], [-0.8231576681137085, -0.11584722250699997, -0.5558691620826721, -0.9383056163787842], [0.0, 0.0, 0.0, 1.0]]}, "Bone.002": {"matrix": [[0.7930516004562378, -0.23507247865200043, 0.5619698166847229, -1.6854324340820312], [-0.32553932070732117, 0.6162030696868896, 0.7171594500541687, -0.09072692692279816], [-0.5148720741271973, -0.7516875863075256, 0.4121556580066681, 0.3847808837890625], [0.0, 0.0, 0.0, 1.0]]}, "finger3joint1": {"matrix": [[0.8369269967079163, 0.15247762203216553, 0.5256461501121521, -1.7845180034637451], [-0.5365436673164368, 0.03897621110081673, 0.8429718017578125, 0.16900886595249176], [0.10804639756679535, -0.9875379800796509, 0.11443133652210236, 0.06793701648712158], [0.0, 0.0, 0.0, 1.0]]}, "finger3joint2": {"matrix": [[0.8294787406921387, -0.5354700684547424, 0.15886087715625763, -1.6507673263549805], [-0.5559229850769043, -0.7640059590339661, 0.327481746673584, 0.20319807529449463], [-0.053986288607120514, -0.3599536716938019, -0.9314068555831909, -0.7983130812644958], [0.0, 0.0, 0.0, 1.0]]}, "finger3joint3": {"matrix": [[0.7633482813835144, -0.6458947062492371, -0.010930110700428486, -1.997259497642517], [-0.6402876973152161, -0.7542625665664673, -0.14532534778118134, -0.29117509722709656], [0.0856204405426979, 0.11793214827775955, -0.9893234372138977, -1.0312319993972778], [0.0, 0.0, 0.0, 1.0]]}, "Bone.003": {"matrix": [[0.7110281586647034, -0.4131162762641907, 0.5690113306045532, -1.6854325532913208], [0.4856730103492737, 0.873709499835968, 0.027444938197731972, -0.09072691202163696], [-0.5084884166717529, 0.2568395435810089, 0.8218715786933899, 0.3847808837890625], [0.0, 0.0, 0.0, 1.0]]}, "finger4joint1": {"matrix": [[0.7074567675590515, -0.016754653304815292, 0.7065579295158386, -1.862502098083496], [-0.5381211042404175, 0.6353357434272766, 0.5538715124130249, 0.2837619185447693], [-0.4581816494464874, -0.7720537781715393, 0.440456748008728, 0.4948672950267792], [0.0, 0.0, 0.0, 1.0]]}, "finger4joint2": {"matrix": [[0.7203985452651978, -0.30477026104927063, 0.6230095028877258, -1.879145622253418], [-0.5126200914382935, 0.3710847795009613, 0.774284303188324, 0.9148784279823303], [-0.4671683609485626, -0.8771604895591736, 0.11109783500432968, -0.2720593214035034], [0.0, 0.0, 0.0, 1.0]]}, "finger4joint3": {"matrix": [[0.7340484261512756, -0.41132599115371704, 0.5403550267219543, -2.006253957748413], [-0.5529643893241882, 0.09986678510904312, 0.8271979689598083, 1.0696440935134888], [-0.3942117393016815, -0.9060006141662598, -0.15414132177829742, -0.6378903388977051], [0.0, 0.0, 0.0, 1.0]]}}