{"root": {"matrix": [[0.32366856932640076, -0.8386263847351074, -0.4381147027015686, 0.0], [-0.08255547285079956, 0.43624308705329895, -0.896033763885498, 2.9802322387695312e-08], [0.9425620436668396, 0.32618677616119385, 0.07196491956710815, 2.9802322387695312e-08], [0.0, 0.0, 0.0, 1.0]]}, "carpals": {"matrix": [[0.8115764856338501, -0.5365257263183594, -0.23126523196697235, -0.03963750600814819], [0.11462896317243576, -0.2419164925813675, 0.9635021686553955, 0.34104257822036743], [-0.57289057970047, -0.8084654211997986, -0.13483214378356934, 2.442765712738037], [0.0, 0.0, 0.0, 1.0]]}, "metacarpals": {"matrix": [[0.4464268982410431, -0.5420477986335754, 0.7119600176811218, -0.5622103810310364], [-0.7923556566238403, 0.13023895025253296, 0.5959950685501099, 0.10541737079620361], [-0.4157829284667969, -0.8301936984062195, -0.3713523745536804, 1.655325174331665], [0.0, 0.0, 0.0, 1.0]]}, "finger5joint1": {"matrix": [[0.16733403503894806, -0.5286827683448792, 0.832162082195282, -1.2427502870559692], [-0.6520290374755859, 0.5737651586532593, 0.4956323206424713, 0.07359904050827026], [-0.7394980192184448, -0.6255298852920532, -0.24870601296424866, 1.4072771072387695], [0.0, 0.0, 0.0, 1.0]]}, "finger5joint2": {"matrix": [[0.8885959982872009, -0.3328711986541748, -0.3155844211578369, -1.8011832237243652], [0.44670936465263367, 0.47178807854652405, 0.7601751685142517, 0.6796513199806213], [-0.10415150225162506, -0.8164629340171814, 0.5679259300231934, 0.7465471625328064], [0.0, 0.0, 0.0, 1.0]]}, "finger5joint3": {"matrix": [[0.8696606755256653, -0.3563901484012604, -0.3415786027908325, -2.029977321624756], [0.446271151304245, 0.2717990577220917, 0.8526235222816467, 1.0039278268814087], [-0.2110258787870407, -0.8939297795295715, 0.3954198658466339, 0.18536357581615448], [0.0, 0.0, 0.0, 1.0]]}, "Bone": {"matrix": [[0.5423215627670288, 0.23066838085651398, 0.8078857064247131, -1.4084973335266113], [-0.30099788308143616, -0.8444037437438965, 0.44315049052238464, 0.3087565302848816], [0.7844024300575256, -0.48350217938423157, -0.38850757479667664, 0.3591623604297638], [0.0, 0.0, 0.0, 1.0]]}, "finger1joint1": {"matrix": [[0.6524131894111633, -0.7006343603134155, 0.2889088988304138, -1.2165381908416748], [-0.7313470244407654, -0.48208707571029663, 0.4824141561985016, -0.3939458727836609], [-0.1987169235944748, -0.5260260701179504, -0.8269266486167908, -0.04320219159126282], [0.0, 0.0, 0.0, 1.0]]}, "finger1joint2": {"matrix": [[0.5473559498786926, -0.8362026214599609, 0.034155089408159256, -1.6125214099884033], [-0.8337061405181885, -0.5483748912811279, -0.06495293974876404, -0.6664109826087952], [0.07304338365793228, 0.007076988462358713, -0.9973034858703613, -0.34050077199935913], [0.0, 0.0, 0.0, 1.0]]}, "finger1joint3": {"matrix": [[0.5783082246780396, -0.6992353200912476, -0.4202731251716614, -1.9709879159927368], [-0.8153154253959656, -0.5134461522102356, -0.2676447927951813, -0.9014902710914612], [-0.02864113822579384, 0.49743619561195374, -0.8670274019241333, -0.3374669551849365], [0.0, 0.0, 0.0, 1.0]]}, "Bone.001": {"matrix": [[0.6796221137046814, 0.2797631621360779, 0.6781195402145386, -1.4084973335266113], [-0.5144277811050415, -0.47724729776382446, 0.7124596238136292, 0.308756560087204], [0.5229505896568298, -0.8330470323562622, -0.18042974174022675, 0.3591623306274414], [0.0, 0.0, 0.0, 1.0]]}, "finger2joint1": {"matrix": [[0.8124126195907593, -0.47529247403144836, 0.3377611041069031, -1.2311601638793945], [-0.5828847885131836, -0.6469148397445679, 0.4916768968105316, 0.006237328052520752], [-0.015187829732894897, -0.5963205099105835, -0.8026025295257568, -0.168892502784729], [0.0, 0.0, 0.0, 1.0]]}, "finger2joint2": {"matrix": [[0.7313982844352722, -0.5966683030128479, 0.3302171528339386, -1.6423588991165161], [-0.6819307208061218, -0.6435949206352234, 0.347499281167984, -0.5534403920173645], [0.005184102337807417, -0.4793456792831421, -0.8776106238365173, -0.6847985982894897], [0.0, 0.0, 0.0, 1.0]]}, "finger2joint3": {"matrix": [[0.6256840825080872, -0.7467146515846252, 0.22569100558757782, -1.8688639402389526], [-0.7795530557632446, -0.6091184616088867, 0.14584685862064362, -0.7977595329284668], [0.028566375374794006, -0.2671922743320465, -0.9632195234298706, -0.8667660355567932], [0.0, 0.0, 0.0, 1.0]]}, "Bone.002": {"matrix": [[0.671445369720459, -0.19181913137435913, 0.7157977819442749, -1.4084974527359009], [-0.7126380205154419, 0.09777913987636566, 0.6946842670440674, 0.308756560087204], [-0.20324398577213287, -0.9765470623970032, -0.07104416191577911, 0.3591623604297638], [0.0, 0.0, 0.0, 1.0]]}, "finger3joint1": {"matrix": [[0.6884415745735168, 0.0041814325377345085, 0.7252797484397888, -1.4893510341644287], [-0.6805901527404785, -0.34190958738327026, 0.6479929685592651, 0.3499714434146881], [0.25068938732147217, -0.9397234320640564, -0.23253880441188812, -0.052462100982666016], [0.0, 0.0, 0.0, 1.0]]}, "finger3joint2": {"matrix": [[0.6517812609672546, -0.6994779706001282, 0.2931070625782013, -1.4856832027435303], [-0.7507102489471436, -0.6499571800231934, 0.11827792972326279, 0.0500546395778656], [0.10777395963668823, -0.2971297800540924, -0.9487351179122925, -0.8767701387405396], [0.0, 0.0, 0.0, 1.0]]}, "finger3joint3": {"matrix": [[0.5576908588409424, -0.8280842900276184, -0.05707325413823128, -1.9383015632629395], [-0.791218638420105, -0.5095593333244324, -0.3381158113479614, -0.37051987648010254], [0.25090593099594116, 0.23372147977352142, -0.939372181892395, -1.0690369606018066], [0.0, 0.0, 0.0, 1.0]]}, "Bone.003": {"matrix": [[0.7348998785018921, -0.2265111654996872, 0.6392298936843872, -1.4084973335266113], [-0.051499709486961365, 0.9212113618850708, 0.38563886284828186, 0.308756560087204], [-0.676217257976532, -0.3163259029388428, 0.6653328537940979, 0.3591623306274414], [0.0, 0.0, 0.0, 1.0]]}, "finger4joint1": {"matrix": [[0.4104917049407959, -0.02086968533694744, 0.9116253852844238, -1.505584478378296], [-0.7619508504867554, 0.5413488149642944, 0.35548847913742065, 0.703605592250824], [-0.5009263753890991, -0.8405386209487915, 0.20631754398345947, 0.22357892990112305], [0.0, 0.0, 0.0, 1.0]]}, "finger4joint2": {"matrix": [[0.42743247747421265, -0.7120621204376221, 0.5570178627967834, -1.5263155698776245], [-0.7423345446586609, 0.07521945238113403, 0.6657935976982117, 1.2413593530654907], [-0.5159850716590881, -0.6980752944946289, -0.4964368939399719, -0.6113777160644531], [0.0, 0.0, 0.0, 1.0]]}, "finger4joint3": {"matrix": [[0.47694969177246094, -0.8788271546363831, -0.013476868160068989, -1.8232903480529785], [-0.7556779384613037, -0.4178493022918701, 0.5043336153030396, 1.2727307081222534], [-0.4488534927368164, -0.23035761713981628, -0.8634032607078552, -0.9025189280509949], [0.0, 0.0, 0.0, 1.0]]}}