{"root": {"matrix": [[0.1625109612941742, -0.780491054058075, -0.6036753058433533, 0.0], [0.2612611949443817, 0.6240087747573853, -0.7364479899406433, 0.0], [0.9514898061752319, -0.038036003708839417, 0.30532023310661316, -3.725290298461914e-09], [0.0, 0.0, 0.0, 1.0]]}, "carpals": {"matrix": [[0.9411348104476929, -0.31220895051956177, 0.1295788437128067, -0.3285740315914154], [-0.2747567892074585, -0.48323190212249756, 0.831261396408081, 1.284421443939209], [-0.19691058993339539, -0.8179317116737366, -0.5405677556991577, 2.0802130699157715], [0.0, 0.0, 0.0, 1.0]]}, "metacarpals": {"matrix": [[0.08023309707641602, -0.3233751952648163, 0.9428631663322449, -0.6326636672019958], [-0.9878718852996826, -0.1519479900598526, 0.03194931149482727, 0.8137564659118652], [0.13293442130088806, -0.9339914321899414, -0.3316444754600525, 1.2835524082183838], [0.0, 0.0, 0.0, 1.0]]}, "finger5joint1": {"matrix": [[0.10694611817598343, -0.4652117192745209, 0.8787152171134949, -1.2191455364227295], [-0.993982195854187, -0.07109323143959045, 0.08333659172058105, 0.8872390985488892], [0.023701472207903862, -0.8823397755622864, -0.4700152277946472, 0.8636545538902283], [0.0, 0.0, 0.0, 1.0]]}, "finger5joint2": {"matrix": [[0.8901446461677551, -0.4209146797657013, -0.1745651513338089, -1.7105357646942139], [0.11392246931791306, -0.16535884141921997, 0.9796314239501953, 0.8121453523635864], [-0.4412071704864502, -0.8919004797935486, -0.09924167394638062, -0.06833648681640625], [0.0, 0.0, 0.0, 1.0]]}, "finger5joint3": {"matrix": [[0.8552171587944031, -0.46913886070251465, -0.22025428712368011, -1.999845027923584], [0.04388148710131645, -0.357907772064209, 0.9327250719070435, 0.6984883546829224], [-0.5164082646369934, -0.8073475360870361, -0.2855023443698883, -0.6813709735870361], [0.0, 0.0, 0.0, 1.0]]}, "Bone": {"matrix": [[0.2509748935699463, -0.1261061131954193, 0.9597440958023071, -1.1375421285629272], [-0.0057185860350728035, -0.9916536211967468, -0.12880343198776245, 0.5765235424041748], [0.967976450920105, 0.026837904006242752, -0.24960125982761383, -0.17466740310192108], [0.0, 0.0, 0.0, 1.0]]}, "finger1joint1": {"matrix": [[0.39992183446884155, -0.5677977204322815, 0.7194916009902954, -1.2424861192703247], [-0.7614385485649109, -0.6427697539329529, -0.08401386439800262, -0.24871841073036194], [0.5101701617240906, -0.5142496824264526, -0.6894005537033081, -0.15233322978019714], [0.0, 0.0, 0.0, 1.0]]}, "finger1joint2": {"matrix": [[0.17315347492694855, -0.9840548038482666, 0.04066944122314453, -1.5633931159973145], [-0.6866958737373352, -0.1502254605293274, -0.7112531661987305, -0.6119979619979858], [0.7060214877128601, 0.09522835910320282, -0.7017583250999451, -0.4429760277271271], [0.0, 0.0, 0.0, 1.0]]}, "finger1joint3": {"matrix": [[0.21236683428287506, -0.6221269369125366, -0.7535637617111206, -1.985241413116455], [-0.7492201328277588, 0.391415536403656, -0.5342875123023987, -0.6763970851898193], [0.6273510456085205, 0.6780499219894409, -0.3829863369464874, -0.4021531939506531], [0.0, 0.0, 0.0, 1.0]]}, "Bone.001": {"matrix": [[0.3048235774040222, 0.12493865191936493, 0.9441783428192139, -1.1375422477722168], [-0.35600799322128296, -0.9045478105545044, 0.23463009297847748, 0.57652348279953], [0.883368730545044, -0.4076559543609619, -0.23124827444553375, -0.1746673882007599], [0.0, 0.0, 0.0, 1.0]]}, "finger2joint1": {"matrix": [[0.4982157349586487, -0.5684628486633301, 0.6546990871429443, -1.0583455562591553], [-0.6715678572654724, -0.7306082248687744, -0.12332066148519516, 0.003145456314086914], [0.5484316349029541, -0.3782346844673157, -0.7457618713378906, -0.43307384848594666], [0.0, 0.0, 0.0, 1.0]]}, "finger2joint2": {"matrix": [[0.3821241557598114, -0.6985974907875061, 0.6049318313598633, -1.5501506328582764], [-0.7206043004989624, -0.6350775957107544, -0.2782187759876251, -0.6289394497871399], [0.5785415172576904, -0.3296024203300476, -0.7460907697677612, -0.7603031396865845], [0.0, 0.0, 0.0, 1.0]]}, "finger2joint3": {"matrix": [[0.2438838630914688, -0.8604527711868286, 0.4473716914653778, -1.815349817276001], [-0.7609290480613708, -0.4557749927043915, -0.46179628372192383, -0.8700252771377563], [0.6012546420097351, -0.22779354453086853, -0.7658997178077698, -0.8854256272315979], [0.0, 0.0, 0.0, 1.0]]}, "Bone.002": {"matrix": [[0.29070883989334106, -0.01231385301798582, 0.9567323327064514, -1.1375422477722168], [-0.8895295858383179, -0.3718130886554718, 0.2655033767223358, 0.57652348279953], [0.35245612263679504, -0.9282257556915283, -0.11904284358024597, -0.1746673882007599], [0.0, 0.0, 0.0, 1.0]]}, "finger3joint1": {"matrix": [[0.3293836712837219, -0.16368624567985535, 0.9298995733261108, -1.1427326202392578], [-0.5736660361289978, -0.816932737827301, 0.05939946323633194, 0.41980060935020447], [0.7499423027038574, -0.5530169010162354, -0.36298540234565735, -0.565923810005188], [0.0, 0.0, 0.0, 1.0]]}, "finger3joint2": {"matrix": [[0.2630327641963959, -0.9315444827079773, 0.2510748505592346, -1.2863152027130127], [-0.6974913477897644, -0.3634064197540283, -0.6176096200942993, -0.2967977523803711], [0.6665728092193604, -0.012670962139964104, -0.7453319430351257, -1.0510200262069702], [0.0, 0.0, 0.0, 1.0]]}, "finger3joint3": {"matrix": [[0.17051872611045837, -0.9790246486663818, -0.11150851100683212, -1.889099359512329], [-0.6008572578430176, -0.013620994053781033, -0.7992402911186218, -0.5319508910179138], [0.7809568643569946, 0.20328611135482788, -0.5905765891075134, -1.0592191219329834], [0.0, 0.0, 0.0, 1.0]]}, "Bone.003": {"matrix": [[0.7027523517608643, 0.2568223178386688, 0.6634617447853088, -1.1375421285629272], [-0.642156720161438, 0.6303932070732117, 0.43616408109664917, 0.5765234231948853], [-0.3062250316143036, -0.7325615882873535, 0.6079304218292236, -0.1746673882007599], [0.0, 0.0, 0.0, 1.0]]}, "finger4joint1": {"matrix": [[-0.12123288214206696, -0.46965137124061584, 0.8744884133338928, -1.0274630784988403], [-0.9511124491691589, 0.30706992745399475, 0.03305899351835251, 0.8467222452163696], [-0.28405529260635376, -0.8277289271354675, -0.48391813039779663, -0.48865747451782227], [0.0, 0.0, 0.0, 1.0]]}, "finger4joint2": {"matrix": [[-0.1150577962398529, -0.9919289350509644, -0.0532776340842247, -1.4939955472946167], [-0.9430077075958252, 0.09220962971448898, 0.3197397291660309, 1.1517529487609863], [-0.3122463524341583, 0.08702975511550903, -0.9460060000419617, -1.310889482498169], [0.0, 0.0, 0.0, 1.0]]}, "finger4joint3": {"matrix": [[-0.03141279146075249, -0.6631023287773132, -0.7478691935539246, -1.9076921939849854], [-0.9519850611686707, -0.2081226408481598, 0.22451935708522797, 1.1902101039886475], [-0.30452778935432434, 0.7190130949020386, -0.6247258186340332, -1.274592638015747], [0.0, 0.0, 0.0, 1.0]]}}