{"root": {"matrix": [[0.2696830928325653, -0.8503090143203735, -0.45193544030189514, 5.960464477539063e-08], [0.0416128970682621, 0.47917675971984863, -0.8767314553260803, 0.0], [0.9620496034622192, 0.21763333678245544, 0.1646096259355545, 0.0], [0.0, 0.0, 0.0, 1.0]]}, "carpals": {"matrix": [[0.9318326711654663, -0.3347729444503784, -0.14005258679389954, -0.17160552740097046], [0.004952073562890291, -0.37417224049568176, 0.9273459315299988, 0.6617002487182617], [-0.36285409331321716, -0.8648248314857483, -0.3470079302787781, 2.370166540145874], [0.0, 0.0, 0.0, 1.0]]}, "metacarpals": {"matrix": [[0.2600300908088684, -0.48529016971588135, 0.8347920179367065, -0.49767231941223145], [-0.9356789588928223, 0.0869131088256836, 0.3419807553291321, 0.2972587049007416], [-0.23851443827152252, -0.8700225353240967, -0.4314756989479065, 1.5278323888778687], [0.0, 0.0, 0.0, 1.0]]}, "finger5joint1": {"matrix": [[-0.1733042299747467, -0.5849776268005371, 0.792317271232605, -1.1636452674865723], [-0.6050651669502258, 0.6980032324790955, 0.382997989654541, 0.37035703659057617], [-0.7770853042602539, -0.4130282402038574, -0.4749164283275604, 1.2506834268569946], [0.0, 0.0, 0.0, 1.0]]}, "finger5joint2": {"matrix": [[0.8979846835136414, -0.37410080432891846, -0.2316715121269226, -1.781541109085083], [0.3094983994960785, 0.16273224353790283, 0.9368717074394226, 1.1076385974884033], [-0.3127841055393219, -0.9129982590675354, 0.2619149386882782, 0.8144130706787109], [0.0, 0.0, 0.0, 1.0]]}, "finger5joint3": {"matrix": [[0.8705252408981323, -0.3340594172477722, -0.361371785402298, -2.0386734008789062], [0.27128854393959045, -0.28690680861473083, 0.9187418222427368, 1.2194900512695312], [-0.4105944335460663, -0.8978241682052612, -0.15913288295269012, 0.18687738478183746], [0.0, 0.0, 0.0, 1.0]]}, "Bone": {"matrix": [[0.44727131724357605, 0.03914431482553482, 0.8935412168502808, -1.2553449869155884], [-0.2590048611164093, -0.9505661725997925, 0.1712900698184967, 0.43295419216156006], [0.8560749888420105, -0.3080448508262634, -0.4150223433971405, 0.16948571801185608], [0.0, 0.0, 0.0, 1.0]]}, "finger1joint1": {"matrix": [[0.3414175510406494, -0.6900762319564819, 0.6381447315216064, -1.2227694988250732], [-0.9299061298370361, -0.14919638633728027, 0.3361768126487732, -0.3580951988697052], [-0.13677898049354553, -0.7081912755966187, -0.6926442980766296, -0.0868653953075409], [0.0, 0.0, 0.0, 1.0]]}, "finger1joint2": {"matrix": [[0.14465117454528809, -0.9892510175704956, -0.021411269903182983, -1.612785816192627], [-0.9849320650100708, -0.1418793797492981, -0.09888895601034164, -0.44241780042648315], [0.09478796273469925, 0.03539305552840233, -0.9948679208755493, -0.48711976408958435], [0.0, 0.0, 0.0, 1.0]]}, "finger1joint3": {"matrix": [[0.17793390154838562, -0.4777783453464508, -0.8602716326713562, -2.0368616580963135], [-0.9840114116668701, -0.09333173930644989, -0.1516929715871811, -0.5032391548156738], [-0.007815242744982243, 0.8735082745552063, -0.4867461323738098, -0.4719473719596863], [0.0, 0.0, 0.0, 1.0]]}, "Bone.001": {"matrix": [[0.5361882448196411, 0.1760803461074829, 0.8255287408828735, -1.2553449869155884], [-0.5431946516036987, -0.6766120791435242, 0.49712711572647095, 0.43295416235923767], [0.64609694480896, -0.7149766087532043, -0.26714545488357544, 0.16948571801185608], [0.0, 0.0, 0.0, 1.0]]}, "finger2joint1": {"matrix": [[0.7053833603858948, -0.5195989012718201, 0.48213183879852295, -1.143730640411377], [-0.681614875793457, -0.6838783621788025, 0.2602138817310333, 0.004060804843902588], [0.1945125311613083, -0.512178897857666, -0.8365626931190491, -0.2837262451648712], [0.0, 0.0, 0.0, 1.0]]}, "finger2joint2": {"matrix": [[0.6079190373420715, -0.6486309766769409, 0.4579434096813202, -1.5932610034942627], [-0.761784553527832, -0.6390891671180725, 0.10606168210506439, -0.5875958204269409], [0.2238716334104538, -0.41333121061325073, -0.8826314806938171, -0.7268372774124146], [0.0, 0.0, 0.0, 1.0]]}, "finger2joint3": {"matrix": [[0.4861442744731903, -0.8091532588005066, 0.33005237579345703, -1.8394919633865356], [-0.8364683985710144, -0.5401914715766907, -0.09226816892623901, -0.8302045464515686], [0.25295040011405945, -0.23122283816337585, -0.9394421577453613, -0.8837445974349976], [0.0, 0.0, 0.0, 1.0]]}, "Bone.002": {"matrix": [[0.4940408766269684, -0.14953269064426422, 0.8564832210540771, -1.2553449869155884], [-0.8688749670982361, -0.04944852739572525, 0.4925555884838104, 0.43295419216156006], [-0.03130148723721504, -0.9875193238258362, -0.1543547511100769, 0.16948574781417847], [0.0, 0.0, 0.0, 1.0]]}, "finger3joint1": {"matrix": [[0.5342552661895752, -0.07118623703718185, 0.8423205018043518, -1.318374514579773], [-0.7165209054946899, -0.5668392777442932, 0.4065600633621216, 0.4121111333370209], [0.4485185742378235, -0.8207470178604126, -0.35384318232536316, -0.24676352739334106], [0.0, 0.0, 0.0, 1.0]]}, "finger3joint2": {"matrix": [[0.48319458961486816, -0.8144069910049438, 0.3213474750518799, -1.3808177709579468], [-0.8123621344566345, -0.5539202690124512, -0.18231859803199768, -0.08510980010032654], [0.3264821469783783, -0.17295514047145844, -0.9292446374893188, -0.9667076468467712], [0.0, 0.0, 0.0, 1.0]]}, "finger3joint3": {"matrix": [[0.38126450777053833, -0.9213493466377258, -0.07584711909294128, -1.9078044891357422], [-0.7966011762619019, -0.2857910096645355, -0.532681941986084, -0.4435407221317291], [0.469109445810318, 0.26351261138916016, -0.8429098129272461, -1.0786235332489014], [0.0, 0.0, 0.0, 1.0]]}, "Bone.003": {"matrix": [[0.7139496207237244, -0.005378854926675558, 0.7001764178276062, -1.2553449869155884], [-0.340334951877594, 0.8712360858917236, 0.35372278094291687, 0.43295416235923767], [-0.6119215488433838, -0.4908345341682434, 0.6201879978179932, 0.16948573291301727], [0.0, 0.0, 0.0, 1.0]]}, "finger4joint1": {"matrix": [[0.16395848989486694, -0.17139071226119995, 0.971464216709137, -1.257650375366211], [-0.8691691756248474, 0.4406510591506958, 0.22443561255931854, 0.8063827753067017], [-0.46654295921325684, -0.8811646699905396, -0.0767190083861351, -0.04089546203613281], [0.0, 0.0, 0.0, 1.0]]}, "finger4joint2": {"matrix": [[0.17871510982513428, -0.9239108562469482, 0.3383038341999054, -1.4279030561447144], [-0.854343593120575, 0.024823203682899475, 0.5191150307655334, 1.2441076040267944], [-0.4880138337612152, -0.3818013370037079, -0.784900963306427, -0.9162083268165588], [0.0, 0.0, 0.0, 1.0]]}, "finger4joint3": {"matrix": [[0.24992945790290833, -0.9042713046073914, -0.3461626172065735, -1.8132318258285522], [-0.8609524369239807, -0.3711296617984772, 0.34788405895233154, 1.2544604539871216], [-0.4430527985095978, 0.2110830396413803, -0.8712906241416931, -1.0754435062408447], [0.0, 0.0, 0.0, 1.0]]}}