{"root": {"matrix": [[0.36807703971862793, -0.7097268104553223, 0.6006722450256348, -5.960464477539063e-08], [0.624049186706543, -0.2903319001197815, -0.7254447340965271, -2.9802322387695312e-08], [0.6892619132995605, 0.641868531703949, 0.33603987097740173, 0.0], [0.0, 0.0, 0.0, 1.0]]}, "carpals": {"matrix": [[-0.9238350987434387, -0.3758181631565094, -0.07272655516862869, 0.07017305493354797], [0.17563019692897797, -0.24733683466911316, -0.952879011631012, 1.208648443222046], [0.34012141823768616, -0.8930760622024536, 0.29450342059135437, 2.1492395401000977], [0.0, 0.0, 0.0, 1.0]]}, "metacarpals": {"matrix": [[-0.48176008462905884, -0.41718733310699463, 0.7706242203712463, -0.2958715558052063], [-0.6833733320236206, -0.37163251638412476, -0.6284027695655823, 0.9677438735961914], [0.5485507249832153, -0.8293634057044983, -0.10605711489915848, 1.2793889045715332], [0.0, 0.0, 0.0, 1.0]]}, "finger5joint1": {"matrix": [[-0.30520594120025635, -0.6420813202857971, 0.7032642364501953, -0.7664249539375305], [-0.6696843504905701, -0.3803235590457916, -0.6378688812255859, 1.134077548980713], [0.6770317554473877, -0.6656463742256165, -0.313914954662323, 0.753473162651062], [0.0, 0.0, 0.0, 1.0]]}, "finger5joint2": {"matrix": [[0.7293838262557983, -0.6840596795082092, -0.007808259688317776, -1.4446377754211426], [-0.6153767108917236, -0.6610503792762756, 0.4293290972709656, 0.7323523163795471], [-0.29884859919548035, -0.30834054946899414, -0.9031140804290771, 0.05036938190460205], [0.0, 0.0, 0.0, 1.0]]}, "finger5joint3": {"matrix": [[0.6616566181182861, -0.7242597937583923, -0.1940557360649109, -1.9148160219192505], [-0.6971007585525513, -0.6895068287849426, 0.19654598832130432, 0.2779892385005951], [-0.2761532962322235, 0.005230650771409273, -0.9610990285873413, -0.16156388819217682], [0.0, 0.0, 0.0, 1.0]]}, "Bone": {"matrix": [[0.2710801959037781, -0.6611088514328003, 0.6996073126792908, -0.9472168684005737], [0.3134138286113739, -0.6265913844108582, -0.7135509252548218, 0.3875223398208618], [0.9101026654243469, 0.4126962125301361, 0.03734402731060982, -0.015477657318115234], [0.0, 0.0, 0.0, 1.0]]}, "finger1joint1": {"matrix": [[-0.08029188960790634, -0.31112852692604065, 0.9469699263572693, -1.4973833560943604], [-0.341659814119339, -0.8838942050933838, -0.3193736672401428, -0.13391929864883423], [0.9363874197006226, -0.3491846024990082, -0.035330720245838165, 0.3279629945755005], [0.0, 0.0, 0.0, 1.0]]}, "finger1joint2": {"matrix": [[-0.3585526645183563, -0.5655533075332642, 0.7426906228065491, -1.6732264757156372], [-0.21045425534248352, -0.726136326789856, -0.6545494794845581, -0.6334771513938904], [0.9094772338867188, -0.3909927308559418, 0.1413348764181137, 0.13061143457889557], [0.0, 0.0, 0.0, 1.0]]}, "finger1joint3": {"matrix": [[-0.2605036497116089, -0.8537429571151733, 0.45084449648857117, -1.9156699180603027], [-0.24887825548648834, -0.3918048143386841, -0.8857474327087402, -0.9447599053382874], [0.9328436851501465, -0.3429456055164337, -0.11041152477264404, -0.03700072318315506], [0.0, 0.0, 0.0, 1.0]]}, "Bone.001": {"matrix": [[0.11192577332258224, -0.4358447790145874, 0.8930350542068481, -0.9472167491912842], [-0.0035096064675599337, -0.8988496661186218, -0.4382428228855133, 0.38752231001853943], [0.9937101006507874, 0.04591645300388336, -0.10213422030210495, -0.0154776806011796], [0.0, 0.0, 0.0, 1.0]]}, "finger2joint1": {"matrix": [[-0.44287362694740295, -0.8470859527587891, 0.2937823534011841, -1.2234916687011719], [-0.617705225944519, 0.05077916756272316, -0.7847684621810913, -0.18224379420280457], [0.6498482823371887, -0.529024064540863, -0.5457382798194885, 0.0136280357837677], [0.0, 0.0, 0.0, 1.0]]}, "finger2joint2": {"matrix": [[-0.5429086089134216, -0.6238551735877991, -0.5621873736381531, -1.9563469886779785], [-0.5354055166244507, 0.7728710770606995, -0.3406040370464325, -0.13831225037574768], [0.6469860672950745, 0.11608150601387024, -0.7536137700080872, -0.44405657052993774], [0.0, 0.0, 0.0, 1.0]]}, "finger2joint3": {"matrix": [[-0.5584610104560852, 0.026119405403733253, -0.8291192650794983, -2.1931726932525635], [-0.41063591837882996, 0.8597449064254761, 0.3036719560623169, 0.1550823152065277], [0.7207628488540649, 0.5100551247596741, -0.4694083034992218, -0.39999014139175415], [0.0, 0.0, 0.0, 1.0]]}, "Bone.002": {"matrix": [[-0.23773851990699768, -0.28481554985046387, 0.9286335706710815, -0.9472166895866394], [-0.6223534941673279, -0.6893585324287415, -0.37075716257095337, 0.38752231001853943], [0.7457588911056519, -0.6660815477371216, -0.013369045220315456, -0.015477657318115234], [0.0, 0.0, 0.0, 1.0]]}, "finger3joint1": {"matrix": [[0.11100661754608154, -0.31408175826072693, 0.9428839087486267, -1.0672694444656372], [0.1745864897966385, -0.9278303384780884, -0.3296216130256653, 0.09695076942443848], [0.9783643484115601, 0.20120513439178467, -0.04816105216741562, -0.2962377071380615], [0.0, 0.0, 0.0, 1.0]]}, "finger3joint2": {"matrix": [[0.02328488789498806, -0.9963677525520325, 0.08190803229808807, -1.3427760601043701], [0.03833320364356041, -0.08098003268241882, -0.9959783554077148, -0.7169249057769775], [0.9989935159683228, 0.02633126825094223, 0.036308448761701584, -0.11974430084228516], [0.0, 0.0, 0.0, 1.0]]}, "finger3joint3": {"matrix": [[-0.040283720940351486, -0.6765038967132568, -0.7353363633155823, -1.9875059127807617], [0.20120951533317566, 0.7153657078742981, -0.66915363073349, -0.7693254351615906], [0.9787194132804871, -0.17491258680820465, 0.10730165243148804, -0.10270585119724274], [0.0, 0.0, 0.0, 1.0]]}, "Bone.003": {"matrix": [[0.19468174874782562, 0.5155189037322998, 0.8344694375991821, -0.9472167491912842], [-0.9696277976036072, -0.027268774807453156, 0.2430601865053177, 0.38752231001853943], [0.1480570137500763, -0.8564441800117493, 0.4945526123046875, -0.015477687120437622], [0.0, 0.0, 0.0, 1.0]]}, "finger4joint1": {"matrix": [[-0.5605588555335999, -0.7918167114257812, 0.24248673021793365, -0.7262554168701172], [-0.6863540410995483, 0.28039777278900146, -0.6710401773452759, 0.3758343458175659], [0.46334823966026306, -0.5425891876220703, -0.7006461024284363, -0.38256633281707764], [0.0, 0.0, 0.0, 1.0]]}, "finger4joint2": {"matrix": [[-0.5737754106521606, -0.8155055046081543, -0.07571058720350266, -1.5128135681152344], [-0.6925759315490723, 0.532463788986206, -0.48664209246635437, 0.6543700098991394], [0.4371725916862488, -0.22678786516189575, -0.8703143000602722, -0.9215521812438965], [0.0, 0.0, 0.0, 1.0]]}, "finger4joint3": {"matrix": [[-0.5028307437896729, -0.8028339743614197, -0.3203410506248474, -1.8529305458068848], [-0.7272472381591797, 0.5932382345199585, -0.3452238142490387, 0.8764409422874451], [0.4671960771083832, 0.05937812849879265, -0.8821573853492737, -1.0161370038986206], [0.0, 0.0, 0.0, 1.0]]}}