{"root": {"matrix": [[0.3174000382423401, -0.8579058647155762, -0.4040479063987732, -5.960464477539063e-08], [-0.3823610842227936, 0.2741279602050781, -0.8824136853218079, 0.0], [0.8677886724472046, 0.4345703423023224, -0.24102166295051575, 2.9802322387695312e-08], [0.0, 0.0, 0.0, 1.0]]}, "carpals": {"matrix": [[0.8498703241348267, -0.3736850619316101, -0.3715907633304596, -0.07651472091674805], [0.4339509606361389, 0.09616364538669586, 0.8957895040512085, -0.49717217683792114], [-0.2990095317363739, -0.9225571751594543, 0.24388784170150757, 2.414943218231201], [0.0, 0.0, 0.0, 1.0]]}, "metacarpals": {"matrix": [[0.5358944535255432, -0.6768456101417542, 0.5046751499176025, -0.4404817819595337], [-0.3960641920566559, 0.3263622224330902, 0.8582659959793091, -0.40350937843322754], [-0.7456206679344177, -0.6598237156867981, -0.09317842870950699, 1.5163780450820923], [0.0, 0.0, 0.0, 1.0]]}, "finger5joint1": {"matrix": [[0.3424290716648102, -0.8308905363082886, 0.43859219551086426, -1.1283748149871826], [-0.26662635803222656, 0.3616848886013031, 0.8933611512184143, -0.5008316040039062], [-0.9009175896644592, -0.4228529632091522, -0.09768570959568024, 1.3089982271194458], [0.0, 0.0, 0.0, 1.0]]}, "finger5joint2": {"matrix": [[0.5357310175895691, -0.28793710470199585, -0.7937783598899841, -2.00602126121521], [0.842910647392273, 0.23795801401138306, 0.4825734496116638, -0.11879383027553558], [0.04993526637554169, -0.9276137948036194, 0.37018707394599915, 0.862350344657898], [0.0, 0.0, 0.0, 1.0]]}, "finger5joint3": {"matrix": [[0.5493956804275513, 0.025081908330321312, -0.8351854681968689, -2.203930616378784], [0.833592414855957, -0.08504291623830795, 0.5457936525344849, 0.04476306214928627], [-0.05733693391084671, -0.9960612654685974, -0.06763001531362534, 0.22476886212825775], [0.0, 0.0, 0.0, 1.0]]}, "Bone": {"matrix": [[0.7063627243041992, 0.32835644483566284, 0.627083420753479, -1.4972256422042847], [-0.45502445101737976, -0.46797630190849304, 0.7575952410697937, 0.10603266954421997], [0.5422213673591614, -0.8204755783081055, -0.1811506599187851, 0.4862099885940552], [0.0, 0.0, 0.0, 1.0]]}, "finger1joint1": {"matrix": [[0.6762726306915283, -0.6579673290252686, 0.33126142621040344, -1.2239716053009033], [-0.4080684781074524, 0.039778050035238266, 0.91208416223526, -0.28341144323349], [-0.6132987141609192, -0.7519949674606323, -0.24159470200538635, -0.19657963514328003], [0.0, 0.0, 0.0, 1.0]]}, "finger1joint2": {"matrix": [[0.5563297271728516, -0.7730324268341064, 0.304824560880661, -1.5958404541015625], [-0.6670965552330017, -0.1967630237340927, 0.7185167074203491, -0.26092976331710815], [-0.4954587519168854, -0.6030797362327576, -0.6251521706581116, -0.6215908527374268], [0.0, 0.0, 0.0, 1.0]]}, "finger1joint3": {"matrix": [[0.6123238205909729, -0.7840626239776611, -0.10151506215333939, -1.9272267818450928], [-0.5832304358482361, -0.5346594452857971, 0.6115401983261108, -0.34527885913848877], [-0.5337620377540588, -0.3152540624141693, -0.7846736907958984, -0.8801212906837463], [0.0, 0.0, 0.0, 1.0]]}, "Bone.001": {"matrix": [[0.8445026874542236, 0.2449008822441101, 0.4762757122516632, -1.4972256422042847], [-0.49380433559417725, 0.011846532113850117, 0.8694921135902405, 0.10603265464305878], [0.20729710161685944, -0.9694755673408508, 0.13093775510787964, 0.48621001839637756], [0.0, 0.0, 0.0, 1.0]]}, "finger2joint1": {"matrix": [[0.6048219799995422, -0.22848233580589294, 0.7628800272941589, -1.3419870138168335], [-0.4524747431278229, 0.689713716506958, 0.5652974843978882, 0.11354196071624756], [-0.6553294658660889, -0.6870882511138916, 0.31377169489860535, -0.1283247470855713], [0.0, 0.0, 0.0, 1.0]]}, "finger2joint2": {"matrix": [[0.5085831880569458, -0.6787727475166321, 0.5297267436981201, -1.5396583080291748], [-0.4385453760623932, 0.32524025440216064, 0.8377925753593445, 0.7102470397949219], [-0.7409595251083374, -0.6583963632583618, -0.1322607398033142, -0.722758412361145], [0.0, 0.0, 0.0, 1.0]]}, "finger2joint3": {"matrix": [[0.37799277901649475, -0.8135964870452881, -0.4417940676212311, -1.7973315715789795], [-0.47144025564193726, -0.5798460245132446, 0.6644713878631592, 0.8337135910987854], [-0.7967843413352966, -0.042886000126600266, -0.6027396321296692, -0.9726964831352234], [0.0, 0.0, 0.0, 1.0]]}, "Bone.002": {"matrix": [[0.768473744392395, -0.35404327511787415, 0.5330116748809814, -1.4972257614135742], [-0.3593025207519531, 0.4505156874656677, 0.8172741532325745, 0.10603263974189758], [-0.5294806957244873, -0.819566011428833, 0.21900101006031036, 0.4862099885940552], [0.0, 0.0, 0.0, 1.0]]}, "finger3joint1": {"matrix": [[0.8525905609130859, -0.3496079444885254, 0.3884117603302002, -1.6464585065841675], [-0.44568461179733276, -0.09836655855178833, 0.8897690773010254, 0.29592955112457275], [-0.27286386489868164, -0.9317178130149841, -0.23968105018138885, 0.14075469970703125], [0.0, 0.0, 0.0, 1.0]]}, "finger3joint2": {"matrix": [[0.7708660960197449, -0.3325202763080597, -0.5433191657066345, -1.9531280994415283], [-0.489808589220047, -0.854727566242218, -0.17183750867843628, 0.20964422821998596], [-0.40725064277648926, 0.3985859751701355, -0.8217517733573914, -0.6765309572219849], [0.0, 0.0, 0.0, 1.0]]}, "finger3joint3": {"matrix": [[0.8337941765785217, -0.12076148390769958, -0.5387057065963745, -2.1682956218719482], [-0.4957309365272522, -0.5932286977767944, -0.6342951655387878, -0.3434332013130188], [-0.24297747015953064, 0.7959246635437012, -0.5544958710670471, -0.41861385107040405], [0.0, 0.0, 0.0, 1.0]]}, "Bone.003": {"matrix": [[0.6178389191627502, -0.46194711327552795, 0.6363017559051514, -1.4972257614135742], [0.43180349469184875, 0.8756198883056641, 0.21641488373279572, 0.10603263974189758], [-0.6571305394172668, 0.14104799926280975, 0.7404624819755554, 0.4862099885940552], [0.0, 0.0, 0.0, 1.0]]}, "finger4joint1": {"matrix": [[0.6896392703056335, -0.11412607133388519, 0.7151033282279968, -1.6952252388000488], [-0.5631098747253418, 0.5363710522651672, 0.6286596655845642, 0.4813404083251953], [-0.45530739426612854, -0.8362299799919128, 0.3056371510028839, 0.5466659069061279], [0.0, 0.0, 0.0, 1.0]]}, "finger4joint2": {"matrix": [[0.7005219459533691, -0.39731207489967346, 0.5928000211715698, -1.8085932731628418], [-0.5384219884872437, 0.25093385577201843, 0.8044461011886597, 1.0141494274139404], [-0.4683699309825897, -0.8827086687088013, -0.038136668503284454, -0.2840106785297394], [0.0, 0.0, 0.0, 1.0]]}, "finger4joint3": {"matrix": [[0.722377359867096, -0.492959588766098, 0.48493459820747375, -1.9742974042892456], [-0.5691277980804443, -0.025520171970129013, 0.8218526840209961, 1.1188044548034668], [-0.39276471734046936, -0.8696776032447815, -0.29899197816848755, -0.6521556973457336], [0.0, 0.0, 0.0, 1.0]]}}