{"root": {"matrix": [[0.39816588163375854, -0.3730349540710449, 0.8380386829376221, 0.0], [0.9136049747467041, 0.079198457300663, -0.3988151550292969, 0.0], [0.08240068703889847, 0.9244309067726135, 0.37234067916870117, 0.0], [0.0, 0.0, 0.0, 1.0]]}, "carpals": {"matrix": [[-0.45645850896835327, -0.8689597845077515, 0.19119146466255188, 0.4410914182662964], [0.46529969573020935, -0.41629019379615784, -0.7811520099639893, 2.1884517669677734], [0.7583809494972229, -0.26760217547416687, 0.5943459868431091, 1.049334168434143], [0.0, 0.0, 0.0, 1.0]]}, "metacarpals": {"matrix": [[-0.15286071598529816, -0.33069905638694763, 0.9312740564346313, -0.40527021884918213], [-0.6715964674949646, -0.656543493270874, -0.3433781862258911, 1.7829878330230713], [0.7249768972396851, -0.6779295802116394, -0.12173670530319214, 0.7886912822723389], [0.0, 0.0, 0.0, 1.0]]}, "finger5joint1": {"matrix": [[-0.10913592576980591, -0.5897581577301025, 0.800171434879303, -0.9502640962600708], [-0.778563916683197, -0.4497535824775696, -0.4376753568649292, 1.6674153804779053], [0.618002712726593, -0.6707507967948914, -0.41008028388023376, 0.32468754053115845], [0.0, 0.0, 0.0, 1.0]]}, "finger5joint2": {"matrix": [[0.8424961566925049, -0.538262665271759, 0.021746307611465454, -1.573209285736084], [-0.3749869465827942, -0.5569953918457031, 0.7410399913787842, 1.1923530101776123], [-0.3867618143558502, -0.6324781179428101, -0.6711083054542542, -0.383807897567749], [0.0, 0.0, 0.0, 1.0]]}, "finger5joint3": {"matrix": [[0.7860864996910095, -0.6159117817878723, -0.05215377360582352, -1.9431761503219604], [-0.4655739367008209, -0.6454800367355347, 0.6054715514183044, 0.8095105886459351], [-0.40658149123191833, -0.4516717195510864, -0.7941559553146362, -0.8185323476791382], [0.0, 0.0, 0.0, 1.0]]}, "Bone": {"matrix": [[0.22315998375415802, -0.3522946238517761, 0.9088937044143677, -0.9215832948684692], [0.5715863108634949, -0.7079956531524658, -0.41476622223854065, 0.7579411268234253], [0.7896128296852112, 0.6120705604553223, 0.04337043687701225, -0.26974502205848694], [0.0, 0.0, 0.0, 1.0]]}, "finger1joint1": {"matrix": [[-0.07345250248908997, -0.5453305840492249, 0.8349964022636414, -1.2147583961486816], [-0.5843273401260376, -0.654961109161377, -0.4791526794433594, 0.16875584423542023], [0.8081868886947632, -0.5231062173843384, -0.2705431282520294, 0.23961254954338074], [0.0, 0.0, 0.0, 1.0]]}, "finger1joint2": {"matrix": [[-0.3132641315460205, -0.9340534210205078, 0.17149227857589722, -1.5229673385620117], [-0.3974832594394684, -0.035041600465774536, -0.9169399738311768, -0.20141397416591644], [0.8624804615974426, -0.3554096817970276, -0.36029335856437683, -0.056035757064819336], [0.0, 0.0, 0.0, 1.0]]}, "finger1joint3": {"matrix": [[-0.25980639457702637, -0.7573663592338562, -0.5990797877311707, -1.923380732536316], [-0.4867464303970337, 0.6385166645050049, -0.596132755279541, -0.2164357304573059], [0.8340135216712952, 0.1367209106683731, -0.5345360636711121, -0.20839403569698334], [0.0, 0.0, 0.0, 1.0]]}, "Bone.001": {"matrix": [[0.19633829593658447, -0.07914996147155762, 0.9773362874984741, -0.9215831756591797], [0.24521782994270325, -0.9611005187034607, -0.12709739804267883, 0.7579411268234253], [0.9493783116340637, 0.26461437344551086, -0.16929194331169128, -0.26974502205848694], [0.0, 0.0, 0.0, 1.0]]}, "finger2joint1": {"matrix": [[-0.13094057142734528, -0.6449031233787537, 0.7529636025428772, -0.9717551469802856], [-0.5767945051193237, -0.568169116973877, -0.5869340896606445, 0.14871519804000854], [0.8063264489173889, -0.51115882396698, -0.2975802719593048, -0.10201027989387512], [0.0, 0.0, 0.0, 1.0]]}, "finger2joint2": {"matrix": [[-0.2577444612979889, -0.7227176427841187, 0.6412851810455322, -1.5296924114227295], [-0.5690930485725403, -0.4228167235851288, -0.7052367329597473, -0.3428357243537903], [0.7808333039283752, -0.5467218160629272, -0.3023150563240051, -0.544238805770874], [0.0, 0.0, 0.0, 1.0]]}, "finger2joint3": {"matrix": [[-0.39520010352134705, -0.8562332987785339, 0.33268746733665466, -1.804047703742981], [-0.5485267639160156, -0.07054281234741211, -0.8331517577171326, -0.5033438801765442], [0.7368411421775818, -0.5117496848106384, -0.4417884945869446, -0.7517833113670349], [0.0, 0.0, 0.0, 1.0]]}, "Bone.002": {"matrix": [[0.07013855874538422, -0.07902535796165466, 0.9944019913673401, -0.9215832352638245], [-0.49240541458129883, -0.8696864247322083, -0.034383367747068405, 0.7579411268234253], [0.8675352334976196, -0.4872373938560486, -0.0999111533164978, -0.26974499225616455], [0.0, 0.0, 0.0, 1.0]]}, "finger3joint1": {"matrix": [[0.2612771987915039, -0.3636690080165863, 0.8941357731819153, -0.9548932313919067], [0.13253754377365112, -0.9040225744247437, -0.4064195156097412, 0.3913595378398895], [0.9561213254928589, 0.2246948778629303, -0.18800075352191925, -0.4751204252243042], [0.0, 0.0, 0.0, 1.0]]}, "finger3joint2": {"matrix": [[0.16560065746307373, -0.9459758996963501, 0.27875760197639465, -1.2738969326019287], [0.0035890594590455294, -0.28208014369010925, -0.9593840837478638, -0.4016323685646057], [0.9861863255500793, 0.15987522900104523, -0.04331742599606514, -0.27802222967147827], [0.0, 0.0, 0.0, 1.0]]}, "finger3joint3": {"matrix": [[0.06922463327646255, -0.9880686402320862, -0.13757961988449097, -1.8860193490982056], [0.15087231993675232, 0.14669357240200043, -0.9776085019111633, -0.5841608643531799], [0.9861264824867249, 0.04691771790385246, 0.1592271476984024, -0.17457014322280884], [0.0, 0.0, 0.0, 1.0]]}, "Bone.003": {"matrix": [[0.5414678454399109, 0.4103207290172577, 0.7337910532951355, -0.9215831756591797], [-0.7945574522018433, -0.035486750304698944, 0.6061509251594543, 0.7579411268234253], [0.2747561037540436, -0.9112505912780762, 0.3068085014820099, -0.26974502205848694], [0.0, 0.0, 0.0, 1.0]]}, "finger4joint1": {"matrix": [[-0.34696415066719055, -0.7972109913825989, 0.4940345883369446, -0.7457118034362793], [-0.7842569351196289, -0.04226665198802948, -0.618994414806366, 0.7427307367324829], [0.5143505334854126, -0.6022191047668457, -0.6105533838272095, -0.6603246331214905], [0.0, 0.0, 0.0, 1.0]]}, "finger4joint2": {"matrix": [[-0.355542927980423, -0.8546119928359985, -0.3784535229206085, -1.5376285314559937], [-0.7968263030052185, 0.4887891709804535, -0.35517945885658264, 0.7007448673248291], [0.48852476477622986, 0.17528030276298523, -0.8547632098197937, -1.2585445642471313], [0.0, 0.0, 0.0, 1.0]]}, "finger4joint3": {"matrix": [[-0.27769753336906433, -0.6978158950805664, -0.660254955291748, -1.8940554857254028], [-0.8294182419776917, 0.5209344029426575, -0.20172306895256042, 0.9046006202697754], [0.48471522331237793, 0.4916097819805145, -0.7234436273574829, -1.185441493988037], [0.0, 0.0, 0.0, 1.0]]}}