{"root": {"matrix": [[0.33326393365859985, -0.177032470703125, 0.9260640740394592, 0.0], [0.833142876625061, 0.515101432800293, -0.20135410130023956, 0.0], [-0.4413706362247467, 0.8386477828025818, 0.31915804743766785, 0.0], [0.0, 0.0, 0.0, 1.0]]}, "carpals": {"matrix": [[-0.7327678799629211, -0.5945071578025818, 0.3310772776603699, 0.476271390914917], [0.30700403451919556, -0.7230334281921387, -0.6188464760780334, 2.4109580516815186], [0.6072887182235718, -0.3518289029598236, 0.7123318910598755, -0.21314790844917297], [0.0, 0.0, 0.0, 1.0]]}, "metacarpals": {"matrix": [[0.061290256679058075, -0.6102221608161926, 0.7898557782173157, -0.10277503728866577], [-0.4015187919139862, -0.7395634651184082, -0.5402113199234009, 1.7067279815673828], [0.9137974977493286, -0.2840323746204376, -0.2903437912464142, -0.5558271408081055], [0.0, 0.0, 0.0, 1.0]]}, "finger5joint1": {"matrix": [[0.1688299924135208, -0.693554162979126, 0.7003418803215027, -0.7866854071617126], [-0.38224363327026367, -0.7010049819946289, -0.6020643711090088, 1.5773597955703735], [0.9085075855255127, -0.1660548448562622, -0.3834574222564697, -0.7588177919387817], [0.0, 0.0, 0.0, 1.0]]}, "finger5joint2": {"matrix": [[0.7429255843162537, -0.6233787536621094, -0.24384412169456482, -1.5192673206329346], [-0.531165599822998, -0.7707037329673767, 0.35196322202682495, 0.8369076251983643], [-0.40733814239501953, -0.13196112215518951, -0.9036932587623596, -0.9342169165611267], [0.0, 0.0, 0.0, 1.0]]}, "finger5joint3": {"matrix": [[0.6937782764434814, -0.6387835741043091, -0.33260586857795715, -1.947737455368042], [-0.6193631291389465, -0.7648780345916748, 0.17705969512462616, 0.30717596411705017], [-0.3675059378147125, 0.08316352218389511, -0.9262952208518982, -1.0249184370040894], [0.0, 0.0, 0.0, 1.0]]}, "Bone": {"matrix": [[0.543353259563446, -0.16786597669124603, 0.8225497007369995, -1.055501103401184], [0.7116724848747253, -0.4276115596294403, -0.5573781132698059, 0.5520639419555664], [0.44529667496681213, 0.888239324092865, -0.11287854611873627, -0.9992805123329163], [0.0, 0.0, 0.0, 1.0]]}, "finger1joint1": {"matrix": [[0.15803438425064087, -0.93403160572052, 0.32032766938209534, -1.195197343826294], [-0.3085308372974396, -0.3548702299594879, -0.8825392127037048, 0.19621090590953827], [0.9379944801330566, 0.04064057767391205, -0.3442593514919281, -0.2600986957550049], [0.0, 0.0, 0.0, 1.0]]}, "finger1joint2": {"matrix": [[0.07165341079235077, -0.8517804145812988, -0.5189756751060486, -1.7230916023254395], [-0.018025662750005722, 0.5191224217414856, -0.8545096516609192, -0.004354044795036316], [0.9972666501998901, 0.07058344781398773, 0.021842941641807556, -0.23712950944900513], [0.0, 0.0, 0.0, 1.0]]}, "finger1joint3": {"matrix": [[0.049927592277526855, -0.25898706912994385, -0.9645894169807434, -2.088235855102539], [-0.12350460886955261, 0.9567802548408508, -0.263282835483551, 0.2181852161884308], [0.9910871982574463, 0.13227638602256775, 0.015783626586198807, -0.20687156915664673], [0.0, 0.0, 0.0, 1.0]]}, "Bone.001": {"matrix": [[0.5474885106086731, -0.062492579221725464, 0.8344762921333313, -1.0555012226104736], [0.45404374599456787, -0.8154696226119995, -0.3589613437652588, 0.5520640015602112], [0.7029226422309875, 0.5754160284996033, -0.4180859923362732, -0.9992805123329163], [0.0, 0.0, 0.0, 1.0]]}, "finger2joint1": {"matrix": [[0.5010119080543518, -0.6910514831542969, 0.5209938883781433, -1.0951142311096191], [-0.057676367461681366, -0.6273214221000671, -0.7766215205192566, 0.035151124000549316], [0.8635162115097046, 0.3590475618839264, -0.35415294766426086, -0.634533703327179], [0.0, 0.0, 0.0, 1.0]]}, "finger2joint2": {"matrix": [[0.3861670196056366, -0.9001554846763611, -0.20148156583309174, -1.6929765939712524], [-0.04215221852064133, 0.20097653567790985, -0.9786885380744934, -0.5075753331184387], [0.9214652180671692, 0.38643014430999756, 0.039666857570409775, -0.3239040970802307], [0.0, 0.0, 0.0, 1.0]]}, "finger2joint3": {"matrix": [[0.2968209683895111, -0.3384850323200226, -0.8929304480552673, -2.0346906185150146], [0.06879585236310959, 0.9402211904525757, -0.3335428237915039, -0.43128132820129395], [0.9524516463279724, 0.03757266327738762, 0.3023637533187866, -0.17720887064933777], [0.0, 0.0, 0.0, 1.0]]}, "Bone.002": {"matrix": [[0.3356505334377289, -0.32645487785339355, 0.8836094737052917, -1.0555013418197632], [-0.2375604659318924, -0.9370437860488892, -0.25595635175704956, 0.5520639419555664], [0.9115391969680786, -0.12399891763925552, -0.39207208156585693, -0.9992805123329163], [0.0, 0.0, 0.0, 1.0]]}, "finger3joint1": {"matrix": [[0.5253218412399292, -0.17375032603740692, 0.8329751491546631, -1.1931052207946777], [0.38732215762138367, -0.8228066563606262, -0.4158971309661865, 0.15709060430526733], [0.7576400637626648, 0.5411096811294556, -0.3649410307407379, -1.0515472888946533], [0.0, 0.0, 0.0, 1.0]]}, "finger3joint2": {"matrix": [[0.4585252106189728, -0.8673975467681885, 0.19332842528820038, -1.3455159664154053], [0.2681838274002075, -0.0723441019654274, -0.960647463798523, -0.5646601915359497], [0.8472496867179871, 0.4923286736011505, 0.19945044815540314, -0.5768958330154419], [0.0, 0.0, 0.0, 1.0]]}, "finger3joint3": {"matrix": [[0.37587639689445496, -0.924597978591919, -0.061930663883686066, -1.9067915678024292], [0.42198675870895386, 0.23028403520584106, -0.8768672347068787, -0.6114726662635803], [0.8250115513801575, 0.3034598231315613, 0.4767264723777771, -0.2583196759223938], [0.0, 0.0, 0.0, 1.0]]}, "Bone.003": {"matrix": [[0.5318123698234558, 0.04780422896146774, 0.8455118536949158, -1.0555012226104736], [-0.778346836566925, -0.3658163845539093, 0.5102493166923523, 0.5520639419555664], [0.33369410037994385, -0.9294585585594177, -0.15733735263347626, -0.9992804527282715], [0.0, 0.0, 0.0, 1.0]]}, "finger4joint1": {"matrix": [[0.033725202083587646, -0.998351514339447, -0.046438153833150864, -1.0350114107131958], [-0.411783367395401, 0.028457244858145714, -0.9108370542526245, 0.39526796340942383], [0.9106573462486267, 0.04984056577086449, -0.41014501452445984, -1.3976644277572632], [0.0, 0.0, 0.0, 1.0]]}, "finger4joint2": {"matrix": [[0.009927954524755478, -0.40433046221733093, -0.9145588874816895, -2.0267326831817627], [-0.4285343885421753, 0.8246383666992188, -0.36922797560691833, 0.4235362708568573], [0.9034706354141235, 0.3955858051776886, -0.16508272290229797, -1.348154902458191], [0.0, 0.0, 0.0, 1.0]]}, "finger4joint3": {"matrix": [[0.05688164383172989, 0.07122191786766052, -0.9958370923995972, -2.195364236831665], [-0.4901528060436249, 0.8709613084793091, 0.034293774515390396, 0.7674623131752014], [0.8697782158851624, 0.4861619472503662, 0.08445127308368683, -1.1831707954406738], [0.0, 0.0, 0.0, 1.0]]}}