{"root": {"matrix": [[0.2687874734401703, -0.6846776604652405, -0.6774731278419495, 0.0], [-0.5920409560203552, 0.43736252188682556, -0.6769058704376221, 0.0], [0.7597635984420776, 0.5830356478691101, -0.2877996861934662, 0.0], [0.0, 0.0, 0.0, 1.0]]}, "carpals": {"matrix": [[0.8925504684448242, -0.43174779415130615, 0.13018198311328888, 0.013847976922988892], [-0.05514979362487793, 0.18200913071632385, 0.9817488789558411, -0.8346855640411377], [-0.44756224751472473, -0.8834400177001953, 0.13864174485206604, 2.3212265968322754], [0.0, 0.0, 0.0, 1.0]]}, "metacarpals": {"matrix": [[0.08102384209632874, -0.46747252345085144, 0.8802865743637085, -0.40667182207107544], [-0.8663347363471985, 0.40368372201919556, 0.29411423206329346, -0.6574097871780396], [-0.49284791946411133, -0.786453127861023, -0.37227967381477356, 1.460761308670044], [0.0, 0.0, 0.0, 1.0]]}, "finger5joint1": {"matrix": [[-0.05991416051983833, -0.6362813711166382, 0.7691268920898438, -1.0497822761535645], [-0.6604816913604736, 0.6029949188232422, 0.4473932683467865, -0.3960168957710266], [-0.748447835445404, -0.48118895292282104, -0.45638003945350647, 1.2515783309936523], [0.0, 0.0, 0.0, 1.0]]}, "finger5joint2": {"matrix": [[0.7752960920333862, -0.4943607449531555, -0.39309415221214294, -1.7218685150146484], [0.4250357449054718, -0.05199341103434563, 0.903681755065918, 0.24090993404388428], [-0.4671831727027893, -0.8677000999450684, 0.16981104016304016, 0.7433117628097534], [0.0, 0.0, 0.0, 1.0]]}, "finger5joint3": {"matrix": [[0.7462194561958313, -0.34373894333839417, -0.5700873136520386, -2.0616602897644043], [0.36792677640914917, -0.5007280111312866, 0.7835181951522827, 0.2051730453968048], [-0.5547844767570496, -0.794427216053009, -0.2471819818019867, 0.14691106975078583], [0.0, 0.0, 0.0, 1.0]]}, "Bone": {"matrix": [[0.39823466539382935, -0.13933344185352325, 0.9066395163536072, -1.1365262269973755], [-0.5560657382011414, -0.8227466344833374, 0.11780707538127899, -0.027147412300109863], [0.7295200824737549, -0.5510663390159607, -0.4051247835159302, 0.23288969695568085], [0.0, 0.0, 0.0, 1.0]]}, "finger1joint1": {"matrix": [[0.46457338333129883, -0.5518215894699097, 0.6925780773162842, -1.252477765083313], [-0.8834332823753357, -0.23496755957603455, 0.40538308024406433, -0.7118270397186279], [-0.06096600741147995, -0.8001769185066223, -0.5966572165489197, -0.22570085525512695], [0.0, 0.0, 0.0, 1.0]]}, "finger1joint2": {"matrix": [[0.24259665608406067, -0.7610859274864197, 0.60157710313797, -1.5643553733825684], [-0.9600301384925842, -0.27757441997528076, 0.035975679755210876, -0.8446255326271057], [0.13960161805152893, -0.5862598419189453, -0.7980040907859802, -0.6779435276985168], [0.0, 0.0, 0.0, 1.0]]}, "finger1joint3": {"matrix": [[0.33003073930740356, -0.9237875938415527, 0.1941550225019455, -1.890620470046997], [-0.9406179785728455, -0.33914560079574585, -0.014759532175958157, -0.9636171460151672], [0.07948127388954163, -0.17775468528270721, -0.9808596968650818, -0.9292634725570679], [0.0, 0.0, 0.0, 1.0]]}, "Bone.001": {"matrix": [[0.431571364402771, 0.0427388921380043, 0.9010657072067261, -1.1365262269973755], [-0.7836011648178101, -0.4770875573158264, 0.39793992042541504, -0.02714744210243225], [0.44689467549324036, -0.877815842628479, -0.17240700125694275, 0.23288974165916443], [0.0, 0.0, 0.0, 1.0]]}, "finger2joint1": {"matrix": [[0.25142669677734375, -0.8288387656211853, 0.49981075525283813, -1.1094346046447754], [-0.9206938147544861, -0.04554719477891922, 0.38761818408966064, -0.3295654058456421], [-0.2985082268714905, -0.5576303601264954, -0.7745585441589355, -0.32354336977005005], [0.0, 0.0, 0.0, 1.0]]}, "finger2joint2": {"matrix": [[0.12817411124706268, -0.8359813690185547, -0.5335787534713745, -1.8265035152435303], [-0.9529051184654236, -0.2529144287109375, 0.1673492044210434, -0.36897051334381104], [-0.27485087513923645, 0.48700013756752014, -0.8290281295776367, -0.8059766888618469], [0.0, 0.0, 0.0, 1.0]]}, "finger2joint3": {"matrix": [[0.07860403507947922, -0.1353882998228073, -0.9876695871353149, -2.1438560485839844], [-0.9867410659790039, -0.15168358385562897, -0.057737596333026886, -0.4649810194969177], [-0.14199651777744293, 0.9791127443313599, -0.14551617205142975, -0.6211035251617432], [0.0, 0.0, 0.0, 1.0]]}, "Bone.002": {"matrix": [[0.3249053955078125, -0.16355621814727783, 0.9314965605735779, -1.136526107788086], [-0.900479257106781, 0.2475694715976715, 0.35755589604377747, -0.027147434651851654], [-0.2890908122062683, -0.9549651145935059, -0.06684226542711258, 0.23288971185684204], [0.0, 0.0, 0.0, 1.0]]}, "finger3joint1": {"matrix": [[0.24169069528579712, -0.0932362899184227, 0.9658636450767517, -1.2054667472839355], [-0.9644840955734253, 0.08622977882623672, 0.24966932833194733, 0.077205590903759], [-0.1065647155046463, -0.991902768611908, -0.06908394396305084, -0.16963768005371094], [0.0, 0.0, 0.0, 1.0]]}, "finger3joint2": {"matrix": [[0.18625444173812866, -0.973350465297699, 0.13378380239009857, -1.2872519493103027], [-0.9476656317710876, -0.14203977584838867, 0.2859271764755249, 0.15284475684165955], [-0.259304940700531, -0.18003743886947632, -0.9488663077354431, -1.0397164821624756], [0.0, 0.0, 0.0, 1.0]]}, "finger3joint3": {"matrix": [[0.11257971078157425, -0.8518022298812866, -0.5116237998008728, -1.9170876741409302], [-0.9881158471107483, -0.15020373463630676, 0.03264522925019264, 0.060933616012334824], [-0.10465531796216965, 0.5018683671951294, -0.8585889935493469, -1.1562151908874512], [0.0, 0.0, 0.0, 1.0]]}, "Bone.003": {"matrix": [[0.634204626083374, 0.15183061361312866, 0.7581108212471008, -1.1365262269973755], [-0.2813318073749542, 0.9586302638053894, 0.04336114600300789, -0.027147412300109863], [-0.72016441822052, -0.24078035354614258, 0.6506825685501099, 0.23288971185684204], [0.0, 0.0, 0.0, 1.0]]}, "finger4joint1": {"matrix": [[0.0260842926800251, -0.4311239421367645, 0.9019155502319336, -1.071448564529419], [-0.8185838460922241, 0.5086544752120972, 0.26681575179100037, 0.3837401270866394], [-0.5737942457199097, -0.7452530860900879, -0.3396431505680084, 0.12968653440475464], [0.0, 0.0, 0.0, 1.0]]}, "finger4joint2": {"matrix": [[0.03360597789287567, -0.753457248210907, 0.6566373705863953, -1.4997094869613647], [-0.801403820514679, 0.3722580075263977, 0.4681616723537445, 0.8890166282653809], [-0.5971785187721252, -0.5419647097587585, -0.5913134217262268, -0.6106173992156982], [0.0, 0.0, 0.0, 1.0]]}, "finger4joint3": {"matrix": [[0.08651221543550491, -0.9021979570388794, 0.42255690693855286, -1.8139485120773315], [-0.8363370299339294, 0.16470512747764587, 0.52288818359375, 1.0442715883255005], [-0.5413461327552795, -0.3986361622810364, -0.7402925491333008, -0.8366506695747375], [0.0, 0.0, 0.0, 1.0]]}}