{"root": {"matrix": [[0.18474081158638, -0.8498692512512207, -0.49355149269104004, -5.960464477539063e-08], [-0.7648428678512573, 0.1910354644060135, -0.6152405142784119, 0.0], [0.6171597838401794, 0.491149365901947, -0.6147244572639465, 2.9802322387695312e-08], [0.0, 0.0, 0.0, 1.0]]}, "carpals": {"matrix": [[0.8065491914749146, -0.5612682700157166, -0.18562380969524384, -0.35859113931655884], [0.418160080909729, 0.3197033107280731, 0.8502538204193115, -1.4735143184661865], [-0.41787591576576233, -0.7633921504020691, 0.492556631565094, 1.9455468654632568], [0.0, 0.0, 0.0, 1.0]]}, "metacarpals": {"matrix": [[0.41185063123703003, -0.4201097786426544, 0.8086326122283936, -0.9052630662918091], [-0.4185957908630371, 0.7009987831115723, 0.5773888230323792, -1.1621251106262207], [-0.8094173669815063, -0.5762881636619568, 0.11285073310136795, 1.202007532119751], [0.0, 0.0, 0.0, 1.0]]}, "finger5joint1": {"matrix": [[0.6977101564407349, -0.4091250002384186, 0.5880621671676636, -1.5499175786972046], [-0.530947744846344, 0.25576362013816833, 0.8078855276107788, -0.9261565208435059], [-0.48093128204345703, -0.8759003281593323, -0.0387749969959259, 0.9687393307685852], [0.0, 0.0, 0.0, 1.0]]}, "finger5joint2": {"matrix": [[0.5844768285751343, -0.24329082667827606, -0.7740775346755981, -1.982065200805664], [0.8113985657691956, 0.1803271621465683, 0.5559800863265991, -0.6560004949569702], [0.004322454798966646, -0.9530429840087891, 0.30280303955078125, 0.043550074100494385], [0.0, 0.0, 0.0, 1.0]]}, "finger5joint3": {"matrix": [[0.6009376645088196, -0.15135183930397034, -0.7848351001739502, -2.149287223815918], [0.7928444743156433, -0.011626369319856167, 0.6093124747276306, -0.5320553183555603], [-0.1013452410697937, -0.9884112477302551, 0.11301189661026001, -0.6115097403526306], [0.0, 0.0, 0.0, 1.0]]}, "Bone": {"matrix": [[0.4087725877761841, 0.20189489424228668, 0.8900243043899536, -1.561171054840088], [-0.8035323023796082, -0.3827689588069916, 0.4558764100074768, -0.06767144799232483], [0.43271276354789734, -0.9015133380889893, 0.00576367974281311, 0.3022617697715759], [0.0, 0.0, 0.0, 1.0]]}, "finger1joint1": {"matrix": [[0.801648736000061, -0.48885858058929443, 0.3440587818622589, -1.3931567668914795], [-0.526623547077179, -0.3051531910896301, 0.7934410572052002, -0.38620704412460327], [-0.2828900218009949, -0.8172507286071777, -0.5020700693130493, -0.447966605424881], [0.0, 0.0, 0.0, 1.0]]}, "finger1joint2": {"matrix": [[0.6684489250183105, -0.7266333103179932, 0.1586819291114807, -1.669448971748352], [-0.7369779348373413, -0.618363082408905, 0.2729290723800659, -0.5586730241775513], [-0.10019643604755402, -0.2993844151496887, -0.9488570094108582, -0.9098589420318604], [0.0, 0.0, 0.0, 1.0]]}, "finger1joint3": {"matrix": [[0.7072881460189819, -0.6713724732398987, -0.22136487066745758, -1.9809446334838867], [-0.6823639869689941, -0.7302034497261047, 0.03438037261366844, -0.823755145072937], [-0.18472357094287872, 0.12673446536064148, -0.9745848178863525, -1.0382001399993896], [0.0, 0.0, 0.0, 1.0]]}, "Bone.001": {"matrix": [[0.5548896193504333, 0.33031848073005676, 0.7635358572006226, -1.561171054840088], [-0.8259299993515015, 0.10876152664422989, 0.5531817078590393, -0.06767146289348602], [0.0996827781200409, -0.9375821948051453, 0.3331707715988159, 0.3022617697715759], [0.0, 0.0, 0.0, 1.0]]}, "finger2joint1": {"matrix": [[0.44307631254196167, -0.13523270189762115, 0.8862252831459045, -1.3517875671386719], [-0.5153285264968872, 0.7704867124557495, 0.3752148747444153, 0.0012706518173217773], [-0.7335663437843323, -0.6229460835456848, 0.2716952860355377, -0.29205626249313354], [0.0, 0.0, 0.0, 1.0]]}, "finger2joint2": {"matrix": [[0.34522929787635803, -0.7918124198913574, 0.5038349628448486, -1.468783974647522], [-0.4760010838508606, 0.31494516134262085, 0.8211163282394409, 0.6678564548492432], [-0.8088508248329163, -0.5232994556427002, -0.2681751847267151, -0.8309974074363708], [0.0, 0.0, 0.0, 1.0]]}, "finger2joint3": {"matrix": [[0.2057228833436966, -0.8729023933410645, -0.4424017667770386, -1.7693688869476318], [-0.5081887245178223, -0.48162904381752014, 0.7139867544174194, 0.7874148488044739], [-0.8363146185874939, 0.07794012129306793, -0.5426812767982483, -1.0296504497528076], [0.0, 0.0, 0.0, 1.0]]}, "Bone.002": {"matrix": [[0.6159629821777344, -0.059640072286129, 0.7855142951011658, -1.561171054840088], [-0.524766206741333, 0.7126248478889465, 0.46560269594192505, -0.06767147779464722], [-0.5875457525253296, -0.6990053057670593, 0.4076535701751709, 0.3022617697715759], [0.0, 0.0, 0.0, 1.0]]}, "finger3joint1": {"matrix": [[0.5617032647132874, 0.20156748592853546, 0.8024088740348816, -1.5863099098205566], [-0.8222528100013733, 0.24338272213935852, 0.5144559144973755, 0.23270703852176666], [-0.09159515053033829, -0.9487545490264893, 0.3024483919143677, 0.0076239705085754395], [0.0, 0.0, 0.0, 1.0]]}, "finger3joint2": {"matrix": [[0.5549530982971191, -0.8014366030693054, 0.2229943722486496, -1.409498691558838], [-0.792754590511322, -0.42825326323509216, 0.4337499141693115, 0.44619786739349365], [-0.25212523341178894, -0.417490690946579, -0.8730030059814453, -0.8246060013771057], [0.0, 0.0, 0.0, 1.0]]}, "finger3joint3": {"matrix": [[0.4690944254398346, -0.8180562257766724, -0.33276790380477905, -1.9280924797058105], [-0.8746631145477295, -0.4824505150318146, -0.04696371406316757, 0.1690836399793625], [-0.12212534993886948, 0.3130902051925659, -0.9418385028839111, -1.094756007194519], [0.0, 0.0, 0.0, 1.0]]}, "Bone.003": {"matrix": [[0.8033764362335205, -0.0918576642870903, 0.5883438587188721, -1.561171054840088], [0.26685336232185364, 0.938801109790802, -0.2178107351064682, -0.0676715075969696], [-0.5323302149772644, 0.331985741853714, 0.7787232995033264, 0.30226173996925354], [0.0, 0.0, 0.0, 1.0]]}, "finger4joint1": {"matrix": [[0.5113417506217957, -0.1353198140859604, 0.8486565947532654, -1.6005430221557617], [-0.6471104621887207, 0.5891828536987305, 0.4838502109050751, 0.3347169756889343], [-0.5654886960983276, -0.7965874075889587, 0.2137071043252945, 0.4445573389530182], [0.0, 0.0, 0.0, 1.0]]}, "finger4joint2": {"matrix": [[0.5243976712226868, -0.46728816628456116, 0.711792528629303, -1.7349642515182495], [-0.6239705085754395, 0.35791248083114624, 0.6946645379066467, 0.9199870228767395], [-0.5793681740760803, -0.8084181547164917, -0.10388541221618652, -0.3467399775981903], [0.0, 0.0, 0.0, 1.0]]}, "finger4joint3": {"matrix": [[0.5509576797485352, -0.6065447330474854, 0.5731918811798096, -1.9298527240753174], [-0.6616578102111816, 0.1010861024260521, 0.7429602146148682, 1.0692590475082397], [-0.5085805654525757, -0.7885966897010803, -0.3456307649612427, -0.6839011311531067], [0.0, 0.0, 0.0, 1.0]]}}