{"root": {"matrix": [[0.2532728314399719, -0.7890834212303162, -0.5596429705619812, 0.0], [-0.6209075450897217, 0.31102651357650757, -0.7195389270782471, 0.0], [0.7418400049209595, 0.5297262072563171, -0.41117334365844727, 5.960464477539063e-08], [0.0, 0.0, 0.0, 1.0]]}, "carpals": {"matrix": [[0.8288418054580688, -0.5505257248878479, -0.09971200674772263, -0.13667917251586914], [0.2730135917663574, 0.2424166351556778, 0.9309658408164978, -1.0188333988189697], [-0.4883487820625305, -0.7988462448120117, 0.3512263000011444, 2.2423830032348633], [0.0, 0.0, 0.0, 1.0]]}, "metacarpals": {"matrix": [[0.32101917266845703, -0.5271314978599548, 0.7868157029151917, -0.672887921333313], [-0.5892722606658936, 0.5392128229141235, 0.601670503616333, -0.7827209830284119], [-0.7414208054542542, -0.6567964553833008, -0.13752621412277222, 1.4643118381500244], [0.0, 0.0, 0.0, 1.0]]}, "finger5joint1": {"matrix": [[0.2085082232952118, -0.5441028475761414, 0.8126969337463379, -1.3537040948867798], [-0.44615817070007324, 0.6865423321723938, 0.5741097927093506, -0.6191193461418152], [-0.8703258633613586, -0.4822978973388672, -0.09960609674453735, 1.2761659622192383], [0.0, 0.0, 0.0, 1.0]]}, "finger5joint2": {"matrix": [[0.8713868260383606, -0.2482372522354126, -0.4231582283973694, -1.9284248352050781], [0.48845452070236206, 0.51949542760849, 0.7010962963104248, 0.10605627298355103], [0.04579060897231102, -0.8176195621490479, 0.5739344954490662, 0.766727864742279], [0.0, 0.0, 0.0, 1.0]]}, "finger5joint3": {"matrix": [[0.8663762807846069, -0.21212883293628693, -0.4520984888076782, -2.0990469455718994], [0.49547672271728516, 0.2520003914833069, 0.8312628865242004, 0.4631236791610718], [-0.062405772507190704, -0.9441908597946167, 0.32343244552612305, 0.20474930107593536], [0.0, 0.0, 0.0, 1.0]]}, "Bone": {"matrix": [[0.5019367933273315, 0.09918072819709778, 0.8591987490653992, -1.4958865642547607], [-0.6726914644241333, -0.5796428322792053, 0.45989125967025757, 0.05913987755775452], [0.5436407327651978, -0.8088123202323914, -0.2242259681224823, 0.4388701915740967], [0.0, 0.0, 0.0, 1.0]]}, "finger1joint1": {"matrix": [[0.7751652598381042, -0.48970261216163635, 0.39913663268089294, -1.4133496284484863], [-0.5965268015861511, -0.3593205511569977, 0.7176657319068909, -0.4232317805290222], [-0.2080249786376953, -0.794405460357666, -0.5706534385681152, -0.2342134714126587], [0.0, 0.0, 0.0, 1.0]]}, "finger1joint2": {"matrix": [[0.6264762878417969, -0.6393091082572937, 0.44588252902030945, -1.6901187896728516], [-0.7793942093849182, -0.5075933933258057, 0.36727821826934814, -0.6263118982315063], [-0.00847745593637228, -0.5776095986366272, -0.816269040107727, -0.6831941604614258], [0.0, 0.0, 0.0, 1.0]]}, "finger1joint3": {"matrix": [[0.6914417147636414, -0.7182446122169495, 0.07767242938280106, -1.9641802310943604], [-0.7190422415733337, -0.6738047003746033, 0.1701916754245758, -0.8439087867736816], [-0.06990338116884232, -0.1735275387763977, -0.982344925403595, -0.9308059811592102], [0.0, 0.0, 0.0, 1.0]]}, "Bone.001": {"matrix": [[0.6034860014915466, 0.19714239239692688, 0.7726185321807861, -1.4958865642547607], [-0.7699043154716492, -0.1080709844827652, 0.628941535949707, 0.05913989990949631], [0.20748861134052277, -0.974399983882904, 0.08656159788370132, 0.4388701915740967], [0.0, 0.0, 0.0, 1.0]]}, "finger2joint1": {"matrix": [[0.36679548025131226, -0.11463221907615662, 0.9232119917869568, -1.37092125415802], [-0.6650025248527527, 0.6616663932800293, 0.34636497497558594, -0.009364545345306396], [-0.6505631804466248, -0.7409834265708923, 0.1664656549692154, -0.178786039352417], [0.0, 0.0, 0.0, 1.0]]}, "finger2joint2": {"matrix": [[0.2680336833000183, -0.703299343585968, 0.6584283113479614, -1.470095157623291], [-0.6315934062004089, 0.38780272006988525, 0.6713407635688782, 0.5630754828453064], [-0.7274941205978394, -0.5958008766174316, -0.34025493264198303, -0.8198471069335938], [0.0, 0.0, 0.0, 1.0]]}, "finger2joint3": {"matrix": [[0.1256864219903946, -0.9413691759109497, -0.31309229135513306, -1.73707914352417], [-0.6403881907463074, -0.3180221617221832, 0.6991168260574341, 0.7102918028831482], [-0.757697582244873, 0.11263109743595123, -0.6428127884864807, -1.046022891998291], [0.0, 0.0, 0.0, 1.0]]}, "Bone.002": {"matrix": [[0.5577876567840576, -0.18716426193714142, 0.8086052536964417, -1.4958865642547607], [-0.636996865272522, 0.5280225276947021, 0.5616288185119629, 0.05913986265659332], [-0.5320788025856018, -0.8283485770225525, 0.17530149221420288, 0.4388701915740967], [0.0, 0.0, 0.0, 1.0]]}, "finger3joint1": {"matrix": [[0.5239865183830261, 0.20117107033729553, 0.8276281356811523, -1.5747783184051514], [-0.851696252822876, 0.1319425255060196, 0.5071532130241394, 0.28170666098594666], [-0.00717508839443326, -0.9706292748451233, 0.24047285318374634, 0.08971291780471802], [0.0, 0.0, 0.0, 1.0]]}, "finger3joint2": {"matrix": [[0.5166985988616943, -0.7879440784454346, 0.334913045167923, -1.3983147144317627], [-0.8391430974006653, -0.3884504735469818, 0.3807162344455719, 0.3974442481994629], [-0.1698862612247467, -0.47775548696517944, -0.8619096279144287, -0.7617051601409912], [0.0, 0.0, 0.0, 1.0]]}, "finger3joint3": {"matrix": [[0.4132812023162842, -0.8792620301246643, -0.23684801161289215, -1.9081776142120361], [-0.9094399213790894, -0.41169053316116333, -0.058563437312841415, 0.14608557522296906], [-0.046015772968530655, 0.23960214853286743, -0.969779908657074, -1.0708513259887695], [0.0, 0.0, 0.0, 1.0]]}, "Bone.003": {"matrix": [[0.7113769054412842, -0.09342708438634872, 0.6965732574462891, -1.4958865642547607], [0.14867030084133148, 0.9886998534202576, -0.01922156661748886, 0.05913993716239929], [-0.6869060397148132, 0.1172337457537651, 0.7172281742095947, 0.4388701617717743], [0.0, 0.0, 0.0, 1.0]]}, "finger4joint1": {"matrix": [[0.42565760016441345, -0.16245882213115692, 0.8901812434196472, -1.5359312295913696], [-0.7464446425437927, 0.4930446445941925, 0.446908175945282, 0.48291581869125366], [-0.5115035176277161, -0.8547008037567139, 0.08860179781913757, 0.48911887407302856], [0.0, 0.0, 0.0, 1.0]]}, "finger4joint2": {"matrix": [[0.43893179297447205, -0.5075060129165649, 0.7414690852165222, -1.6973111629486084], [-0.7261772155761719, 0.2856154143810272, 0.6253718733787537, 0.972686231136322], [-0.5291551947593689, -0.8129335045814514, -0.2431735098361969, -0.3599059581756592], [0.0, 0.0, 0.0, 1.0]]}, "finger4joint3": {"matrix": [[0.46870577335357666, -0.6598089337348938, 0.5873388051986694, -1.9089730978012085], [-0.7564763426780701, 0.043520692735910416, 0.6525709629058838, 1.0918058156967163], [-0.45613378286361694, -0.7501717805862427, -0.4787313640117645, -0.6989502906799316], [0.0, 0.0, 0.0, 1.0]]}}