{"root": {"matrix": [[0.42583808302879333, -0.543281078338623, 0.7235382199287415, 0.0], [0.4001145660877228, -0.6041587591171265, -0.6891302466392517, -5.960464477539063e-08], [0.8115234375, 0.582956075668335, -0.03989918529987335, 0.0], [0.0, 0.0, 0.0, 1.0]]}, "carpals": {"matrix": [[-0.76932692527771, -0.5788166522979736, 0.2703832685947418, 0.3499046266078949], [-0.30271077156066895, -0.042428772896528244, -0.9521375298500061, 0.3909646272659302], [0.562585175037384, -0.8143529295921326, -0.14257259666919708, 2.4103317260742188], [0.0, 0.0, 0.0, 1.0]]}, "metacarpals": {"matrix": [[-0.019699230790138245, -0.448809415102005, 0.8934102058410645, -0.21385931968688965], [-0.9969610571861267, -0.05854329094290733, -0.05139202997088432, 0.34963926672935486], [0.07536830753087997, -0.8917075395584106, -0.4462924599647522, 1.617156744003296], [0.0, 0.0, 0.0, 1.0]]}, "finger5joint1": {"matrix": [[0.019191822037100792, -0.6731433868408203, 0.7392627000808716, -0.8340445160865784], [-0.9987215399742126, 0.02167636901140213, 0.045665159821510315, 0.5123038291931152], [-0.04676379635930061, -0.739193856716156, -0.6718669533729553, 1.278652310371399], [0.0, 0.0, 0.0, 1.0]]}, "finger5joint2": {"matrix": [[0.7279974818229675, -0.6176280379295349, -0.29758140444755554, -1.5450671911239624], [0.0345551073551178, -0.40045011043548584, 0.9156665802001953, 0.5351999998092651], [-0.6847081780433655, -0.6768858432769775, -0.2701844274997711, 0.4978623390197754], [0.0, 0.0, 0.0, 1.0]]}, "finger5joint3": {"matrix": [[0.6824334263801575, -0.5822221040725708, -0.4419291913509369, -1.9695844650268555], [-0.05344386026263237, -0.6427236795425415, 0.7642313838005066, 0.25995659828186035], [-0.7289910316467285, -0.49791857600212097, -0.46973228454589844, 0.032614946365356445], [0.0, 0.0, 0.0, 1.0]]}, "Bone": {"matrix": [[0.3631953001022339, -0.23633231222629547, 0.9012413024902344, -0.914575457572937], [-0.09201917797327042, -0.971664547920227, -0.21771617233753204, 0.2582368850708008], [0.9271575808525085, -0.003858068725094199, -0.37465131282806396, 0.2249537706375122], [0.0, 0.0, 0.0, 1.0]]}, "finger1joint1": {"matrix": [[0.3374142646789551, -0.6885455846786499, 0.6419161558151245, -1.111248254776001], [-0.8502243757247925, -0.5156065821647644, -0.10615222156047821, -0.5503703355789185], [0.40406668186187744, -0.5099553465843201, -0.7593913674354553, 0.2217431217432022], [0.0, 0.0, 0.0, 1.0]]}, "finger1joint2": {"matrix": [[0.13965994119644165, -0.867645800113678, 0.47716426849365234, -1.5003992319107056], [-0.767051100730896, -0.3995414674282074, -0.5019951462745667, -0.8417800068855286], [0.626200795173645, -0.2959006130695343, -0.7213287353515625, -0.06647258996963501], [0.0, 0.0, 0.0, 1.0]]}, "finger1joint3": {"matrix": [[0.2190026044845581, -0.9750123023986816, 0.03726540133357048, -1.872344732284546], [-0.7987690567970276, -0.2010881006717682, -0.5670375823974609, -1.0130568742752075], [0.5603621602058411, 0.09441645443439484, -0.8228484392166138, -0.19332031905651093], [0.0, 0.0, 0.0, 1.0]]}, "Bone.001": {"matrix": [[0.36540624499320984, -0.030958298593759537, 0.9303330183029175, -0.9145753979682922], [-0.44030192494392395, -0.8863170742988586, 0.14344345033168793, 0.25823694467544556], [0.8201292157173157, -0.4620427191257477, -0.33749696612358093, 0.2249538004398346], [0.0, 0.0, 0.0, 1.0]]}, "finger2joint1": {"matrix": [[0.2594563663005829, -0.704626202583313, 0.6604422330856323, -0.934199333190918], [-0.8950616121292114, -0.43227294087409973, -0.10956510901451111, -0.3035849630832672], [0.3626936376094818, -0.5627091526985168, -0.742840051651001, -0.06792750954627991], [0.0, 0.0, 0.0, 1.0]]}, "finger2joint2": {"matrix": [[0.1325247436761856, -0.9828044772148132, -0.12857739627361298, -1.5438060760498047], [-0.9165142774581909, -0.07211225479841232, -0.3934479057788849, -0.6775654554367065], [0.37741029262542725, 0.1699848175048828, -0.9103111028671265, -0.5547547340393066], [0.0, 0.0, 0.0, 1.0]]}, "finger2joint3": {"matrix": [[0.029880154877901077, -0.6166725754737854, -0.7866522073745728, -1.9168946743011475], [-0.8798905611038208, 0.3571644723415375, -0.31341010332107544, -0.7049403786659241], [0.4742355942726135, 0.7015328407287598, -0.5319321751594543, -0.49022573232650757], [0.0, 0.0, 0.0, 1.0]]}, "Bone.002": {"matrix": [[0.22564181685447693, -0.16698357462882996, 0.9597927331924438, -0.9145753383636475], [-0.9357919096946716, -0.31109267473220825, 0.16587577760219574, 0.25823694467544556], [0.2708858251571655, -0.9355947375297546, -0.2264575958251953, 0.2249537706375122], [0.0, 0.0, 0.0, 1.0]]}, "finger3joint1": {"matrix": [[0.05252280831336975, -0.3175622522830963, 0.946781575679779, -0.9849606156349182], [-0.9758206605911255, -0.21775393187999725, -0.018903683871030807, 0.12710824608802795], [0.21216848492622375, -0.9228960275650024, -0.321321040391922, -0.16940879821777344], [0.0, 0.0, 0.0, 1.0]]}, "finger3joint2": {"matrix": [[-0.035120125859975815, -0.9792748689651489, 0.19946691393852234, -1.263520359992981], [-0.9964988827705383, 0.01916162297129631, -0.08138071000576019, -0.06390147656202316], [0.07587197422981262, -0.20162639021873474, -0.9765193462371826, -0.9789561033248901], [0.0, 0.0, 0.0, 1.0]]}, "finger3joint3": {"matrix": [[-0.11670516431331635, -0.9131718277931213, -0.39050862193107605, -1.897189974784851], [-0.9664267897605896, 0.19504131376743317, -0.1672668755054474, -0.05150236561894417], [0.2289087325334549, 0.35787728428840637, -0.905275821685791, -1.1094245910644531], [0.0, 0.0, 0.0, 1.0]]}, "Bone.003": {"matrix": [[0.5814070701599121, 0.2383512556552887, 0.7779167294502258, -0.9145753979682922], [-0.6954388618469238, 0.6418478488922119, 0.32310375571250916, 0.25823694467544556], [-0.4222921133041382, -0.7288483381271362, 0.5389334559440613, 0.2249538004398346], [0.0, 0.0, 0.0, 1.0]]}, "finger4joint1": {"matrix": [[-0.2491716891527176, -0.6210628747940063, 0.7430976033210754, -0.8124133944511414], [-0.9365364909172058, 0.3499041497707367, -0.02159334160387516, 0.5333454012870789], [-0.24660207331180573, -0.7013183832168579, -0.668834388256073, -0.08744478225708008], [0.0, 0.0, 0.0, 1.0]]}, "finger4joint2": {"matrix": [[-0.2489471137523651, -0.8612319231033325, 0.4430627226829529, -1.429351806640625], [-0.9285117387771606, 0.34234732389450073, 0.14374954998493195, 0.8809258341789246], [-0.27548298239707947, -0.37560272216796875, -0.8848904967308044, -0.7841057181358337], [0.0, 0.0, 0.0, 1.0]]}, "finger4joint3": {"matrix": [[-0.18294945359230042, -0.9670401215553284, 0.1770947426557541, -1.7885396480560303], [-0.9557592868804932, 0.21715147793293, 0.1984163224697113, 1.0237061977386475], [-0.2303328812122345, -0.13295957446098328, -0.9639855027198792, -0.9407556653022766], [0.0, 0.0, 0.0, 1.0]]}}