{"root": {"matrix": [[0.31052476167678833, -0.7919572591781616, -0.5257167816162109, 0.0], [-0.16197586059570312, 0.5008841753005981, -0.8502228260040283, 5.960464477539063e-08], [0.9366633296012878, 0.34916868805885315, 0.027258917689323425, 0.0], [0.0, 0.0, 0.0, 1.0]]}, "carpals": {"matrix": [[0.9182456135749817, -0.3959788382053375, 0.005057984963059425, -0.01383259892463684], [-0.08071455359458923, -0.17463642358779907, 0.981319010257721, 0.21955682337284088], [-0.3876982629299164, -0.9015002250671387, -0.19232018291950226, 2.456947088241577], [0.0, 0.0, 0.0, 1.0]]}, "metacarpals": {"matrix": [[0.13770893216133118, -0.4459317624568939, 0.8844099640846252, -0.3995136022567749], [-0.9611132144927979, 0.15563054382801056, 0.22812329232692719, 0.049462005496025085], [-0.23936884105205536, -0.8814327120780945, -0.40715914964675903, 1.5788912773132324], [0.0, 0.0, 0.0, 1.0]]}, "finger5joint1": {"matrix": [[-0.14757420122623444, -0.5713313817977905, 0.8073426485061646, -1.0419740676879883], [-0.6987586617469788, 0.6379234194755554, 0.3237125277519226, 0.21307551860809326], [-0.6999700665473938, -0.5163658857345581, -0.49336373805999756, 1.2853776216506958], [0.0, 0.0, 0.0, 1.0]]}, "finger5joint2": {"matrix": [[0.8745729327201843, -0.4708935618400574, -0.11567612737417221, -1.6454554796218872], [0.28475236892700195, 0.30566978454589844, 0.9085602164268494, 0.8868963718414307], [-0.39247652888298035, -0.8275411128997803, 0.40141886472702026, 0.7399546504020691], [0.0, 0.0, 0.0, 1.0]]}, "finger5joint3": {"matrix": [[0.831829309463501, -0.5141070485115051, -0.20917321741580963, -1.9691170454025269], [0.2615909278392792, 0.03075619414448738, 0.9646884202957153, 1.0969939231872559], [-0.4895198345184326, -0.8571739792823792, 0.16006994247436523, 0.17115665972232819], [0.0, 0.0, 0.0, 1.0]]}, "Bone": {"matrix": [[0.38543757796287537, -0.08124788850545883, 0.9191498756408691, -1.0957368612289429], [-0.32094791531562805, -0.9457231163978577, 0.05098996311426163, 0.29244446754455566], [0.8651183843612671, -0.3146529495716095, -0.390593558549881, 0.20273008942604065], [0.0, 0.0, 0.0, 1.0]]}, "finger1joint1": {"matrix": [[0.21632380783557892, -0.6871378421783447, 0.6935744285583496, -1.1633503437042236], [-0.9668778777122498, -0.05220843479037285, 0.24984249472618103, -0.494574636220932], [-0.135466068983078, -0.7246485948562622, -0.6756722331047058, -0.05912020802497864], [0.0, 0.0, 0.0, 1.0]]}, "finger1joint2": {"matrix": [[0.00858765933662653, -0.9967640042304993, -0.0799235850572586, -1.5517058372497559], [-0.995795488357544, -0.0012349783210083842, -0.09159549325704575, -0.5240817070007324], [0.09120013564825058, 0.08037415146827698, -0.9925835728645325, -0.4686759114265442], [0.0, 0.0, 0.0, 1.0]]}, "finger1joint3": {"matrix": [[0.037011899054050446, -0.6395273804664612, -0.7678768038749695, -1.9790021181106567], [-0.999232828617096, -0.03352740406990051, -0.020240074023604393, -0.5246111154556274], [-0.012801075354218483, 0.7680367231369019, -0.6402775645256042, -0.4342207908630371], [0.0, 0.0, 0.0, 1.0]]}, "Bone.001": {"matrix": [[0.44074952602386475, 0.10210378468036652, 0.891804039478302, -1.0957368612289429], [-0.6135729551315308, -0.6908989548683167, 0.38234344124794006, 0.29244452714920044], [0.6551851034164429, -0.7157047986984253, -0.24186518788337708, 0.20273011922836304], [0.0, 0.0, 0.0, 1.0]]}, "finger2joint1": {"matrix": [[0.6056357622146606, -0.5900105237960815, 0.5339407920837402, -1.031015157699585], [-0.7675047516822815, -0.6102821826934814, 0.19619302451610565, -0.14550501108169556], [0.21009841561317444, -0.5286237597465515, -0.8224446177482605, -0.25094345211982727], [0.0, 0.0, 0.0, 1.0]]}, "finger2joint2": {"matrix": [[0.49785345792770386, -0.714739203453064, 0.4912124276161194, -1.5414619445800781], [-0.8343817591667175, -0.5492202043533325, 0.046518731862306595, -0.673490047454834], [0.23653484880924225, -0.4330182671546936, -0.8697965145111084, -0.7082816958427429], [0.0, 0.0, 0.0, 1.0]]}, "finger2joint3": {"matrix": [[0.3666931688785553, -0.865888774394989, 0.34025371074676514, -1.8127886056900024], [-0.8926661014556885, -0.43049290776252747, -0.1335015892982483, -0.8819830417633057], [0.26207414269447327, -0.2547789514064789, -0.930808424949646, -0.8726626038551331], [0.0, 0.0, 0.0, 1.0]]}, "Bone.002": {"matrix": [[0.3730214834213257, -0.12863598763942719, 0.9188621640205383, -1.0957368612289429], [-0.9274668097496033, -0.02427179552614689, 0.37311670184135437, 0.29244449734687805], [-0.025694003328680992, -0.9913946390151978, -0.12835946679115295, 0.20273010432720184], [0.0, 0.0, 0.0, 1.0]]}, "finger3joint1": {"matrix": [[0.2746082842350006, -0.15798832476139069, 0.9484882354736328, -1.1499581336975098], [-0.9573977589607239, -0.13656334578990936, 0.2544406056404114, 0.2822136878967285], [0.08932986110448837, -0.9779518246650696, -0.18875904381275177, -0.21515274047851562], [0.0, 0.0, 0.0, 1.0]]}, "finger3joint2": {"matrix": [[0.20916812121868134, -0.9703578948974609, 0.12105449289083481, -1.2885427474975586], [-0.9760875701904297, -0.19968760013580322, 0.08589465171098709, 0.16242285072803497], [-0.05917566642165184, -0.13612611591815948, -0.9889224171638489, -1.0729939937591553], [0.0, 0.0, 0.0, 1.0]]}, "finger3joint3": {"matrix": [[0.13742753863334656, -0.8535085320472717, -0.5026299953460693, -1.9164422750473022], [-0.9853193163871765, -0.06590759009122849, -0.15748625993728638, 0.0332089364528656], [0.10128851979970932, 0.5168939828872681, -0.8500357866287231, -1.1610784530639648], [0.0, 0.0, 0.0, 1.0]]}, "Bone.003": {"matrix": [[0.6774863600730896, 0.12514734268188477, 0.7248106002807617, -1.0957368612289429], [-0.4307946264743805, 0.8662304282188416, 0.2531021535396576, 0.29244449734687805], [-0.5961779356002808, -0.48371756076812744, 0.6407721042633057, 0.20273007452487946], [0.0, 0.0, 0.0, 1.0]]}, "finger4joint1": {"matrix": [[0.024392303079366684, -0.3661823570728302, 0.930223286151886, -1.0420962572097778], [-0.889316201210022, 0.4170833230018616, 0.18750447034835815, 0.6637277007102966], [-0.4566415548324585, -0.8318361639976501, -0.31547820568084717, -0.004600644111633301], [0.0, 0.0, 0.0, 1.0]]}, "finger4joint2": {"matrix": [[0.033950041979551315, -0.8939668536186218, 0.44684502482414246, -1.4058468341827393], [-0.8757349848747253, 0.1888379156589508, 0.44432881474494934, 1.0780411958694458], [-0.48159661889076233, -0.40640270709991455, -0.7764669060707092, -0.8309125900268555], [0.0, 0.0, 0.0, 1.0]]}, "finger4joint3": {"matrix": [[0.10160402208566666, -0.9923256635665894, -0.07047168910503387, -1.7786871194839478], [-0.8948072791099548, -0.12211564183235168, 0.4294266104698181, 1.1567984819412231], [-0.43473681807518005, 0.01942715421319008, -0.9003475904464722, -1.0004080533981323], [0.0, 0.0, 0.0, 1.0]]}}