{"root": {"matrix": [[0.4414222240447998, -0.48723113536834717, 0.7534933686256409, -2.9802322387695312e-08], [0.671694815158844, -0.37736091017723083, -0.637514591217041, -2.9802322387695312e-08], [0.5949559807777405, 0.7875306606292725, 0.16069507598876953, 0.0], [0.0, 0.0, 0.0, 1.0]]}, "carpals": {"matrix": [[-0.7096289992332458, -0.6666139960289001, 0.22814936935901642, 0.43664252758026123], [-0.02939552813768387, -0.29551786184310913, -0.9548847675323486, 1.2213265895843506], [0.703961968421936, -0.6843205094337463, 0.19011251628398895, 2.0982589721679688], [0.0, 0.0, 0.0, 1.0]]}, "metacarpals": {"matrix": [[-0.1407369077205658, -0.39144232869148254, 0.9093765616416931, -0.21263551712036133], [-0.9128324389457703, -0.3043164014816284, -0.27226522564888, 0.9334940314292908], [0.3833143711090088, -0.8684262037277222, -0.3144928812980652, 1.4317348003387451], [0.0, 0.0, 0.0, 1.0]]}, "finger5joint1": {"matrix": [[0.03929843753576279, -0.6738881468772888, 0.7377873063087463, -0.7854130864143372], [-0.9025760889053345, -0.3407426178455353, -0.26315534114837646, 1.0320018529891968], [0.42873287200927734, -0.6555675268173218, -0.6216261386871338, 0.9982641935348511], [0.0, 0.0, 0.0, 1.0]]}, "finger5joint2": {"matrix": [[0.7291666865348816, -0.6449038982391357, -0.22894151508808136, -1.4972225427627563], [-0.26553651690483093, -0.5749630331993103, 0.773891031742096, 0.6720848083496094], [-0.6307185888290405, -0.5035032033920288, -0.5904896855354309, 0.30580639839172363], [0.0, 0.0, 0.0, 1.0]]}, "finger5joint3": {"matrix": [[0.6772705316543579, -0.6580047607421875, -0.329140841960907, -1.9404876232147217], [-0.360254168510437, -0.6866559982299805, 0.6314427256584167, 0.2768925428390503], [-0.6414991617202759, -0.30908310413360596, -0.7021010518074036, -0.04026901721954346], [0.0, 0.0, 0.0, 1.0]]}, "Bone": {"matrix": [[0.2866785526275635, -0.34711217880249023, 0.8929323554039001, -0.8237855434417725], [0.18158750236034393, -0.8954700231552124, -0.40639790892601013, 0.4583716094493866], [0.9406598806381226, 0.2786509692668915, -0.193681001663208, 0.07588039338588715], [0.0, 0.0, 0.0, 1.0]]}, "finger1joint1": {"matrix": [[0.04258591681718826, -0.64003586769104, 0.7671638131141663, -1.1126480102539062], [-0.8133888244628906, -0.46809640526771545, -0.34537559747695923, -0.2868274450302124], [0.5801593661308289, -0.6092941761016846, -0.5405324697494507, 0.3077702522277832], [0.0, 0.0, 0.0, 1.0]]}, "finger1joint2": {"matrix": [[-0.18021260201931, -0.9081076979637146, 0.3779730200767517, -1.4743825197219849], [-0.6600888967514038, -0.1732378751039505, -0.7309385538101196, -0.5513854026794434], [0.7292502522468567, -0.3812199831008911, -0.5682122707366943, -0.036589622497558594], [0.0, 0.0, 0.0, 1.0]]}, "finger1joint3": {"matrix": [[-0.10756990313529968, -0.9617823362350464, -0.2518000304698944, -1.863673210144043], [-0.7239173054695129, 0.24937008321285248, -0.6432404518127441, -0.625649631023407], [0.681448757648468, 0.11308927834033966, -0.7230755090713501, -0.20001234114170074], [0.0, 0.0, 0.0, 1.0]]}, "Bone.001": {"matrix": [[0.255511611700058, -0.10278153419494629, 0.9613268971443176, -0.823785662651062], [-0.18132933974266052, -0.9817821979522705, -0.056772999465465546, 0.458371639251709], [0.949648916721344, -0.15981069207191467, -0.2694942355155945, 0.07588039338588715], [0.0, 0.0, 0.0, 1.0]]}, "finger2joint1": {"matrix": [[0.4110710620880127, -0.6301149129867554, 0.6587681174278259, -0.8889371156692505], [-0.5191580653190613, -0.7558273673057556, -0.3989982306957245, -0.16396403312683105], [0.749329686164856, -0.1779881715774536, -0.6378282308578491, -0.02542099356651306], [0.0, 0.0, 0.0, 1.0]]}, "finger2joint2": {"matrix": [[0.28975963592529297, -0.848214328289032, 0.4433637261390686, -1.4340803623199463], [-0.5462784171104431, -0.5269395112991333, -0.6510871052742004, -0.8178672790527344], [0.7858874201774597, -0.053541164845228195, -0.6160471439361572, -0.1794072687625885], [0.0, 0.0, 0.0, 1.0]]}, "finger2joint3": {"matrix": [[0.14977677166461945, -0.9861570000648499, 0.07113958895206451, -1.756076455116272], [-0.5427355766296387, -0.14214523136615753, -0.8277877569198608, -1.017902135848999], [0.8264409303665161, 0.08537354320287704, -0.5565126538276672, -0.19973239302635193], [0.0, 0.0, 0.0, 1.0]]}, "Bone.002": {"matrix": [[0.09631924331188202, -0.13864214718341827, 0.9856473803520203, -0.8237856030464172], [-0.8136147856712341, -0.5813997983932495, -0.00227249669842422, 0.45837166905403137], [0.5733702778816223, -0.8017184138298035, -0.1688014715909958, 0.07588040828704834], [0.0, 0.0, 0.0, 1.0]]}, "finger3joint1": {"matrix": [[-0.06061507388949394, -0.4517258107662201, 0.8900951743125916, -0.8822246193885803], [-0.846869170665741, -0.44872909784317017, -0.2854028344154358, 0.21330581605434418], [0.5283355116844177, -0.7710937261581421, -0.35535305738449097, -0.2620519995689392], [0.0, 0.0, 0.0, 1.0]]}, "finger3joint2": {"matrix": [[-0.16576366126537323, -0.9750543236732483, 0.1476185917854309, -1.2784702777862549], [-0.895452082157135, 0.08610917627811432, -0.43675023317337036, -0.18031106889247894], [0.41314399242401123, -0.20458249747753143, -0.887388288974762, -0.9384411573410034], [0.0, 0.0, 0.0, 1.0]]}, "finger3joint3": {"matrix": [[-0.23639655113220215, -0.8755035400390625, -0.421438068151474, -1.909408688545227], [-0.8038632273674011, 0.41986578702926636, -0.421327143907547, -0.12459152936935425], [0.545820951461792, 0.23917843401432037, -0.8030398488044739, -1.0708224773406982], [0.0, 0.0, 0.0, 1.0]]}, "Bone.003": {"matrix": [[0.5235687494277954, 0.3600785434246063, 0.7721522450447083, -0.8237855434417725], [-0.8434243202209473, 0.3471977412700653, 0.4099866449832916, 0.458371639251709], [-0.12046220898628235, -0.8659082651138306, 0.48548078536987305, 0.07588040828704834], [0.0, 0.0, 0.0, 1.0]]}, "finger4joint1": {"matrix": [[-0.3706607520580292, -0.753912627696991, 0.5424259901046753, -0.669448971748352], [-0.9233452081680298, 0.23610153794288635, -0.3028026223182678, 0.6071873307228088], [0.1002192422747612, -0.6130834817886353, -0.7836353778839111, -0.29526466131210327], [0.0, 0.0, 0.0, 1.0]]}, "finger4joint2": {"matrix": [[-0.3773019313812256, -0.9032917022705078, 0.20422282814979553, -1.4183547496795654], [-0.9233652353286743, 0.3500271141529083, -0.1577250212430954, 0.8417209386825562], [0.07098829001188278, -0.24808214604854584, -0.9661343097686768, -0.9042766690254211], [0.0, 0.0, 0.0, 1.0]]}, "finger4joint3": {"matrix": [[-0.3038560748100281, -0.9502415060997009, -0.068644680082798, -1.7950842380523682], [-0.9468594193458557, 0.30918088555336, -0.08867906779050827, 0.9877042174339294], [0.10549027472734451, 0.03805135563015938, -0.9936918616294861, -1.0077425241470337], [0.0, 0.0, 0.0, 1.0]]}}