{"root": {"matrix": [[0.5938377380371094, -0.8035776019096375, -0.0402459055185318, 0.0], [-0.674466609954834, -0.5244519710540771, 0.5196584463119507, 0.0], [-0.43869298696517944, -0.2814483344554901, -0.8534256219863892, 0.0], [0.0, 0.0, 0.0, 1.0]]}, "carpals": {"matrix": [[-0.5589796900749207, -0.5382406115531921, -0.6307443976402283, 0.5609184503555298], [-0.3650001585483551, 0.8427425622940063, -0.39567628502845764, -2.0970540046691895], [0.7445241808891296, 0.009046720340847969, -0.6675339341163635, -1.1716315746307373], [0.0, 0.0, 0.0, 1.0]]}, "metacarpals": {"matrix": [[-0.5819819569587708, -0.7972230911254883, -0.16041235625743866, 0.036675333976745605], [-0.6897405982017517, 0.5884163975715637, -0.4219287633895874, -1.2762279510498047], [0.43076062202453613, -0.13491211831569672, -0.8923248648643494, -1.1628199815750122], [0.0, 0.0, 0.0, 1.0]]}, "finger5joint1": {"matrix": [[-0.40551966428756714, -0.9022520184516907, -0.14661085605621338, -0.25016915798187256], [-0.8194606900215149, 0.42990031838417053, -0.3790379464626312, -0.6458431482315063], [0.40501585602760315, -0.03356561064720154, -0.9136931300163269, -0.9483205080032349], [0.0, 0.0, 0.0, 1.0]]}, "finger5joint2": {"matrix": [[0.16995616257190704, -0.9649566411972046, -0.19993187487125397, -1.203192949295044], [-0.353414922952652, -0.24907177686691284, 0.9016988277435303, -0.19175133109092712], [-0.9198979139328003, -0.0825905054807663, -0.3833615779876709, -0.9837749004364014], [0.0, 0.0, 0.0, 1.0]]}, "finger5joint3": {"matrix": [[0.08987825363874435, -0.8844860196113586, -0.457827091217041, -1.8664414882659912], [-0.42422759532928467, -0.44989973306655884, 0.7858885526657104, -0.36294710636138916], [-0.9010838866233826, 0.12358856946229935, -0.4156598150730133, -1.0405422449111938], [0.0, 0.0, 0.0, 1.0]]}, "Bone": {"matrix": [[0.7084357738494873, -0.6733821034431458, -0.21136480569839478, -1.2080111503601074], [-0.6500770449638367, -0.5059712529182434, -0.5669150948524475, -0.35754653811454773], [0.27480605244636536, 0.5390263795852661, -0.7961983680725098, -1.373455286026001], [0.0, 0.0, 0.0, 1.0]]}, "finger1joint1": {"matrix": [[0.16026367247104645, -0.937889039516449, -0.3077002763748169, -1.7683913707733154], [-0.9683386087417603, -0.08893977850675583, -0.23325930535793304, -0.7786095142364502], [0.1914045810699463, 0.33534103631973267, -0.9224480390548706, -0.9248842000961304], [0.0, 0.0, 0.0, 1.0]]}, "finger1joint2": {"matrix": [[0.2650613486766815, -0.3779259920120239, -0.8870818614959717, -2.2984659671783447], [-0.8493679761886597, 0.3439607620239258, -0.400331050157547, -0.8288764357566833], [0.45641693472862244, 0.8595712184906006, -0.22982753813266754, -0.7353566884994507], [0.0, 0.0, 0.0, 1.0]]}, "finger1joint3": {"matrix": [[0.1875467747449875, 0.7068694829940796, -0.6820275187492371, -2.460476875305176], [-0.8975880146026611, 0.4053474962711334, 0.17328917980194092, -0.6814261078834534], [0.39895108342170715, 0.5796799063682556, 0.7104991674423218, -0.3668726682662964], [0.0, 0.0, 0.0, 1.0]]}, "Bone.001": {"matrix": [[0.40867769718170166, -0.9111940860748291, 0.05203447490930557, -1.2080111503601074], [-0.8449462652206421, -0.3992866575717926, -0.3558591306209564, -0.35754650831222534], [0.3450334668159485, 0.10146529227495193, -0.9330896735191345, -1.373455286026001], [0.0, 0.0, 0.0, 1.0]]}, "finger2joint1": {"matrix": [[-0.4743994474411011, -0.38108229637145996, -0.793549656867981, -1.7856022119522095], [-0.7482328414916992, 0.6494686007499695, 0.1354171633720398, -0.6106478571891785], [0.4637805223464966, 0.6580018401145935, -0.5932459831237793, -1.3091380596160889], [0.0, 0.0, 0.0, 1.0]]}, "finger2joint2": {"matrix": [[-0.43154510855674744, -0.22138693928718567, -0.874503493309021, -2.115295171737671], [-0.695733904838562, 0.6987519860267639, 0.16643263399600983, -0.04876077175140381], [0.5742151141166687, 0.6802448630332947, -0.45556947588920593, -0.7398685216903687], [0.0, 0.0, 0.0, 1.0]]}, "finger2joint3": {"matrix": [[-0.37421247363090515, 0.03892452269792557, -0.9265255331993103, -2.1993374824523926], [-0.6230670809745789, 0.7294498085975647, 0.2822943329811096, 0.21649688482284546], [0.686842143535614, 0.6829256415367126, -0.24871672689914703, -0.4816364049911499], [0.0, 0.0, 0.0, 1.0]]}, "Bone.002": {"matrix": [[-0.34328359365463257, -0.9263613224029541, 0.15495403110980988, -1.2080111503601074], [-0.8783336281776428, 0.2581874132156372, -0.4023297131061554, -0.3575465679168701], [0.33269554376602173, -0.27421462535858154, -0.9022858738899231, -1.3734551668167114], [0.0, 0.0, 0.0, 1.0]]}, "finger3joint1": {"matrix": [[0.06102485954761505, -0.9479191303253174, 0.312610000371933, -1.5984816551208496], [-0.8571202754974365, -0.21026122570037842, -0.4702500104904175, -0.24871797859668732], [0.5114888548851013, -0.23924745619297028, -0.8253118395805359, -1.4890395402908325], [0.0, 0.0, 0.0, 1.0]]}, "finger3joint2": {"matrix": [[-0.101803719997406, -0.04438566789031029, -0.993813693523407, -2.429978847503662], [-0.8606885075569153, 0.5048857927322388, 0.06561736762523651, -0.43315520882606506], [0.4988499879837036, 0.8620441555976868, -0.08960159868001938, -1.6989030838012695], [0.0, 0.0, 0.0, 1.0]]}, "finger3joint3": {"matrix": [[0.06469494104385376, 0.8126038312911987, -0.5792142748832703, -2.458700180053711], [-0.8333411812782288, 0.36329612135887146, 0.4166035056114197, -0.10645359009504318], [0.5489599704742432, 0.4557311236858368, 0.7006796598434448, -1.1410911083221436], [0.0, 0.0, 0.0, 1.0]]}, "Bone.003": {"matrix": [[-0.6222360730171204, -0.0768280103802681, 0.7790504097938538, -1.2080111503601074], [-0.6701366305351257, 0.5666835904121399, -0.47936055064201355, -0.3575465679168701], [-0.40464678406715393, -0.8203456997871399, -0.40409621596336365, -1.373455286026001], [0.0, 0.0, 0.0, 1.0]]}, "finger4joint1": {"matrix": [[-0.585949718952179, -0.6857721209526062, -0.43171632289886475, -1.2409412860870361], [-0.6841698288917542, 0.7041547298431396, -0.18994101881980896, -0.11465495824813843], [0.43425142765045166, 0.1840713769197464, -0.8817840218544006, -1.7250714302062988], [0.0, 0.0, 0.0, 1.0]]}, "finger4joint2": {"matrix": [[-0.6097429990768433, -0.39601513743400574, -0.6865748167037964, -1.92215895652771], [-0.6713887453079224, 0.7184459567070007, 0.18185794353485107, 0.584823489189148], [0.4212484061717987, 0.5718452334403992, -0.7039477229118347, -1.542222499847412], [0.0, 0.0, 0.0, 1.0]]}, "finger4joint3": {"matrix": [[-0.5646044015884399, -0.20426639914512634, -0.7996852397918701, -2.087322235107422], [-0.7313748002052307, 0.5728463530540466, 0.3700508177280426, 0.8844606280326843], [0.382507860660553, 0.7938022017478943, -0.47282707691192627, -1.3037270307540894], [0.0, 0.0, 0.0, 1.0]]}}