{"root": {"matrix": [[0.3361836373806, -0.8502377271652222, 0.4050634503364563, 0.0], [0.4424389898777008, -0.23710250854492188, -0.8648873567581177, 0.0], [0.8314014077186584, 0.46997684240341187, 0.29646825790405273, 0.0], [0.0, 0.0, 0.0, 1.0]]}, "carpals": {"matrix": [[-0.4026395082473755, -0.38632717728614807, -0.8298388123512268, -0.11749574542045593], [0.8916774988174438, -0.37041568756103516, -0.2601986229419708, 0.8657206296920776], [-0.2068633884191513, -0.844714879989624, 0.4936233162879944, 2.306882858276367], [0.0, 0.0, 0.0, 1.0]]}, "metacarpals": {"matrix": [[-0.36646807193756104, -0.6694967150688171, -0.6461230516433716, -0.49377620220184326], [0.9211653470993042, -0.3588254749774933, -0.1506604254245758, 0.5049379467964172], [-0.13097864389419556, -0.6503983736038208, 0.7482153177261353, 1.484135627746582], [0.0, 0.0, 0.0, 1.0]]}, "finger5joint1": {"matrix": [[-0.2546536922454834, -0.7667679190635681, -0.5892521739006042, -0.5457408428192139], [0.9670316576957703, -0.2012304663658142, -0.15606404840946198, 0.2005111277103424], [0.001089539029635489, -0.6095677018165588, 0.7927330136299133, 0.8281639814376831], [0.0, 0.0, 0.0, 1.0]]}, "finger5joint2": {"matrix": [[-0.4501800835132599, -0.8327720165252686, -0.3222235441207886, -1.3556565046310425], [-0.19651789963245392, 0.44441038370132446, -0.87400221824646, -0.012042999267578125], [0.8710442185401917, -0.33013543486595154, -0.3637193739414215, 0.18429449200630188], [0.0, 0.0, 0.0, 1.0]]}, "finger5joint3": {"matrix": [[-0.5075322985649109, -0.6551036238670349, -0.5596869587898254, -1.9280498027801514], [-0.10575475543737411, 0.6920165419578552, -0.714093029499054, 0.2934158146381378], [0.8551177382469177, -0.3032354712486267, -0.42050105333328247, -0.04261918365955353], [0.0, 0.0, 0.0, 1.0]]}, "Bone": {"matrix": [[0.6570719480514526, -0.3649546504020691, -0.6595939993858337, -1.539046287536621], [0.5082457065582275, 0.8606864809989929, 0.030082974582910538, -0.05528825521469116], [0.5567246675491333, -0.35500240325927734, 0.7510196566581726, 0.4686831831932068], [0.0, 0.0, 0.0, 1.0]]}, "finger1joint1": {"matrix": [[-0.039653874933719635, -0.5170759558677673, -0.85502028465271, -1.842757225036621], [0.9057173728942871, 0.3428065776824951, -0.2493182271718979, 0.6609643697738647], [0.42202308773994446, -0.7842931151390076, 0.45473119616508484, 0.17325454950332642], [0.0, 0.0, 0.0, 1.0]]}, "finger1joint2": {"matrix": [[0.23289598524570465, -0.2427559345960617, -0.9417158961296082, -2.1349971294403076], [0.9315797090530396, 0.33363497257232666, 0.1443846970796585, 0.8547112941741943], [0.27913910150527954, -0.9109099507331848, 0.30384886264801025, -0.27001091837882996], [0.0, 0.0, 0.0, 1.0]]}, "finger1joint3": {"matrix": [[0.14507660269737244, 0.200275719165802, -0.9689387083053589, -2.239062786102295], [0.9285420179367065, 0.3106508255004883, 0.20323842763900757, 0.9977351427078247], [0.3417053520679474, -0.9291853308677673, -0.14089609682559967, -0.6605030298233032], [0.0, 0.0, 0.0, 1.0]]}, "Bone.001": {"matrix": [[0.41221168637275696, -0.77595454454422, -0.4774680435657501, -1.539046287536621], [0.769229531288147, 0.5772416591644287, -0.27400338649749756, -0.05528831481933594], [0.4882286489009857, -0.2543350160121918, 0.8348329663276672, 0.4686831831932068], [0.0, 0.0, 0.0, 1.0]]}, "finger2joint1": {"matrix": [[-0.26543354988098145, -0.6506059765815735, -0.7115170955657959, -2.030911445617676], [0.9619615077972412, -0.22817328572273254, -0.1502225548028946, 0.31061574816703796], [-0.06461338698863983, -0.7243260741233826, 0.6864228844642639, 0.3074643909931183], [0.0, 0.0, 0.0, 1.0]]}, "finger2joint2": {"matrix": [[-0.2562876045703888, 0.1028534397482872, -0.9611126780509949, -2.593782424926758], [0.9471350908279419, -0.1718209981918335, -0.2709476947784424, 0.11321188509464264], [-0.19300715625286102, -0.979744017124176, -0.053380366414785385, -0.3191855549812317], [0.0, 0.0, 0.0, 1.0]]}, "finger2joint3": {"matrix": [[-0.15588900446891785, 0.7644173502922058, -0.6255912184715271, -2.5547375679016113], [0.9415730834007263, -0.07643257081508636, -0.32802122831344604, 0.047985807061195374], [-0.29856058955192566, -0.6401748657226562, -0.7078397870063782, -0.6911125183105469], [0.0, 0.0, 0.0, 1.0]]}, "Bone.002": {"matrix": [[-0.23812219500541687, -0.8936631679534912, -0.3803468942642212, -1.539046287536621], [0.9580634832382202, -0.15185552835464478, -0.24301090836524963, -0.05528827756643295], [0.1594122350215912, -0.422262579202652, 0.892346203327179, 0.4686831831932068], [0.0, 0.0, 0.0, 1.0]]}, "finger3joint1": {"matrix": [[0.1659337431192398, -0.9855637550354004, 0.033613115549087524, -1.9157342910766602], [0.9768507480621338, 0.15960904955863953, -0.14243535697460175, -0.11929690092802048], [0.13501422107219696, 0.05647001042962074, 0.9892330169677734, 0.29069527983665466], [0.0, 0.0, 0.0, 1.0]]}, "finger3joint2": {"matrix": [[0.00657602958381176, 0.4299284517765045, -0.9028388857841492, -2.780252695083618], [0.9945799708366394, 0.09087654203176498, 0.05051939934492111, 0.02070920541882515], [0.10376668721437454, -0.898277759552002, -0.42700034379959106, 0.34022971987724304], [0.0, 0.0, 0.0, 1.0]]}, "finger3joint3": {"matrix": [[0.1796298325061798, 0.9456936120986938, 0.270917683839798, -2.5020546913146973], [0.975186824798584, -0.20740844309329987, 0.0774114802479744, 0.07951363176107407], [0.1293981969356537, 0.25028958916664124, -0.9594847559928894, -0.2410281002521515], [0.0, 0.0, 0.0, 1.0]]}, "Bone.003": {"matrix": [[-0.8233688473701477, -0.4084363877773285, 0.39400923252105713, -1.5390464067459106], [0.43066513538360596, -0.901837170124054, -0.03488972783088684, -0.05528828501701355], [0.36958253383636475, 0.14095892012119293, 0.9184438586235046, 0.4686831533908844], [0.0, 0.0, 0.0, 1.0]]}, "finger4joint1": {"matrix": [[-0.4420989453792572, -0.4827590882778168, -0.7559707164764404, -1.714110016822815], [0.8661308884620667, -0.4488500952720642, -0.21988821029663086, -0.44183316826820374], [-0.23316432535648346, -0.7519819140434265, 0.6165688633918762, 0.5291008949279785], [0.0, 0.0, 0.0, 1.0]]}, "finger4joint2": {"matrix": [[-0.46756455302238464, -0.13780710101127625, -0.873150646686554, -2.1936633586883545], [0.8512065410614014, -0.3365803062915802, -0.40269210934638977, -0.887702465057373], [-0.23839129507541656, -0.931516170501709, 0.27467548847198486, -0.21788716316223145], [0.0, 0.0, 0.0, 1.0]]}, "finger4joint3": {"matrix": [[-0.441667765378952, 0.07681010663509369, -0.8938843607902527, -2.2511374950408936], [0.8820385336875916, -0.14508941769599915, -0.4482820928096771, -1.0280776023864746], [-0.16412557661533356, -0.9864323735237122, -0.0036679920740425587, -0.6063878536224365], [0.0, 0.0, 0.0, 1.0]]}}