{"root": {"matrix": [[0.2261589765548706, -0.69576495885849, 0.6817354559898376, 5.960464477539063e-08], [0.6961731910705566, -0.3740665018558502, -0.6127129793167114, 2.9802322387695312e-08], [0.6813186407089233, 0.6131764650344849, 0.39977434277534485, 0.0], [0.0, 0.0, 0.0, 1.0]]}, "carpals": {"matrix": [[-0.9589259028434753, -0.24317896366119385, 0.146030455827713, -0.2462184578180313], [-0.10712598264217377, -0.16621826589107513, -0.9802526831626892, 1.2771202325820923], [0.26264986395835876, -0.9556333422660828, 0.13334017992019653, 2.0960264205932617], [0.0, 0.0, 0.0, 1.0]]}, "metacarpals": {"matrix": [[-0.2516392469406128, -0.24008561670780182, 0.9375693798065186, -0.48307332396507263], [-0.8645616173744202, -0.37963414192199707, -0.3292582035064697, 1.1152245998382568], [0.4349835216999054, -0.8934407830238342, -0.11203807592391968, 1.1652451753616333], [0.0, 0.0, 0.0, 1.0]]}, "finger5joint1": {"matrix": [[-0.14387312531471252, -0.555828869342804, 0.8187518119812012, -0.9616143107414246], [-0.9109171628952026, -0.24891167879104614, -0.3290482759475708, 1.1857260465621948], [0.38669148087501526, -0.7931562066078186, -0.47050246596336365, 0.6251500248908997], [0.0, 0.0, 0.0, 1.0]]}, "finger5joint2": {"matrix": [[0.824752926826477, -0.5564624071121216, 0.1006564125418663, -1.5487209558486938], [-0.30623793601989746, -0.2898673415184021, 0.9067495465278625, 0.922807514667511], [-0.4753952622413635, -0.7786691188812256, -0.4094790518283844, -0.21263885498046875], [0.0, 0.0, 0.0, 1.0]]}, "finger5joint3": {"matrix": [[0.7624043822288513, -0.6467576026916504, 0.021062016487121582, -1.931196928024292], [-0.38141506910324097, -0.4228460490703583, 0.822023868560791, 0.7235715389251709], [-0.522744357585907, -0.6347479820251465, -0.5690630078315735, -0.7478455305099487], [0.0, 0.0, 0.0, 1.0]]}, "Bone": {"matrix": [[0.1181725561618805, -0.43434029817581177, 0.8929633498191833, -0.8579135537147522], [0.26800426840782166, -0.851941704750061, -0.44985431432724, 0.522510290145874], [0.9561425447463989, 0.29247844219207764, 0.015728812664747238, -0.2296639382839203], [0.0, 0.0, 0.0, 1.0]]}, "finger1joint1": {"matrix": [[-0.09566158801317215, -0.7418367862701416, 0.6637219786643982, -1.219366192817688], [-0.7575209736824036, -0.37831181287765503, -0.5320168733596802, -0.1864650696516037], [0.6457635164260864, -0.5536767840385437, -0.5257670283317566, 0.013732969760894775], [0.0, 0.0, 0.0, 1.0]]}, "finger1joint2": {"matrix": [[-0.2783382534980774, -0.9366165995597839, -0.21278417110443115, -1.6386363506317139], [-0.5518564581871033, 0.33726951479911804, -0.7626949548721313, -0.4002787470817566], [0.7861183285713196, -0.0948607325553894, -0.6107528209686279, -0.2991931140422821], [0.0, 0.0, 0.0, 1.0]]}, "finger1joint3": {"matrix": [[-0.2639065086841583, -0.43074285984039307, -0.863025963306427, -2.0401482582092285], [-0.6382596492767334, 0.7488241791725159, -0.17856910824775696, -0.2556968331336975], [0.723172128200531, 0.503709077835083, -0.47254517674446106, -0.33985835313796997], [0.0, 0.0, 0.0, 1.0]]}, "Bone.001": {"matrix": [[0.06868510693311691, -0.11834854632616043, 0.9905936121940613, -0.857913613319397], [-0.09104741364717484, -0.9895384907722473, -0.11190957576036453, 0.5225103497505188], [0.9934748411178589, -0.082504503428936, -0.07874199002981186, -0.22966396808624268], [0.0, 0.0, 0.0, 1.0]]}, "finger2joint1": {"matrix": [[-0.24035745859146118, -0.9540978074073792, 0.17867687344551086, -0.9329328536987305], [-0.8030328154563904, 0.09203758090734482, -0.5887844562530518, -0.10474195331335068], [0.5453129410743713, -0.2850020229816437, -0.7882938385009766, -0.28196215629577637], [0.0, 0.0, 0.0, 1.0]]}, "finger2joint2": {"matrix": [[-0.3411324620246887, -0.7718247771263123, -0.536577045917511, -1.7583694458007812], [-0.7335578203201294, 0.5755218267440796, -0.3614794909954071, -0.0251157283782959], [0.5878106951713562, 0.27029797434806824, -0.7625071406364441, -0.5285313725471497], [0.0, 0.0, 0.0, 1.0]]}, "finger2joint3": {"matrix": [[-0.3780890703201294, -0.2746826112270355, -0.8840802311897278, -2.0513668060302734], [-0.6274527311325073, 0.7782016396522522, 0.026552587747573853, 0.19336175918579102], [0.6806991696357727, 0.5647578239440918, -0.466579794883728, -0.42592179775238037], [0.0, 0.0, 0.0, 1.0]]}, "Bone.002": {"matrix": [[-0.048883579671382904, -0.01719284988939762, 0.9986564517021179, -0.8579135537147522], [-0.7534554600715637, -0.6557319760322571, -0.04817032814025879, 0.522510290145874], [0.6556791663169861, -0.7547977566719055, 0.019100338220596313, -0.2296639382839203], [0.0, 0.0, 0.0, 1.0]]}, "finger3joint1": {"matrix": [[-0.06424183398485184, -0.5130864381790161, 0.855929434299469, -0.8651605844497681], [-0.6300257444381714, -0.6443068981170654, -0.43351611495018005, 0.24611270427703857], [0.7739124894142151, -0.5671072006225586, -0.28186625242233276, -0.5478187799453735], [0.0, 0.0, 0.0, 1.0]]}, "finger3joint2": {"matrix": [[-0.1777191311120987, -0.977608323097229, -0.11268433183431625, -1.3152306079864502], [-0.7066814303398132, 0.20647165179252625, -0.6767354607582092, -0.31906139850616455], [0.6848483681678772, -0.040636759251356125, -0.7275514602661133, -1.0452746152877808], [0.0, 0.0, 0.0, 1.0]]}, "finger3joint3": {"matrix": [[-0.20451992750167847, -0.7573458552360535, -0.6201602816581726, -1.9478216171264648], [-0.5716881155967712, 0.606688916683197, -0.5523597002029419, -0.18545766174793243], [0.7945716977119446, 0.24156975746154785, -0.5570453405380249, -1.0715700387954712], [0.0, 0.0, 0.0, 1.0]]}, "Bone.003": {"matrix": [[0.49610471725463867, 0.5283927321434021, 0.6889711618423462, -0.857913613319397], [-0.8662031292915344, 0.24657273292541504, 0.43461930751800537, 0.522510290145874], [0.05976812541484833, -0.8124056458473206, 0.5800212025642395, -0.2296639382839203], [0.0, 0.0, 0.0, 1.0]]}, "finger4joint1": {"matrix": [[-0.3703482151031494, -0.8194661140441895, 0.4373982548713684, -0.6314342021942139], [-0.885250985622406, 0.16873259842395782, -0.4334277808666229, 0.628196120262146], [0.2813761830329895, -0.5477263927459717, -0.7879230380058289, -0.5778766870498657], [0.0, 0.0, 0.0, 1.0]]}, "finger4joint2": {"matrix": [[-0.3805203139781952, -0.9193934202194214, -0.09959776699542999, -1.445458173751831], [-0.8893548846244812, 0.3933388888835907, -0.23309217393398285, 0.7958081960678101], [0.2534792125225067, -0.00011846651614177972, -0.9673405885696411, -1.1219658851623535], [0.0, 0.0, 0.0, 1.0]]}, "finger4joint3": {"matrix": [[-0.30128002166748047, -0.8641446232795715, -0.4030931890010834, -1.8289031982421875], [-0.9154682159423828, 0.38038888573646545, -0.13123168051242828, 0.959855318069458], [0.2667354345321655, 0.32948166131973267, -0.9057006239891052, -1.122015118598938], [0.0, 0.0, 0.0, 1.0]]}}