{"root": {"matrix": [[0.35601627826690674, -0.425956130027771, 0.8317534327507019, 0.0], [0.9238635897636414, 0.02665318176150322, -0.38179269433021545, -1.862645149230957e-09], [0.1404581367969513, 0.9043511152267456, 0.40301430225372314, 5.960464477539063e-08], [0.0, 0.0, 0.0, 1.0]]}, "carpals": {"matrix": [[-0.8085475564002991, -0.5784357190132141, 0.10799355804920197, 0.2946776747703552], [0.25006192922592163, -0.5038987994194031, -0.8267737627029419, 2.1583054065704346], [0.5326533913612366, -0.6414809226989746, 0.5520709753036499, 1.1575266122817993], [0.0, 0.0, 0.0, 1.0]]}, "metacarpals": {"matrix": [[-0.3408307433128357, -0.4112192392349243, 0.8454187512397766, -0.2687152028083801], [-0.5052722096443176, -0.6782177686691284, -0.5335919857025146, 1.6675111055374146], [0.7928014397621155, -0.6090312004089355, 0.02337975986301899, 0.5327279567718506], [0.0, 0.0, 0.0, 1.0]]}, "finger5joint1": {"matrix": [[0.01579505018889904, -0.6561129689216614, 0.754497230052948, -0.7913591861724854], [-0.21830232441425323, -0.7386496663093567, -0.6377620697021484, 1.5886332988739014], [0.9757532477378845, -0.1546349823474884, -0.15489807724952698, 0.036445483565330505], [0.0, 0.0, 0.0, 1.0]]}, "finger5joint2": {"matrix": [[0.7622300386428833, -0.6435589790344238, -0.06954552978277206, -1.4843931198120117], [-0.6225665211677551, -0.7582734823226929, 0.19347235560417175, 0.8084182143211365], [-0.17724554240703583, -0.10417379438877106, -0.9786375761032104, -0.12689116597175598], [0.0, 0.0, 0.0, 1.0]]}, "finger5joint3": {"matrix": [[0.7014892101287842, -0.6933391094207764, -0.16490337252616882, -1.9267337322235107], [-0.700339674949646, -0.7135075330734253, 0.020752737298607826, 0.2872302532196045], [-0.1320485770702362, 0.1009305864572525, -0.986091136932373, -0.19849348068237305], [0.0, 0.0, 0.0, 1.0]]}, "Bone": {"matrix": [[0.28064826130867004, -0.5349093079566956, 0.7969368100166321, -0.9107425212860107], [0.6346995830535889, -0.51941978931427, -0.5721532106399536, 0.6086249351501465], [0.719994843006134, 0.6663894653320312, 0.19373244047164917, -0.4181388020515442], [0.0, 0.0, 0.0, 1.0]]}, "finger1joint1": {"matrix": [[-0.2656465172767639, -0.7611449956893921, 0.5916840434074402, -1.355887532234192], [-0.425819993019104, -0.45798733830451965, -0.7803362607955933, 0.17637021839618683], [0.8649329543113708, -0.4592444598674774, -0.2024480402469635, 0.13642224669456482], [0.0, 0.0, 0.0, 1.0]]}, "finger1joint2": {"matrix": [[-0.417898952960968, -0.6796602010726929, -0.6028451919555664, -1.7860701084136963], [-0.15877610445022583, 0.7079925537109375, -0.6881398558616638, -0.08247430622577667], [0.894511342048645, -0.19185547530651093, -0.40378308296203613, -0.12313275784254074], [0.0, 0.0, 0.0, 1.0]]}, "finger1joint3": {"matrix": [[-0.4515848755836487, -0.28921496868133545, -0.8440531492233276, -2.0774292945861816], [-0.2535164952278137, 0.9486070275306702, -0.1894039511680603, 0.22103047370910645], [0.855453372001648, 0.1284494251012802, -0.5016972422599792, -0.20537802577018738], [0.0, 0.0, 0.0, 1.0]]}, "Bone.001": {"matrix": [[0.1750294417142868, -0.296525239944458, 0.9388488531112671, -0.9107426404953003], [0.3493789732456207, -0.872805118560791, -0.3408008813858032, 0.6086249351501465], [0.9204882383346558, 0.3876643180847168, -0.0491669699549675, -0.4181388020515442], [0.0, 0.0, 0.0, 1.0]]}, "finger2joint1": {"matrix": [[0.1338982880115509, -0.45335519313812256, 0.8812150955200195, -1.0987050533294678], [0.015778303146362305, -0.8881343603134155, -0.4593126177787781, 0.05536806583404541], [0.9908692836761475, 0.07540527731180191, -0.11176656931638718, -0.17240473628044128], [0.0, 0.0, 0.0, 1.0]]}, "finger2joint2": {"matrix": [[0.010341250337660313, -0.9441065788269043, 0.32947754859924316, -1.4909248352050781], [-0.022223232313990593, -0.329630583524704, -0.9438482522964478, -0.7130004167556763], [0.9996994733810425, 0.0024385531432926655, -0.024389920756220818, -0.10716792196035385], [0.0, 0.0, 0.0, 1.0]]}, "finger2joint3": {"matrix": [[-0.12749497592449188, -0.7601059079170227, -0.6371685266494751, -1.8493232727050781], [0.0245407335460186, 0.639797031879425, -0.7681517601013184, -0.8381335735321045], [0.9915354251861572, -0.11357206851243973, -0.06291734427213669, -0.10624221712350845], [0.0, 0.0, 0.0, 1.0]]}, "Bone.002": {"matrix": [[-0.0960942804813385, -0.2237776815891266, 0.969891369342804, -0.9107425808906555], [-0.3528314530849457, -0.9034715890884399, -0.2434108555316925, 0.6086249351501465], [0.9307393431663513, -0.36559855937957764, 0.007862566970288754, -0.4181388020515442], [0.0, 0.0, 0.0, 1.0]]}, "finger3joint1": {"matrix": [[-0.20356301963329315, -0.46905517578125, 0.8593888282775879, -1.0050671100616455], [-0.3026648163795471, -0.8046236634254456, -0.5108566284179688, 0.2278026044368744], [0.931104838848114, -0.3640982210636139, 0.021825075149536133, -0.572242259979248], [0.0, 0.0, 0.0, 1.0]]}, "finger3joint2": {"matrix": [[-0.3083532452583313, -0.9254453182220459, -0.22015681862831116, -1.4165136814117432], [-0.406037837266922, 0.3373360335826874, -0.8493159413337708, -0.47799843549728394], [0.8602624535560608, -0.1724972426891327, -0.4797845184803009, -0.8916224241256714], [0.0, 0.0, 0.0, 1.0]]}, "finger3joint3": {"matrix": [[-0.3124694228172302, -0.5495849251747131, -0.7748026251792908, -2.0153510570526123], [-0.24018703401088715, 0.8348503708839417, -0.49531289935112, -0.2597149610519409], [0.9190609455108643, 0.03132742643356323, -0.392868310213089, -1.003242015838623], [0.0, 0.0, 0.0, 1.0]]}, "Bone.003": {"matrix": [[0.3428453803062439, 0.45774054527282715, 0.8203234672546387, -0.9107425808906555], [-0.831278383731842, -0.25889167189598083, 0.491885244846344, 0.6086249351501465], [0.4375307261943817, -0.8505578637123108, 0.2917499840259552, -0.4181388318538666], [0.0, 0.0, 0.0, 1.0]]}, "finger4joint1": {"matrix": [[-0.34735822677612305, -0.9258710741996765, 0.14867644011974335, -0.7145460247993469], [-0.5067297220230103, 0.05192404240369797, -0.8605396151542664, 0.49765893816947937], [0.7890291213989258, -0.37425434589385986, -0.4872027337551117, -0.7827043533325195], [0.0, 0.0, 0.0, 1.0]]}, "finger4joint2": {"matrix": [[-0.3655550479888916, -0.7837891578674316, -0.5020394325256348, -1.6342684030532837], [-0.5219289064407349, 0.619202196598053, -0.5866671800613403, 0.5492382049560547], [0.7706875205039978, 0.04756981134414673, -0.6354349255561829, -1.1544733047485352], [0.0, 0.0, 0.0, 1.0]]}, "finger4joint3": {"matrix": [[-0.29175323247909546, -0.5264878869056702, -0.7985550165176392, -1.9611577987670898], [-0.5629560947418213, 0.7694762945175171, -0.3016391396522522, 0.8074843883514404], [0.7732787132263184, 0.36154741048812866, -0.5208868980407715, -1.1346337795257568], [0.0, 0.0, 0.0, 1.0]]}}