{"root": {"matrix": [[0.27308979630470276, -0.7729358077049255, -0.5727060437202454, -5.960464477539063e-08], [-0.5565010905265808, 0.35867565870285034, -0.7494386434555054, 0.0], [0.7846836447715759, 0.5233756303787231, -0.33218902349472046, 0.0], [0.0, 0.0, 0.0, 1.0]]}, "carpals": {"matrix": [[0.950489342212677, -0.3033580482006073, 0.06740760058164597, -0.07458946108818054], [-0.02323123812675476, 0.14694328606128693, 0.9888718724250793, -0.8231785297393799], [-0.3098873198032379, -0.9414782524108887, 0.13262087106704712, 2.3241770267486572], [0.0, 0.0, 0.0, 1.0]]}, "metacarpals": {"matrix": [[0.07065320760011673, -0.47728025913238525, 0.8759061694145203, -0.3700582981109619], [-0.8458028435707092, 0.4368347227573395, 0.3062557578086853, -0.6800566911697388], [-0.5287963151931763, -0.7624818682670593, -0.372821182012558, 1.4071828126907349], [0.0, 0.0, 0.0, 1.0]]}, "finger5joint1": {"matrix": [[-0.06576018035411835, -0.5727540254592896, 0.8170852661132812, -1.0151442289352417], [-0.647209107875824, 0.6477301120758057, 0.40195244550704956, -0.40834280848503113], [-0.7594708204269409, -0.5023924112319946, -0.41328638792037964, 1.2182097434997559], [0.0, 0.0, 0.0, 1.0]]}, "finger5joint2": {"matrix": [[0.8407068848609924, -0.5223179459571838, -0.14281272888183594, -1.6201282739639282], [0.3882661461830139, 0.3976336419582367, 0.8313460946083069, 0.2758365869522095], [-0.3774398863315582, -0.7543676495552063, 0.5370920896530151, 0.6875466108322144], [0.0, 0.0, 0.0, 1.0]]}, "finger5joint3": {"matrix": [[0.7948559522628784, -0.5231058597564697, -0.30751222372055054, -1.9791358709335327], [0.3773312270641327, 0.02922055684030056, 0.9256169199943542, 0.5491441488265991], [-0.4752099812030792, -0.8517662286758423, 0.22061064839363098, 0.16904327273368835], [0.0, 0.0, 0.0, 1.0]]}, "Bone": {"matrix": [[0.40665769577026367, -0.150358185172081, 0.901122510433197, -1.1152254343032837], [-0.5865541100502014, -0.7991877794265747, 0.1313498616218567, 0.001963675022125244], [0.7004165649414062, -0.5819718241691589, -0.4131890833377838, 0.21673688292503357], [0.0, 0.0, 0.0, 1.0]]}, "finger1joint1": {"matrix": [[0.4978594481945038, -0.5715559124946594, 0.6522727608680725, -1.240351676940918], [-0.8645153641700745, -0.26730912923812866, 0.42562729120254517, -0.6631105542182922], [-0.06891155987977982, -0.7758025527000427, -0.6272011399269104, -0.26757293939590454], [0.0, 0.0, 0.0, 1.0]]}, "finger1joint2": {"matrix": [[0.28696146607398987, -0.7706538438796997, 0.5689865946769714, -1.563382625579834], [-0.94753098487854, -0.3156799077987671, 0.050308726727962494, -0.8141878843307495], [0.14084677398204803, -0.5535691976547241, -0.8208063840866089, -0.7060397267341614], [0.0, 0.0, 0.0, 1.0]]}, "finger1joint3": {"matrix": [[0.37118789553642273, -0.9151248335838318, 0.15737231075763702, -1.8937492370605469], [-0.9253420233726501, -0.37864378094673157, -0.019257254898548126, -0.9495147466659546], [0.07721061259508133, -0.138475239276886, -0.9873514771461487, -0.9433457255363464], [0.0, 0.0, 0.0, 1.0]]}, "Bone.001": {"matrix": [[0.4350549876689911, 0.02826230600476265, 0.8999601006507874, -1.1152254343032837], [-0.8024986982345581, -0.4410874843597412, 0.4017924964427948, 0.0019636154174804688], [0.40831664204597473, -0.8970189094543457, -0.16921676695346832, 0.21673688292503357], [0.0, 0.0, 0.0, 1.0]]}, "finger2joint1": {"matrix": [[0.2793266475200653, -0.8506754040718079, 0.445340096950531, -1.0973103046417236], [-0.9049810767173767, -0.07822621613740921, 0.41819778084754944, -0.27763453125953674], [-0.32091352343559265, -0.519838273525238, -0.7916958928108215, -0.35186874866485596], [0.0, 0.0, 0.0, 1.0]]}, "finger2joint2": {"matrix": [[0.15889893472194672, -0.8295385837554932, -0.5353659391403198, -1.8332711458206177], [-0.9431054592132568, -0.2879461944103241, 0.16624897718429565, -0.34531182050704956], [-0.2920668125152588, 0.4784897565841675, -0.8280967473983765, -0.801606297492981], [0.0, 0.0, 0.0, 1.0]]}, "finger2joint3": {"matrix": [[0.10990101844072342, -0.12620046734809875, -0.9858980774879456, -2.1481776237487793], [-0.9809653162956238, -0.1735326051712036, -0.08713803440332413, -0.45462092757225037], [-0.16008885204792023, 0.9767084717750549, -0.1428697258234024, -0.6199636459350586], [0.0, 0.0, 0.0, 1.0]]}, "Bone.002": {"matrix": [[0.31732532382011414, -0.1764170527458191, 0.9317626357078552, -1.1152253150939941], [-0.8889811635017395, 0.28675493597984314, 0.35704877972602844, 0.0019636228680610657], [-0.33017727732658386, -0.9416199922561646, -0.06583677977323532, 0.21673689782619476], [0.0, 0.0, 0.0, 1.0]]}, "finger3joint1": {"matrix": [[0.12115883827209473, -0.6012518405914307, 0.789820671081543, -1.189587116241455], [-0.8845798969268799, 0.29561707377433777, 0.3607337176799774, 0.1228337287902832], [-0.4503765404224396, -0.7423654198646545, -0.4960385859012604, -0.18016541004180908], [0.0, 0.0, 0.0, 1.0]]}, "finger3joint2": {"matrix": [[-0.006168619263917208, -0.7277684211730957, -0.6857951879501343, -1.716993808746338], [-0.8400273323059082, -0.3682928681373596, 0.39838969707489014, 0.3821435570716858], [-0.5425090789794922, 0.5785441994667053, -0.6090733408927917, -0.8313546180725098], [0.0, 0.0, 0.0, 1.0]]}, "finger3joint3": {"matrix": [[0.07314550876617432, -0.01955300010740757, -0.9971295595169067, -2.1879186630249023], [-0.912282407283783, -0.40529343485832214, -0.05897396057844162, 0.14382848143577576], [-0.4029771387577057, 0.9139773845672607, -0.04748312011361122, -0.456990122795105], [0.0, 0.0, 0.0, 1.0]]}, "Bone.003": {"matrix": [[0.6226724982261658, 0.15191544592380524, 0.7675940990447998, -1.1152253150939941], [-0.25377362966537476, 0.9671555757522583, 0.014450408518314362, 0.001963585615158081], [-0.7401876449584961, -0.20379282534122467, 0.640773355960846, 0.21673688292503357], [0.0, 0.0, 0.0, 1.0]]}, "finger4joint1": {"matrix": [[0.04065050929784775, -0.44593384861946106, 0.8941422700881958, -1.0501114130020142], [-0.8224419951438904, 0.49323755502700806, 0.2833821773529053, 0.41650527715682983], [-0.5673944354057312, -0.7468997240066528, -0.34670430421829224, 0.12938731908798218], [0.0, 0.0, 0.0, 1.0]]}, "finger4joint2": {"matrix": [[0.04767605662345886, -0.7641697525978088, 0.6432506442070007, -1.4930838346481323], [-0.8052937388420105, 0.3515927791595459, 0.4773719906806946, 0.9064672589302063], [-0.5909557342529297, -0.5407648682594299, -0.5986185669898987, -0.6125522255897522], [0.0, 0.0, 0.0, 1.0]]}, "finger4joint3": {"matrix": [[0.10161840170621872, -0.9076427221298218, 0.40725696086883545, -1.8117907047271729], [-0.838629961013794, 0.14205613732337952, 0.5258510112762451, 1.0531035661697388], [-0.5351383686065674, -0.3949739933013916, -0.7467408180236816, -0.8380851745605469], [0.0, 0.0, 0.0, 1.0]]}}