{"root": {"matrix": [[0.23920413851737976, -0.6479717493057251, -0.7231279015541077, -5.960464477539063e-08], [-0.5396385192871094, 0.5304157733917236, -0.6537961363792419, 0.0], [0.8071998357772827, 0.5466184616088867, -0.22279293835163116, 0.0], [0.0, 0.0, 0.0, 1.0]]}, "carpals": {"matrix": [[0.889566957950592, -0.43317827582359314, 0.14500689506530762, -0.011992812156677246], [-0.07612866163253784, 0.17241524159908295, 0.982077956199646, -0.6276949644088745], [-0.45041623711586, -0.8846634030342102, 0.12039784342050552, 2.3855481147766113], [0.0, 0.0, 0.0, 1.0]]}, "metacarpals": {"matrix": [[0.1738080233335495, -0.4582866132259369, 0.8716444373130798, -0.4339057207107544], [-0.8556563854217529, 0.3678712248802185, 0.364036500453949, -0.4597635567188263], [-0.48748621344566345, -0.8091006278991699, -0.32819679379463196, 1.5238914489746094], [0.0, 0.0, 0.0, 1.0]]}, "finger5joint1": {"matrix": [[0.20313863456249237, -0.7500600218772888, 0.6294001340866089, -1.0844995975494385], [-0.7628602981567383, 0.28173187375068665, 0.5819544196128845, -0.24944522976875305], [-0.6138230562210083, -0.5983617901802063, -0.5149602890014648, 1.2827091217041016], [0.0, 0.0, 0.0, 1.0]]}, "finger5joint2": {"matrix": [[0.6076713800430298, -0.39191028475761414, -0.690754234790802, -1.8767671585083008], [0.537265419960022, -0.4376715421676636, 0.7209638953208923, 0.04814034700393677], [-0.5848766565322876, -0.8092276453971863, -0.05540037155151367, 0.6506760120391846], [0.0, 0.0, 0.0, 1.0]]}, "finger5joint3": {"matrix": [[0.6055338978767395, -0.15969941020011902, -0.7796308994293213, -2.1461408138275146], [0.45354965329170227, -0.7357354164123535, 0.5029767751693726, -0.25268661975860596], [-0.6539271473884583, -0.6581710577011108, -0.37308093905448914, 0.09446550905704498], [0.0, 0.0, 0.0, 1.0]]}, "Bone": {"matrix": [[0.4042549133300781, -0.046140559017658234, 0.9134817123413086, -1.149418592453003], [-0.5250769853591919, -0.8294661641120911, 0.19047224521636963, 0.11458557844161987], [0.7489136457443237, -0.5566478371620178, -0.3595430850982666, 0.26066070795059204], [0.0, 0.0, 0.0, 1.0]]}, "finger1joint1": {"matrix": [[0.3012690544128418, -0.5851964354515076, 0.7528492212295532, -1.1878161430358887], [-0.8909723162651062, 0.10852271318435669, 0.44089770317077637, -0.5756859183311462], [-0.33971330523490906, -0.8035967350006104, -0.48869919776916504, -0.20257478952407837], [0.0, 0.0, 0.0, 1.0]]}, "finger1joint2": {"matrix": [[0.06939683854579926, -0.7985458970069885, 0.5979201197624207, -1.5185563564300537], [-0.9848922491073608, 0.040477897971868515, 0.16837014257907867, -0.5143512487411499], [-0.1586541086435318, -0.6005712747573853, -0.783672571182251, -0.6567503213882446], [0.0, 0.0, 0.0, 1.0]]}, "finger1joint3": {"matrix": [[0.158842533826828, -0.9692757725715637, 0.18781253695487976, -1.8608800172805786], [-0.9635958671569824, -0.11076053977012634, 0.24334117770195007, -0.49699902534484863], [-0.21506276726722717, -0.21962833404541016, -0.9515835046768188, -0.9142053127288818], [0.0, 0.0, 0.0, 1.0]]}, "Bone.001": {"matrix": [[0.46952638030052185, 0.12400298565626144, 0.8741670846939087, -1.1494184732437134], [-0.7483741641044617, -0.469458669424057, 0.46855539083480835, 0.11458556354045868], [0.46848753094673157, -0.8742034435272217, -0.12762248516082764, 0.26066070795059204], [0.0, 0.0, 0.0, 1.0]]}, "finger2joint1": {"matrix": [[0.6839693784713745, -0.5139737725257874, 0.5177032947540283, -1.0708149671554565], [-0.7273688912391663, -0.5348109602928162, 0.43001312017440796, -0.18299660086631775], [0.055857811123132706, -0.6706773042678833, -0.739642858505249, -0.29348254203796387], [0.0, 0.0, 0.0, 1.0]]}, "finger2joint2": {"matrix": [[0.5839062333106995, -0.7626001834869385, 0.2783781886100769, -1.5154788494110107], [-0.8093656897544861, -0.5734938383102417, 0.12661568820476532, -0.6456877589225769], [0.06309090554714203, -0.2992415726184845, -0.9520891308784485, -0.87371826171875], [0.0, 0.0, 0.0, 1.0]]}, "finger2joint3": {"matrix": [[0.46535933017730713, -0.8828463554382324, 0.06342620402574539, -1.8049744367599487], [-0.8778569102287292, -0.469515323638916, -0.09445672482252121, -0.8633954524993896], [0.11317018419504166, -0.011722912080585957, -0.9935062527656555, -0.98731529712677], [0.0, 0.0, 0.0, 1.0]]}, "Bone.002": {"matrix": [[0.40919122099876404, -0.13495489954948425, 0.9024132490158081, -1.1494184732437134], [-0.871025800704956, 0.23683230578899384, 0.4303768575191498, 0.11458554118871689], [-0.27180227637290955, -0.9621316194534302, -0.02063942141830921, 0.26066067814826965], [0.0, 0.0, 0.0, 1.0]]}, "finger3joint1": {"matrix": [[0.22185875475406647, -0.594380259513855, 0.7729753255844116, -1.206303358078003], [-0.8872483968734741, 0.20574654638767242, 0.4128662645816803, 0.21441276371479034], [-0.40443676710128784, -0.7774189710617065, -0.4817160964012146, -0.14488744735717773], [0.0, 0.0, 0.0, 1.0]]}, "finger3joint2": {"matrix": [[0.09492772072553635, -0.7184379696846008, -0.6890831589698792, -1.7276827096939087], [-0.858893096446991, -0.40906447172164917, 0.30817002058029175, 0.39488980174064636], [-0.5032806396484375, 0.5625948309898376, -0.6558929085731506, -0.8268250226974487], [0.0, 0.0, 0.0, 1.0]]}, "finger3joint3": {"matrix": [[0.17369166016578674, -0.005050933454185724, -0.984787106513977, -2.1925697326660156], [-0.917707085609436, -0.36361390352249146, -0.1599954515695572, 0.13019225001335144], [-0.35727429389953613, 0.9315358996391296, -0.0677918791770935, -0.4627809524536133], [0.0, 0.0, 0.0, 1.0]]}, "Bone.003": {"matrix": [[0.6895279288291931, 0.08720172196626663, 0.7189903855323792, -1.1494184732437134], [-0.22799202799797058, 0.9683893918991089, 0.10119981318712234, 0.1145855188369751], [-0.6874378323554993, -0.23370397090911865, 0.6876128911972046, 0.26066070795059204], [0.0, 0.0, 0.0, 1.0]]}, "finger4joint1": {"matrix": [[0.13256165385246277, -0.357070654630661, 0.9246230721473694, -1.1120420694351196], [-0.8210369944572449, 0.483041375875473, 0.30425143241882324, 0.5296560525894165], [-0.5552706122398376, -0.7994816899299622, -0.22913536429405212, 0.16049063205718994], [0.0, 0.0, 0.0, 1.0]]}, "finger4joint2": {"matrix": [[0.14217151701450348, -0.7935280799865723, 0.5916927456855774, -1.4667414426803589], [-0.8037200570106506, 0.2563723027706146, 0.5369420647621155, 1.0094895362854004], [-0.5777723789215088, -0.5518931746482849, -0.601325511932373, -0.6336816549301147], [0.0, 0.0, 0.0, 1.0]]}, "finger4joint3": {"matrix": [[0.19897133111953735, -0.9439595341682434, 0.26334506273269653, -1.7976925373077393], [-0.8300180435180664, -0.019452247768640518, 0.5573967695236206, 1.1164129972457886], [-0.5210374593734741, -0.329487144947052, -0.7873738408088684, -0.8638558387756348], [0.0, 0.0, 0.0, 1.0]]}}