{"root": {"matrix": [[0.3122198283672333, -0.6696628332138062, -0.673847496509552, 0.0], [-0.5444138050079346, 0.4551633894443512, -0.7045849561691284, 0.0], [0.7785450220108032, 0.5868372917175293, -0.2224627137184143, 0.0], [0.0, 0.0, 0.0, 1.0]]}, "carpals": {"matrix": [[0.8720961213111877, -0.4891648590564728, 0.012881494127213955, 0.126358300447464], [0.11590519547462463, 0.23207104206085205, 0.9657684564590454, -0.7064423561096191], [-0.4754093885421753, -0.840749979019165, 0.2590852379798889, 2.3600757122039795], [0.0, 0.0, 0.0, 1.0]]}, "metacarpals": {"matrix": [[0.3150244355201721, -0.6365976929664612, 0.7039196491241455, -0.3500853180885315], [-0.7000315189361572, 0.3449693024158478, 0.6252613067626953, -0.48040658235549927], [-0.6408708095550537, -0.6897385120391846, -0.33696457743644714, 1.5411903858184814], [0.0, 0.0, 0.0, 1.0]]}, "finger5joint1": {"matrix": [[0.3433789014816284, -0.7843309044837952, 0.516638994216919, -1.0582177639007568], [-0.6271909475326538, 0.21795789897441864, 0.747747004032135, -0.41792383790016174], [-0.6990867853164673, -0.5807918310165405, -0.4170829653739929, 1.3986449241638184], [0.0, 0.0, 0.0, 1.0]]}, "finger5joint2": {"matrix": [[0.536030650138855, -0.37929660081863403, -0.754191517829895, -1.8866848945617676], [0.737380862236023, -0.224605530500412, 0.6370409727096558, -0.18770097196102142], [-0.4110230803489685, -0.897599995136261, 0.15929090976715088, 0.7851705551147461], [0.0, 0.0, 0.0, 1.0]]}, "finger5joint3": {"matrix": [[0.5389851927757263, -0.15642614662647247, -0.8276625871658325, -2.147388458251953], [0.6769974827766418, -0.5041883587837219, 0.5361603498458862, -0.3420802354812622], [-0.501167356967926, -0.8493082523345947, -0.1658497303724289, 0.16821859776973724], [0.0, 0.0, 0.0, 1.0]]}, "Bone": {"matrix": [[0.6157769560813904, 0.08835358172655106, 0.7829509973526001, -1.3439910411834717], [-0.5005869269371033, -0.7235031723976135, 0.4753477871417999, 0.05818629264831543], [0.6084661483764648, -0.6846435070037842, -0.40128788352012634, 0.4643170237541199], [0.0, 0.0, 0.0, 1.0]]}, "finger1joint1": {"matrix": [[0.5108419060707092, -0.5277726054191589, 0.678598940372467, -1.270464301109314], [-0.724634051322937, 0.16036131978034973, 0.670215904712677, -0.5439041256904602], [-0.46254289150238037, -0.8341103196144104, -0.3005225956439972, -0.10543480515480042], [0.0, 0.0, 0.0, 1.0]]}, "finger1joint2": {"matrix": [[0.29043397307395935, -0.7374439239501953, 0.6097741723060608, -1.568750023841858], [-0.8973401188850403, 0.01140343863517046, 0.44119206070899963, -0.45327135920524597], [-0.33230817317962646, -0.6753119826316833, -0.6584259867668152, -0.5768558979034424], [0.0, 0.0, 0.0, 1.0]]}, "finger1joint3": {"matrix": [[0.37755250930786133, -0.902301013469696, 0.2081032395362854, -1.8848799467086792], [-0.8478569388389587, -0.2465011179447174, 0.46944180130958557, -0.4483829140663147], [-0.37228041887283325, -0.3536807596683502, -0.8580891489982605, -0.8663510680198669], [0.0, 0.0, 0.0, 1.0]]}, "Bone.001": {"matrix": [[0.6971155405044556, 0.12117181718349457, 0.7066449522972107, -1.3439910411834717], [-0.6560701727867126, -0.2896718680858612, 0.6968942880630493, 0.05818632245063782], [0.2891390323638916, -0.9494247436523438, -0.12243741005659103, 0.46431705355644226], [0.0, 0.0, 0.0, 1.0]]}, "finger2joint1": {"matrix": [[0.7648677229881287, -0.6113825440406799, 0.20294970273971558, -1.2671822309494019], [-0.5857389569282532, -0.528927743434906, 0.6141211986541748, -0.12543192505836487], [-0.26811736822128296, -0.5885972380638123, -0.7626703381538391, -0.13750773668289185], [0.0, 0.0, 0.0, 1.0]]}, "finger2joint2": {"matrix": [[0.6844038963317871, -0.6092861294746399, -0.4004517197608948, -1.7961193323135376], [-0.6854065656661987, -0.7249384522438049, -0.06842254847288132, -0.5830332636833191], [-0.2486141324043274, 0.32130080461502075, -0.9137595295906067, -0.6467320322990417], [0.0, 0.0, 0.0, 1.0]]}, "finger2joint3": {"matrix": [[0.6430292725563049, -0.41089245676994324, -0.6462820768356323, -2.027414083480835], [-0.7551580667495728, -0.4806508719921112, -0.44576960802078247, -0.858231782913208], [-0.1274728626012802, 0.7746881246566772, -0.6193615198135376, -0.5247609615325928], [0.0, 0.0, 0.0, 1.0]]}, "Bone.002": {"matrix": [[0.5729534029960632, -0.31371477246284485, 0.7571706771850586, -1.3439910411834717], [-0.6831109523773193, 0.32767677307128906, 0.6526768803596497, 0.058186307549476624], [-0.45286181569099426, -0.89118492603302, -0.026558367535471916, 0.46431708335876465], [0.0, 0.0, 0.0, 1.0]]}, "finger3joint1": {"matrix": [[0.37981095910072327, -0.3204084038734436, 0.8678030371665955, -1.4762248992919922], [-0.729291558265686, 0.4734102487564087, 0.49398016929626465, 0.19630536437034607], [-0.5691024661064148, -0.8205003142356873, -0.053864676505327225, 0.08867359161376953], [0.0, 0.0, 0.0, 1.0]]}, "finger3joint2": {"matrix": [[0.29041483998298645, -0.7021198868751526, -0.6501437425613403, -1.7572814226150513], [-0.6638668775558472, -0.6371570825576782, 0.39155012369155884, 0.6115720868110657], [-0.6891589760780334, 0.31789687275886536, -0.6511538028717041, -0.6310540437698364], [0.0, 0.0, 0.0, 1.0]]}, "finger3joint3": {"matrix": [[0.36041200160980225, 0.05336100235581398, -0.931265652179718, -2.211609363555908], [-0.7510400414466858, -0.5754973292350769, -0.32363805174827576, 0.1992802768945694], [-0.5532107353210449, 0.8160606622695923, -0.1673397719860077, -0.42534923553466797], [0.0, 0.0, 0.0, 1.0]]}, "Bone.003": {"matrix": [[0.6287219524383545, -0.18643681704998016, 0.7549503445625305, -1.3439911603927612], [0.06384819746017456, 0.979932963848114, 0.18882416188716888, 0.05818632245063782], [-0.7750044465065002, -0.070515476167202, 0.6280090808868408, 0.4643170237541199], [0.0, 0.0, 0.0, 1.0]]}, "finger4joint1": {"matrix": [[0.36774900555610657, -0.22548139095306396, 0.9021744132041931, -1.4239014387130737], [-0.7562459707260132, 0.4920561909675598, 0.43124499917030334, 0.4782046377658844], [-0.5411584973335266, -0.840855598449707, 0.01043386198580265, 0.4340927302837372], [0.0, 0.0, 0.0, 1.0]]}, "finger4joint2": {"matrix": [[0.3798361122608185, -0.569341242313385, 0.7290918827056885, -1.6478855609893799], [-0.7362992763519287, 0.29104435443878174, 0.6108649969100952, 0.9669930934906006], [-0.5599888563156128, -0.7688583731651306, -0.3086562752723694, -0.4011787474155426], [0.0, 0.0, 0.0, 1.0]]}, "finger4joint3": {"matrix": [[0.41514214873313904, -0.7200086116790771, 0.5560975074768066, -1.8853365182876587], [-0.7668013572692871, 0.05200617387890816, 0.6397737264633179, 1.088376760482788], [-0.48956331610679626, -0.6920133829116821, -0.5305135846138, -0.7218409776687622], [0.0, 0.0, 0.0, 1.0]]}}