{"root": {"matrix": [[0.2358214557170868, -0.8856670260429382, -0.3999777138233185, 0.0], [-0.3620622754096985, 0.3018803000450134, -0.8819178938865662, 2.9802322387695312e-08], [0.9018309712409973, 0.35279202461242676, -0.2494768500328064, 0.0], [0.0, 0.0, 0.0, 1.0]]}, "carpals": {"matrix": [[0.8934924006462097, -0.39325466752052307, -0.21684539318084717, -0.28863316774368286], [0.25628864765167236, 0.05001838877797127, 0.9653051495552063, -0.4241582751274109], [-0.3687644600868225, -0.9180679321289062, 0.1454779952764511, 2.4128336906433105], [0.0, 0.0, 0.0, 1.0]]}, "metacarpals": {"matrix": [[0.38650602102279663, -0.4585966467857361, 0.8001887798309326, -0.671660840511322], [-0.6303377151489258, 0.502005398273468, 0.592169463634491, -0.3754406273365021], [-0.6732662320137024, -0.7332661747932434, -0.09504251927137375, 1.5186408758163452], [0.0, 0.0, 0.0, 1.0]]}, "finger5joint1": {"matrix": [[0.3084607422351837, -0.44684112071990967, 0.8397528529167175, -1.3303580284118652], [-0.5265845060348511, 0.6549808979034424, 0.5419487953186035, -0.2219582200050354], [-0.7921872735023499, -0.6093706488609314, -0.033263612538576126, 1.2574210166931152], [0.0, 0.0, 0.0, 1.0]]}, "finger5joint2": {"matrix": [[0.8621916174888611, -0.3369816541671753, -0.3782441020011902, -1.8023440837860107], [0.5030673742294312, 0.6573562622070312, 0.5610752701759338, 0.4698799252510071], [0.05956914275884628, -0.67403644323349, 0.7362918257713318, 0.6137596368789673], [0.0, 0.0, 0.0, 1.0]]}, "finger5joint3": {"matrix": [[0.846477746963501, -0.3458896279335022, -0.4047657549381256, -2.033963441848755], [0.5305822491645813, 0.48484042286872864, 0.6952781081199646, 0.9217039346694946], [-0.04424259066581726, -0.8032989501953125, 0.5939298272132874, 0.1504707634449005], [0.0, 0.0, 0.0, 1.0]]}, "Bone": {"matrix": [[0.4434572756290436, 0.1721753478050232, 0.8796027898788452, -1.3876575231552124], [-0.6416050791740417, -0.6242784261703491, 0.4456669092178345, 0.40832918882369995], [0.6258498430252075, -0.7619921565055847, -0.166372150182724, 0.373808890581131], [0.0, 0.0, 0.0, 1.0]]}, "finger1joint1": {"matrix": [[0.6482455730438232, -0.5914174914360046, 0.4795862138271332, -1.244375467300415], [-0.6792558431625366, -0.16454795002937317, 0.7152168154716492, -0.1111876517534256], [-0.34407705068588257, -0.7893980145454407, -0.5083910822868347, -0.2603115439414978], [0.0, 0.0, 0.0, 1.0]]}, "finger1joint2": {"matrix": [[0.4831494987010956, -0.7707598209381104, 0.4153261184692383, -1.5786317586898804], [-0.8613283038139343, -0.3333110213279724, 0.38342803716659546, -0.2041865736246109], [-0.1570984125137329, -0.5429853200912476, -0.8249162435531616, -0.7064622044563293], [0.0, 0.0, 0.0, 1.0]]}, "finger1joint3": {"matrix": [[0.5506767630577087, -0.8347072601318359, 0.004342720843851566, -1.909043550491333], [-0.80525803565979, -0.5298640727996826, 0.2660890221595764, -0.3470715582370758], [-0.21980565786361694, -0.15002618730068207, -0.9639384746551514, -0.9392310976982117], [0.0, 0.0, 0.0, 1.0]]}, "Bone.001": {"matrix": [[0.57598876953125, 0.28850966691970825, 0.7648522257804871, -1.387657642364502], [-0.7576592564582825, -0.16285884380340576, 0.6320040225982666, 0.4083291292190552], [0.30690208077430725, -0.9435247182846069, 0.12478731572628021, 0.37380895018577576], [0.0, 0.0, 0.0, 1.0]]}, "finger2joint1": {"matrix": [[0.4229186773300171, -0.2700037956237793, 0.8650072813034058, -1.2047760486602783], [-0.7008907198905945, 0.5075783133506775, 0.5011147856712341, 0.3050955533981323], [-0.57436203956604, -0.8182063698768616, 0.025421299040317535, -0.22427600622177124], [0.0, 0.0, 0.0, 1.0]]}, "finger2joint2": {"matrix": [[0.315014123916626, -0.8780519366264343, 0.36026471853256226, -1.4383695125579834], [-0.6954156160354614, 0.0447809174656868, 0.7172108888626099, 0.7442264556884766], [-0.645881712436676, -0.47646525502204895, -0.596504271030426, -0.9321463704109192], [0.0, 0.0, 0.0, 1.0]]}, "finger2joint3": {"matrix": [[0.17876572906970978, -0.8680462837219238, -0.4631827473640442, -1.7716925144195557], [-0.7469745874404907, -0.4261390268802643, 0.5103273987770081, 0.7612259984016418], [-0.6403683423995972, 0.2547566592693329, -0.7245875000953674, -1.113020420074463], [0.0, 0.0, 0.0, 1.0]]}, "Bone.002": {"matrix": [[0.6019111275672913, -0.10389186441898346, 0.7917761206626892, -1.387657642364502], [-0.6664711833000183, 0.48083776235580444, 0.5697464346885681, 0.4083291292190552], [-0.43990808725357056, -0.870632529258728, 0.22018077969551086, 0.373808890581131], [0.0, 0.0, 0.0, 1.0]]}, "finger3joint1": {"matrix": [[0.6469171643257141, -0.3763030767440796, 0.6632452011108398, -1.4314489364624023], [-0.7402117848396301, -0.100856252014637, 0.6647664308547974, 0.6110070943832397], [-0.18326152861118317, -0.9209906458854675, -0.34378939867019653, 0.0068285465240478516], [0.0, 0.0, 0.0, 1.0]]}, "finger3joint2": {"matrix": [[0.5530542731285095, -0.5771684646606445, -0.6008390188217163, -1.7615351676940918], [-0.7720710635185242, -0.6260738968849182, -0.10925906151533127, 0.5225378274917603], [-0.31310898065567017, 0.5243164896965027, -0.7918679118156433, -0.8010474443435669], [0.0, 0.0, 0.0, 1.0]]}, "finger3joint3": {"matrix": [[0.6168911457061768, -0.18169663846492767, -0.765788197517395, -2.135009527206421], [-0.772800087928772, -0.3241376578807831, -0.5456323623657227, 0.11741777509450912], [-0.1490814983844757, 0.9283969402313232, -0.34037280082702637, -0.4617725610733032], [0.0, 0.0, 0.0, 1.0]]}, "Bone.003": {"matrix": [[0.7746053338050842, -0.09784471243619919, 0.6248303651809692, -1.3876575231552124], [0.1090938150882721, 0.9938223958015442, 0.02038261853158474, 0.40832915902137756], [-0.62296462059021, 0.0523768849670887, 0.7804943919181824, 0.373808890581131], [0.0, 0.0, 0.0, 1.0]]}, "finger4joint1": {"matrix": [[0.477730929851532, -0.14328408241271973, 0.8667425513267517, -1.429595708847046], [-0.7686449289321899, 0.40956348180770874, 0.49136781692504883, 0.8343007564544678], [-0.4253915250301361, -0.900958776473999, 0.0855267122387886, 0.396258682012558], [0.0, 0.0, 0.0, 1.0]]}, "finger4joint2": {"matrix": [[0.4909686744213104, -0.6628564596176147, 0.5653060078620911, -1.5719282627105713], [-0.7494226694107056, 0.009508218616247177, 0.6620232462882996, 1.2411442995071411], [-0.44420164823532104, -0.7486858367919922, -0.49209126830101013, -0.49871689081192017], [0.0, 0.0, 0.0, 1.0]]}, "finger4joint3": {"matrix": [[0.536047637462616, -0.8145239353179932, 0.2218187004327774, -1.8483809232711792], [-0.75722336769104, -0.34777504205703735, 0.5528696179389954, 1.2451097965240479], [-0.3731827139854431, -0.46433088183403015, -0.8032004237174988, -0.810965895652771], [0.0, 0.0, 0.0, 1.0]]}}