{"root": {"matrix": [[0.5331637859344482, -0.7107577323913574, -0.45886799693107605, 0.0], [0.26884981989860535, 0.6566174030303955, -0.7046796083450317, 5.960464477539063e-08], [0.8021572232246399, 0.2523431181907654, 0.541171669960022, 0.0], [0.0, 0.0, 0.0, 1.0]]}, "carpals": {"matrix": [[0.7783539295196533, -0.5967229604721069, -0.19515816867351532, 0.5616235733032227], [-0.23268461227416992, -0.5628929734230042, 0.7931010127067566, 1.329929232597351], [-0.5831148028373718, -0.5719029903411865, -0.5769780874252319, 2.000213146209717], [0.0, 0.0, 0.0, 1.0]]}, "metacarpals": {"matrix": [[0.2513134181499481, -0.6473186016082764, 0.7195971012115479, -0.019580960273742676], [-0.9597700238227844, -0.0704699456691742, 0.2718001902103424, 0.781674861907959], [-0.12523145973682404, -0.7589547038078308, -0.6389870643615723, 1.443183183670044], [0.0, 0.0, 0.0, 1.0]]}, "finger5joint1": {"matrix": [[-0.016285929828882217, -0.7923513650894165, 0.6098474860191345, -0.7291014790534973], [-0.9012469053268433, 0.2757667005062103, 0.3342253267765045, 0.7980568408966064], [-0.43299955129623413, -0.5441798567771912, -0.7185952663421631, 1.29490327835083], [0.0, 0.0, 0.0, 1.0]]}, "finger5joint2": {"matrix": [[0.7973785400390625, -0.5554101467132568, -0.23602217435836792, -1.5660403966903687], [0.3492838144302368, 0.10581252723932266, 0.9310231804847717, 1.089341402053833], [-0.49212583899497986, -0.8248165249824524, 0.2783685326576233, 0.7201011776924133], [0.0, 0.0, 0.0, 1.0]]}, "finger5joint3": {"matrix": [[0.7538251280784607, -0.5692851543426514, -0.3281181752681732, -1.9477932453155518], [0.30584782361984253, -0.1379653811454773, 0.9420309066772461, 1.1620701551437378], [-0.5815533399581909, -0.8104807734489441, 0.07011301070451736, 0.15317584574222565], [0.0, 0.0, 0.0, 1.0]]}, "Bone": {"matrix": [[0.6151634454727173, 0.02207369916141033, 0.7880904078483582, -1.0302250385284424], [-0.10186723619699478, -0.9890033602714539, 0.10721613466739655, 0.6716517210006714], [0.781790554523468, -0.14623616635799408, -0.6061501502990723, 0.2582441568374634], [0.0, 0.0, 0.0, 1.0]]}, "finger1joint1": {"matrix": [[0.36864227056503296, -0.812265157699585, 0.4520266056060791, -1.0118556022644043], [-0.9290230870246887, -0.30523481965065, 0.20915940403938293, -0.15138468146324158], [-0.03191881254315376, -0.497048020362854, -0.8671354651451111, 0.1365482360124588], [0.0, 0.0, 0.0, 1.0]]}, "finger1joint2": {"matrix": [[0.22968657314777374, -0.9329437017440796, 0.2772364020347595, -1.4709302186965942], [-0.942298948764801, -0.284447580575943, -0.1765284687280655, -0.3238967955112457], [0.24355019629001617, -0.2206932008266449, -0.9444455504417419, -0.14437253773212433], [0.0, 0.0, 0.0, 1.0]]}, "finger1joint3": {"matrix": [[0.2906537652015686, -0.9414995908737183, -0.17058376967906952, -1.8708679676055908], [-0.9442586898803711, -0.25343775749206543, -0.21010681986808777, -0.44583478569984436], [0.15458297729492188, 0.22214363515377045, -0.9626815915107727, -0.23898008465766907], [0.0, 0.0, 0.0, 1.0]]}, "Bone.001": {"matrix": [[0.6747260093688965, 0.06544598937034607, 0.735160768032074, -1.0302250385284424], [-0.41704678535461426, -0.7879985570907593, 0.4529128074645996, 0.6716517210006714], [0.6089468002319336, -0.6121886372566223, -0.5043891072273254, 0.25824418663978577], [0.0, 0.0, 0.0, 1.0]]}, "finger2joint1": {"matrix": [[0.5304548740386963, -0.5666996240615845, 0.6304513812065125, -0.9887399673461914], [-0.8375711441040039, -0.4650648832321167, 0.2866861820220947, 0.1721523404121399], [0.13073568046092987, -0.6801219582557678, -0.7213472723960876, -0.12981218099594116], [0.0, 0.0, 0.0, 1.0]]}, "finger2joint2": {"matrix": [[0.41649293899536133, -0.7612438797950745, 0.4970323443412781, -1.4790196418762207], [-0.8990904688835144, -0.4259437918663025, 0.10103503614664078, -0.23019804060459137], [0.1347953826189041, -0.48895731568336487, -0.8618296980857849, -0.7182190418243408], [0.0, 0.0, 0.0, 1.0]]}, "finger2joint3": {"matrix": [[0.2803432047367096, -0.9328179359436035, 0.22640253603458405, -1.7680000066757202], [-0.9474189281463623, -0.30680233240127563, -0.09093650430440903, -0.39189332723617554], [0.1542878895998001, -0.18900452554225922, -0.969779372215271, -0.9038351774215698], [0.0, 0.0, 0.0, 1.0]]}, "Bone.002": {"matrix": [[0.517603874206543, -0.3346766233444214, 0.7874501347541809, -1.030225157737732], [-0.8554418087005615, -0.22121906280517578, 0.46827489137649536, 0.6716517210006714], [0.017478184774518013, -0.9159985184669495, -0.40080025792121887, 0.25824421644210815], [0.0, 0.0, 0.0, 1.0]]}, "finger3joint1": {"matrix": [[0.5162394642829895, -0.44530096650123596, 0.7315762639045715, -1.1712946891784668], [-0.8318950533866882, -0.4637742042541504, 0.30473634600639343, 0.5784056782722473], [0.2035866379737854, -0.765911340713501, -0.6098621487617493, -0.12785840034484863], [0.0, 0.0, 0.0, 1.0]]}, "finger3joint2": {"matrix": [[0.4105592966079712, -0.797265887260437, -0.44250211119651794, -1.5619044303894043], [-0.9059498906135559, -0.30161604285240173, -0.2971237897872925, 0.17159152030944824], [0.10342077165842056, 0.522871732711792, -0.8461140394210815, -0.7997016906738281], [0.0, 0.0, 0.0, 1.0]]}, "finger3joint3": {"matrix": [[0.439056932926178, -0.35773196816444397, -0.8241703510284424, -2.0777993202209473], [-0.8569152355194092, 0.10898204147815704, -0.5038046836853027, -0.02357829362154007], [0.2700466513633728, 0.9274430871009827, -0.25869640707969666, -0.46136170625686646], [0.0, 0.0, 0.0, 1.0]]}, "Bone.003": {"matrix": [[0.5972893238067627, -0.1393665373325348, 0.7898243069648743, -1.0302250385284424], [-0.432788610458374, 0.7730937600135803, 0.4637024700641632, 0.6716517806053162], [-0.6752328276634216, -0.6187913417816162, 0.40144428610801697, 0.2582441568374634], [0.0, 0.0, 0.0, 1.0]]}, "finger4joint1": {"matrix": [[0.14495153725147247, -0.3257165253162384, 0.9342899322509766, -1.0899602174758911], [-0.9458771347999573, 0.23148034512996674, 0.22744899988174438, 1.0030145645141602], [-0.2903536856174469, -0.9166923761367798, -0.2745344638824463, -0.006981790065765381], [0.0, 0.0, 0.0, 1.0]]}, "finger4joint2": {"matrix": [[0.15546122193336487, -0.9281401038169861, 0.33821237087249756, -1.4135136604309082], [-0.9357537627220154, -0.028655247762799263, 0.351487398147583, 1.2329578399658203], [-0.3165379762649536, -0.3711259663105011, -0.8729653358459473, -0.9175864458084106], [0.0, 0.0, 0.0, 1.0]]}, "finger4joint3": {"matrix": [[0.22711144387722015, -0.9363832473754883, -0.26759424805641174, -1.800606608390808], [-0.9351744651794434, -0.28637757897377014, 0.20841355621814728, 1.2210068702697754], [-0.27178797125816345, 0.20291437208652496, -0.9407212138175964, -1.0723693370819092], [0.0, 0.0, 0.0, 1.0]]}}