{"root": {"matrix": [[0.20632240176200867, -0.6381173729896545, -0.7417798042297363, -5.960464477539063e-08], [-0.5952496528625488, 0.5198259353637695, -0.6127469539642334, 0.0], [0.7766008377075195, 0.5679676532745361, -0.27258747816085815, 0.0], [0.0, 0.0, 0.0, 1.0]]}, "carpals": {"matrix": [[0.6478461027145386, -0.7463011741638184, 0.15274101495742798, -0.07461142539978027], [0.1632949262857437, 0.3319002687931061, 0.9290729761123657, -0.7684385776519775], [-0.7440630793571472, -0.5769545435905457, 0.3368877172470093, 2.3428444862365723], [0.0, 0.0, 0.0, 1.0]]}, "metacarpals": {"matrix": [[0.32985424995422363, -0.3450903594493866, 0.8786971569061279, -0.8015042543411255], [-0.7662789225578308, 0.44576597213745117, 0.46271902322769165, -0.4451697766780853], [-0.5513734221458435, -0.8259570002555847, -0.11739757657051086, 1.780894160270691], [0.0, 0.0, 0.0, 1.0]]}, "finger5joint1": {"matrix": [[0.6202815175056458, -0.6136994361877441, 0.4884912669658661, -1.4177823066711426], [-0.6920127272605896, -0.1349613219499588, 0.70915687084198, -0.2466767281293869], [-0.36928191781044006, -0.7779191732406616, -0.5084017515182495, 1.4545865058898926], [0.0, 0.0, 0.0, 1.0]]}, "finger5joint2": {"matrix": [[0.47361427545547485, -0.19720721244812012, -0.8583696484565735, -2.06601619720459], [0.6403191089630127, -0.5920710563659668, 0.4893288314342499, -0.3892326354980469], [-0.6047150492668152, -0.781383752822876, -0.15413765609264374, 0.6328920125961304], [0.0, 0.0, 0.0, 1.0]]}, "finger5joint3": {"matrix": [[0.49967092275619507, -0.05079841986298561, -0.8647242784500122, -2.2015633583068848], [0.5543347597122192, -0.7483410239219666, 0.3642774820327759, -0.7961838245391846], [-0.6656134128570557, -0.661365807056427, -0.3457648754119873, 0.09581954777240753], [0.0, 0.0, 0.0, 1.0]]}, "Bone": {"matrix": [[0.31633463501930237, 0.12341463565826416, 0.9405854940414429, -1.340286135673523], [-0.596294641494751, -0.7452722787857056, 0.2983313500881195, 0.25079476833343506], [0.7378107309341431, -0.655238926410675, -0.1621638834476471, 0.4913460612297058], [0.0, 0.0, 0.0, 1.0]]}, "finger1joint1": {"matrix": [[0.39255353808403015, -0.6007539629936218, 0.6964167356491089, -1.2375820875167847], [-0.8056197166442871, 0.14070072770118713, 0.575482189655304, -0.3694116473197937], [-0.4437098205089569, -0.7869547009468079, -0.4287465810775757, -0.05393576622009277], [0.0, 0.0, 0.0, 1.0]]}, "finger1joint2": {"matrix": [[0.17382098734378815, -0.9398822784423828, -0.29395148158073425, -1.5771150588989258], [-0.9452284574508667, -0.24297654628753662, 0.2179570347070694, -0.2898906469345093], [-0.2762775421142578, 0.23996570706367493, -0.9306379556655884, -0.49870550632476807], [0.0, 0.0, 0.0, 1.0]]}, "finger1joint3": {"matrix": [[0.17752183973789215, -0.6362900137901306, -0.7507469058036804, -1.980027198791504], [-0.9087419509887695, -0.39878836274147034, 0.12310876697301865, -0.3940507173538208], [-0.37772229313850403, 0.6603805422782898, -0.6490170955657959, -0.39583611488342285], [0.0, 0.0, 0.0, 1.0]]}, "Bone.001": {"matrix": [[0.4479995667934418, 0.3122146725654602, 0.8377459049224854, -1.340286135673523], [-0.7736626863479614, -0.33420881628990173, 0.5382843017578125, 0.2507947087287903], [0.44804227352142334, -0.8892841339111328, 0.09182361513376236, 0.4913460612297058], [0.0, 0.0, 0.0, 1.0]]}, "finger2joint1": {"matrix": [[0.44233566522598267, -0.3387470543384552, 0.8304151892662048, -1.142378330230713], [-0.8442744016647339, 0.15508392453193665, 0.5129806995391846, 0.03894519805908203], [-0.3025549352169037, -0.9280081391334534, -0.21739624440670013, -0.07235664129257202], [0.0, 0.0, 0.0, 1.0]]}, "finger2joint2": {"matrix": [[0.33124831318855286, -0.8293689489364624, 0.44991278648376465, -1.435444951057434], [-0.8705689311027527, -0.08477142453193665, 0.48468878865242004, 0.17311587929725647], [-0.3638463318347931, -0.5522325038909912, -0.7501031756401062, -0.8752219080924988], [0.0, 0.0, 0.0, 1.0]]}, "finger2joint3": {"matrix": [[0.19240091741085052, -0.9417288899421692, -0.27591365575790405, -1.7502869367599487], [-0.9143494367599487, -0.27412497997283936, 0.29802700877189636, 0.1409352570772171], [-0.35629573464393616, 0.19494080543518066, -0.9138113260269165, -1.0848584175109863], [0.0, 0.0, 0.0, 1.0]]}, "Bone.002": {"matrix": [[0.5255701541900635, 0.009939650073647499, 0.8506922125816345, -1.3402860164642334], [-0.795941174030304, 0.3588468134403229, 0.48755133152008057, 0.2507947087287903], [-0.3004222810268402, -0.9333433508872986, 0.1965106725692749, 0.4913460612297058], [0.0, 0.0, 0.0, 1.0]]}, "finger3joint1": {"matrix": [[0.47768867015838623, -0.33206021785736084, 0.8133569359779358, -1.3360964059829712], [-0.8571333289146423, 0.02692326158285141, 0.5143903493881226, 0.40205222368240356], [-0.19270701706409454, -0.9428737759590149, -0.2717588245868683, 0.09793245792388916], [0.0, 0.0, 0.0, 1.0]]}, "finger3joint2": {"matrix": [[0.3872562646865845, -0.762768030166626, -0.5178971290588379, -1.627373456954956], [-0.8613942861557007, -0.49959054589271545, 0.09170050919055939, 0.4256688058376312], [-0.32868292927742004, 0.41060197353363037, -0.8505135774612427, -0.729138970375061], [0.0, 0.0, 0.0, 1.0]]}, "finger3joint3": {"matrix": [[0.4305052161216736, -0.22536107897758484, -0.8740009069442749, -2.120945692062378], [-0.8882584571838379, -0.2776447534561157, -0.36593732237815857, 0.10239360481500626], [-0.16019394993782043, 0.933876633644104, -0.31970635056495667, -0.46344658732414246], [0.0, 0.0, 0.0, 1.0]]}, "Bone.003": {"matrix": [[0.8139060139656067, 0.03881273418664932, 0.5796987414360046, -1.340286135673523], [-0.08433078974485397, 0.9950915575027466, 0.051777131855487823, 0.2507947087287903], [-0.5748436450958252, -0.09102797508239746, 0.8131842017173767, 0.49134600162506104], [0.0, 0.0, 0.0, 1.0]]}, "finger4joint1": {"matrix": [[0.35872355103492737, -0.2887036204338074, 0.8876753449440002, -1.3236502408981323], [-0.8087393641471863, 0.3787330389022827, 0.45000168681144714, 0.6773103475570679], [-0.4661092758178711, -0.8793241381645203, -0.09762537479400635, 0.4523296356201172], [0.0, 0.0, 0.0, 1.0]]}, "finger4joint2": {"matrix": [[0.36908549070358276, -0.6215197443962097, 0.6910057067871094, -1.6104365587234497], [-0.7910045981407166, 0.18027693033218384, 0.584646463394165, 1.053528070449829], [-0.4879418909549713, -0.7623732686042786, -0.4250873029232025, -0.4211549758911133], [0.0, 0.0, 0.0, 1.0]]}, "finger4joint3": {"matrix": [[0.40932443737983704, -0.7601159811019897, 0.5046553611755371, -1.8696494102478027], [-0.8117202520370483, -0.05082545429468155, 0.5818302035331726, 1.1287150382995605], [-0.4166092574596405, -0.6477964520454407, -0.6378055810928345, -0.7391124963760376], [0.0, 0.0, 0.0, 1.0]]}}