{"root": {"matrix": [[0.3777025640010834, -0.8871192336082458, -0.2652549743652344, -5.960464477539063e-08], [-0.041060592979192734, 0.27014586329460144, -0.9619434475898743, 2.9802322387695312e-08], [0.9250161051750183, 0.374220073223114, 0.06560907512903214, 0.0], [0.0, 0.0, 0.0, 1.0]]}, "carpals": {"matrix": [[0.7325990200042725, -0.47672510147094727, -0.4858309030532837, 0.015659362077713013], [0.41432249546051025, -0.25396835803985596, 0.873977541923523, 0.2797134518623352], [-0.540032684803009, -0.8415657877922058, 0.011461162008345127, 2.4508161544799805], [0.0, 0.0, 0.0, 1.0]]}, "metacarpals": {"matrix": [[0.5021347403526306, -0.7153603434562683, 0.4859219491481781, -0.4486680030822754], [-0.4560949504375458, 0.25832614302635193, 0.8516130447387695, 0.032349854707717896], [-0.7347366809844971, -0.6492509841918945, -0.19655755162239075, 1.6311362981796265], [0.0, 0.0, 0.0, 1.0]]}, "finger5joint1": {"matrix": [[0.44358110427856445, -0.7003026604652405, 0.5592957735061646, -1.144902229309082], [-0.42644432187080383, 0.38395819067955017, 0.8189756870269775, -0.09052830934524536], [-0.7882771492004395, -0.6017904877662659, -0.12832337617874146, 1.4704071283340454], [0.0, 0.0, 0.0, 1.0]]}, "finger5joint2": {"matrix": [[0.6328364014625549, -0.31041812896728516, -0.709336519241333, -1.8846125602722168], [0.7731408476829529, 0.3031274378299713, 0.557105541229248, 0.3150361180305481], [0.042083755135536194, -0.9009735584259033, 0.4318273067474365, 0.8347524404525757], [0.0, 0.0, 0.0, 1.0]]}, "finger5joint3": {"matrix": [[0.63918137550354, -0.21493180096149445, -0.7384111285209656, -2.0979738235473633], [0.7662142515182495, 0.09551436454057693, 0.6354464888572693, 0.5233862400054932], [-0.06604873389005661, -0.9719467163085938, 0.2257351279258728, 0.2154817432165146], [0.0, 0.0, 0.0, 1.0]]}, "Bone": {"matrix": [[0.7406468391418457, 0.2920879125595093, 0.6050840020179749, -1.5655441284179688], [-0.39676153659820557, -0.5366504788398743, 0.7447054982185364, 0.4356686770915985], [0.5422379970550537, -0.7916380763053894, -0.2815791666507721, 0.6174752712249756], [0.0, 0.0, 0.0, 1.0]]}, "finger1joint1": {"matrix": [[0.6882868409156799, -0.5132193565368652, 0.5127054452896118, -1.322472095489502], [-0.45592057704925537, 0.2437048703432083, 0.8560047745704651, -0.010925233364105225], [-0.5642672181129456, -0.8229297399520874, -0.06624822318553925, -0.04131618142127991], [0.0, 0.0, 0.0, 1.0]]}, "finger1joint2": {"matrix": [[0.5096340775489807, -0.6883590817451477, 0.5161731243133545, -1.612532615661621], [-0.6996716856956482, 0.01757669448852539, 0.7142482399940491, 0.12681147456169128], [-0.5007321238517761, -0.7251569032669067, -0.47266751527786255, -0.5064182281494141], [0.0, 0.0, 0.0, 1.0]]}, "finger1joint3": {"matrix": [[0.5841973423957825, -0.8013672828674316, 0.12854517996311188, -1.9076206684112549], [-0.6239117980003357, -0.3421258330345154, 0.7026264667510986, 0.13434632122516632], [-0.5190834999084473, -0.49067333340644836, -0.6998512148857117, -0.8172810077667236], [0.0, 0.0, 0.0, 1.0]]}, "Bone.001": {"matrix": [[0.8616471290588379, 0.19362057745456696, 0.4691215753555298, -1.5655440092086792], [-0.4641616642475128, -0.07314201444387436, 0.8827252984046936, 0.4356686770915985], [0.20522616803646088, -0.978346049785614, 0.026848791167140007, 0.6174753308296204], [0.0, 0.0, 0.0, 1.0]]}, "finger2joint1": {"matrix": [[0.830452024936676, -0.449778288602829, -0.32870763540267944, -1.442811131477356], [-0.2778797149658203, -0.8458401560783386, 0.45534273982048035, 0.38930514454841614], [-0.4828374981880188, -0.28679925203323364, -0.8274138569831848, -0.0026822537183761597], [0.0, 0.0, 0.0, 1.0]]}, "finger2joint2": {"matrix": [[0.8131836652755737, -0.45428600907325745, -0.36380815505981445, -1.8319363594055176], [-0.3941172659397125, -0.8897804021835327, 0.23013505339622498, -0.34247255325317383], [-0.42825666069984436, -0.043759122490882874, -0.9025967717170715, -0.2508063316345215], [0.0, 0.0, 0.0, 1.0]]}, "finger2joint3": {"matrix": [[0.784944474697113, -0.4590950608253479, -0.416045218706131, -2.0043907165527344], [-0.51254802942276, -0.8584309816360474, -0.01975841261446476, -0.6802479028701782], [-0.34807533025741577, 0.2287522852420807, -0.9091289639472961, -0.2674180269241333], [0.0, 0.0, 0.0, 1.0]]}, "Bone.002": {"matrix": [[0.7451169490814209, -0.403296560049057, 0.5311803221702576, -1.5655441284179688], [-0.3975268006324768, 0.3709421753883362, 0.8392700552940369, 0.4356687068939209], [-0.5355120301246643, -0.836512565612793, 0.11607420444488525, 0.6174752712249756], [0.0, 0.0, 0.0, 1.0]]}, "finger3joint1": {"matrix": [[0.8279260396957397, -0.09363994002342224, 0.5529647469520569, -1.7355376482009888], [-0.5447503328323364, 0.10018399357795715, 0.8325924277305603, 0.5920245051383972], [-0.13336241245269775, -0.990552544593811, 0.03193466737866402, 0.2648768424987793], [0.0, 0.0, 0.0, 1.0]]}, "finger3joint2": {"matrix": [[0.7806214690208435, -0.5040998458862305, -0.36947718262672424, -1.8176767826080322], [-0.553939163684845, -0.8318011164665222, -0.035471897572278976, 0.6799041032791138], [-0.28945040702819824, 0.2323579490184784, -0.928562343120575, -0.6040175557136536], [0.0, 0.0, 0.0, 1.0]]}, "finger3joint3": {"matrix": [[0.8056517243385315, -0.15562321245670319, -0.5715826153755188, -2.1438698768615723], [-0.5806624293327332, -0.3984943926334381, -0.7099530696868896, 0.14166197180747986], [-0.11728756129741669, 0.9038712978363037, -0.4114121198654175, -0.45366328954696655], [0.0, 0.0, 0.0, 1.0]]}, "Bone.003": {"matrix": [[0.5759268403053284, -0.4672703742980957, 0.6707955598831177, -1.5655441284179688], [0.3771970868110657, 0.87986820936203, 0.28905752301216125, 0.4356686770915985], [-0.7252795100212097, 0.08654636144638062, 0.682992696762085, 0.6174753308296204], [0.0, 0.0, 0.0, 1.0]]}, "finger4joint1": {"matrix": [[0.7207358479499817, -0.0735195055603981, 0.689300000667572, -1.7658251523971558], [-0.6242835521697998, 0.36342111229896545, 0.6915163397789001, 0.8127972483634949], [-0.3013463616371155, -0.928719162940979, 0.2160337120294571, 0.6545708179473877], [0.0, 0.0, 0.0, 1.0]]}, "finger4joint2": {"matrix": [[0.7320371866226196, -0.3560560345649719, 0.5808144211769104, -1.8388564586639404], [-0.6023190021514893, 0.06010796129703522, 0.7959890365600586, 1.1738049983978271], [-0.31832846999168396, -0.9325290322303772, -0.17045791447162628, -0.2679808735847473], [0.0, 0.0, 0.0, 1.0]]}, "finger4joint3": {"matrix": [[0.7505260109901428, -0.4598836302757263, 0.4745708107948303, -1.9873541593551636], [-0.6168105006217957, -0.22975344955921173, 0.7528331875801086, 1.19887375831604], [-0.23718160390853882, -0.8577411770820618, -0.4560968577861786, -0.6569040417671204], [0.0, 0.0, 0.0, 1.0]]}}