{"root": {"matrix": [[0.31950244307518005, -0.9031714200973511, -0.2867046594619751, -5.960464477539063e-08], [-0.15870994329452515, 0.24728448688983917, -0.955856442451477, 1.4901161193847656e-08], [0.9341998100280762, 0.35090136528015137, -0.06433435529470444, 0.0], [0.0, 0.0, 0.0, 1.0]]}, "carpals": {"matrix": [[0.7598210573196411, -0.5260905623435974, -0.3819691836833954, -0.12925928831100464], [0.4135166108608246, -0.0622863844037056, 0.9083634614944458, -0.00940888375043869], [-0.5016728639602661, -0.8481443524360657, 0.17022088170051575, 2.463369369506836], [0.0, 0.0, 0.0, 1.0]]}, "metacarpals": {"matrix": [[0.5462708473205566, -0.5519736409187317, 0.6300104260444641, -0.6416683197021484], [-0.4904630184173584, 0.3989318609237671, 0.7747897505760193, -0.0700753927230835], [-0.67899489402771, -0.7322418093681335, -0.05279766023159027, 1.637281894683838], [0.0, 0.0, 0.0, 1.0]]}, "finger5joint1": {"matrix": [[0.4718325138092041, -0.4997473359107971, 0.7263790369033813, -1.3116804361343384], [-0.44216659665107727, 0.5786400437355042, 0.6853204965591431, -0.07508116960525513], [-0.7627992033958435, -0.6445369124412537, 0.052049700170755386, 1.3602734804153442], [0.0, 0.0, 0.0, 1.0]]}, "finger5joint2": {"matrix": [[0.7569090723991394, -0.31909382343292236, -0.5703222155570984, -1.8395497798919678], [0.6282486915588379, 0.5956214666366577, 0.5005379319190979, 0.5361202955245972], [0.17997770011425018, -0.737165629863739, 0.6513018012046814, 0.679466962814331], [0.0, 0.0, 0.0, 1.0]]}, "finger5joint3": {"matrix": [[0.7540599703788757, -0.2814357578754425, -0.5934534668922424, -2.0588741302490234], [0.6525957584381104, 0.42317038774490356, 0.6285261511802673, 0.9455118179321289], [0.07424230873584747, -0.8612315058708191, 0.5027599334716797, 0.17278720438480377], [0.0, 0.0, 0.0, 1.0]]}, "Bone": {"matrix": [[0.5744451284408569, 0.3392423093318939, 0.7449344396591187, -1.5034524202346802], [-0.5339813828468323, -0.5344454050064087, 0.655157744884491, 0.5527679920196533], [0.6203838586807251, -0.7741335034370422, -0.12586036324501038, 0.4940491318702698], [0.0, 0.0, 0.0, 1.0]]}, "finger1joint1": {"matrix": [[0.6302319169044495, -0.6069566607475281, 0.48416027426719666, -1.2211391925811768], [-0.514199435710907, 0.1409333348274231, 0.8460120558738708, 0.10800910741090775], [-0.5817272067070007, -0.7821387052536011, -0.22327591478824615, -0.15017524361610413], [0.0, 0.0, 0.0, 1.0]]}, "finger1joint2": {"matrix": [[0.464913010597229, -0.7653247117996216, 0.4451223611831665, -1.5641778707504272], [-0.7500737905502319, -0.07337138056755066, 0.6572715044021606, 0.1876615732908249], [-0.4703671336174011, -0.6394486427307129, -0.6081610918045044, -0.5922231078147888], [0.0, 0.0, 0.0, 1.0]]}, "finger1joint3": {"matrix": [[0.5353645086288452, -0.8439016342163086, 0.03485376015305519, -1.8922600746154785], [-0.6764542460441589, -0.4036966562271118, 0.6159858703613281, 0.15620847046375275], [-0.5057613849639893, -0.35335397720336914, -0.786985456943512, -0.8663442134857178], [0.0, 0.0, 0.0, 1.0]]}, "Bone.001": {"matrix": [[0.7389212846755981, 0.3414645195007324, 0.5808588862419128, -1.5034524202346802], [-0.602086067199707, -0.05237060785293579, 0.7967115640640259, 0.5527679920196533], [0.30246856808662415, -0.9384343028068542, 0.16689343750476837, 0.49404916167259216], [0.0, 0.0, 0.0, 1.0]]}, "finger2joint1": {"matrix": [[0.6464677453041077, -0.28236010670661926, 0.7087678909301758, -1.2870036363601685], [-0.5688019394874573, 0.4407665729522705, 0.6943981647491455, 0.51957106590271], [-0.5084717273712158, -0.8520545959472656, 0.12433454394340515, -0.10080897808074951], [0.0, 0.0, 0.0, 1.0]]}, "finger2joint2": {"matrix": [[0.5500078201293945, -0.7786855101585388, 0.30189409852027893, -1.5312871932983398], [-0.5883393287658691, -0.10470287501811981, 0.801806628704071, 0.9008998274803162], [-0.5927463173866272, -0.6186160445213318, -0.5157185792922974, -0.8379631042480469], [0.0, 0.0, 0.0, 1.0]]}, "finger2joint3": {"matrix": [[0.42787498235702515, -0.7510451078414917, -0.5028458833694458, -1.8268890380859375], [-0.6657403707504272, -0.6381727457046509, 0.3866845369338989, 0.8611529469490051], [-0.6113203167915344, 0.16931210458278656, -0.7730591297149658, -1.0727999210357666], [0.0, 0.0, 0.0, 1.0]]}, "Bone.002": {"matrix": [[0.7584940791130066, -0.20007282495498657, 0.6202076077461243, -1.5034524202346802], [-0.4805329740047455, 0.4711509943008423, 0.7396652102470398, 0.5527679324150085], [-0.44019851088523865, -0.8590617179870605, 0.26122376322746277, 0.49404916167259216], [0.0, 0.0, 0.0, 1.0]]}, "finger3joint1": {"matrix": [[0.8032894730567932, -0.26600348949432373, 0.5328866243362427, -1.5877851247787476], [-0.5692373514175415, -0.07970093190670013, 0.8183009624481201, 0.7513628602027893], [-0.17519962787628174, -0.9606714248657227, -0.21544183790683746, 0.13194602727890015], [0.0, 0.0, 0.0, 1.0]]}, "finger3joint2": {"matrix": [[0.729837954044342, -0.4541829526424408, -0.5109347701072693, -1.8211183547973633], [-0.6059888601303101, -0.7757514119148254, -0.17603158950805664, 0.6814506649971008], [-0.31640803813934326, 0.43809521198272705, -0.8414025902748108, -0.7107372283935547], [0.0, 0.0, 0.0, 1.0]]}, "finger3joint3": {"matrix": [[0.781919538974762, -0.24288199841976166, -0.5741168260574341, -2.115011215209961], [-0.6054879426956177, -0.5149722099304199, -0.6067849397659302, 0.17947719991207123], [-0.14827731251716614, 0.8220776915550232, -0.5497288703918457, -0.42725443840026855], [0.0, 0.0, 0.0, 1.0]]}, "Bone.003": {"matrix": [[0.7373101115226746, -0.3427748680114746, 0.5821332931518555, -1.5034524202346802], [0.3197087049484253, 0.9361532330513, 0.1462988704442978, 0.5527679920196533], [-0.5951133966445923, 0.07824566215276718, 0.7998233437538147, 0.4940491318702698], [0.0, 0.0, 0.0, 1.0]]}, "finger4joint1": {"matrix": [[0.6823669672012329, -0.06390199810266495, 0.7282113432884216, -1.6503723859786987], [-0.6589556932449341, 0.3774923086166382, 0.650597095489502, 0.9540213942527771], [-0.31646886467933655, -0.9238048195838928, 0.21547983586788177, 0.5275867581367493], [0.0, 0.0, 0.0, 1.0]]}, "finger4joint2": {"matrix": [[0.6946573257446289, -0.49516552686691284, 0.5217873454093933, -1.7138500213623047], [-0.6374431848526001, -0.08759863674640656, 0.7655013203620911, 1.3290069103240967], [-0.33334222435951233, -0.8643708825111389, -0.3764907419681549, -0.3900831341743469], [0.0, 0.0, 0.0, 1.0]]}, "finger4joint3": {"matrix": [[0.7257066369056702, -0.6303120255470276, 0.27578315138816833, -1.9203650951385498], [-0.639085054397583, -0.46913260221481323, 0.6094952821731567, 1.2924727201461792], [-0.25479352474212646, -0.6185637712478638, -0.74327552318573, -0.7505801320075989], [0.0, 0.0, 0.0, 1.0]]}}