{"root": {"matrix": [[0.23619519174098969, -0.6217869520187378, -0.7467213869094849, 0.0], [-0.6489353775978088, 0.47104230523109436, -0.5974964499473572, 0.0], [0.7232527732849121, 0.6256997585296631, -0.2922416627407074, 5.960464477539063e-08], [0.0, 0.0, 0.0, 1.0]]}, "carpals": {"matrix": [[0.8197812438011169, -0.5647247433662415, 0.0951026901602745, 0.009485244750976562], [0.10666617006063461, 0.3137323558330536, 0.9435009360313416, -0.9393122792243958], [-0.5626551508903503, -0.7633202075958252, 0.31742915511131287, 2.2809181213378906], [0.0, 0.0, 0.0, 1.0]]}, "metacarpals": {"matrix": [[0.30976372957229614, -0.45288485288619995, 0.8360272645950317, -0.5405531525611877], [-0.6982308030128479, 0.48847636580467224, 0.5233203768730164, -0.6337388157844543], [-0.6453836560249329, -0.7458456754684448, -0.16490577161312103, 1.5374488830566406], [0.0, 0.0, 0.0, 1.0]]}, "finger5joint1": {"matrix": [[0.4829278886318207, -0.8099589943885803, 0.3327866196632385, -1.1972682476043701], [-0.575029730796814, -0.006720779463648796, 0.8181046843528748, -0.447741836309433], [-0.6603948473930359, -0.5864478349685669, -0.4689960181713104, 1.29289710521698], [0.0, 0.0, 0.0, 1.0]]}, "finger5joint2": {"matrix": [[0.30494657158851624, -0.2588563561439514, -0.9165154695510864, -2.0528054237365723], [0.7535039186477661, -0.5229699015617371, 0.3984140455722809, -0.4548408091068268], [-0.582442045211792, -0.8120931386947632, 0.03557160124182701, 0.6734484434127808], [0.0, 0.0, 0.0, 1.0]]}, "finger5joint3": {"matrix": [[0.3294426500797272, 0.024926256388425827, -0.9438462853431702, -2.230726718902588], [0.6783090233802795, -0.7016210556030273, 0.21822963654994965, -0.8142963647842407], [-0.6567827463150024, -0.7121138572692871, -0.2480514943599701, 0.11526837944984436], [0.0, 0.0, 0.0, 1.0]]}, "Bone": {"matrix": [[0.42294996976852417, 0.0927339717745781, 0.9013953804969788, -1.2476322650909424], [-0.6329517960548401, -0.6816144585609436, 0.36711496114730835, 0.12890839576721191], [0.64844810962677, -0.7258113622665405, -0.22959260642528534, 0.3729766309261322], [0.0, 0.0, 0.0, 1.0]]}, "finger1joint1": {"matrix": [[0.4728911519050598, -0.6291791200637817, 0.616852879524231, -1.1704601049423218], [-0.7578125, 0.06676017493009567, 0.6490476727485657, -0.4383227229118347], [-0.44954872131347656, -0.7743878364562988, -0.4452293813228607, -0.23103460669517517], [0.0, 0.0, 0.0, 1.0]]}, "finger1joint2": {"matrix": [[0.2751200795173645, -0.8135653734207153, 0.5122697353363037, -1.5260584354400635], [-0.9206196069717407, -0.0693768709897995, 0.38424748182296753, -0.40059128403663635], [-0.2770710289478302, -0.5773198008537292, -0.768071174621582, -0.6687018275260925], [0.0, 0.0, 0.0, 1.0]]}, "finger1joint3": {"matrix": [[0.35524582862854004, -0.9305484294891357, 0.08876922726631165, -1.8748207092285156], [-0.8738043308258057, -0.29684069752693176, 0.3851640820503235, -0.4303320348262787], [-0.332063764333725, -0.2143949568271637, -0.9185686111450195, -0.9161893129348755], [0.0, 0.0, 0.0, 1.0]]}, "Bone.001": {"matrix": [[0.5325371026992798, 0.234084352850914, 0.813393235206604, -1.2476322650909424], [-0.7782400250434875, -0.24242085218429565, 0.579287588596344, 0.12890839576721191], [0.33278557658195496, -0.9415075182914734, 0.05307586118578911, 0.3729766309261322], [0.0, 0.0, 0.0, 1.0]]}, "finger2joint1": {"matrix": [[0.45705217123031616, -0.8102250099182129, 0.36693134903907776, -1.099250078201294], [-0.7600030899047852, -0.1414441168308258, 0.6343408823013306, -0.024758219718933105], [-0.46205875277519226, -0.5687959790229797, -0.6804208755493164, -0.22382956743240356], [0.0, 0.0, 0.0, 1.0]]}, "finger2joint2": {"matrix": [[0.3460365831851959, -0.7666845917701721, -0.5407894849777222, -1.8002153635025024], [-0.8250356912612915, -0.5231118202209473, 0.21370476484298706, -0.14712844789028168], [-0.44673776626586914, 0.372220903635025, -0.813558042049408, -0.7159228324890137], [0.0, 0.0, 0.0, 1.0]]}, "finger2joint3": {"matrix": [[0.3027438819408417, -0.24689316749572754, -0.9205377101898193, -2.091261386871338], [-0.8953633904457092, -0.4046646058559418, -0.18593141436576843, -0.34571027755737305], [-0.32660409808158875, 0.8805054426193237, -0.34356895089149475, -0.5746216773986816], [0.0, 0.0, 0.0, 1.0]]}, "Bone.002": {"matrix": [[0.5320592522621155, -0.1070462316274643, 0.8399131298065186, -1.2476322650909424], [-0.735866367816925, 0.43222036957740784, 0.5212349891662598, 0.12890836596488953], [-0.4188239872455597, -0.8953916430473328, 0.1511952430009842, 0.3729766607284546], [0.0, 0.0, 0.0, 1.0]]}, "finger3joint1": {"matrix": [[0.3924143314361572, -0.00819438137114048, 0.9197520613670349, -1.2927532196044922], [-0.8006667494773865, 0.4891231954097748, 0.3459639847278595, 0.31109359860420227], [-0.4527072608470917, -0.872175931930542, 0.1853780448436737, -0.004440009593963623], [0.0, 0.0, 0.0, 1.0]]}, "finger3joint2": {"matrix": [[0.3502028286457062, -0.9015304446220398, 0.25416699051856995, -1.2999411821365356], [-0.7260631918907166, -0.08984190225601196, 0.6817334890365601, 0.7401434183120728], [-0.5917688012123108, -0.42328619956970215, -0.6860308051109314, -0.7694966793060303], [0.0, 0.0, 0.0, 1.0]]}, "finger3joint3": {"matrix": [[0.25730761885643005, -0.9147054553031921, -0.31161975860595703, -1.8833038806915283], [-0.8339167833328247, -0.37311863899230957, 0.4066510796546936, 0.6820085048675537], [-0.48823729157447815, 0.15523043274879456, -0.8587942719459534, -1.0433967113494873], [0.0, 0.0, 0.0, 1.0]]}, "Bone.003": {"matrix": [[0.7522633671760559, -0.023167995736002922, 0.6584551334381104, -1.2476321458816528], [0.01164624560624361, 0.9996929168701172, 0.021869150921702385, 0.12890833616256714], [-0.6587594747543335, -0.00878263358026743, 0.7523022294044495, 0.3729766309261322], [0.0, 0.0, 0.0, 1.0]]}, "finger4joint1": {"matrix": [[0.3515627384185791, -0.3309130370616913, 0.8757283091545105, -1.257562518119812], [-0.7532214522361755, 0.4555188715457916, 0.4745098054409027, 0.5573961734771729], [-0.5559324622154236, -0.8264372944831848, -0.08910719305276871, 0.3692122995853424], [0.0, 0.0, 0.0, 1.0]]}, "finger4joint2": {"matrix": [[0.3607296347618103, -0.6554427742958069, 0.6635274887084961, -1.586277961730957], [-0.733278214931488, 0.24031980335712433, 0.6360416412353516, 1.0098899602890015], [-0.5763478875160217, -0.7159892916679382, -0.3939312994480133, -0.451736718416214], [0.0, 0.0, 0.0, 1.0]]}, "finger4joint3": {"matrix": [[0.40422025322914124, -0.7855348587036133, 0.46855178475379944, -1.8596388101577759], [-0.7599428296089172, -0.0033539659343659878, 0.6499808430671692, 1.1101185083389282], [-0.5090112686157227, -0.6188080310821533, -0.5983172655105591, -0.750349223613739], [0.0, 0.0, 0.0, 1.0]]}}