{"root": {"matrix": [[0.2499261200428009, -0.7896035313606262, -0.5604134798049927, 5.960464477539063e-08], [-0.4099627137184143, 0.4380495846271515, -0.8000269532203674, 0.0], [0.8771929144859314, 0.42969629168510437, -0.21422801911830902, 0.0], [0.0, 0.0, 0.0, 1.0]]}, "carpals": {"matrix": [[0.8934148550033569, -0.43773117661476135, 0.10100052505731583, -0.14467015862464905], [-0.08668512105941772, 0.05262148752808571, 0.994844913482666, -0.4084058701992035], [-0.44078943133354187, -0.8975645899772644, 0.009068271145224571, 2.4284274578094482], [0.0, 0.0, 0.0, 1.0]]}, "metacarpals": {"matrix": [[0.040113966912031174, -0.29448679089546204, 0.9548132419586182, -0.5710176825523376], [-0.9152048230171204, 0.37265607714653015, 0.15338581800460815, -0.3571527898311615], [-0.40098729729652405, -0.8800026178359985, -0.2545669972896576, 1.5542051792144775], [0.0, 0.0, 0.0, 1.0]]}, "finger5joint1": {"matrix": [[-0.08992361277341843, -0.4798959195613861, 0.8727046847343445, -1.138890027999878], [-0.6346653699874878, 0.7029055953025818, 0.3211282193660736, -0.047000348567962646], [-0.7675372958183289, -0.5249983072280884, -0.3677810728549957, 1.2270946502685547], [0.0, 0.0, 0.0, 1.0]]}, "finger5joint2": {"matrix": [[0.8825668096542358, -0.46431291103363037, -0.07408712804317474, -1.6457908153533936], [0.31548747420310974, 0.46795666217803955, 0.8255202770233154, 0.6954593658447266], [-0.3486301898956299, -0.751950204372406, 0.5594882369041443, 0.6725534796714783], [0.0, 0.0, 0.0, 1.0]]}, "finger5joint3": {"matrix": [[0.838100790977478, -0.5249370336532593, -0.14841735363006592, -1.9649293422698975], [0.31186702847480774, 0.2378389835357666, 0.9198755621910095, 1.0171023607254028], [-0.4475773274898529, -0.8172349333763123, 0.3630439341068268, 0.15571169555187225], [0.0, 0.0, 0.0, 1.0]]}, "Bone": {"matrix": [[0.21533037722110748, -0.16224411129951477, 0.9629691243171692, -1.030793309211731], [-0.5211699604988098, -0.8530197739601135, -0.027180200442671776, 0.2246668040752411], [0.82584148645401, -0.4960181713104248, -0.268237829208374, 0.18027670681476593], [0.0, 0.0, 0.0, 1.0]]}, "finger1joint1": {"matrix": [[0.21902407705783844, -0.6038464903831482, 0.7664188146591187, -1.1658109426498413], [-0.9659048318862915, -0.023054426535964012, 0.25786828994750977, -0.485205739736557], [-0.1380438208580017, -0.796766996383667, -0.5883076190948486, -0.23250356316566467], [0.0, 0.0, 0.0, 1.0]]}, "finger1joint2": {"matrix": [[-0.012684701941907406, -0.8143042922019958, 0.5802995562553406, -1.5070918798446655], [-0.9978954195976257, -0.02659761719405651, -0.05913586542010307, -0.4982355833053589], [0.06358890235424042, -0.5798283815383911, -0.8122531771659851, -0.6828190088272095], [0.0, 0.0, 0.0, 1.0]]}, "finger1joint3": {"matrix": [[0.07603217661380768, -0.9822660088539124, 0.17138418555259705, -1.856170654296875], [-0.9971027970314026, -0.07528524845838547, 0.010863271541893482, -0.5096375942230225], [0.002231801860034466, -0.17171362042427063, -0.9851442575454712, -0.9313819408416748], [0.0, 0.0, 0.0, 1.0]]}, "Bone.001": {"matrix": [[0.25969982147216797, 0.10734159499406815, 0.9597049355506897, -1.030793309211731], [-0.7783598899841309, -0.5649598240852356, 0.2738170921802521, 0.2246667891740799], [0.5715866088867188, -0.8181063532829285, -0.06316949427127838, 0.18027672171592712], [0.0, 0.0, 0.0, 1.0]]}, "finger2joint1": {"matrix": [[0.12524107098579407, -0.519221842288971, 0.8454130291938782, -0.9627512693405151], [-0.9716827273368835, 0.1078987643122673, 0.21021442115306854, -0.13345201313495636], [-0.20036719739437103, -0.8478007912635803, -0.491005539894104, -0.33830755949020386], [0.0, 0.0, 0.0, 1.0]]}, "finger2joint2": {"matrix": [[-0.0008911608019843698, -0.9417896866798401, 0.33620119094848633, -1.41195547580719], [-0.9731953144073486, 0.0781356692314148, 0.2162993848323822, -0.04010350629687309], [-0.22997811436653137, -0.3269966244697571, -0.9166149497032166, -1.0717815160751343], [0.0, 0.0, 0.0, 1.0]]}, "finger2joint3": {"matrix": [[-0.13894306123256683, -0.9013275504112244, -0.4102477729320526, -1.7694742679595947], [-0.9732189178466797, 0.047667812556028366, 0.2248828411102295, -0.010441923514008522], [-0.18313775956630707, 0.4305068850517273, -0.8838121891021729, -1.1959147453308105], [0.0, 0.0, 0.0, 1.0]]}, "Bone.002": {"matrix": [[0.2458571046590805, 0.008130400441586971, 0.9692719578742981, -1.030793309211731], [-0.9560401439666748, 0.16690540313720703, 0.24110081791877747, 0.2246667891740799], [-0.159816712141037, -0.9859392046928406, 0.04880790784955025, 0.18027672171592712], [0.0, 0.0, 0.0, 1.0]]}, "finger3joint1": {"matrix": [[0.0758029893040657, -0.25289154052734375, 0.9645204544067383, -1.027366280555725], [-0.9502823948860168, 0.27466776967048645, 0.14670023322105408, 0.29501914978027344], [-0.30202215909957886, -0.9276869297027588, -0.2194976806640625, -0.23530656099319458], [0.0, 0.0, 0.0, 1.0]]}, "finger3joint2": {"matrix": [[-0.0026128182653337717, -0.9887306690216064, 0.14968223869800568, -1.249198079109192], [-0.8998627066612244, 0.06761135160923004, 0.43090108036994934, 0.5359525680541992], [-0.4361654818058014, -0.13356749713420868, -0.8898983597755432, -1.0490565299987793], [0.0, 0.0, 0.0, 1.0]]}, "finger3joint3": {"matrix": [[-0.07679855078458786, -0.8969764113426208, -0.4353565573692322, -1.8889862298965454], [-0.955031156539917, -0.05924101918935776, 0.2905269265174866, 0.579702615737915], [-0.2863869369029999, 0.43809112906455994, -0.8520905375480652, -1.135485291481018], [0.0, 0.0, 0.0, 1.0]]}, "Bone.003": {"matrix": [[0.6900758743286133, 0.3055236041545868, 0.6560873985290527, -1.030793309211731], [-0.4226016402244568, 0.9060341715812683, 0.02257687784731388, 0.22466683387756348], [-0.5875398516654968, -0.29284316301345825, 0.7543471455574036, 0.18027670681476593], [0.0, 0.0, 0.0, 1.0]]}, "finger4joint1": {"matrix": [[0.008018325082957745, -0.5432345271110535, 0.8395426273345947, -0.8998399376869202], [-0.8915782570838928, 0.3762815594673157, 0.2519920766353607, 0.6130106449127197], [-0.4527954161167145, -0.7505384087562561, -0.481318861246109, 0.054758429527282715], [0.0, 0.0, 0.0, 1.0]]}, "finger4joint2": {"matrix": [[0.011773768812417984, -0.8379971385002136, 0.5455474257469177, -1.439466953277588], [-0.877686083316803, 0.2527422308921814, 0.40717077255249023, 0.9867933988571167], [-0.47909098863601685, -0.4836132526397705, -0.7325226664543152, -0.6907956600189209], [0.0, 0.0, 0.0, 1.0]]}, "finger4joint3": {"matrix": [[0.07341046631336212, -0.9657467007637024, 0.24888557195663452, -1.7889643907546997], [-0.9015199542045593, 0.04245559871196747, 0.43064919114112854, 1.0922026634216309], [-0.4264647960662842, -0.2559894621372223, -0.8675232529640198, -0.8924928903579712], [0.0, 0.0, 0.0, 1.0]]}}