{"root": {"matrix": [[0.3051421344280243, -0.9522951245307922, 0.004717837553471327, -5.960464477539063e-08], [0.2401430755853653, 0.07215268909931183, -0.968052327632904, -7.450580596923828e-09], [0.9215311408042908, 0.2965264916419983, 0.2507038414478302, 0.0], [0.0, 0.0, 0.0, 1.0]]}, "carpals": {"matrix": [[-0.17665566504001617, -0.36754530668258667, -0.9130733609199524, -0.24258145689964294], [0.9791698455810547, -0.1599625051021576, -0.12505289912223816, 0.7225360870361328], [-0.10009472817182541, -0.9161452651023865, 0.38814759254455566, 2.3460779190063477], [0.0, 0.0, 0.0, 1.0]]}, "metacarpals": {"matrix": [[-0.40603116154670715, -0.6900889873504639, -0.5990957021713257, -0.600568413734436], [0.9085509777069092, -0.37538430094718933, -0.18336211144924164, 0.5667335391044617], [-0.09835479408502579, -0.6187596917152405, 0.7793986797332764, 1.453757882118225], [0.0, 0.0, 0.0, 1.0]]}, "finger5joint1": {"matrix": [[-0.6261242032051086, -0.5496639609336853, -0.5530259609222412, -0.6766879558563232], [0.7201142907142639, -0.6796249151229858, -0.13980482518672943, 0.2685229182243347], [-0.29900437593460083, -0.4857771098613739, 0.8213504552841187, 0.7972893118858337], [0.0, 0.0, 0.0, 1.0]]}, "finger5joint2": {"matrix": [[-0.3796815574169159, -0.8941216468811035, 0.23746110498905182, -1.2572827339172363], [-0.07747476547956467, -0.22504901885986328, -0.9712622761726379, -0.44934600591659546], [0.9218671321868896, -0.38716745376586914, 0.01617494225502014, 0.28417637944221497], [0.0, 0.0, 0.0, 1.0]]}, "finger5joint3": {"matrix": [[-0.4739893078804016, -0.8703680634498596, -0.13339006900787354, -1.871843934059143], [-0.0445558987557888, 0.17500196397304535, -0.983559250831604, -0.6040300726890564], [0.879402220249176, -0.46025311946868896, -0.12172919511795044, 0.01806260645389557], [0.0, 0.0, 0.0, 1.0]]}, "Bone": {"matrix": [[0.6672541499137878, -0.4143790900707245, -0.6189197301864624, -1.677988886833191], [0.5253629684448242, 0.8508718609809875, -0.003284553764387965, -0.019345581531524658], [0.5279824137687683, -0.32296571135520935, 0.7854471802711487, 0.48770225048065186], [0.0, 0.0, 0.0, 1.0]]}, "finger1joint1": {"matrix": [[-0.12658759951591492, -0.39300277829170227, -0.9107821583747864, -2.02282977104187], [0.911345899105072, 0.3164805769920349, -0.2632273733615875, 0.6887394189834595], [0.391694039106369, -0.8633587956428528, 0.3180989623069763, 0.21893414855003357], [0.0, 0.0, 0.0, 1.0]]}, "finger1joint2": {"matrix": [[0.16460320353507996, -0.10187576711177826, -0.9810845851898193, -2.2449464797973633], [0.9417011141777039, 0.312134325504303, 0.12558357417583466, 0.8676074743270874], [0.29343631863594055, -0.9445597529411316, 0.1473149210214615, -0.2690175175666809], [0.0, 0.0, 0.0, 1.0]]}, "finger1joint3": {"matrix": [[0.06802569329738617, 0.3388078212738037, -0.9383930563926697, -2.288619041442871], [0.9374892711639404, 0.3000562787055969, 0.17629580199718475, 1.0014142990112305], [0.34130123257637024, -0.8917259573936462, -0.2972170114517212, -0.673934817314148], [0.0, 0.0, 0.0, 1.0]]}, "Bone.001": {"matrix": [[0.4097936749458313, -0.8088598847389221, -0.4216805696487427, -1.677988886833191], [0.7779555320739746, 0.5512868762016296, -0.30144283175468445, -0.019345581531524658], [0.47629207372665405, -0.20451925694942474, 0.8551709055900574, 0.48770222067832947], [0.0, 0.0, 0.0, 1.0]]}, "finger2joint1": {"matrix": [[0.031996071338653564, -0.713237464427948, -0.7001916170120239, -2.1907119750976562], [0.879979133605957, 0.3522866666316986, -0.31863874197006226, 0.33010610938072205], [0.4739333987236023, -0.6059587001800537, 0.6389058828353882, 0.3580608367919922], [0.0, 0.0, 0.0, 1.0]]}, "finger2joint2": {"matrix": [[0.03193488344550133, 0.7078201770782471, -0.705670177936554, -2.8077685832977295], [0.933896541595459, 0.23042427003383636, 0.27338945865631104, 0.6348865032196045], [0.35611429810523987, -0.6677536368370056, -0.6536720991134644, -0.166183739900589], [0.0, 0.0, 0.0, 1.0]]}, "finger2joint3": {"matrix": [[0.17583434283733368, 0.7599185109138489, 0.625784158706665, -2.5390682220458984], [0.925973653793335, -0.34345167875289917, 0.15688693523406982, 0.7223594188690186], [0.3341480493545532, 0.5518733263015747, -0.7640551924705505, -0.41967394948005676], [0.0, 0.0, 0.0, 1.0]]}, "Bone.002": {"matrix": [[-0.2636764645576477, -0.908999502658844, -0.3227914869785309, -1.6779887676239014], [0.9466513991355896, -0.1795758306980133, -0.26758867502212524, -0.019345559179782867], [0.18527260422706604, -0.3761277198791504, 0.9078555107116699, 0.4877021908760071], [0.0, 0.0, 0.0, 1.0]]}, "finger3joint1": {"matrix": [[-0.012984482571482658, -0.9459235072135925, -0.3241294026374817, -2.0611414909362793], [0.984474778175354, 0.04465342313051224, -0.16975189745426178, -0.09503857791423798], [0.1750459522008896, -0.3213011920452118, 0.9306578636169434, 0.3291606307029724], [0.0, 0.0, 0.0, 1.0]]}, "finger3joint2": {"matrix": [[-0.14980903267860413, 0.7221014499664307, -0.6753714680671692, -2.89088773727417], [0.9849849343299866, 0.16827809810638428, -0.03856511041522026, -0.05586941912770271], [0.08580248057842255, -0.6710081100463867, -0.7364683747291565, 0.047321170568466187], [0.0, 0.0, 0.0, 1.0]]}, "finger3joint3": {"matrix": [[0.0019112684531137347, 0.7046544551849365, 0.7095479965209961, -2.4236302375793457], [0.9845614433288574, -0.12551817297935486, 0.12200047820806503, 0.05302002653479576], [0.1750294715166092, 0.698360025882721, -0.6940155625343323, -0.3868749737739563], [0.0, 0.0, 0.0, 1.0]]}, "Bone.003": {"matrix": [[-0.8173344135284424, -0.3674076497554779, 0.44381967186927795, -1.6779887676239014], [0.3955582082271576, -0.9179036021232605, -0.03141237422823906, -0.01934555172920227], [0.4189249277114868, 0.1498820036649704, 0.8955652117729187, 0.48770222067832947], [0.0, 0.0, 0.0, 1.0]]}, "finger4joint1": {"matrix": [[-0.5124257802963257, -0.4092467129230499, -0.7549413442611694, -1.8354668617248535], [0.8231831192970276, -0.48442643880844116, -0.29614266753196716, -0.412776917219162], [-0.2445179522037506, -0.7732062339782715, 0.5851176381111145, 0.5519446134567261], [0.0, 0.0, 0.0, 1.0]]}, "finger4joint2": {"matrix": [[-0.5361548066139221, -0.06978173553943634, -0.8412300944328308, -2.2419958114624023], [0.8059900999069214, -0.33845821022987366, -0.4856190085411072, -0.8939863443374634], [-0.2508336901664734, -0.9383901953697205, 0.23770944774150848, -0.21612676978111267], [0.0, 0.0, 0.0, 1.0]]}, "finger4joint3": {"matrix": [[-0.5161348581314087, 0.12779919803142548, -0.8469189405441284, -2.271099328994751], [0.838352620601654, -0.12712617218494415, -0.5300976634025574, -1.035144567489624], [-0.1754113882780075, -0.9836187362670898, -0.04152649641036987, -0.6074944734573364], [0.0, 0.0, 0.0, 1.0]]}}