{"root": {"matrix": [[0.46988004446029663, -0.6468582153320312, -0.6006556749343872, 5.960464477539063e-08], [-0.10099188983440399, 0.6365904211997986, -0.7645608186721802, 0.0], [0.8769340515136719, 0.41991329193115234, 0.23379364609718323, 0.0], [0.0, 0.0, 0.0, 1.0]]}, "carpals": {"matrix": [[0.64507657289505, -0.7469901442527771, 0.16087818145751953, 0.49699562788009644], [-0.2384660542011261, 0.003222497645765543, 0.9711453914642334, 0.48067131638526917], [-0.7259544730186462, -0.6648271083831787, -0.17605283856391907, 2.3678970336914062], [0.0, 0.0, 0.0, 1.0]]}, "metacarpals": {"matrix": [[0.07970636337995529, -0.43133288621902466, 0.8986649513244629, -0.23056823015213013], [-0.9854715466499329, 0.1015419214963913, 0.1361428052186966, 0.4838100075721741], [-0.1499752402305603, -0.8964601159095764, -0.4169727563858032, 1.7203593254089355], [0.0, 0.0, 0.0, 1.0]]}, "finger5joint1": {"matrix": [[0.06728844344615936, -0.6643236875534058, 0.7444099187850952, -0.860383927822113], [-0.9400349855422974, 0.20783191919326782, 0.27044397592544556, 0.6586685180664062], [-0.33437466621398926, -0.7179690003395081, -0.6105027794837952, 1.4066214561462402], [0.0, 0.0, 0.0, 1.0]]}, "finger5joint2": {"matrix": [[0.7383942008018494, -0.5815876722335815, -0.34136396646499634, -1.5620906352996826], [0.26439085602760315, -0.21600854396820068, 0.9399135112762451, 0.8781956434249878], [-0.6203797459602356, -0.7842801213264465, -0.005732799414545298, 0.6482506990432739], [0.0, 0.0, 0.0, 1.0]]}, "finger5joint3": {"matrix": [[0.698543906211853, -0.5676711797714233, -0.43564367294311523, -1.961836338043213], [0.19092176854610443, -0.43888065218925476, 0.8780274391174316, 0.7297253608703613], [-0.6896265149116516, -0.6965146064758301, -0.1981964111328125, 0.10918748378753662], [0.0, 0.0, 0.0, 1.0]]}, "Bone": {"matrix": [[0.36090201139450073, -0.13753312826156616, 0.9224067330360413, -0.9039985537528992], [-0.2636880874633789, -0.9637561440467834, -0.04052744060754776, 0.642345130443573], [0.8945489525794983, -0.22860145568847656, -0.3840874135494232, 0.3207361400127411], [0.0, 0.0, 0.0, 1.0]]}, "finger1joint1": {"matrix": [[0.34027355909347534, -0.7849500775337219, 0.5177520513534546, -1.0184519290924072], [-0.9334587454795837, -0.3483979105949402, 0.08528490364551544, -0.15968087315559387], [0.11343908309936523, -0.5123203992843628, -0.851269006729126, 0.1304968297481537], [0.0, 0.0, 0.0, 1.0]]}, "finger1joint2": {"matrix": [[0.18211369216442108, -0.9419462084770203, 0.28208500146865845, -1.4620888233184814], [-0.9079452157020569, -0.27121877670288086, -0.319492906332016, -0.35658779740333557], [0.377451628446579, -0.19793367385864258, -0.9046282172203064, -0.15905556082725525], [0.0, 0.0, 0.0, 1.0]]}, "finger1joint3": {"matrix": [[0.24417896568775177, -0.9553278684616089, -0.16650895774364471, -1.865885615348816], [-0.9250686764717102, -0.17796459794044495, -0.335524320602417, -0.4728548228740692], [0.2909028232097626, 0.2359601855278015, -0.9271990060806274, -0.24390646815299988], [0.0, 0.0, 0.0, 1.0]]}, "Bone.001": {"matrix": [[0.3991851508617401, 0.06300549954175949, 0.9147028923034668, -0.9039985537528992], [-0.5770062208175659, -0.7580446600914001, 0.30402588844299316, 0.642345130443573], [0.7125408053398132, -0.6491521000862122, -0.26624560356140137, 0.3207361400127411], [0.0, 0.0, 0.0, 1.0]]}, "finger2joint1": {"matrix": [[0.20257815718650818, -0.6241252422332764, 0.7546055912971497, -0.8640604615211487], [-0.977838397026062, -0.170515239238739, 0.12147524952888489, 0.1618330031633377], [0.052855756133794785, -0.7624905705451965, -0.6448363661766052, -0.09075075387954712], [0.0, 0.0, 0.0, 1.0]]}, "finger2joint2": {"matrix": [[0.07470192015171051, -0.8482345342636108, 0.5243257880210876, -1.4040218591690063], [-0.9962761402130127, -0.08618205785751343, 0.00251976796425879, 0.014311928302049637], [0.043049897998571396, -0.5225614309310913, -0.8515138626098633, -0.7504186630249023], [0.0, 0.0, 0.0, 1.0]]}, "finger2joint3": {"matrix": [[-0.07023219764232635, -0.993503749370575, 0.08954030275344849, -1.7260253429412842], [-0.9957994222640991, 0.06454145908355713, -0.06494241207838058, -0.018404193222522736], [0.058741245418787, -0.09372514486312866, -0.9938634634017944, -0.9487915635108948], [0.0, 0.0, 0.0, 1.0]]}, "Bone.002": {"matrix": [[0.3156125843524933, -0.125133216381073, 0.9406010508537292, -0.903998613357544], [-0.9468473792076111, -0.10650737583637238, 0.3035392761230469, 0.642345130443573], [0.06219790130853653, -0.9864063262939453, -0.15209713578224182, 0.3207361102104187], [0.0, 0.0, 0.0, 1.0]]}, "finger3joint1": {"matrix": [[0.14859673380851746, -0.3252826929092407, 0.9338683485984802, -0.9567434787750244], [-0.9888349175453186, -0.03821783512830734, 0.14403103291988373, 0.5974511504173279], [-0.011160538531839848, -0.9448440074920654, -0.3273299038410187, -0.09504401683807373], [0.0, 0.0, 0.0, 1.0]]}, "finger3joint2": {"matrix": [[0.05895207077264786, -0.968445360660553, 0.24215318262577057, -1.2420754432678223], [-0.9872715473175049, -0.020667463541030884, 0.15769515931606293, 0.5639272332191467], [-0.14771458506584167, -0.24836723506450653, -0.9573368430137634, -0.9238437414169312], [0.0, 0.0, 0.0, 1.0]]}, "finger3joint3": {"matrix": [[-0.03073118068277836, -0.9590198993682861, -0.28166720271110535, -1.8687374591827393], [-0.9995223879814148, 0.03039931133389473, 0.005548960994929075, 0.5505537390708923], [0.003240796271711588, 0.28170326352119446, -0.9594959020614624, -1.084557294845581], [0.0, 0.0, 0.0, 1.0]]}, "Bone.003": {"matrix": [[0.6526649594306946, 0.18030157685279846, 0.7358803153038025, -0.903998613357544], [-0.5234848856925964, 0.8094627857208252, 0.2659575641155243, 0.642345130443573], [-0.5477151870727539, -0.5588032603263855, 0.6226931214332581, 0.3207361400127411], [0.0, 0.0, 0.0, 1.0]]}, "finger4joint1": {"matrix": [[0.04893350601196289, -0.5998373031616211, 0.7986241579055786, -0.8267178535461426], [-0.9804061055183411, 0.12390641123056412, 0.15313637256622314, 0.9892967343330383], [-0.19081169366836548, -0.7904694080352783, -0.5820209383964539, 0.08122217655181885], [0.0, 0.0, 0.0, 1.0]]}, "finger4joint2": {"matrix": [[0.05058290809392929, -0.8729655742645264, 0.4851517975330353, -1.4225716590881348], [-0.9741681814193726, 0.06392159312963486, 0.2165871560573578, 1.1123801469802856], [-0.22008492052555084, -0.4835749566555023, -0.8471819758415222, -0.7039977312088013], [0.0, 0.0, 0.0, 1.0]]}, "finger4joint3": {"matrix": [[0.11587141454219818, -0.9718795418739319, 0.20499691367149353, -1.7866531610488892], [-0.9791738986968994, -0.07712859660387039, 0.18780086934566498, 1.1390395164489746], [-0.1667088121175766, -0.22248829901218414, -0.9605761170387268, -0.905678927898407], [0.0, 0.0, 0.0, 1.0]]}}