{"root": {"matrix": [[0.4505419433116913, -0.7622106671333313, -0.4648084342479706, 0.0], [0.08448754996061325, 0.5547112226486206, -0.827742338180542, 0.0], [0.8887484669685364, 0.33366215229034424, 0.314317911863327, 0.0], [0.0, 0.0, 0.0, 1.0]]}, "carpals": {"matrix": [[0.8622182607650757, -0.5048045516014099, -0.0418558232486248, 0.32508134841918945], [-0.11069045960903168, -0.2684054374694824, 0.9569252729415894, 0.8270868062973022], [-0.49429458379745483, -0.8204453587532043, -0.2873009443283081, 2.301137685775757], [0.0, 0.0, 0.0, 1.0]]}, "metacarpals": {"matrix": [[0.09151072055101395, -0.5340527892112732, 0.8404839634895325, -0.16659528017044067], [-0.9658322930335999, 0.15791603922843933, 0.20550012588500977, 0.5656614899635315], [-0.24247395992279053, -0.8305719494819641, -0.5013543963432312, 1.5020289421081543], [0.0, 0.0, 0.0, 1.0]]}, "finger5joint1": {"matrix": [[-0.10316063463687897, -0.7264586687088013, 0.6794229745864868, -0.833167552947998], [-0.8196854591369629, 0.44902685284614563, 0.3556550443172455, 0.7407136559486389], [-0.563447892665863, -0.5202233195304871, -0.641789436340332, 1.2768337726593018], [0.0, 0.0, 0.0, 1.0]]}, "finger5joint2": {"matrix": [[0.7941427230834961, -0.542048454284668, -0.2748096287250519, -1.6005058288574219], [0.3422839045524597, 0.025284817442297935, 0.9392561316490173, 1.21500825881958], [-0.5021739602088928, -0.8399661779403687, 0.20561444759368896, 0.7273362278938293], [0.0, 0.0, 0.0, 1.0]]}, "finger5joint3": {"matrix": [[0.7539910674095154, -0.50348961353302, -0.4218946695327759, -1.9730746746063232], [0.29091817140579224, -0.3198981285095215, 0.9016825556755066, 1.2323874235153198], [-0.5889511704444885, -0.8025974631309509, -0.09472581744194031, 0.1499980092048645], [0.0, 0.0, 0.0, 1.0]]}, "Bone": {"matrix": [[0.4687604308128357, -0.13385950028896332, 0.8731237649917603, -1.0003999471664429], [-0.32201331853866577, -0.9463268518447876, 0.027799423784017563, 0.812212347984314], [0.8225390911102295, -0.2941889464855194, -0.48670512437820435, 0.20527556538581848], [0.0, 0.0, 0.0, 1.0]]}, "finger1joint1": {"matrix": [[0.18264083564281464, -0.7114898562431335, 0.6785457730293274, -1.1117960214614868], [-0.9717863202095032, -0.02587578259408474, 0.23443898558616638, 0.024690791964530945], [-0.1492432802915573, -0.702219545841217, -0.6961420178413391, -0.03954485058784485], [0.0, 0.0, 0.0, 1.0]]}, "finger1joint2": {"matrix": [[-0.018426556140184402, -0.9981957077980042, -0.057147081941366196, -1.513914704322815], [-0.996306836605072, 0.023125704377889633, -0.08269131183624268, 0.010066359303891659], [0.08386348187923431, 0.05541239678859711, -0.994935154914856, -0.4364241063594818], [0.0, 0.0, 0.0, 1.0]]}, "finger1joint3": {"matrix": [[0.012514020316302776, -0.7060370445251465, -0.7080642580986023, -1.9418249130249023], [-0.9997331500053406, -0.02258526161313057, 0.004851611331105232, 0.019979968667030334], [-0.019417421892285347, 0.7078145742416382, -0.706131100654602, -0.41266971826553345], [0.0, 0.0, 0.0, 1.0]]}, "Bone.001": {"matrix": [[0.4953153431415558, 0.010915575549006462, 0.8686445355415344, -1.0003998279571533], [-0.6175064444541931, -0.6988851428031921, 0.36089470982551575, 0.8122122287750244], [0.6110220551490784, -0.7151504755020142, -0.3394280970096588, 0.20527558028697968], [0.0, 0.0, 0.0, 1.0]]}, "finger2joint1": {"matrix": [[0.5994715690612793, -0.6065101623535156, 0.5222825407981873, -0.9934806823730469], [-0.779897153377533, -0.5893561840057373, 0.2107590287923813, 0.3692004382610321], [0.1799827367067337, -0.5336707830429077, -0.8263179063796997, -0.2480466365814209], [0.0, 0.0, 0.0, 1.0]]}, "finger2joint2": {"matrix": [[0.49132633209228516, -0.7288202047348022, 0.4768850803375244, -1.518202304840088], [-0.8461238741874695, -0.529264509677887, 0.06287514418363571, -0.1406804472208023], [0.2065735012292862, -0.43439605832099915, -0.876713752746582, -0.7097513675689697], [0.0, 0.0, 0.0, 1.0]]}, "finger2joint3": {"matrix": [[0.3599005341529846, -0.8754175901412964, 0.32266929745674133, -1.7948744297027588], [-0.9034560322761536, -0.41333091259002686, -0.11368543654680252, -0.34159791469573975], [0.2328912317752838, -0.2506020963191986, -0.9396593570709229, -0.8746551871299744], [0.0, 0.0, 0.0, 1.0]]}, "Bone.002": {"matrix": [[0.34890806674957275, -0.2340753823518753, 0.9074534773826599, -1.0003998279571533], [-0.9355167150497437, -0.029731454327702522, 0.3520289957523346, 0.8122122883796692], [-0.055421583354473114, -0.9717634916305542, -0.22935499250888824, 0.2052755504846573], [0.0, 0.0, 0.0, 1.0]]}, "finger3joint1": {"matrix": [[0.2538297772407532, -0.1892460286617279, 0.9485548734664917, -1.0990650653839111], [-0.9643832445144653, -0.12494944036006927, 0.23313671350479126, 0.7996801733970642], [0.07440101355314255, -0.9739472270011902, -0.21422159671783447, -0.20433247089385986], [0.0, 0.0, 0.0, 1.0]]}, "finger3joint2": {"matrix": [[0.18372170627117157, -0.9750245809555054, 0.12479331344366074, -1.2650680541992188], [-0.9803169369697571, -0.17240604758262634, 0.09620199352502823, 0.6900768876075745], [-0.07228433340787888, -0.14001122117042542, -0.987507700920105, -1.0586609840393066], [0.0, 0.0, 0.0, 1.0]]}, "finger3joint3": {"matrix": [[0.11151503026485443, -0.875191867351532, -0.4707479178905487, -1.8959872722625732], [-0.9898629784584045, -0.055899448692798615, -0.1305621862411499, 0.5785163044929504], [0.08795224875211716, 0.480535626411438, -0.8725534081459045, -1.1492595672607422], [0.0, 0.0, 0.0, 1.0]]}, "Bone.003": {"matrix": [[0.6010140180587769, 0.09073732048273087, 0.7940711379051208, -1.0003998279571533], [-0.45032843947410583, 0.8592564463615417, 0.24265733361244202, 0.812212347984314], [-0.6602926254272461, -0.503433108329773, 0.5572866797447205, 0.2052755504846573], [0.0, 0.0, 0.0, 1.0]]}, "finger4joint1": {"matrix": [[0.14673832058906555, -0.4404771625995636, 0.885690450668335, -0.96150803565979], [-0.9793861508369446, 0.06095980107784271, 0.19257844984531403, 1.1805062294006348], [-0.13881804049015045, -0.895691454410553, -0.42245209217071533, -0.0105055570602417], [0.0, 0.0, 0.0, 1.0]]}, "finger4joint2": {"matrix": [[0.1536780744791031, -0.9377955198287964, 0.3113236725330353, -1.3990600109100342], [-0.9738299250602722, -0.09035123139619827, 0.2085462212562561, 1.2410613298416138], [-0.1674453467130661, -0.3352251648902893, -0.9271383285522461, -0.9002487659454346], [0.0, 0.0, 0.0, 1.0]]}, "finger4joint3": {"matrix": [[0.22653062641620636, -0.9629063010215759, -0.1466122716665268, -1.7901798486709595], [-0.9658951759338379, -0.24146781861782074, 0.09348458051681519, 1.2033790349960327], [-0.12541915476322174, 0.12043508142232895, -0.9847663044929504, -1.0400587320327759], [0.0, 0.0, 0.0, 1.0]]}}