{"root": {"matrix": [[0.3171047866344452, -0.7780003547668457, 0.5423651933670044, -5.960464477539063e-08], [0.6194599866867065, -0.2631228566169739, -0.7396185994148254, -2.9802322387695312e-08], [0.7181322574615479, 0.5705100893974304, 0.39850249886512756, 5.960464477539063e-08], [0.0, 0.0, 0.0, 1.0]]}, "carpals": {"matrix": [[-0.6017627716064453, -0.33951446413993835, -0.7229185700416565, -0.10537132620811462], [0.7663205862045288, -0.5004633069038391, -0.40285125374794006, 1.2264962196350098], [-0.22502027451992035, -0.7964082360267639, 0.5613371729850769, 2.137659788131714], [0.0, 0.0, 0.0, 1.0]]}, "metacarpals": {"matrix": [[-0.5404917001724243, -0.6747366189956665, -0.5025923252105713, -0.43605637550354004], [0.8396023511886597, -0.39408257603645325, -0.373853862285614, 0.7390480041503906], [0.05419008806347847, -0.6240425109863281, 0.7795088291168213, 1.3619630336761475], [0.0, 0.0, 0.0, 1.0]]}, "finger5joint1": {"matrix": [[-0.32167473435401917, -0.7668572664260864, -0.5553872585296631, -0.5195200443267822], [0.8803669214248657, -0.026316625997424126, -0.4735625386238098, 0.5206270813941956], [0.3485390245914459, -0.641277551651001, 0.6835812330245972, 0.675667941570282], [0.0, 0.0, 0.0, 1.0]]}, "finger5joint2": {"matrix": [[-0.4605943560600281, -0.8571012616157532, -0.23071521520614624, -1.3295302391052246], [-0.5069451332092285, 0.46738341450691223, -0.7242645025253296, 0.4928296208381653], [0.7286006808280945, -0.2166319638490677, -0.6497776508331299, -0.0016957521438598633], [0.0, 0.0, 0.0, 1.0]]}, "finger5joint3": {"matrix": [[-0.5251944065093994, -0.6446619629859924, -0.5555007457733154, -1.9186457395553589], [-0.42045244574546814, 0.76410973072052, -0.4892399311065674, 0.8140786290168762], [0.739858090877533, -0.023384209722280502, -0.6723558902740479, -0.15059450268745422], [0.0, 0.0, 0.0, 1.0]]}, "Bone": {"matrix": [[0.6232110261917114, -0.5580556988716125, -0.5478882789611816, -1.4895075559616089], [0.5492292046546936, 0.8110487461090088, -0.2013632208108902, 0.1237756609916687], [0.5567359328269958, -0.17542441189289093, 0.8119550347328186, 0.38765937089920044], [0.0, 0.0, 0.0, 1.0]]}, "finger1joint1": {"matrix": [[-0.35286056995391846, -0.437552273273468, -0.8270653486251831, -1.953914761543274], [0.8718506097793579, 0.16711574792861938, -0.46037888526916504, 0.7987204194068909], [0.3396555185317993, -0.8835269808769226, 0.32251179218292236, 0.24167335033416748], [0.0, 0.0, 0.0, 1.0]]}, "finger1joint2": {"matrix": [[-0.07547734677791595, -0.15222257375717163, -0.9854599237442017, -2.201209783554077], [0.9671007394790649, 0.22960339486598969, -0.10953757911920547, 0.8931706547737122], [0.2429390251636505, -0.9613065123558044, 0.12988483905792236, -0.25767698884010315], [0.0, 0.0, 0.0, 1.0]]}, "finger1joint3": {"matrix": [[-0.1692541241645813, 0.2768815755844116, -0.9458802342414856, -2.266464948654175], [0.9419575333595276, 0.32778850197792053, -0.07260057330131531, 0.9915978908538818], [0.28994691371917725, -0.9032669067382812, -0.31629008054733276, -0.6697732210159302], [0.0, 0.0, 0.0, 1.0]]}, "Bone.001": {"matrix": [[0.3284435570240021, -0.8941106796264648, -0.3044513463973999, -1.4895074367523193], [0.7634082436561584, 0.441098690032959, -0.4718469977378845, 0.12377569079399109], [0.5561765432357788, -0.07744545489549637, 0.8274475336074829, 0.38765937089920044], [0.0, 0.0, 0.0, 1.0]]}, "finger2joint1": {"matrix": [[-0.2092542052268982, -0.835813045501709, -0.5075715780258179, -2.056269645690918], [0.8911076784133911, 0.050751473754644394, -0.4509446918964386, 0.40338096022605896], [0.40266552567481995, -0.5466629266738892, 0.7341796159744263, 0.33856797218322754], [0.0, 0.0, 0.0, 1.0]]}, "finger2joint2": {"matrix": [[-0.2361755520105362, 0.5449276566505432, -0.8045337796211243, -2.779372453689575], [0.9298901557922363, 0.36702844500541687, -0.02437843568623066, 0.44728851318359375], [0.28200238943099976, -0.7538857460021973, -0.5934058427810669, -0.13437685370445251], [0.0, 0.0, 0.0, 1.0]]}, "finger2joint3": {"matrix": [[-0.09927667677402496, 0.8308252692222595, 0.5476067662239075, -2.5725090503692627], [0.9642844200134277, -0.05548127368092537, 0.25899261236190796, 0.5866185426712036], [0.24555957317352295, 0.5537604689598083, -0.7956439852714539, -0.42056429386138916], [0.0, 0.0, 0.0, 1.0]]}, "Bone.002": {"matrix": [[-0.38326218724250793, -0.899983823299408, -0.20769931375980377, -1.4895075559616089], [0.8620772957801819, -0.26783302426338196, -0.43021875619888306, 0.12377569824457169], [0.33156123757362366, -0.34393927454948425, 0.8785058856010437, 0.38765937089920044], [0.0, 0.0, 0.0, 1.0]]}, "finger3joint1": {"matrix": [[-0.29709360003471375, -0.9488810896873474, 0.1065823957324028, -1.8688597679138184], [0.9359015226364136, -0.3115045428276062, -0.1644793301820755, 0.010881364345550537], [0.18927232921123505, 0.05088501796126366, 0.9806051254272461, 0.24268551170825958], [0.0, 0.0, 0.0, 1.0]]}, "finger3joint2": {"matrix": [[-0.44730356335639954, 0.33034515380859375, -0.8311386108398438, -2.7012007236480713], [0.8805387020111084, 0.3255269229412079, -0.3445053994655609, -0.26236462593078613], [0.15675242245197296, -0.8859481811523438, -0.4364908039569855, 0.28732091188430786], [0.0, 0.0, 0.0, 1.0]]}, "finger3joint3": {"matrix": [[-0.28421714901924133, 0.900442361831665, 0.32927781343460083, -2.487441062927246], [0.94098299741745, 0.19615072011947632, 0.27581870555877686, -0.05172258988022804], [0.18377083539962769, 0.388236939907074, -0.9030504822731018, -0.2859587073326111], [0.0, 0.0, 0.0, 1.0]]}, "Bone.003": {"matrix": [[-0.8305757641792297, -0.21683324873447418, 0.5129590630531311, -1.4895075559616089], [0.20615790784358978, -0.9753657579421997, -0.07848973572254181, 0.12377569079399109], [0.5173419117927551, 0.04055892303586006, 0.8548169732093811, 0.38765937089920044], [0.0, 0.0, 0.0, 1.0]]}, "finger4joint1": {"matrix": [[-0.6832342743873596, -0.5023675560951233, -0.5299219489097595, -1.582446575164795], [0.721611738204956, -0.5755007266998291, -0.38480547070503235, -0.2942850589752197], [-0.1116565614938736, -0.6453102231025696, 0.7557163238525391, 0.40504375100135803], [0.0, 0.0, 0.0, 1.0]]}, "finger4joint2": {"matrix": [[-0.7046759724617004, -0.24212826788425446, -0.6669371128082275, -2.0814778804779053], [0.7006645202636719, -0.3855867087841034, -0.6003264784812927, -0.8659639358520508], [-0.11180593818426132, -0.8903349041938782, 0.441364586353302, -0.23598095774650574], [0.0, 0.0, 0.0, 1.0]]}, "finger4joint3": {"matrix": [[-0.6722779273986816, -0.09865304827690125, -0.7336956858634949, -2.1824605464935303], [0.738998532295227, -0.1481407880783081, -0.657217800617218, -1.0267778635025024], [-0.04385358467698097, -0.9840332269668579, 0.17249642312526703, -0.6073065996170044], [0.0, 0.0, 0.0, 1.0]]}}