{"root": {"matrix": [[0.5144383907318115, -0.7210903763771057, -0.464092493057251, 0.0], [0.12256129086017609, 0.5974696278572083, -0.7924700379371643, 0.0], [0.8487237095832825, 0.35079726576805115, 0.39573901891708374, 0.0], [0.0, 0.0, 0.0, 1.0]]}, "carpals": {"matrix": [[0.6304470896720886, -0.7696081399917603, 0.10119088739156723, 0.5097501277923584], [-0.13778474926948547, 0.017339125275611877, 0.9903103113174438, 0.9510766863822937], [-0.7639054656028748, -0.6382807493209839, -0.09510871767997742, 2.2182412147521973], [0.0, 0.0, 0.0, 1.0]]}, "metacarpals": {"matrix": [[0.24121315777301788, -0.4911179542541504, 0.8370299935340881, -0.23984354734420776], [-0.9440054893493652, 0.08131510019302368, 0.31975188851356506, 0.9679649472236633], [-0.22509923577308655, -0.8672892451286316, -0.44400379061698914, 1.5965595245361328], [0.0, 0.0, 0.0, 1.0]]}, "finger5joint1": {"matrix": [[0.26468169689178467, -0.7288179397583008, 0.6314806342124939, -0.906761109828949], [-0.8976405262947083, 0.053093377500772476, 0.43751847743988037, 1.0484739542007446], [-0.3523988723754883, -0.6826456785202026, -0.6401636600494385, 1.3237700462341309], [0.0, 0.0, 0.0, 1.0]]}, "finger5joint2": {"matrix": [[0.6236130595207214, -0.5076631903648376, -0.5944614410400391, -1.676591396331787], [0.4197639226913452, -0.42405056953430176, 0.8024830222129822, 1.1045550107955933], [-0.6594728827476501, -0.7499722838401794, -0.0513446107506752, 0.6027103066444397], [0.0, 0.0, 0.0, 1.0]]}, "finger5joint3": {"matrix": [[0.6052742004394531, -0.40265774726867676, -0.686665415763855, -2.0255258083343506], [0.3335238993167877, -0.6549732089042664, 0.6780645251274109, 0.8130900859832764], [-0.7227754592895508, -0.6394343376159668, -0.26214221119880676, 0.08722808957099915], [0.0, 0.0, 0.0, 1.0]]}, "Bone": {"matrix": [[0.4499122202396393, 0.019507363438606262, 0.8928595781326294, -1.0066150426864624], [-0.25290054082870483, -0.9560548663139343, 0.14832478761672974, 1.0949203968048096], [0.8565160632133484, -0.29253801703453064, -0.42520737648010254, 0.24248023331165314], [0.0, 0.0, 0.0, 1.0]]}, "finger1joint1": {"matrix": [[0.33371827006340027, -0.8239031434059143, 0.45805633068084717, -0.9903812408447266], [-0.9366729259490967, -0.23508022725582123, 0.25957855582237244, 0.2993032932281494], [-0.10618782788515091, -0.5156749486923218, -0.8501782417297363, -0.0009663403034210205], [0.0, 0.0, 0.0, 1.0]]}, "finger1joint2": {"matrix": [[0.19482485949993134, -0.9784835577011108, 0.06792042404413223, -1.4560333490371704], [-0.9663375616073608, -0.2033470720052719, -0.15761245787143707, 0.16644102334976196], [0.16803240776062012, -0.03492714837193489, -0.9851623177528381, -0.2924146354198456], [0.0, 0.0, 0.0, 1.0]]}, "finger1joint3": {"matrix": [[0.23646754026412964, -0.8909183740615845, -0.38774657249450684, -1.8754931688308716], [-0.9692171216011047, -0.18812112510204315, -0.15883535146713257, 0.07926947623491287], [0.06856582313776016, 0.4133700132369995, -0.9079777002334595, -0.3073873221874237], [0.0, 0.0, 0.0, 1.0]]}, "Bone.001": {"matrix": [[0.5319302082061768, 0.1578141301870346, 0.8319523930549622, -1.0066150426864624], [-0.542060375213623, -0.6913408637046814, 0.4777217209339142, 1.0949203968048096], [0.650553822517395, -0.7050831913948059, -0.28220027685165405, 0.24248023331165314], [0.0, 0.0, 0.0, 1.0]]}, "finger2joint1": {"matrix": [[0.5097299218177795, -0.6130342483520508, 0.6036258935928345, -0.9065791368484497], [-0.8565550446510315, -0.42730551958084106, 0.28934958577156067, 0.6566907167434692], [0.08055128157138824, -0.6645289659500122, -0.7429080009460449, -0.20446044206619263], [0.0, 0.0, 0.0, 1.0]]}, "finger2joint2": {"matrix": [[0.39423081278800964, -0.8051380515098572, 0.4430965781211853, -1.4369451999664307], [-0.9147464632987976, -0.3901755213737488, 0.10488934814929962, 0.28700774908065796], [0.08843483775854111, -0.44667157530784607, -0.8903164267539978, -0.7793769836425781], [0.0, 0.0, 0.0, 1.0]]}, "finger2joint3": {"matrix": [[0.2581024169921875, -0.958530068397522, 0.12084273248910904, -1.742588758468628], [-0.9591504335403442, -0.2692231833934784, -0.08688504248857498, 0.13889071345329285], [0.11581540107727051, -0.09348105639219284, -0.9888617396354675, -0.9489409327507019], [0.0, 0.0, 0.0, 1.0]]}, "Bone.002": {"matrix": [[0.47815197706222534, -0.15887224674224854, 0.8637883067131042, -1.0066149234771729], [-0.8780266046524048, -0.06298383325338364, 0.47444936633110046, 1.09492027759552], [-0.02097231335937977, -0.9852879047393799, -0.169609934091568, 0.24248023331165314], [0.0, 0.0, 0.0, 1.0]]}, "finger3joint1": {"matrix": [[0.4181004464626312, -0.2391473650932312, 0.8763563632965088, -1.0735812187194824], [-0.8972364664077759, -0.2595022916793823, 0.35724693536758423, 1.0683720111846924], [0.14198161661624908, -0.9356638193130493, -0.3230697512626648, -0.17282849550247192], [0.0, 0.0, 0.0, 1.0]]}, "finger3joint2": {"matrix": [[0.3407108187675476, -0.9255430102348328, 0.16518546640872955, -1.2833569049835205], [-0.9401565194129944, -0.3362794816493988, 0.05497071146965027, 0.8407413363456726], [0.004670556169003248, -0.1740291565656662, -0.9847292304039001, -0.9935755729675293], [0.0, 0.0, 0.0, 1.0]]}, "finger3joint3": {"matrix": [[0.2617347836494446, -0.9172684550285339, -0.3001890480518341, -1.8822575807571411], [-0.9515215158462524, -0.19317732751369476, -0.23935191333293915, 0.6231415867805481], [0.1615600734949112, 0.3482831120491028, -0.9233616590499878, -1.1061862707138062], [0.0, 0.0, 0.0, 1.0]]}, "Bone.003": {"matrix": [[0.7024709582328796, 0.005969603545963764, 0.7116873860359192, -1.0066150426864624], [-0.36315304040908813, 0.863000750541687, 0.3512115180492401, 1.09492027759552], [-0.6120901703834534, -0.5051671862602234, 0.6084007620811462, 0.24248023331165314], [0.0, 0.0, 0.0, 1.0]]}, "finger4joint1": {"matrix": [[0.322507381439209, -0.4355056583881378, 0.8404306173324585, -1.0040562152862549], [-0.9441862106323242, -0.08507844805717468, 0.3182355463504791, 1.4648191928863525], [-0.06709098070859909, -0.8961561918258667, -0.438636839389801, 0.025955796241760254], [0.0, 0.0, 0.0, 1.0]]}, "finger4joint2": {"matrix": [[0.3286081552505493, -0.8924210667610168, 0.30919432640075684, -1.4366697072982788], [-0.9395670294761658, -0.2755880653858185, 0.2031371146440506, 1.3803057670593262], [-0.0960737019777298, -0.35726118087768555, -0.9290498495101929, -0.8642489910125732], [0.0, 0.0, 0.0, 1.0]]}, "finger4joint3": {"matrix": [[0.39709582924842834, -0.9152054786682129, -0.06865543872117996, -1.8088654279708862], [-0.9162774085998535, -0.3996107578277588, 0.027323780581355095, 1.2653682231903076], [-0.052442457526922226, 0.05205736309289932, -0.9972658157348633, -1.013249397277832], [0.0, 0.0, 0.0, 1.0]]}}