{"root": {"matrix": [[0.5098665952682495, -0.8463242053985596, -0.15417979657649994, 0.0], [-0.16283375024795532, -0.27093374729156494, 0.9487255215644836, 0.0], [-0.844701886177063, -0.45861780643463135, -0.2759501338005066, -2.9802322387695312e-08], [0.0, 0.0, 0.0, 1.0]]}, "carpals": {"matrix": [[-0.47481557726860046, -0.5451825857162476, -0.6908877491950989, 0.3419880270957947], [-0.7454718351364136, 0.6663997173309326, -0.013530125841498375, -0.7401003837585449], [0.4677836298942566, 0.508613109588623, -0.7228352427482605, -2.3281495571136475], [0.0, 0.0, 0.0, 1.0]]}, "metacarpals": {"matrix": [[-0.41230735182762146, -0.9082223176956177, -0.07165613770484924, -0.18901658058166504], [-0.9110063910484314, 0.411734402179718, 0.02328152023255825, -0.091031014919281], [0.008358355611562729, 0.07487834244966507, -0.9971574544906616, -1.832763671875], [0.0, 0.0, 0.0, 1.0]]}, "finger5joint1": {"matrix": [[-0.06858769804239273, -0.9670063257217407, -0.24534495174884796, -0.6054885387420654], [-0.9844281673431396, 0.025702757760882378, 0.1738978773355484, 0.2942062318325043], [-0.16185444593429565, 0.2534516751766205, -0.9537111520767212, -1.3813011646270752], [0.0, 0.0, 0.0, 1.0]]}, "finger5joint2": {"matrix": [[-0.2891364097595215, -0.6926066279411316, -0.6608293652534485, -1.6269104480743408], [0.11084315925836563, -0.7098932266235352, 0.6955322623252869, 0.32135528326034546], [-0.9508487582206726, 0.127855122089386, 0.2820267975330353, -1.1135872602462769], [0.0, 0.0, 0.0, 1.0]]}, "finger5joint3": {"matrix": [[-0.3157103955745697, -0.27142074704170227, -0.909206748008728, -2.1029632091522217], [0.005625957623124123, -0.9587329030036926, 0.2842520773410797, -0.1665792167186737], [-0.9488385915756226, 0.08462602645158768, 0.3042089641094208, -1.0257079601287842], [0.0, 0.0, 0.0, 1.0]]}, "Bone": {"matrix": [[0.8364025950431824, -0.5409004092216492, -0.08864127099514008, -1.6070036888122559], [-0.5479859113693237, -0.8216824531555176, -0.1566821038722992, 0.5518007278442383], [0.011914399452507496, 0.17962335050106049, -0.9836630821228027, -1.715857744216919], [0.0, 0.0, 0.0, 1.0]]}, "finger1joint1": {"matrix": [[-0.29448196291923523, -0.8703134655952454, -0.39475885033607483, -2.0571343898773193], [-0.9552985429763794, 0.2567710876464844, 0.14653712511062622, -0.13199329376220703], [-0.02617070823907852, 0.4202651381492615, -0.9070236682891846, -1.5663774013519287], [0.0, 0.0, 0.0, 1.0]]}, "finger1joint2": {"matrix": [[-0.14284609258174896, 0.05074017494916916, -0.9884433150291443, -2.5490164756774902], [-0.9594959020614624, 0.23791611194610596, 0.1508757323026657, 0.013128161430358887], [0.24282194674015045, 0.9699593782424927, 0.014699604362249374, -1.328852653503418], [0.0, 0.0, 0.0, 1.0]]}, "finger1joint3": {"matrix": [[-0.24397915601730347, 0.931065022945404, 0.2712782025337219, -2.5272653102874756], [-0.9473624229431152, -0.2886233329772949, 0.13856801390647888, 0.11511887609958649], [0.20731297135353088, -0.2231910526752472, 0.952474057674408, -0.9130470752716064], [0.0, 0.0, 0.0, 1.0]]}, "Bone.001": {"matrix": [[0.5874404311180115, -0.8002150058746338, 0.12070392817258835, -1.6070036888122559], [-0.8080647587776184, -0.5718784332275391, 0.14137230813503265, 0.5518006682395935], [-0.044100355356931686, -0.18058453500270844, -0.9825700521469116, -1.715857744216919], [0.0, 0.0, 0.0, 1.0]]}, "finger2joint1": {"matrix": [[-0.15299519896507263, -0.20705251395702362, -0.9662926197052002, -2.1142468452453613], [-0.9668266177177429, -0.17102588713169098, 0.18972638249397278, 0.18929627537727356], [-0.2045445442199707, 0.9632647037506104, -0.1740177869796753, -1.8303272724151611], [0.0, 0.0, 0.0, 1.0]]}, "finger2joint2": {"matrix": [[-0.08113732188940048, -0.013220665045082569, -0.9966151118278503, -2.2933783531188965], [-0.9917102456092834, -0.09888635575771332, 0.08204979449510574, 0.04133341461420059], [-0.09963655471801758, 0.9950106739997864, -0.005087726283818483, -0.996959924697876], [0.0, 0.0, 0.0, 1.0]]}, "finger2joint3": {"matrix": [[0.007258941885083914, 0.2209542989730835, -0.9752569794654846, -2.2983968257904053], [-0.9998455047607422, 0.0172107070684433, -0.0035426951944828033, 0.003794531337916851], [0.016001934185624123, 0.9751320481300354, 0.22104506194591522, -0.61923748254776], [0.0, 0.0, 0.0, 1.0]]}, "Bone.002": {"matrix": [[-0.13887335360050201, -0.962850034236908, 0.23158961534500122, -1.6070036888122559], [-0.9800680875778198, 0.16717247664928436, 0.10733064264059067, 0.5518007278442383], [-0.14205887913703918, -0.21206825971603394, -0.966874361038208, -1.715857744216919], [0.0, 0.0, 0.0, 1.0]]}, "finger3joint1": {"matrix": [[-0.1137058362364769, -0.5369595289230347, -0.8359097838401794, -2.01285457611084], [-0.982718288898468, -0.0629129633307457, 0.1740887612104416, 0.6222655773162842], [-0.14606831967830658, 0.8412586450576782, -0.5205263495445251, -1.8052465915679932], [0.0, 0.0, 0.0, 1.0]]}, "finger3joint2": {"matrix": [[-0.16466663777828217, 0.19575579464435577, -0.966728687286377, -2.48386549949646], [-0.9863073825836182, -0.023641332983970642, 0.16321437060832977, 0.5670794248580933], [0.00909524317830801, 0.9803674817085266, 0.19696831703186035, -1.067310094833374], [0.0, 0.0, 0.0, 1.0]]}, "finger3joint3": {"matrix": [[0.010165479965507984, 0.5418766140937805, -0.8403964042663574, -2.3571958541870117], [-0.9996488690376282, 0.026075022295117378, 0.004721046891063452, 0.5517816543579102], [0.024471424520015717, 0.840053379535675, 0.5419513583183289, -0.43293362855911255], [0.0, 0.0, 0.0, 1.0]]}, "Bone.003": {"matrix": [[-0.46329009532928467, -0.20677217841148376, 0.8617467284202576, -1.6070036888122559], [-0.5105140805244446, 0.857112467288971, -0.0688011422753334, 0.5518006682395935], [-0.7243877053260803, -0.47180861234664917, -0.5026518106460571, -1.715857744216919], [0.0, 0.0, 0.0, 1.0]]}, "finger4joint1": {"matrix": [[-0.4173714220523834, -0.8582819700241089, -0.2985844612121582, -1.6956303119659424], [-0.9086337685585022, 0.39907917380332947, 0.12296464294195175, 0.9191757440567017], [0.01362035796046257, 0.32262593507766724, -0.9464282989501953, -1.9180841445922852], [0.0, 0.0, 0.0, 1.0]]}, "finger4joint2": {"matrix": [[-0.4426240921020508, 0.20744849741458893, -0.8723809123039246, -2.5482122898101807], [-0.8967028856277466, -0.09943178296089172, 0.43132007122039795, 1.3156046867370605], [0.0027341675013303757, 0.9731793403625488, 0.2300306111574173, -1.5976006984710693], [0.0, 0.0, 0.0, 1.0]]}, "finger4joint3": {"matrix": [[-0.4455272853374481, 0.7512475252151489, -0.48696208000183105, -2.461693525314331], [-0.8915473818778992, -0.4218408465385437, 0.16490377485752106, 1.2741353511810303], [-0.08153709769248962, 0.5076190233230591, 0.8577145338058472, -1.1917237043380737], [0.0, 0.0, 0.0, 1.0]]}}