{"root": {"matrix": [[0.34630459547042847, -0.937765896320343, -0.025849733501672745, -5.960464477539063e-08], [-0.8613118529319763, -0.328749418258667, 0.38738319277763367, -2.9802322387695312e-08], [-0.3717729151248932, -0.11188793182373047, -0.921556293964386, 0.0], [0.0, 0.0, 0.0, 1.0]]}, "carpals": {"matrix": [[-0.3426130712032318, -0.3781253397464752, -0.8600216507911682, -0.13183552026748657], [-0.02805253677070141, 0.9191357493400574, -0.39294055104255676, -2.313171625137329], [0.9390575289726257, -0.11050087213516235, -0.3255153298377991, -0.8466652631759644], [0.0, 0.0, 0.0, 1.0]]}, "metacarpals": {"matrix": [[-0.3069946765899658, -0.774433970451355, -0.5531781911849976, -0.5001273155212402], [-0.30006080865859985, 0.6303619742393494, -0.7159658670425415, -1.4179389476776123], [0.9031708240509033, -0.05381069704890251, -0.4258950650691986, -0.9542925357818604], [0.0, 0.0, 0.0, 1.0]]}, "finger5joint1": {"matrix": [[-0.1627046763896942, -0.8627769947052002, -0.4786885380744934, -0.6606466174125671], [-0.423817902803421, 0.49922871589660645, -0.7557439208030701, -0.7110351920127869], [0.8910136818885803, 0.07991361618041992, -0.44688719511032104, -0.9682766795158386], [0.0, 0.0, 0.0, 1.0]]}, "finger5joint2": {"matrix": [[-0.19338980317115784, -0.7749898433685303, -0.6016563773155212, -1.5719740390777588], [-0.7732130289077759, -0.2570933699607849, 0.5796931982040405, -0.18371376395225525], [-0.6039382815361023, 0.5773153901100159, -0.5495133996009827, -0.8838661909103394], [0.0, 0.0, 0.0, 1.0]]}, "finger5joint3": {"matrix": [[-0.23147639632225037, -0.2670074999332428, -0.9354811310768127, -2.104651689529419], [-0.8245739936828613, -0.45641782879829407, 0.3343052566051483, -0.3604230284690857], [-0.5162323117256165, 0.8487575650215149, -0.1145177036523819, -0.48705703020095825], [0.0, 0.0, 0.0, 1.0]]}, "Bone": {"matrix": [[0.7616952061653137, -0.33936652541160583, -0.5519515872001648, -1.7092337608337402], [-0.6063085794448853, -0.07290923595428467, -0.7918799519538879, -0.4337688684463501], [0.22849524021148682, 0.9378243088722229, -0.2612954080104828, -1.0383059978485107], [0.0, 0.0, 0.0, 1.0]]}, "finger1joint1": {"matrix": [[-0.16389499604701996, -0.9769775867462158, -0.13657556474208832, -1.9916504621505737], [-0.46164703369140625, 0.19831205904483795, -0.8646121025085449, -0.49444299936294556], [0.871791422367096, -0.0786559134721756, -0.4835211932659149, -0.25786012411117554], [0.0, 0.0, 0.0, 1.0]]}, "finger1joint2": {"matrix": [[-0.09495854377746582, -0.002382643986493349, -0.9954782724380493, -2.5438170433044434], [-0.1803625077009201, 0.9834880232810974, 0.014850758947432041, -0.38236135244369507], [0.9790056943893433, 0.18095716834068298, -0.09382034093141556, -0.30231475830078125], [0.0, 0.0, 0.0, 1.0]]}, "finger1joint3": {"matrix": [[-0.1951337456703186, 0.9801847338676453, 0.034066129475831985, -2.5448384284973145], [-0.2138904333114624, -0.07642736285924911, 0.9738631844520569, 0.039243780076503754], [0.9571696519851685, 0.18274717032909393, 0.22456569969654083, -0.2247413992881775], [0.0, 0.0, 0.0, 1.0]]}, "Bone.001": {"matrix": [[0.5312395095825195, -0.7547464370727539, -0.38489237427711487, -1.7092337608337402], [-0.6841036677360535, -0.11414045095443726, -0.7203983664512634, -0.4337688684463501], [0.4997864067554474, 0.6460103988647461, -0.5769608020782471, -1.0383058786392212], [0.0, 0.0, 0.0, 1.0]]}, "finger2joint1": {"matrix": [[-0.19580677151679993, -0.14233428239822388, -0.9702578783035278, -2.187655210494995], [-0.36043402552604675, 0.9306015968322754, -0.06377803534269333, -0.5061206817626953], [0.9120014309883118, 0.3372257947921753, -0.2335202842950821, -0.6288105249404907], [0.0, 0.0, 0.0, 1.0]]}, "finger2joint2": {"matrix": [[-0.11737052351236343, 0.013774164952337742, -0.9929925203323364, -2.310795545578003], [-0.26735880970954895, 0.9625477194786072, 0.044953297823667526, 0.29898837208747864], [0.9564220905303955, 0.2707614600658417, -0.10929211974143982, -0.33705997467041016], [0.0, 0.0, 0.0, 1.0]]}, "finger2joint3": {"matrix": [[-0.02581668272614479, 0.29297637939453125, -0.9557709097862244, -2.3055665493011475], [-0.15813277661800385, 0.9428549408912659, 0.29328852891921997, 0.6643872857093811], [0.9870800971984863, 0.15871042013168335, 0.021987758576869965, -0.2342744916677475], [0.0, 0.0, 0.0, 1.0]]}, "Bone.002": {"matrix": [[-0.13949066400527954, -0.9501089453697205, -0.27898934483528137, -1.7092337608337402], [-0.5585094094276428, 0.30814117193222046, -0.7701403498649597, -0.4337688684463501], [0.8176854848861694, 0.04839069023728371, -0.5736275911331177, -1.0383059978485107], [0.0, 0.0, 0.0, 1.0]]}, "finger3joint1": {"matrix": [[0.30800727009773254, -0.7458208799362183, -0.5906627178192139, -2.1097142696380615], [-0.6977331042289734, 0.24497607350349426, -0.6731680035591125, -0.30388426780700684], [0.6467612385749817, 0.6194655895233154, -0.44492948055267334, -1.0179088115692139], [0.0, 0.0, 0.0, 1.0]]}, "finger3joint2": {"matrix": [[0.20888009667396545, 0.47376248240470886, -0.855522096157074, -2.76393461227417], [-0.6235729455947876, 0.73842853307724, 0.25667086243629456, -0.08899581432342529], [0.7533431053161621, 0.47986695170402527, 0.4496684670448303, -0.47452497482299805], [0.0, 0.0, 0.0, 1.0]]}, "finger3joint3": {"matrix": [[0.37301793694496155, 0.8499048352241516, -0.37218177318573, -2.4573721885681152], [-0.6204399466514587, 0.5267453789710999, 0.5810279250144958, 0.38882672786712646], [0.6898636221885681, 0.014182599261403084, 0.7238003015518188, -0.16401255130767822], [0.0, 0.0, 0.0, 1.0]]}, "Bone.003": {"matrix": [[-0.7319959998130798, -0.45611220598220825, 0.5061060190200806, -1.7092337608337402], [-0.6289278268814087, 0.1667318344116211, -0.7593749165534973, -0.4337688684463501], [0.2619761526584625, -0.8741636872291565, -0.4089086651802063, -1.0383059978485107], [0.0, 0.0, 0.0, 1.0]]}, "finger4joint1": {"matrix": [[-0.3089378774166107, -0.554227352142334, -0.77290940284729, -1.904732346534729], [-0.2928312122821808, 0.8286142945289612, -0.4771246910095215, -0.36230435967445374], [0.9048795104026794, 0.07893001288175583, -0.4182854890823364, -1.4129894971847534], [0.0, 0.0, 0.0, 1.0]]}, "finger4joint2": {"matrix": [[-0.3364286720752716, 0.17789754271507263, -0.9247527718544006, -2.4552791118621826], [-0.2829185426235199, 0.9175359606742859, 0.27943599224090576, 0.4608071744441986], [0.8982051014900208, 0.3556399941444397, -0.2583550810813904, -1.3345836400985718], [0.0, 0.0, 0.0, 1.0]]}, "finger4joint3": {"matrix": [[-0.3364882171154022, 0.5455515384674072, -0.7675602436065674, -2.381084680557251], [-0.3622678220272064, 0.6773687601089478, 0.6402602791786194, 0.8434773683547974], [0.8692164421081543, 0.49350252747535706, -0.030291015282273293, -1.186259388923645], [0.0, 0.0, 0.0, 1.0]]}}