{"root": {"matrix": [[0.08093245327472687, -0.7350282073020935, -0.6731890439987183, 0.0], [-0.5801970362663269, 0.5144378542900085, -0.6314468383789062, 0.0], [0.8104450702667236, 0.4416868984699249, -0.38482651114463806, 0.0], [0.0, 0.0, 0.0, 1.0]]}, "carpals": {"matrix": [[0.8965615034103394, -0.4384656250476837, -0.06265094131231308, -0.46074676513671875], [0.24387399852275848, 0.3706114590167999, 0.8961988091468811, -0.7375690937042236], [-0.36973315477371216, -0.8187763690948486, 0.439206600189209, 2.3083953857421875], [0.0, 0.0, 0.0, 1.0]]}, "metacarpals": {"matrix": [[0.46665993332862854, -0.5574733018875122, 0.6866235733032227, -0.8878095746040344], [-0.37909719347953796, 0.5753284692764282, 0.7247635126113892, -0.37659579515457153], [-0.7990705370903015, -0.5985151529312134, 0.05714636668562889, 1.5109121799468994], [0.0, 0.0, 0.0, 1.0]]}, "finger5joint1": {"matrix": [[0.4508615732192993, -0.8864569664001465, 0.10448813438415527, -1.5702800750732422], [-0.16358491778373718, 0.033017631620168686, 0.9859763979911804, -0.27989909052848816], [-0.8774756789207458, -0.4616316258907318, -0.13012440502643585, 1.2860591411590576], [0.0, 0.0, 0.0, 1.0]]}, "finger5joint2": {"matrix": [[0.13785529136657715, 0.13123643398284912, -0.9817191362380981, -2.506619930267334], [0.9683539867401123, -0.22606444358825684, 0.10575824230909348, -0.24502350389957428], [-0.20805230736732483, -0.9652312397956848, -0.15824736654758453, 0.7984504699707031], [0.0, 0.0, 0.0, 1.0]]}, "finger5joint3": {"matrix": [[0.20334261655807495, 0.5410272479057312, -0.8160519599914551, -2.4164164066314697], [0.9357231855392456, -0.35273364186286926, -0.0006936431745998561, -0.4004054665565491], [-0.28822413086891174, -0.7634580731391907, -0.5779775381088257, 0.1350131779909134], [0.0, 0.0, 0.0, 1.0]]}, "Bone": {"matrix": [[0.5627739429473877, 0.25183072686195374, 0.787316083908081, -1.7581802606582642], [-0.6861885786056519, -0.3887483775615692, 0.6148329377174377, 0.5216516852378845], [0.4609016180038452, -0.8862594962120056, -0.04597393795847893, 0.5764638185501099], [0.0, 0.0, 0.0, 1.0]]}, "finger1joint1": {"matrix": [[0.8805268406867981, -0.4114137291908264, 0.2353956252336502, -1.548609733581543], [-0.39754894375801086, -0.37056437134742737, 0.8394262790679932, 0.19814009964466095], [-0.25812238454818726, -0.8327189087867737, -0.4898488223552704, -0.16107040643692017], [0.0, 0.0, 0.0, 1.0]]}, "finger1joint2": {"matrix": [[0.7751002311706543, -0.5247895121574402, 0.35187435150146484, -1.7811317443847656], [-0.6267504096031189, -0.5680643320083618, 0.5333727598190308, -0.011294856667518616], [-0.08002130687236786, -0.6339550018310547, -0.7692187428474426, -0.631705105304718], [0.0, 0.0, 0.0, 1.0]]}, "finger1joint3": {"matrix": [[0.8254790306091309, -0.5635634064674377, 0.031314458698034286, -2.0061004161834717], [-0.5482471585273743, -0.7873820066452026, 0.28187641501426697, -0.25481465458869934], [-0.13419891893863678, -0.24985136091709137, -0.9589394330978394, -0.9034711718559265], [0.0, 0.0, 0.0, 1.0]]}, "Bone.001": {"matrix": [[0.7034506797790527, 0.2839013636112213, 0.6515803337097168, -1.7581801414489746], [-0.6996546983718872, 0.11529434472322464, 0.7051170468330383, 0.5216516852378845], [0.12506011128425598, -0.9518964886665344, 0.27973702549934387, 0.5764638781547546], [0.0, 0.0, 0.0, 1.0]]}, "finger2joint1": {"matrix": [[0.8693528175354004, -0.13013575971126556, 0.47674956917762756, -1.5782197713851929], [-0.4826626479625702, -0.01642455905675888, 0.8756520748138428, 0.5947348475456238], [-0.10612328350543976, -0.9913600087165833, -0.07709022611379623, -0.02692776918411255], [0.0, 0.0, 0.0, 1.0]]}, "finger2joint2": {"matrix": [[0.806229293346405, -0.5463069677352905, 0.22703079879283905, -1.6908066272735596], [-0.5610177516937256, -0.5842167735099792, 0.5864719748497009, 0.5805251598358154], [-0.18775860965251923, -0.6001993417739868, -0.777500569820404, -0.8846018314361572], [0.0, 0.0, 0.0, 1.0]]}, "finger2joint3": {"matrix": [[0.7147162556648254, -0.6283156275749207, -0.30724582076072693, -1.898193597793579], [-0.6744673848152161, -0.7354392409324646, -0.06498000770807266, 0.3587469160556793], [-0.18513281643390656, 0.2536694407463074, -0.9494088888168335, -1.1124472618103027], [0.0, 0.0, 0.0, 1.0]]}, "Bone.002": {"matrix": [[0.6918249726295471, -0.20841462910175323, 0.6913331747055054, -1.7581801414489746], [-0.4321073293685913, 0.647575318813324, 0.6276377439498901, 0.5216516256332397], [-0.5784993171691895, -0.732945442199707, 0.35795146226882935, 0.5764638185501099], [0.0, 0.0, 0.0, 1.0]]}, "finger3joint1": {"matrix": [[0.5226399898529053, 0.28301459550857544, 0.8042078018188477, -1.8460289239883423], [-0.43291258811950684, 0.9007309079170227, -0.035640839487314224, 0.7946110963821411], [-0.7344619035720825, -0.32952409982681274, 0.5932785272598267, 0.2675199508666992], [0.0, 0.0, 0.0, 1.0]]}, "finger3joint2": {"matrix": [[0.5292198657989502, -0.8416473269462585, -0.10749944299459457, -1.5977740287780762], [-0.2833279073238373, -0.2947177290916443, 0.912615180015564, 1.584715723991394], [-0.7997822165489197, -0.4525165855884552, -0.3944323658943176, -0.02153247594833374], [0.0, 0.0, 0.0, 1.0]]}, "finger3joint3": {"matrix": [[0.4973420202732086, -0.07701428979635239, -0.8641295433044434, -2.1423873901367188], [-0.4470303952693939, -0.876389741897583, -0.17917746305465698, 1.3940097093582153], [-0.743515133857727, 0.475404292345047, -0.47029322385787964, -0.3143470883369446], [0.0, 0.0, 0.0, 1.0]]}, "Bone.003": {"matrix": [[0.7267995476722717, -0.2612611949443817, 0.635220468044281, -1.7581801414489746], [0.3824765682220459, 0.9221203327178955, -0.05835697427392006, 0.5216517448425293], [-0.5705031156539917, 0.28537097573280334, 0.7701230049133301, 0.5764638781547546], [0.0, 0.0, 0.0, 1.0]]}, "finger4joint1": {"matrix": [[0.6843935251235962, -0.006427114363759756, 0.7290843725204468, -1.870161771774292], [-0.6974604725837708, 0.2856607735157013, 0.6572262048721313, 0.9168903231620789], [-0.2124951034784317, -0.9583089351654053, 0.19102196395397186, 0.6987793445587158], [0.0, 0.0, 0.0, 1.0]]}, "finger4joint2": {"matrix": [[0.6980173587799072, -0.30390360951423645, 0.6483935117721558, -1.8765461444854736], [-0.6779077053070068, 0.011244140565395355, 0.7350606918334961, 1.200654149055481], [-0.23067840933799744, -0.952636182308197, -0.1981697976589203, -0.25316548347473145], [0.0, 0.0, 0.0, 1.0]]}, "finger4joint3": {"matrix": [[0.7113037705421448, -0.4192888140678406, 0.5641308426856995, -2.00329327583313], [-0.6871762871742249, -0.2460993379354477, 0.6835373640060425, 1.2053436040878296], [-0.14776749908924103, -0.873860239982605, -0.46317657828330994, -0.6504746675491333], [0.0, 0.0, 0.0, 1.0]]}}