{"root": {"matrix": [[0.3033143877983093, -0.769267201423645, 0.5623418688774109, 0.0], [0.7161840796470642, -0.20523717999458313, -0.6670517921447754, 0.0], [0.6285545825958252, 0.6050666570663452, 0.4886854588985443, 5.960464477539063e-08], [0.0, 0.0, 0.0, 1.0]]}, "carpals": {"matrix": [[-0.8217307925224304, -0.2396947592496872, -0.5170150995254517, -0.13025571405887604], [0.5629897117614746, -0.48206087946891785, -0.6713119745254517, 1.4937362670898438], [-0.0883227214217186, -0.8427119255065918, 0.5310699939727783, 1.9587676525115967], [0.0, 0.0, 0.0, 1.0]]}, "metacarpals": {"matrix": [[-0.7428529858589172, -0.6661158800125122, 0.06677457690238953, -0.3637169599533081], [0.3984106779098511, -0.5200453400611877, -0.7555273771286011, 1.0242118835449219], [0.5379946827888489, -0.5346419811248779, 0.6517049074172974, 1.1379714012145996], [0.0, 0.0, 0.0, 1.0]]}, "finger5joint1": {"matrix": [[-0.7036906480789185, -0.6810792088508606, -0.2023618072271347, -0.6409726142883301], [0.2464492917060852, 0.033155255019664764, -0.9685882925987244, 0.9683300256729126], [0.666394829750061, -0.7314584255218506, 0.14452044665813446, 0.47037774324417114], [0.0, 0.0, 0.0, 1.0]]}, "finger5joint2": {"matrix": [[-0.18897125124931335, -0.7196640372276306, 0.6681113839149475, -1.3603776693344116], [-0.9734436869621277, 0.04775889217853546, -0.22388869524002075, 1.0033509731292725], [0.12921641767024994, -0.6926773190498352, -0.7095777988433838, -0.3022414743900299], [0.0, 0.0, 0.0, 1.0]]}, "finger5joint3": {"matrix": [[-0.29182493686676025, -0.8096129298210144, 0.5092782974243164, -1.8550279140472412], [-0.9509250521659851, 0.18832707405090332, -0.2455076426267624, 1.0361772775650024], [0.10285533964633942, -0.5559307336807251, -0.8248401284217834, -0.7783429622650146], [0.0, 0.0, 0.0, 1.0]]}, "Bone": {"matrix": [[0.535315215587616, -0.8443393707275391, -0.022989219054579735, -1.4037086963653564], [0.6373543739318848, 0.42164695262908936, -0.6449752449989319, 0.21227669715881348], [0.5542712211608887, 0.3306128680706024, 0.7638574242591858, 0.30324679613113403], [0.0, 0.0, 0.0, 1.0]]}, "finger1joint1": {"matrix": [[-0.6277351975440979, -0.7054791450500488, -0.32900989055633545, -2.1063578128814697], [0.450594037771225, 0.015336682088673115, -0.8925971388816833, 0.5631661415100098], [0.6347545981407166, -0.7085644602775574, 0.3082573711872101, 0.5783787369728088], [0.0, 0.0, 0.0, 1.0]]}, "finger1joint2": {"matrix": [[-0.4835229814052582, 0.19428665935993195, -0.8534975647926331, -2.5050790309906006], [0.7005590200424194, 0.6704906821250916, -0.24425236880779266, 0.5718340873718262], [0.5248072147369385, -0.7160270810127258, -0.4603067934513092, 0.17791345715522766], [0.0, 0.0, 0.0, 1.0]]}, "finger1joint3": {"matrix": [[-0.574273943901062, 0.7113872170448303, -0.40513890981674194, -2.4217917919158936], [0.6471487283706665, 0.6975721120834351, 0.30755746364593506, 0.8592624068260193], [0.5014061331748962, -0.08556298911571503, -0.8609707355499268, -0.1290355622768402], [0.0, 0.0, 0.0, 1.0]]}, "Bone.001": {"matrix": [[0.21142616868019104, -0.9342859983444214, 0.2870686650276184, -1.4037086963653564], [0.6616376042366028, -0.0793696939945221, -0.7456111311912537, 0.21227672696113586], [0.719398558139801, 0.34757718443870544, 0.6013779044151306, 0.30324679613113403], [0.0, 0.0, 0.0, 1.0]]}, "finger2joint1": {"matrix": [[-0.655039370059967, -0.7293624877929688, -0.19736649096012115, -1.9959373474121094], [0.47671884298324585, -0.19627171754837036, -0.8568642735481262, 0.16196559369564056], [0.5862272381782532, -0.6553680896759033, 0.4762665927410126, 0.5235702991485596], [0.0, 0.0, 0.0, 1.0]]}, "finger2joint2": {"matrix": [[-0.6972591280937195, 0.19805607199668884, -0.6889145970344543, -2.6269445419311523], [0.534153163433075, 0.7844712734222412, -0.3150952458381653, -0.007838666439056396], [0.4780272841453552, -0.5876889824867249, -0.6527718901634216, -0.043420687317848206], [0.0, 0.0, 0.0, 1.0]]}, "finger2joint3": {"matrix": [[-0.6055768132209778, 0.7867797613143921, -0.11939004063606262, -2.5517592430114746], [0.6466085910797119, 0.5739381313323975, 0.5024859309196472, 0.2899594306945801], [0.46386831998825073, 0.22709506750106812, -0.8563022017478943, -0.2665170729160309], [0.0, 0.0, 0.0, 1.0]]}, "Bone.002": {"matrix": [[-0.5044418573379517, -0.7792463898658752, 0.3719049096107483, -1.4037086963653564], [0.43054863810539246, -0.6003599762916565, -0.6739404201507568, 0.21227672696113586], [0.748442530632019, -0.17984050512313843, 0.6383501291275024, 0.30324679613113403], [0.0, 0.0, 0.0, 1.0]]}, "finger3joint1": {"matrix": [[-0.5176702737808228, -0.6937385201454163, 0.500743567943573, -1.7321691513061523], [0.5651541948318481, -0.7166728377342224, -0.4086328148841858, -0.04078108072280884], [0.6423538327217102, 0.07146037369966507, 0.7630693316459656, 0.22744224965572357], [0.0, 0.0, 0.0, 1.0]]}, "finger3joint2": {"matrix": [[-0.6398839950561523, -0.14523136615753174, -0.7546231150627136, -2.3407037258148193], [0.46014341711997986, 0.714072585105896, -0.5276063680648804, -0.6694332361221313], [0.6154807806015015, -0.6848417520523071, -0.39009618759155273, 0.2901259660720825], [0.0, 0.0, 0.0, 1.0]]}, "finger3joint3": {"matrix": [[-0.5102769136428833, 0.7381799817085266, -0.44125664234161377, -2.4346799850463867], [0.5771681666374207, 0.6743177771568298, 0.4606218934059143, -0.20737092196941376], [0.6375691294670105, -0.01963481307029724, -0.7701427936553955, -0.1530216634273529], [0.0, 0.0, 0.0, 1.0]]}, "Bone.003": {"matrix": [[-0.5373675227165222, 0.21674658358097076, 0.8150196075439453, -1.403708815574646], [-0.3841566741466522, -0.923235297203064, -0.00776101415976882, 0.21227672696113586], [0.7507726550102234, -0.31726568937301636, 0.5793812870979309, 0.30324679613113403], [0.0, 0.0, 0.0, 1.0]]}, "finger4joint1": {"matrix": [[-0.8560556173324585, -0.493093341588974, 0.15500754117965698, -1.3108069896697998], [0.28615617752075195, -0.7018535137176514, -0.6523159146308899, -0.18343985080718994], [0.4304453730583191, -0.5140624046325684, 0.7419273853302002, 0.16726061701774597], [0.0, 0.0, 0.0, 1.0]]}, "finger4joint2": {"matrix": [[-0.8639809489250183, -0.5026364326477051, -0.029882119968533516, -1.8006258010864258], [0.2573425769805908, -0.3897777199745178, -0.884221613407135, -0.8806323409080505], [0.4327947497367859, -0.7716406583786011, 0.4661104381084442, -0.34338799118995667], [0.0, 0.0, 0.0, 1.0]]}, "finger4joint3": {"matrix": [[-0.8186786770820618, -0.5381724238395691, -0.20033732056617737, -2.010256767272949], [0.30175989866256714, -0.10635636001825333, -0.9474328756332397, -1.0431941747665405], [0.4885752201080322, -0.836097002029419, 0.24947066605091095, -0.6652106046676636], [0.0, 0.0, 0.0, 1.0]]}}