{"root": {"matrix": [[0.16318586468696594, -0.8486258387565613, -0.5031943917274475, 5.960464477539063e-08], [-0.17298558354377747, 0.47751906514167786, -0.8614241480827332, 0.0], [0.971311628818512, 0.22761765122413635, -0.0688757449388504, 1.4901161193847656e-08], [0.0, 0.0, 0.0, 1.0]]}, "carpals": {"matrix": [[0.39650091528892517, -0.9106404781341553, 0.11627859622240067, -0.4050360321998596], [0.343117892742157, 0.26448091864585876, 0.9012877941131592, 0.17304778099060059], [-0.8515025973320007, -0.3174642026424408, 0.4173242151737213, 2.4271352291107178], [0.0, 0.0, 0.0, 1.0]]}, "metacarpals": {"matrix": [[0.6520674228668213, -0.4028102159500122, 0.6423019766807556, -1.291994333267212], [-0.5698205232620239, 0.29845523834228516, 0.7656558156013489, 0.4306505620479584], [-0.5001125335693359, -0.8652560710906982, -0.034916434437036514, 2.117927074432373], [0.0, 0.0, 0.0, 1.0]]}, "finger5joint1": {"matrix": [[0.651181161403656, -0.4803709387779236, 0.5875429511070251, -1.900503396987915], [-0.5142132043838501, 0.2901148200035095, 0.8071046471595764, 0.38598787784576416], [-0.558164656162262, -0.8276936411857605, -0.058095600455999374, 1.7262680530548096], [0.0, 0.0, 0.0, 1.0]]}, "finger5joint2": {"matrix": [[0.6031032800674438, 0.11251889169216156, -0.7896869778633118, -2.4079058170318604], [0.7943307757377625, 0.005676347762346268, 0.6074586510658264, 0.6924281120300293], [0.07283326238393784, -0.993632972240448, -0.08595362305641174, 0.8519981503486633], [0.0, 0.0, 0.0, 1.0]]}, "finger5joint3": {"matrix": [[0.6535305380821228, 0.3878747820854187, -0.6499620079994202, -2.3305675983428955], [0.756738543510437, -0.3525581359863281, 0.550498902797699, 0.696329653263092], [-0.015624619089066982, -0.851619303226471, -0.5239271521568298, 0.16903939843177795], [0.0, 0.0, 0.0, 1.0]]}, "Bone": {"matrix": [[0.4429149627685547, 0.4650498628616333, 0.7665212154388428, -1.9208929538726807], [-0.4465603530406952, -0.6269282102584839, 0.6383922100067139, 0.8966220617294312], [0.7774379253387451, -0.6250516772270203, -0.07000290602445602, 0.7670222520828247], [0.0, 0.0, 0.0, 1.0]]}, "finger1joint1": {"matrix": [[0.8827141523361206, -0.34224027395248413, 0.32200488448143005, -1.533884048461914], [-0.46648189425468445, -0.5555776357650757, 0.6882789134979248, 0.3749001622200012], [-0.05665818974375725, -0.757763147354126, -0.650065004825592, 0.24686187505722046], [0.0, 0.0, 0.0, 1.0]]}, "finger1joint2": {"matrix": [[0.7494308948516846, -0.619524359703064, 0.2335440218448639, -1.7273108959197998], [-0.6426781415939331, -0.7654789090156555, 0.03172876685857773, 0.06089967489242554], [0.15911613404750824, -0.17387235164642334, -0.971828281879425, -0.18140943348407745], [0.0, 0.0, 0.0, 1.0]]}, "finger1joint3": {"matrix": [[0.7914509773254395, -0.6005098819732666, -0.11398768424987793, -1.99289071559906], [-0.607642650604248, -0.7528173923492432, -0.2530538737773895, -0.2672485113143921], [0.06614929437637329, 0.26954329013824463, -0.9607135057449341, -0.2559456527233124], [0.0, 0.0, 0.0, 1.0]]}, "Bone.001": {"matrix": [[0.6612288951873779, 0.5053523778915405, 0.554432213306427, -1.9208929538726807], [-0.5537323355674744, -0.16983123123645782, 0.8151916861534119, 0.8966221213340759], [0.5061189532279968, -0.8460354804992676, 0.16753286123275757, 0.7670221924781799], [0.0, 0.0, 0.0, 1.0]]}, "finger2joint1": {"matrix": [[0.8685040473937988, -0.13338962197303772, 0.47739678621292114, -1.6005582809448242], [-0.4945630133152008, -0.29785987734794617, 0.8165087699890137, 0.7889688611030579], [0.033283475786447525, -0.9452441334724426, -0.3246619403362274, 0.23073410987854004], [0.0, 0.0, 0.0, 1.0]]}, "finger2joint2": {"matrix": [[0.8050335645675659, -0.4071506857872009, 0.4314500689506531, -1.7159602642059326], [-0.5928032994270325, -0.5245702266693115, 0.611072838306427, 0.5312756896018982], [-0.022472962737083435, -0.7476992607116699, -0.6636568307876587, -0.5870429277420044], [0.0, 0.0, 0.0, 1.0]]}, "finger2joint3": {"matrix": [[0.711228609085083, -0.6870982646942139, 0.14849086105823517, -1.8705211877822876], [-0.7012720108032227, -0.6788777709007263, 0.21758262813091278, 0.3321402072906494], [-0.04869364947080612, -0.25888362526893616, -0.9646801352500916, -0.8708817362785339], [0.0, 0.0, 0.0, 1.0]]}, "Bone.002": {"matrix": [[0.8175049424171448, -0.03253821283578873, 0.57500159740448, -1.9208929538726807], [-0.5280721783638, 0.35609063506126404, 0.7709338665008545, 0.8966220021247864], [-0.22983761131763458, -0.9338845014572144, 0.27392348647117615, 0.7670221924781799], [0.0, 0.0, 0.0, 1.0]]}, "finger3joint1": {"matrix": [[0.6913670301437378, 0.33911094069480896, 0.6379776000976562, -1.934607982635498], [-0.594615638256073, 0.7686532139778137, 0.23580589890480042, 1.046717882156372], [-0.4104192554950714, -0.54237961769104, 0.7330620884895325, 0.37338048219680786], [0.0, 0.0, 0.0, 1.0]]}, "finger3joint2": {"matrix": [[0.7110142707824707, -0.6950736045837402, -0.10644899308681488, -1.6371461153030396], [-0.47428804636001587, -0.5858100056648254, 0.6571738123893738, 1.7209662199020386], [-0.5191431045532227, -0.4167725741863251, -0.7461841106414795, -0.10238489508628845], [0.0, 0.0, 0.0, 1.0]]}, "finger3joint3": {"matrix": [[0.6834158301353455, -0.24741177260875702, -0.686826229095459, -2.0869147777557373], [-0.6065186858177185, -0.7160415649414062, -0.3455713391304016, 1.341900110244751], [-0.4062977731227875, 0.6527414917945862, -0.6394139528274536, -0.3720702528953552], [0.0, 0.0, 0.0, 1.0]]}, "Bone.003": {"matrix": [[0.8385423421859741, -0.3351893723011017, 0.42952850461006165, -1.9208929538726807], [0.24562256038188934, 0.9362731575965881, 0.2511216998100281, 0.8966221809387207], [-0.48632916808128357, -0.10507408529520035, 0.8674347996711731, 0.7670221924781799], [0.0, 0.0, 0.0, 1.0]]}, "finger4joint1": {"matrix": [[0.7411970496177673, 0.09284074604511261, 0.6648363471031189, -2.064561605453491], [-0.6710816025733948, 0.07796168327331543, 0.7372727394104004, 1.297926902770996], [0.016617054119706154, -0.9926238059997559, 0.12008891999721527, 0.721985399723053], [0.0, 0.0, 0.0, 1.0]]}, "finger4joint2": {"matrix": [[0.7558302879333496, -0.18807624280452728, 0.6271743178367615, -1.9723373651504517], [-0.6547560691833496, -0.21150580048561096, 0.7256441116333008, 1.3753708600997925], [-0.003825543215498328, -0.9591100811958313, -0.28300637006759644, -0.26404643058776855], [0.0, 0.0, 0.0, 1.0]]}, "finger4joint3": {"matrix": [[0.7595925331115723, -0.29811573028564453, 0.5780535936355591, -2.050776720046997], [-0.6454532742500305, -0.45491310954093933, 0.6135501265525818, 1.2871596813201904], [0.08005506545305252, -0.839154839515686, -0.5379682183265686, -0.664055585861206], [0.0, 0.0, 0.0, 1.0]]}}