{"root": {"matrix": [[0.35136881470680237, -0.8584452271461487, -0.3736465573310852, -5.960464477539063e-08], [-0.05790448933839798, 0.37840408086776733, -0.923827588558197, 0.0], [0.934444785118103, 0.3462400436401367, 0.0832514837384224, 0.0], [0.0, 0.0, 0.0, 1.0]]}, "carpals": {"matrix": [[0.7497239112854004, -0.5487018823623657, -0.3699190318584442, -0.0036411285400390625], [0.37103891372680664, -0.11431310325860977, 0.9215543866157532, 0.34330111742019653], [-0.5479451417922974, -0.8281657695770264, 0.11788666993379593, 2.442768096923828], [0.0, 0.0, 0.0, 1.0]]}, "metacarpals": {"matrix": [[0.4769795835018158, -0.681745171546936, 0.5547196269035339, -0.5380733013153076], [-0.4533834755420685, 0.3498367369174957, 0.8197911381721497, 0.23196083307266235], [-0.7529500126838684, -0.642524242401123, -0.14222687482833862, 1.6361396312713623], [0.0, 0.0, 0.0, 1.0]]}, "finger5joint1": {"matrix": [[0.5139985680580139, -0.8003588318824768, 0.308595210313797, -1.2390117645263672], [-0.36133942008018494, 0.12425718456506729, 0.9241178035736084, 0.17391975224018097], [-0.7779711484909058, -0.5865027904510498, -0.22533299028873444, 1.4600952863693237], [0.0, 0.0, 0.0, 1.0]]}, "finger5joint2": {"matrix": [[0.3178064823150635, -0.2384728640317917, -0.9176760315895081, -2.0844085216522217], [0.9116336703300476, -0.18918098509311676, 0.36487558484077454, 0.30516916513442993], [-0.2606196701526642, -0.9525442123413086, 0.15727722644805908, 0.8405885696411133], [0.0, 0.0, 0.0, 1.0]]}, "finger5joint3": {"matrix": [[0.34419360756874084, 0.14005878567695618, -0.9283931255340576, -2.248319149017334], [0.8685147166252136, -0.42312484979629517, 0.25816094875335693, 0.175138458609581], [-0.3566683828830719, -0.8951807022094727, -0.2672797441482544, 0.18587158620357513], [0.0, 0.0, 0.0, 1.0]]}, "Bone": {"matrix": [[0.6978530883789062, 0.2622312009334564, 0.6665100455284119, -1.6024668216705322], [-0.4837319552898407, -0.5137102603912354, 0.7085936069488525, 0.7781531810760498], [0.5282082557678223, -0.8169066905975342, -0.23164458572864532, 0.6329810619354248], [0.0, 0.0, 0.0, 1.0]]}, "finger1joint1": {"matrix": [[0.7804404497146606, -0.49712854623794556, 0.37917765974998474, -1.3842413425445557], [-0.45679301023483276, -0.039270590990781784, 0.8887056708335876, 0.35064980387687683], [-0.4269106090068817, -0.8667875528335571, -0.257733017206192, -0.046838611364364624], [0.0, 0.0, 0.0, 1.0]]}, "finger1joint2": {"matrix": [[0.6377251744270325, -0.6409940123558044, 0.4271220266819, -1.6652075052261353], [-0.7047989368438721, -0.2618860602378845, 0.6592981219291687, 0.3284549117088318], [-0.3107490539550781, -0.7214861512184143, -0.6187830567359924, -0.5367281436920166], [0.0, 0.0, 0.0, 1.0]]}, "finger1joint3": {"matrix": [[0.7007870078086853, -0.7109074592590332, 0.05922887474298477, -1.9399912357330322], [-0.6243215203285217, -0.5710219144821167, 0.5330633521080017, 0.2161886841058731], [-0.34513798356056213, -0.4105417728424072, -0.8439993858337402, -0.8460174202919006], [0.0, 0.0, 0.0, 1.0]]}, "Bone.001": {"matrix": [[0.8188365697860718, 0.20373187959194183, 0.5366560220718384, -1.6024668216705322], [-0.5418563485145569, -0.03424731269478798, 0.8397728800773621, 0.7781530618667603], [0.1894674301147461, -0.9784273505210876, 0.08235061913728714, 0.6329810619354248], [0.0, 0.0, 0.0, 1.0]]}, "finger2joint1": {"matrix": [[0.8631774187088013, -0.49267464876174927, -0.11043645441532135, -1.4733244180679321], [-0.30346351861953735, -0.6810517311096191, 0.6663918495178223, 0.7564443349838257], [-0.4035274088382721, -0.541701078414917, -0.7373771667480469, 0.012771934270858765], [0.0, 0.0, 0.0, 1.0]]}, "finger2joint2": {"matrix": [[0.821584165096283, -0.42611709237098694, -0.3787130117416382, -1.8995614051818848], [-0.42408785223960876, -0.9007801413536072, 0.09351120889186859, 0.16723312437534332], [-0.38098403811454773, 0.08378013223409653, -0.9207777380943298, -0.45588019490242004], [0.0, 0.0, 0.0, 1.0]]}, "finger2joint3": {"matrix": [[0.7978184223175049, -0.310446172952652, -0.5168256163597107, -2.0613224506378174], [-0.5312539935112, -0.7673014402389526, -0.35918986797332764, -0.17471781373023987], [-0.2850520610809326, 0.561133861541748, -0.7770930528640747, -0.4240758419036865], [0.0, 0.0, 0.0, 1.0]]}, "Bone.002": {"matrix": [[0.7204246520996094, -0.3586687445640564, 0.5935865640640259, -1.6024668216705322], [-0.42541059851646423, 0.44742220640182495, 0.7866632342338562, 0.7781530618667603], [-0.5477354526519775, -0.8192493915557861, 0.1697525978088379, 0.63298100233078], [0.0, 0.0, 0.0, 1.0]]}, "finger3joint1": {"matrix": [[0.5450260043144226, 0.10501110553741455, 0.8318168520927429, -1.7536494731903076], [-0.48378464579582214, 0.8496881127357483, 0.20971989631652832, 0.9667460918426514], [-0.6847621202468872, -0.5167227387428284, 0.5139047503471375, 0.2876591980457306], [0.0, 0.0, 0.0, 1.0]]}, "finger3joint2": {"matrix": [[0.5220898389816284, -0.7946646213531494, -0.3097262680530548, -1.6615355014801025], [-0.35111045837402344, -0.5312058329582214, 0.771065354347229, 1.7120769023895264], [-0.777266800403595, -0.2938172221183777, -0.5563518404960632, -0.16560043394565582], [0.0, 0.0, 0.0, 1.0]]}, "finger3joint3": {"matrix": [[0.5266607403755188, 0.025456957519054413, -0.8496943712234497, -2.1757473945617676], [-0.501692533493042, -0.7976058125495911, -0.3348575234413147, 1.3683439493179321], [-0.6862456798553467, 0.6026411652565002, -0.40729597210884094, -0.3557237982749939], [0.0, 0.0, 0.0, 1.0]]}, "Bone.003": {"matrix": [[0.6159908175468445, -0.39792630076408386, 0.6798602938652039, -1.6024668216705322], [0.3696017265319824, 0.9081404805183411, 0.19666074216365814, 0.7781530618667603], [-0.6956649422645569, 0.13013651967048645, 0.7064803838729858, 0.63298100233078], [0.0, 0.0, 0.0, 1.0]]}, "finger4joint1": {"matrix": [[0.7570083737373352, -0.085286945104599, 0.6478149890899658, -1.7730257511138916], [-0.6312536001205444, 0.16050441563129425, 0.7587864995002747, 1.1673997640609741], [-0.1686919778585434, -0.9833431839942932, 0.06766564399003983, 0.6887601017951965], [0.0, 0.0, 0.0, 1.0]]}, "finger4joint2": {"matrix": [[0.7672225832939148, -0.34508147835731506, 0.5406366586685181, -1.8577463626861572], [-0.6126383543014526, -0.14478106796741486, 0.7769892811775208, 1.3268382549285889], [-0.18985086679458618, -0.9273384809494019, -0.32248932123184204, -0.2880527377128601], [0.0, 0.0, 0.0, 1.0]]}, "finger4joint3": {"matrix": [[0.785261332988739, -0.4233318567276001, 0.45183461904525757, -2.0016672611236572], [-0.6097834706306458, -0.40221449732780457, 0.6829255223274231, 1.2664555311203003], [-0.10736992955207825, -0.8117963075637817, -0.5739841461181641, -0.6748112440109253], [0.0, 0.0, 0.0, 1.0]]}}