{"root": {"matrix": [[0.507297933101654, -0.8591569662094116, -0.06706774979829788, -5.960464477539063e-08], [0.41608476638793945, 0.31234651803970337, -0.8539983034133911, 0.0], [0.7546669840812683, 0.4053257405757904, 0.5159348249435425, 0.0], [0.0, 0.0, 0.0, 1.0]]}, "carpals": {"matrix": [[0.4276568591594696, -0.6814311742782593, -0.5939368009567261, 0.3138243854045868], [0.3915152847766876, -0.4525929093360901, 0.8011712431907654, 1.3427066802978516], [-0.8147546052932739, -0.5751616954803467, 0.0732363611459732, 2.0453946590423584], [0.0, 0.0, 0.0, 1.0]]}, "metacarpals": {"matrix": [[0.557938277721405, -0.8086205124855042, 0.1866481900215149, -0.3498854637145996], [-0.2463235706090927, 0.05341050401329994, 0.967714786529541, 0.9018839001655579], [-0.7924830317497253, -0.5859008431434631, -0.1693824827671051, 1.4851903915405273], [0.0, 0.0, 0.0, 1.0]]}, "finger5joint1": {"matrix": [[0.4527653753757477, -0.8835482597351074, 0.11977361142635345, -0.9860203862190247], [-0.1998129040002823, 0.03037012368440628, 0.979363203048706, 0.5774985551834106], [-0.8689522743225098, -0.4673539102077484, -0.16279375553131104, 1.3595668077468872], [0.0, 0.0, 0.0, 1.0]]}, "finger5joint2": {"matrix": [[0.19803102314472198, -0.34524235129356384, -0.9173826575279236, -1.9192880392074585], [0.9784942269325256, 0.01450924202799797, 0.20576253533363342, 0.6095775961875916], [-0.05772744119167328, -0.9384008646011353, 0.3406912386417389, 0.8659138083457947], [0.0, 0.0, 0.0, 1.0]]}, "finger5joint3": {"matrix": [[0.21514002978801727, -0.06293433904647827, -0.9745529294013977, -2.1565849781036377], [0.9627568125724792, -0.1536584496498108, 0.2224588394165039, 0.6195502877235413], [-0.1637486219406128, -0.986117422580719, 0.027532702311873436, 0.22091801464557648], [0.0, 0.0, 0.0, 1.0]]}, "Bone": {"matrix": [[0.8663793206214905, 0.3786005973815918, 0.3256503641605377, -1.6123664379119873], [-0.1724652498960495, -0.3851397633552551, 0.9065996408462524, 0.9852725267410278], [0.4686599671840668, -0.8416227102279663, -0.26838168501853943, 0.5704366564750671], [0.0, 0.0, 0.0, 1.0]]}, "finger1joint1": {"matrix": [[0.7461274266242981, -0.5887702107429504, 0.3108749985694885, -1.297299861907959], [-0.20000171661376953, 0.24715429544448853, 0.9481107592582703, 0.6647639274597168], [-0.6350535750389099, -0.7695868015289307, 0.06665358692407608, -0.1299513876438141], [0.0, 0.0, 0.0, 1.0]]}, "finger1joint2": {"matrix": [[0.6276764273643494, -0.7121362090110779, 0.314458429813385, -1.6300599575042725], [-0.4840674102306366, -0.04068686068058014, 0.8740842938423157, 0.8044502139091492], [-0.6096729040145874, -0.7008610367774963, -0.3702600300312042, -0.5649052262306213], [0.0, 0.0, 0.0, 1.0]]}, "finger1joint3": {"matrix": [[0.6819969415664673, -0.6865594983100891, -0.25202393531799316, -1.9353408813476562], [-0.3912372887134552, -0.6336334943771362, 0.6674144268035889, 0.7870084047317505], [-0.6179106831550598, -0.35657334327697754, -0.700743556022644, -0.8653528094291687], [0.0, 0.0, 0.0, 1.0]]}, "Bone.001": {"matrix": [[0.9753508567810059, 0.1293955147266388, 0.1787375956773758, -1.6123665571212769], [-0.1844073086977005, 0.033151473850011826, 0.9822905659675598, 0.9852724671363831], [0.12117847800254822, -0.9910385012626648, 0.05619583651423454, 0.5704365968704224], [0.0, 0.0, 0.0, 1.0]]}, "finger2joint1": {"matrix": [[0.7295366525650024, -0.4072107672691345, -0.5495045781135559, -1.5303447246551514], [-0.17590948939323425, -0.8881256580352783, 0.42460396885871887, 1.00628662109375], [-0.6609324812889099, -0.2131010890007019, -0.7195524573326111, -0.05776648223400116], [0.0, 0.0, 0.0, 1.0]]}, "finger2joint2": {"matrix": [[0.7373693585395813, -0.4028480350971222, -0.5422173142433167, -1.8826428651809692], [-0.2939862906932831, -0.914081335067749, 0.27933335304260254, 0.2379256933927536], [-0.6081598401069641, -0.046567387878894806, -0.7924472689628601, -0.24213068187236786], [0.0, 0.0, 0.0, 1.0]]}, "finger2joint3": {"matrix": [[0.7317769527435303, -0.36513033509254456, -0.5754840970039368, -2.0355703830718994], [-0.42066431045532227, -0.9063281416893005, 0.04013210907578468, -0.10907456278800964], [-0.5362310409545898, 0.21271789073944092, -0.8168273568153381, -0.25980842113494873], [0.0, 0.0, 0.0, 1.0]]}, "Bone.002": {"matrix": [[0.7863892912864685, -0.5613322257995605, 0.25787171721458435, -1.6123664379119873], [-0.12449479103088379, 0.26486843824386597, 0.9562142491340637, 0.9852724671363831], [-0.6050560474395752, -0.7840601801872253, 0.13840678334236145, 0.5704366564750671], [0.0, 0.0, 0.0, 1.0]]}, "finger3joint1": {"matrix": [[0.7157309055328369, -0.23550690710544586, 0.6574691534042358, -1.8489737510681152], [-0.2997041940689087, 0.7467514276504517, 0.593750536441803, 1.0969171524047852], [-0.6307985782623291, -0.622011661529541, 0.4638904631137848, 0.23994740843772888], [0.0, 0.0, 0.0, 1.0]]}, "finger3joint2": {"matrix": [[0.6434369087219238, -0.4625650942325592, -0.6099363565444946, -2.055556297302246], [-0.20066045224666595, -0.8708392977714539, 0.44874757528305054, 1.7519538402557373], [-0.7387315630912781, -0.1663505733013153, -0.653148353099823, -0.30566975474357605], [0.0, 0.0, 0.0, 1.0]]}, "finger3joint3": {"matrix": [[0.7130895256996155, 0.5758764743804932, -0.39983680844306946, -2.354872941970825], [-0.31622132658958435, -0.24480660259723663, -0.9165554642677307, 1.1884506940841675], [-0.6257055401802063, 0.7800226807594299, 0.007535443641245365, -0.4133119285106659], [0.0, 0.0, 0.0, 1.0]]}, "Bone.003": {"matrix": [[0.3750697672367096, -0.7046419978141785, 0.6023306846618652, -1.6123664379119873], [0.5678607225418091, 0.6882289052009583, 0.45152547955513, 0.9852725267410278], [-0.7327050566673279, 0.17268651723861694, 0.6582722663879395, 0.5704365968704224], [0.0, 0.0, 0.0, 1.0]]}, "finger4joint1": {"matrix": [[0.9289369583129883, -0.050792157649993896, 0.3667369484901428, -1.9143898487091064], [-0.34946537017822266, 0.2068336457014084, 0.9138345718383789, 1.280260682106018], [-0.1222693920135498, -0.9770565032958984, 0.17438532412052155, 0.6444534063339233], [0.0, 0.0, 0.0, 1.0]]}, "finger4joint2": {"matrix": [[0.9344369769096375, -0.24375680088996887, 0.259633868932724, -1.9648447036743164], [-0.326920747756958, -0.2979866564273834, 0.8968425393104553, 1.4857208728790283], [-0.14124426245689392, -0.9229224920272827, -0.35813888907432556, -0.3261144161224365], [0.0, 0.0, 0.0, 1.0]]}, "finger4joint3": {"matrix": [[0.9475669860839844, -0.2583233118057251, 0.18811003863811493, -2.0665066242218018], [-0.3141033351421356, -0.6446406245231628, 0.6969773173332214, 1.361441731452942], [-0.05878233537077904, -0.7195187211036682, -0.6919803619384766, -0.7110310792922974], [0.0, 0.0, 0.0, 1.0]]}}