{"root": {"matrix": [[0.14585459232330322, -0.9879347681999207, -0.05207011103630066, 0.0], [-0.9697933793067932, -0.1323777139186859, -0.20488287508487701, 0.0], [0.19551792740821838, 0.08038035035133362, -0.9774004817008972, 0.0], [0.0, 0.0, 0.0, 1.0]]}, "carpals": {"matrix": [[0.6178932785987854, -0.30655011534690857, -0.7240405678749084, -0.6313061714172363], [0.6782020330429077, 0.6737046241760254, 0.29353639483451843, -2.299701690673828], [0.39780595898628235, -0.6724201440811157, 0.6241806149482727, 0.6307218074798584], [0.0, 0.0, 0.0, 1.0]]}, "metacarpals": {"matrix": [[0.6615045070648193, -0.6606424450874329, 0.3549128472805023, -0.9298843145370483], [0.5663761496543884, 0.7502990365028381, 0.34098246693611145, -1.6435173749923706], [-0.49155834317207336, -0.024547278881072998, 0.870498538017273, -0.024211324751377106], [0.0, 0.0, 0.0, 1.0]]}, "finger5joint1": {"matrix": [[0.18992102146148682, -0.9690955281257629, -0.15742842853069305, -1.5689637660980225], [0.8789511322975159, 0.09637950360774994, 0.46707114577293396, -1.4549933671951294], [-0.43746376037597656, -0.22707857191562653, 0.8700922727584839, -0.3100629448890686], [0.0, 0.0, 0.0, 1.0]]}, "finger5joint2": {"matrix": [[-0.08427893370389938, 0.130174919962883, -0.9879023432731628, -2.592592477798462], [0.4671827554702759, 0.8808693885803223, 0.07621525973081589, -1.3531904220581055], [0.8801345825195312, -0.45510774850845337, -0.13505415618419647, -0.5499197244644165], [0.0, 0.0, 0.0, 1.0]]}, "finger5joint3": {"matrix": [[-0.01724182441830635, 0.7657783627510071, -0.6428729295730591, -2.5031185150146484], [0.5424687266349792, 0.547273576259613, 0.6373528838157654, -0.7477380037307739], [0.8398987054824829, -0.33774957060813904, -0.42484691739082336, -0.8627312183380127], [0.0, 0.0, 0.0, 1.0]]}, "Bone": {"matrix": [[0.7224805951118469, 0.47716546058654785, 0.500334620475769, -1.9613306522369385], [-0.6799266934394836, 0.6215905547142029, 0.3890044391155243, -0.47209227085113525], [-0.12538376450538635, -0.621239185333252, 0.773524820804596, -0.06253641843795776], [0.0, 0.0, 0.0, 1.0]]}, "finger1joint1": {"matrix": [[0.8794633150100708, -0.33629125356674194, 0.33682680130004883, -1.564239263534546], [0.279858261346817, 0.9377745985984802, 0.2055668979883194, 0.04518777132034302], [-0.38499805331230164, -0.0865248590707779, 0.9188524484634399, -0.5795239806175232], [0.0, 0.0, 0.0, 1.0]]}, "finger1joint2": {"matrix": [[0.741703450679779, -0.482420414686203, 0.46598970890045166, -1.7543039321899414], [0.18517136573791504, 0.815028965473175, 0.549034595489502, 0.5751975774765015], [-0.6446607708930969, -0.3209330439567566, 0.6938403844833374, -0.6284259557723999], [0.0, 0.0, 0.0, 1.0]]}, "finger1joint3": {"matrix": [[0.802278995513916, -0.5765535235404968, 0.1547073870897293, -1.9611096382141113], [0.20979544520378113, 0.5149549245834351, 0.8311479687690735, 0.9245871305465698], [-0.5588687658309937, -0.6343558430671692, 0.5340958833694458, -0.7660046815872192], [0.0, 0.0, 0.0, 1.0]]}, "Bone.001": {"matrix": [[0.8949474692344666, 0.32577571272850037, 0.3048588037490845, -1.961330533027649], [-0.3786355257034302, 0.9159837961196899, 0.13269640505313873, -0.47209227085113525], [-0.23601646721363068, -0.23418672382831573, 0.9431079626083374, -0.06253643333911896], [0.0, 0.0, 0.0, 1.0]]}, "finger2joint1": {"matrix": [[0.84966641664505, -0.5248437523841858, 0.051045678555965424, -1.7548264265060425], [0.34872153401374817, 0.6318655014038086, 0.6921985149383545, 0.10853487253189087], [-0.3955501317977905, -0.5703372955322266, 0.7198994755744934, -0.21098360419273376], [0.0, 0.0, 0.0, 1.0]]}, "finger2joint2": {"matrix": [[0.7903544902801514, -0.3064679205417633, -0.5304874777793884, -2.208894729614258], [0.3389670252799988, -0.5025365352630615, 0.7953351140022278, 0.6551926732063293], [-0.5103341937065125, -0.80841463804245, -0.2932995557785034, -0.7044102549552917], [0.0, 0.0, 0.0, 1.0]]}, "finger2joint3": {"matrix": [[0.7942055463790894, 0.2778643071651459, -0.5403968095779419, -2.325234889984131], [0.2066599279642105, -0.959825336933136, -0.18980653584003448, 0.4644215404987335], [-0.5714271068572998, 0.03906702995300293, -0.8197222352027893, -1.0112978219985962], [0.0, 0.0, 0.0, 1.0]]}, "Bone.002": {"matrix": [[0.8637127876281738, -0.3510875403881073, 0.3615766763687134, -1.9613306522369385], [0.3652462065219879, 0.9303967952728271, 0.03092854842543602, -0.47209227085113525], [-0.3472684621810913, 0.10535115748643875, 0.9318292140960693, -0.06253644078969955], [0.0, 0.0, 0.0, 1.0]]}, "finger3joint1": {"matrix": [[0.7258569598197937, -0.4784098267555237, -0.49422234296798706, -2.1093175411224365], [0.48889365792274475, -0.1465969681739807, 0.8599371314048767, -0.079920694231987], [-0.4838540256023407, -0.865813672542572, 0.12748312950134277, -0.018129825592041016], [0.0, 0.0, 0.0, 1.0]]}, "finger3joint2": {"matrix": [[0.6596969962120056, 0.25634288787841797, -0.7064617872238159, -2.5289697647094727], [0.4258306920528412, -0.902065634727478, 0.07032371312379837, -0.20851284265518188], [-0.6192480325698853, -0.34722545742988586, -0.7042487859725952, -0.7776055932044983], [0.0, 0.0, 0.0, 1.0]]}, "finger3joint3": {"matrix": [[0.7809978127479553, 0.4364126920700073, -0.4467509388923645, -2.3630950450897217], [0.36265328526496887, -0.8992812037467957, -0.24449048936367035, -0.7922216653823853], [-0.5084535479545593, 0.028930865228176117, -0.8606032133102417, -1.0022883415222168], [0.0, 0.0, 0.0, 1.0]]}, "Bone.003": {"matrix": [[0.5906547904014587, -0.6172916889190674, 0.5196901559829712, -1.961330533027649], [0.7390351295471191, 0.15526174008846283, -0.6555307507514954, -0.47209227085113525], [0.32396575808525085, 0.7712618112564087, 0.5479064583778381, -0.06253647804260254], [0.0, 0.0, 0.0, 1.0]]}, "finger4joint1": {"matrix": [[0.8446633219718933, 0.23560349643230438, 0.48066067695617676, -2.2259137630462646], [-0.15957793593406677, 0.9679308533668518, -0.1940208077430725, -0.40554410219192505], [-0.5109584331512451, 0.08717943727970123, 0.8551731109619141, 0.26804134249687195], [0.0, 0.0, 0.0, 1.0]]}, "finger4joint2": {"matrix": [[0.8589661717414856, -0.12152570486068726, 0.4974015951156616, -1.9918748140335083], [-0.14106477797031403, 0.8776676654815674, 0.45803868770599365, 0.5559587478637695], [-0.4922168552875519, -0.4636057913303375, 0.736744225025177, 0.3546418249607086], [0.0, 0.0, 0.0, 1.0]]}, "finger4joint3": {"matrix": [[0.8587266802787781, -0.31894516944885254, 0.40107616782188416, -2.0425586700439453], [-0.22021886706352234, 0.47703224420547485, 0.8508484959602356, 0.9220014214515686], [-0.46270033717155457, -0.8189712762832642, 0.3394027650356293, 0.16128908097743988], [0.0, 0.0, 0.0, 1.0]]}}