{"root": {"matrix": [[0.4347575306892395, -0.8720599412918091, -0.2247161865234375, 0.0], [-0.5246810913085938, -0.042481888085603714, -0.8502382636070251, 0.0], [0.7319123148918152, 0.48755180835723877, -0.47602272033691406, 0.0], [0.0, 0.0, 0.0, 1.0]]}, "carpals": {"matrix": [[0.6175796985626221, -0.44648587703704834, -0.6474916934967041, 0.1548704206943512], [0.7702170610427856, 0.17663691937923431, 0.6128333210945129, -1.1325453519821167], [-0.15925036370754242, -0.8771827220916748, 0.45297861099243164, 2.185941696166992], [0.0, 0.0, 0.0, 1.0]]}, "metacarpals": {"matrix": [[0.5160815119743347, -0.8370358943939209, 0.18174317479133606, -0.28000426292419434], [0.23746730387210846, 0.34368622303009033, 0.9085640907287598, -0.9605020880699158], [-0.8229634761810303, -0.4257350564002991, 0.37613898515701294, 1.3315709829330444], [0.0, 0.0, 0.0, 1.0]]}, "finger5joint1": {"matrix": [[0.3678756654262543, -0.9288243651390076, 0.04418793320655823, -0.9229926466941833], [0.3370731472969055, 0.17748983204364777, 0.9245964884757996, -1.1797919273376465], [-0.8666307926177979, -0.32524195313453674, 0.37837618589401245, 1.0782876014709473], [0.0, 0.0, 0.0, 1.0]]}, "finger5joint2": {"matrix": [[0.12667039036750793, -0.42747703194618225, -0.8951075077056885, -1.9040842056274414], [0.8822590708732605, 0.4610135853290558, -0.09531459212303162, -0.9923143982887268], [0.4534018337726593, -0.7776432037353516, 0.4355425238609314, 0.7347434759140015], [0.0, 0.0, 0.0, 1.0]]}, "finger5joint3": {"matrix": [[0.13529635965824127, -0.025373205542564392, -0.9904799461364746, -2.197904109954834], [0.9253476858139038, 0.3605605661869049, 0.11716281622648239, -0.6754435300827026], [0.3541554808616638, -0.9323902726173401, 0.07226179540157318, 0.2002420425415039], [0.0, 0.0, 0.0, 1.0]]}, "Bone": {"matrix": [[0.8883001804351807, 0.33392491936683655, 0.3153042197227478, -1.586849570274353], [-0.3784741759300232, 0.14335927367210388, 0.9144424796104431, -0.4239124655723572], [0.26015332341194153, -0.9316341280937195, 0.2537282109260559, 0.6668804287910461], [0.0, 0.0, 0.0, 1.0]]}, "finger1joint1": {"matrix": [[0.765081524848938, -0.6081010103225708, 0.21180923283100128, -1.3089613914489746], [0.17614790797233582, 0.5140260457992554, 0.8394931554794312, -0.30461063981056213], [-0.6193722486495972, -0.6049709916114807, 0.5003878474235535, -0.10841399431228638], [0.0, 0.0, 0.0, 1.0]]}, "finger1joint2": {"matrix": [[0.6762746572494507, -0.6972715258598328, 0.23762331902980804, -1.6526468992233276], [-0.09812217950820923, 0.23443351686000824, 0.967167317867279, -0.014094248414039612], [-0.7300853133201599, -0.6773869395256042, 0.09012388437986374, -0.4503304362297058], [0.0, 0.0, 0.0, 1.0]]}, "finger1joint3": {"matrix": [[0.7219857573509216, -0.6779403686523438, -0.13832305371761322, -1.951555609703064], [-0.00820403266698122, -0.20828944444656372, 0.978032648563385, 0.08640354126691818], [-0.6918593049049377, -0.7049909830093384, -0.15594364702701569, -0.7407151460647583], [0.0, 0.0, 0.0, 1.0]]}, "Bone.001": {"matrix": [[0.9794825911521912, 0.07916615903377533, 0.18532736599445343, -1.586849570274353], [-0.19702288508415222, 0.5695235133171082, 0.7980128526687622, -0.4239124655723572], [-0.0423726923763752, -0.8181535601615906, 0.5734362006187439, 0.6668804287910461], [0.0, 0.0, 0.0, 1.0]]}, "finger2joint1": {"matrix": [[0.7814837694168091, -0.4128570556640625, -0.4677946865558624, -1.5366673469543457], [0.2639941871166229, -0.4605383574962616, 0.8474733829498291, -0.06290078163146973], [-0.565322756767273, -0.7857820391654968, -0.25091126561164856, 0.1482662558555603], [0.0, 0.0, 0.0, 1.0]]}, "finger2joint2": {"matrix": [[0.78081876039505, -0.40400439500808716, -0.4765525758266449, -1.8938502073287964], [0.14181368052959442, -0.6282569766044617, 0.7649716734886169, -0.46133506298065186], [-0.6084495186805725, -0.6648860573768616, -0.4332613945007324, -0.531552255153656], [0.0, 0.0, 0.0, 1.0]]}, "finger2joint3": {"matrix": [[0.7687646746635437, -0.3688477873802185, -0.522447943687439, -2.0472168922424316], [-0.00010514869063626975, -0.8169957399368286, 0.5766432881355286, -0.6998317241668701], [-0.6395314931869507, -0.44324827194213867, -0.6281163096427917, -0.7839539051055908], [0.0, 0.0, 0.0, 1.0]]}, "Bone.002": {"matrix": [[0.7542235851287842, -0.5992483496665955, 0.2684177756309509, -1.586849570274353], [0.24335575103759766, 0.634783923625946, 0.7333669662475586, -0.4239124655723572], [-0.6098562479019165, -0.48780152201652527, 0.6245997548103333, 0.6668804287910461], [0.0, 0.0, 0.0, 1.0]]}, "finger3joint1": {"matrix": [[0.7595860362052917, -0.6264640688896179, -0.17484793066978455, -1.8394386768341064], [0.1810312569141388, -0.054568853229284286, 0.9819621443748474, -0.15634465217590332], [-0.6247053742408752, -0.7775376439094543, 0.07196007668972015, 0.4612671434879303], [0.0, 0.0, 0.0, 1.0]]}, "finger3joint2": {"matrix": [[0.6571758389472961, 0.027937375009059906, -0.7532193660736084, -2.3889613151550293], [0.131894052028656, -0.9881564974784851, 0.07842464745044708, -0.2042115330696106], [-0.7421077489852905, -0.15088410675525665, -0.6530773043632507, -0.22077450156211853], [0.0, 0.0, 0.0, 1.0]]}, "finger3joint3": {"matrix": [[0.7750465273857117, 0.46039390563964844, -0.4328281879425049, -2.3708837032318115], [0.06763621419668198, -0.7414649128913879, -0.6675739288330078, -0.8436281085014343], [-0.6282740235328674, 0.48812583088874817, -0.605809211730957, -0.31840863823890686], [0.0, 0.0, 0.0, 1.0]]}, "Bone.003": {"matrix": [[0.3397711217403412, -0.6922006011009216, 0.636721134185791, -1.5868496894836426], [0.8837393522262573, 0.4666163921356201, 0.035687752068042755, -0.4239124655723572], [-0.3218074142932892, 0.5505700707435608, 0.7702678442001343, 0.6668804287910461], [0.0, 0.0, 0.0, 1.0]]}, "finger4joint1": {"matrix": [[0.8378450274467468, -0.045681264251470566, 0.5439932942390442, -1.883540391921997], [-0.20767848193645477, 0.8948947787284851, 0.39500948786735535, -0.22391164302825928], [-0.5048614740371704, -0.44393229484558105, 0.7402963638305664, 0.902865469455719], [0.0, 0.0, 0.0, 1.0]]}, "finger4joint2": {"matrix": [[0.8469259738922119, -0.2689664959907532, 0.4586644470691681, -1.9289181232452393], [-0.17944365739822388, 0.6674269437789917, 0.7227314114570618, 0.6650401949882507], [-0.5005156993865967, -0.6944044232368469, 0.516997218132019, 0.4618813097476959], [0.0, 0.0, 0.0, 1.0]]}, "finger4joint3": {"matrix": [[0.8595523238182068, -0.321943074464798, 0.3968905806541443, -2.0410940647125244], [-0.24485643208026886, 0.4222337007522583, 0.8727906346321106, 0.9433992505073547], [-0.4485696256160736, -0.8473905324935913, 0.2841024696826935, 0.1722709983587265], [0.0, 0.0, 0.0, 1.0]]}}