{"root": {"matrix": [[0.47148075699806213, -0.6562252044677734, -0.589130163192749, -5.960464477539063e-08], [-0.6820931434631348, 0.1520780771970749, -0.7152770161628723, 0.0], [0.5589765310287476, 0.7390810251235962, -0.3759048879146576, 0.0], [0.0, 0.0, 0.0, 1.0]]}, "carpals": {"matrix": [[0.5693795084953308, -0.7685790657997131, -0.29170724749565125, 0.49015122652053833], [0.5398658514022827, 0.08198386430740356, 0.8377488255500793, -1.3132632970809937], [-0.6199609041213989, -0.6344798803329468, 0.46160969138145447, 2.029797077178955], [0.0, 0.0, 0.0, 1.0]]}, "metacarpals": {"matrix": [[0.40728241205215454, -0.7694146633148193, 0.4920589327812195, -0.25844013690948486], [-0.26620545983314514, 0.4153643846511841, 0.8698314428329468, -1.2334115505218506], [-0.8736449480056763, -0.4852558672428131, -0.03565165400505066, 1.4118174314498901], [0.0, 0.0, 0.0, 1.0]]}, "finger5joint1": {"matrix": [[0.4013042151927948, -0.8786327838897705, 0.2587648034095764, -0.971402645111084], [-0.16441915929317474, 0.20881958305835724, 0.9640333652496338, -1.3074862957000732], [-0.9010666608810425, -0.42941656708717346, -0.060663752257823944, 1.3028573989868164], [0.0, 0.0, 0.0, 1.0]]}, "finger5joint2": {"matrix": [[0.2879459261894226, -0.3963271975517273, -0.87178635597229, -1.8994780778884888], [0.9563735127449036, 0.07208845019340515, 0.2831119894981384, -1.0869159698486328], [-0.04935915023088455, -0.915274441242218, 0.39979472756385803, 0.8492765426635742], [0.0, 0.0, 0.0, 1.0]]}, "finger5joint3": {"matrix": [[0.2972460091114044, -0.12743090093135834, -0.9462587833404541, -2.1718876361846924], [0.9418833255767822, -0.12333301454782486, 0.31248050928115845, -1.0373671054840088], [-0.15652453899383545, -0.9841492772102356, 0.0833650529384613, 0.2201763391494751], [0.0, 0.0, 0.0, 1.0]]}, "Bone": {"matrix": [[0.7786862254142761, 0.18981632590293884, 0.5980111956596375, -1.4597100019454956], [-0.5235553979873657, -0.32864898443222046, 0.7860528826713562, -0.5849124789237976], [0.3457414209842682, -0.9251807928085327, -0.15653498470783234, 0.6541982889175415], [0.0, 0.0, 0.0, 1.0]]}, "finger1joint1": {"matrix": [[0.7338717579841614, -0.6151320338249207, 0.2881746292114258, -1.3017473220825195], [-0.30707553029060364, 0.07799103111028671, 0.9484838247299194, -0.858410120010376], [-0.6059180498123169, -0.784557044506073, -0.1316564530134201, -0.11572572588920593], [0.0, 0.0, 0.0, 1.0]]}, "finger1joint2": {"matrix": [[0.6234437227249146, -0.7238485813140869, 0.2955690622329712, -1.6494064331054688], [-0.5827657580375671, -0.17817990481853485, 0.7928654551506042, -0.8143312335014343], [-0.521250307559967, -0.6665546298027039, -0.5329192876815796, -0.5591403245925903], [0.0, 0.0, 0.0, 1.0]]}, "finger1joint3": {"matrix": [[0.6763055324554443, -0.730637788772583, -0.09369725733995438, -1.9597084522247314], [-0.4925425350666046, -0.5431212186813354, 0.6800153255462646, -0.8907140493392944], [-0.5477341413497925, -0.4137484133243561, -0.7271860241889954, -0.8448813557624817], [0.0, 0.0, 0.0, 1.0]]}, "Bone.001": {"matrix": [[0.8617284297943115, 0.0886007621884346, 0.49957355856895447, -1.4597100019454956], [-0.5072954893112183, 0.16726592183113098, 0.8453832864761353, -0.5849124789237976], [-0.008660060353577137, -0.981922447681427, 0.1890847235918045, 0.6541982889175415], [0.0, 0.0, 0.0, 1.0]]}, "finger2joint1": {"matrix": [[0.6021180748939514, -0.2630714178085327, 0.753821611404419, -1.4035475254058838], [-0.39367714524269104, 0.7235778570175171, 0.5669682025909424, -0.47888535261154175], [-0.6946019530296326, -0.6381441950798035, 0.33211424946784973, 0.03177374601364136], [0.0, 0.0, 0.0, 1.0]]}, "finger2joint2": {"matrix": [[0.503611147403717, -0.48550742864608765, 0.7146034836769104, -1.6311434507369995], [-0.37733331322669983, 0.6204764246940613, 0.687479555606842, 0.1471172422170639], [-0.7771713137626648, -0.6158660650253296, 0.12928080558776855, -0.5203160047531128], [0.0, 0.0, 0.0, 1.0]]}, "finger2joint3": {"matrix": [[0.37872129678726196, -0.7753653526306152, 0.5053498148918152, -1.8154499530792236], [-0.363584965467453, 0.37748074531555176, 0.8516535758972168, 0.38266023993492126], [-0.8511027693748474, -0.5062769651412964, -0.1389511078596115, -0.7541089057922363], [0.0, 0.0, 0.0, 1.0]]}, "Bone.002": {"matrix": [[0.6714697480201721, -0.47472503781318665, 0.5690030455589294, -1.4597100019454956], [-0.26022347807884216, 0.5678935050964355, 0.7808843851089478, -0.5849124789237976], [-0.6938386559486389, -0.6724081039428711, 0.25778883695602417, 0.6541982889175415], [0.0, 0.0, 0.0, 1.0]]}, "finger3joint1": {"matrix": [[0.799278199672699, 0.06976255774497986, 0.5968982577323914, -1.6598113775253296], [-0.5820667743682861, 0.336965411901474, 0.7400352954864502, -0.3455396592617035], [-0.1495075672864914, -0.9389287829399109, 0.30993568897247314, 0.37077149748802185], [0.0, 0.0, 0.0, 1.0]]}, "finger3joint2": {"matrix": [[0.7764891982078552, -0.5801969766616821, 0.2458372563123703, -1.5986169576644897], [-0.549726665019989, -0.43303510546684265, 0.7143394947052002, -0.04995983839035034], [-0.30800172686576843, -0.6898202300071716, -0.6551968455314636, -0.4528394639492035], [0.0, 0.0, 0.0, 1.0]]}, "finger3joint3": {"matrix": [[0.694334089756012, -0.7177419066429138, 0.05240901932120323, -1.9740509986877441], [-0.6828221678733826, -0.6340510249137878, 0.36295026540756226, -0.33016836643218994], [-0.22727487981319427, -0.28779488801956177, -0.9303333163261414, -0.8992085456848145], [0.0, 0.0, 0.0, 1.0]]}, "Bone.003": {"matrix": [[0.5103817582130432, -0.4251355528831482, 0.7475093007087708, -1.459709882736206], [0.5387319922447205, 0.8356027603149414, 0.10740407556295395, -0.5849124789237976], [-0.6702820658683777, 0.34789028763771057, 0.655510663986206, 0.6541983485221863], [0.0, 0.0, 0.0, 1.0]]}, "finger4joint1": {"matrix": [[0.4739900827407837, -0.10386884212493896, 0.8743823766708374, -1.6419312953948975], [-0.3721633553504944, 0.876329243183136, 0.30584463477134705, -0.22675693035125732], [-0.7980148196220398, -0.4703802764415741, 0.3767152726650238, 0.8033108711242676], [0.0, 0.0, 0.0, 1.0]]}, "finger4joint2": {"matrix": [[0.4882805347442627, -0.4481043219566345, 0.7488554120063782, -1.7451105117797852], [-0.3460019826889038, 0.6883706450462341, 0.6375170350074768, 0.6437526941299438], [-0.8011643886566162, -0.5703925490379333, 0.1810731589794159, 0.33605435490608215], [0.0, 0.0, 0.0, 1.0]]}, "finger4joint3": {"matrix": [[0.5128325819969177, -0.6012812852859497, 0.6127506494522095, -1.9319980144500732], [-0.41131481528282166, 0.4544084966182709, 0.7901471257209778, 0.9308465123176575], [-0.7535399794578552, -0.6572465896606445, -0.014280268922448158, 0.09816478192806244], [0.0, 0.0, 0.0, 1.0]]}}