{"root": {"matrix": [[0.24259231984615326, -0.9698058366775513, 0.025011762976646423, -5.960464477539063e-08], [-0.6887762546539307, -0.19033564627170563, -0.6995424032211304, 0.0], [0.6831808686256409, 0.15247608721256256, -0.7141532897949219, 0.0], [0.0, 0.0, 0.0, 1.0]]}, "carpals": {"matrix": [[0.42008113861083984, -0.31504759192466736, -0.8510444164276123, -0.40345749258995056], [0.8902057409286499, 0.32520195841789246, 0.31902506947517395, -1.6653063297271729], [0.17625340819358826, -0.8916212320327759, 0.4170685410499573, 1.774531364440918], [0.0, 0.0, 0.0, 1.0]]}, "metacarpals": {"matrix": [[0.6521602869033813, -0.7540091872215271, 0.07846567779779434, -0.7103118896484375], [0.6319361925125122, 0.597894012928009, 0.4931318759918213, -1.3485615253448486], [-0.41874009370803833, -0.27201569080352783, 0.8664087057113647, 0.9060977697372437], [0.0, 0.0, 0.0, 1.0]]}, "finger5joint1": {"matrix": [[0.42593932151794434, -0.9047515988349915, -0.00014751043636351824, -1.2873119115829468], [0.7840335965156555, 0.36902615427970886, 0.49910977482795715, -1.3211033344268799], [-0.45151591300964355, -0.2127060890197754, 0.8665387034416199, 0.46792882680892944], [0.0, 0.0, 0.0, 1.0]]}, "finger5joint2": {"matrix": [[0.10952860116958618, -0.16097477078437805, -0.9808619022369385, -2.242975950241089], [0.3477885127067566, 0.9306290149688721, -0.1138949990272522, -0.9313111901283264], [0.9311532378196716, -0.3286575973033905, 0.15791581571102142, 0.24325327575206757], [0.0, 0.0, 0.0, 1.0]]}, "finger5joint3": {"matrix": [[0.14785610139369965, 0.41303402185440063, -0.8986327648162842, -2.3536195755004883], [0.43888944387435913, 0.7868505120277405, 0.43386825919151306, -0.2916572093963623], [0.8862923979759216, -0.4585506021976471, -0.06493547558784485, 0.01735539734363556], [0.0, 0.0, 0.0, 1.0]]}, "Bone": {"matrix": [[0.8363245129585266, 0.49662622809410095, 0.23221424221992493, -1.887529730796814], [-0.5326443910598755, 0.6357609629631042, 0.5586569309234619, -0.4150829613208771], [0.1298108696937561, -0.5909061431884766, 0.7962279319763184, 0.48140573501586914], [0.0, 0.0, 0.0, 1.0]]}, "finger1joint1": {"matrix": [[0.8168094158172607, -0.5619606971740723, -0.130469411611557, -1.4742435216903687], [0.5022807121276855, 0.5814769268035889, 0.6399986743927002, 0.1139894425868988], [-0.28378915786743164, -0.5882892608642578, 0.7572181820869446, -0.010339051485061646], [0.0, 0.0, 0.0, 1.0]]}, "finger1joint2": {"matrix": [[0.8288224339485168, -0.5577075481414795, -0.044894296675920486, -1.7918514013290405], [0.27184784412384033, 0.33126726746559143, 0.9035266637802124, 0.44262760877609253], [-0.48903173208236694, -0.7610676884651184, 0.426173597574234, -0.3428274095058441], [0.0, 0.0, 0.0, 1.0]]}, "finger1joint3": {"matrix": [[0.8399144411087036, -0.41922831535339355, -0.34466105699539185, -2.0309314727783203], [0.3496159017086029, -0.06778410822153091, 0.93443763256073, 0.5846364498138428], [-0.4151053726673126, -0.9053468108177185, 0.08963622897863388, -0.6690846681594849], [0.0, 0.0, 0.0, 1.0]]}, "Bone.001": {"matrix": [[0.9762019515037537, 0.21127797663211823, 0.04889852553606033, -1.8875296115875244], [-0.21633093059062958, 0.932949960231781, 0.28775838017463684, -0.41508302092552185], [0.015177121385931969, -0.2914884686470032, 0.956453800201416, 0.48140576481819153], [0.0, 0.0, 0.0, 1.0]]}, "finger2joint1": {"matrix": [[0.8638623356819153, -0.3753906786441803, 0.3358919024467468, -1.7536041736602783], [0.38749366998672485, 0.921279788017273, 0.03304252028465271, 0.1762986183166504], [-0.32185426354408264, 0.10161200165748596, 0.9413206577301025, 0.2966359853744507], [0.0, 0.0, 0.0, 1.0]]}, "finger2joint2": {"matrix": [[0.7916231155395508, -0.45464080572128296, -0.4082087278366089, -2.0783727169036865], [0.4645002484321594, 0.013756035827100277, 0.8854659199714661, 0.9733428955078125], [-0.39695364236831665, -0.8905685544013977, 0.2220705896615982, 0.3845455050468445], [0.0, 0.0, 0.0, 1.0]]}, "finger2joint3": {"matrix": [[0.7675396203994751, 0.148540660738945, -0.6235529184341431, -2.2509617805480957], [0.3820231854915619, -0.8871449828147888, 0.2589045763015747, 0.978564977645874], [-0.5147240161895752, -0.4369314908981323, -0.7376651167869568, 0.04647107422351837], [0.0, 0.0, 0.0, 1.0]]}, "Bone.002": {"matrix": [[0.846135675907135, -0.518557071685791, 0.12309669703245163, -1.887529730796814], [0.4909507930278778, 0.8482412099838257, 0.19862967729568481, -0.41508299112319946], [-0.20741648972034454, -0.107633076608181, 0.9723134636878967, 0.48140576481819153], [0.0, 0.0, 0.0, 1.0]]}, "finger3joint1": {"matrix": [[0.9167861938476562, -0.22332440316677094, -0.33110305666923523, -2.1061065196990967], [0.38553586602211, 0.27850180864334106, 0.8796581625938416, -0.05754080414772034], [-0.10423635691404343, -0.9341106414794922, 0.34142640233039856, 0.4360372722148895], [0.0, 0.0, 0.0, 1.0]]}, "finger3joint2": {"matrix": [[0.8820855021476746, 0.06831037998199463, -0.4661102294921875, -2.3020029067993164], [0.3903045952320099, -0.6600212454795837, 0.6418987512588501, 0.18675582110881805], [-0.26379433274269104, -0.7481347322463989, -0.6088570356369019, -0.3833472728729248], [0.0, 0.0, 0.0, 1.0]]}, "finger3joint3": {"matrix": [[0.9501938819885254, 0.15436218678951263, -0.27074670791625977, -2.257800340652466], [0.24356788396835327, -0.909782886505127, 0.33610934019088745, -0.24033093452453613], [-0.194438174366951, -0.3853145241737366, -0.9020678400993347, -0.8674505352973938], [0.0, 0.0, 0.0, 1.0]]}, "Bone.003": {"matrix": [[0.364406943321228, -0.7976117730140686, 0.4806484580039978, -1.8875296115875244], [0.870970606803894, 0.10925182700157166, -0.4790343642234802, -0.41508299112319946], [0.3295719623565674, 0.5931942462921143, 0.7345086336135864, 0.4814057946205139], [0.0, 0.0, 0.0, 1.0]]}, "finger4joint1": {"matrix": [[0.9850321412086487, 0.06346473097801208, 0.16026104986667633, -2.2294015884399414], [-0.10784848779439926, 0.9521995186805725, 0.2858043909072876, -0.3682555556297302], [-0.13446205854415894, -0.29881033301353455, 0.9447920918464661, 0.7356603741645813], [0.0, 0.0, 0.0, 1.0]]}, "finger4joint2": {"matrix": [[0.9891390204429626, -0.018423303961753845, 0.1458224505186081, -2.166358232498169], [-0.08045368641614914, 0.7624228596687317, 0.6420575976371765, 0.5776204466819763], [-0.12300723046064377, -0.6468162536621094, 0.7526604533195496, 0.43883436918258667], [0.0, 0.0, 0.0, 1.0]]}, "finger4joint3": {"matrix": [[0.9850077033042908, 0.0165159422904253, 0.17171670496463776, -2.174041986465454], [-0.1529361605644226, 0.5441296696662903, 0.8249441385269165, 0.8955986499786377], [-0.0798114612698555, -0.8388382196426392, 0.5384982228279114, 0.16907134652137756], [0.0, 0.0, 0.0, 1.0]]}}