{"root": {"matrix": [[0.35803258419036865, -0.8685362339019775, 0.342720627784729, -5.960464477539063e-08], [-0.056740324944257736, -0.38661307096481323, -0.9204949140548706, -2.9802322387695312e-08], [0.931983470916748, 0.3101210594177246, -0.18770118057727814, 0.0], [0.0, 0.0, 0.0, 1.0]]}, "carpals": {"matrix": [[-0.7155488729476929, -0.5747095346450806, -0.397112637758255, -0.07898688316345215], [0.5510614514350891, -0.11501031368970871, -0.8265008926391602, -0.4032520651817322], [0.4293261170387268, -0.810235321521759, 0.39899566769599915, 2.4323103427886963], [0.0, 0.0, 0.0, 1.0]]}, "metacarpals": {"matrix": [[-0.935049295425415, -0.3525857925415039, 0.036957189440727234, -0.6387505531311035], [-0.03458085656166077, -0.01303839311003685, -0.9993167519569397, -0.5152714848518372], [0.352826863527298, -0.9356884956359863, -1.405216721650504e-06, 1.6431461572647095], [0.0, 0.0, 0.0, 1.0]]}, "finger5joint1": {"matrix": [[-0.8528392314910889, -0.5133398175239563, 0.09564073383808136, -0.6910943388938904], [-0.041333071887493134, -0.11621908843517303, -0.9923630952835083, -0.10555785894393921], [0.5205349922180176, -0.8502793312072754, 0.0778980627655983, 1.0472689867019653], [0.0, 0.0, 0.0, 1.0]]}, "finger5joint2": {"matrix": [[0.27926212549209595, -0.8785974979400635, 0.3873996436595917, -1.2333210706710815], [-0.9418466687202454, -0.3291727602481842, -0.06760010123252869, -0.22831687331199646], [0.18691445887088776, -0.345992773771286, -0.9194299578666687, 0.14914247393608093], [0.0, 0.0, 0.0, 1.0]]}, "finger5joint3": {"matrix": [[0.17426739633083344, -0.959743320941925, 0.22027958929538727, -1.8372118473052979], [-0.9633070826530457, -0.21253575384616852, -0.16391313076019287, -0.45456886291503906], [0.204131618142128, -0.18363195657730103, -0.9615659117698669, -0.0886705070734024], [0.0, 0.0, 0.0, 1.0]]}, "Bone": {"matrix": [[0.1995193064212799, -0.9744365215301514, -0.10327290743589401, -1.189234972000122], [0.09200727194547653, 0.12355586141347885, -0.9880629181861877, -0.5356280207633972], [0.9755646586418152, 0.18763594329357147, 0.11430683732032776, 0.1822766363620758], [0.0, 0.0, 0.0, 1.0]]}, "finger1joint1": {"matrix": [[-0.8562949895858765, -0.501550018787384, 0.12331371009349823, -2.0001490116119385], [-0.07948268949985504, -0.10794553905725479, -0.9909743070602417, -0.4328063130378723], [0.5103344321250916, -0.8583675622940063, 0.052568480372428894, 0.3384249210357666], [0.0, 0.0, 0.0, 1.0]]}, "finger1joint2": {"matrix": [[-0.8429760336875916, -0.1663869321346283, -0.5115727186203003, -2.283613920211792], [0.22817584872245789, 0.7505925297737122, -0.6201181411743164, -0.4938148260116577], [0.48716238141059875, -0.6394730806350708, -0.5947660803794861, -0.14670583605766296], [0.0, 0.0, 0.0, 1.0]]}, "finger1joint3": {"matrix": [[-0.8837759494781494, 0.44934695959091187, -0.1304890364408493, -2.3549413681030273], [0.13651010394096375, 0.5143512487411499, 0.846644937992096, -0.1720481514930725], [0.44755470752716064, 0.730431318283081, -0.5159114003181458, -0.4208374619483948], [0.0, 0.0, 0.0, 1.0]]}, "Bone.001": {"matrix": [[-0.1555587649345398, -0.9544201493263245, 0.25472214818000793, -1.1892348527908325], [0.011189217679202557, -0.2595471143722534, -0.9656655192375183, -0.5356279611587524], [0.9877631068229675, -0.14736758172512054, 0.05105382576584816, 0.1822766363620758], [0.0, 0.0, 0.0, 1.0]]}, "finger2joint1": {"matrix": [[-0.8843971490859985, -0.382872611284256, 0.26692670583724976, -1.7942261695861816], [-0.010650201700627804, -0.5551988482475281, -0.8316493034362793, -0.7001506686210632], [0.4666132628917694, -0.7383512854576111, 0.4869384765625, 0.08886277675628662], [0.0, 0.0, 0.0, 1.0]]}, "finger2joint2": {"matrix": [[-0.9362646341323853, -0.29418134689331055, -0.19200442731380463, -2.1254680156707764], [0.016086628660559654, 0.5100846886634827, -0.8599736094474792, -1.1804803609848022], [0.35092687606811523, -0.8082514405250549, -0.4728419780731201, -0.5499210953712463], [0.0, 0.0, 0.0, 1.0]]}, "finger2joint3": {"matrix": [[-0.9429013133049011, 0.062377236783504486, -0.32717862725257874, -2.2371439933776855], [0.15126220881938934, 0.9553602933883667, -0.2537837624549866, -0.9868438243865967], [0.2967433035373688, -0.28878265619277954, -0.9102458357810974, -0.8567465543746948], [0.0, 0.0, 0.0, 1.0]]}, "Bone.002": {"matrix": [[-0.7809691429138184, -0.5436354875564575, 0.3074857294559479, -1.1892348527908325], [-0.15775954723358154, -0.30465006828308105, -0.9393083453178406, -0.5356280207633972], [0.6043170094490051, -0.7820795774459839, 0.15215836465358734, 0.1822766363620758], [0.0, 0.0, 0.0, 1.0]]}, "finger3joint1": {"matrix": [[-0.7203388214111328, -0.6689881682395935, -0.1832123100757599, -1.4183827638626099], [-0.10906429588794708, 0.3700951933860779, -0.9225694537162781, -0.6640410423278809], [0.6849942207336426, -0.6445804238319397, -0.3395567834377289, -0.14737772941589355], [0.0, 0.0, 0.0, 1.0]]}, "finger3joint2": {"matrix": [[-0.8094021081924438, -0.2733595371246338, -0.5197525024414062, -2.00520658493042], [-0.013299559243023396, 0.8933601379394531, -0.4491443336009979, -0.33940041065216064], [0.5871042609214783, -0.35662564635276794, -0.7267231941223145, -0.7127918004989624], [0.0, 0.0, 0.0, 1.0]]}, "finger3joint3": {"matrix": [[-0.7230229377746582, 0.003415249055251479, -0.6908154487609863, -2.1820924282073975], [0.10675972700119019, 0.9885268807411194, -0.10685008019208908, 0.23867535591125488], [0.6825249195098877, -0.15100613236427307, -0.7150920629501343, -0.9435572028160095], [0.0, 0.0, 0.0, 1.0]]}, "Bone.003": {"matrix": [[-0.6354619860649109, 0.4945763945579529, 0.5929436087608337, -1.1892348527908325], [-0.7676501870155334, -0.48729297518730164, -0.4162435829639435, -0.5356280207633972], [0.08307293802499771, -0.7196804285049438, 0.6893176436424255, 0.182276651263237], [0.0, 0.0, 0.0, 1.0]]}, "finger4joint1": {"matrix": [[-0.6074700355529785, -0.6817284822463989, 0.4077082872390747, -0.9772497415542603], [0.15730151534080505, -0.6063420176506042, -0.7794904112815857, -0.7444913387298584], [0.7786117196083069, -0.4093839228153229, 0.4755714237689972, -0.1261923909187317], [0.0, 0.0, 0.0, 1.0]]}, "finger4joint2": {"matrix": [[-0.6149515509605408, -0.7776041030883789, -0.13101895153522491, -1.65445077419281], [0.12827949225902557, 0.06528893858194351, -0.9895865321159363, -1.346806526184082], [0.7780608534812927, -0.6253547072410583, 0.05960105359554291, -0.5328576564788818], [0.0, 0.0, 0.0, 1.0]]}, "finger4joint3": {"matrix": [[-0.5462014675140381, -0.6188169717788696, -0.5645609498023987, -1.978760838508606], [0.1368708461523056, 0.5989887714385986, -0.7889731526374817, -1.3195769786834717], [0.8263957500457764, -0.5082100629806519, -0.24247053265571594, -0.7936698794364929], [0.0, 0.0, 0.0, 1.0]]}}