{"root": {"matrix": [[0.5608109831809998, -0.8206477761268616, 0.10967352241277695, 0.0], [0.46548986434936523, 0.2029763162136078, -0.861463725566864, 1.4901161193847656e-08], [0.6846972107887268, 0.5341702699661255, 0.49583449959754944, 0.0], [0.0, 0.0, 0.0, 1.0]]}, "carpals": {"matrix": [[0.26975733041763306, -0.5059202313423157, -0.8193140029907227, 0.4526658058166504], [0.6830059289932251, -0.499244749546051, 0.5331580638885498, 1.348220944404602], [-0.6787736415863037, -0.70341956615448, 0.21087172627449036, 2.0155346393585205], [0.0, 0.0, 0.0, 1.0]]}, "metacarpals": {"matrix": [[0.421810507774353, -0.8973008990287781, -0.13010263442993164, -0.04009747505187988], [0.26271381974220276, -0.016381461173295975, 0.964734673500061, 0.8619595170021057], [-0.8677886128425598, -0.4411148726940155, 0.22882351279258728, 1.3304080963134766], [0.0, 0.0, 0.0, 1.0]]}, "finger5joint1": {"matrix": [[0.4524620473384857, -0.8784404397010803, -0.15368877351284027, -0.5726528167724609], [0.30040061473846436, -0.012133643962442875, 0.953735888004303, 0.4096534252166748], [-0.8396650552749634, -0.47769734263420105, 0.2583940923213959, 1.136813998222351], [0.0, 0.0, 0.0, 1.0]]}, "finger5joint2": {"matrix": [[-0.09865885227918625, -0.7374184131622314, -0.6681915521621704, -1.5005252361297607], [0.9386042952537537, 0.15410961210727692, -0.30866143107414246, 0.3968369662761688], [0.3305874466896057, -0.6576194167137146, 0.6769400835037231, 0.6322354674339294], [0.0, 0.0, 0.0, 1.0]]}, "finger5joint3": {"matrix": [[-0.13013292849063873, -0.4496053159236908, -0.8836967349052429, -2.0073788166046143], [0.9644555449485779, 0.14933215081691742, -0.21800242364406586, 0.5027619004249573], [0.2299794703722, -0.8806554675102234, 0.4141915738582611, 0.18023061752319336], [0.0, 0.0, 0.0, 1.0]]}, "Bone": {"matrix": [[0.9594353437423706, 0.2818988263607025, -0.004069813527166843, -1.4410332441329956], [-0.02488434873521328, 0.09905503690242767, 0.9947707056999207, 0.836383581161499], [0.28082770109176636, -0.9543169736862183, 0.10205180197954178, 0.641705334186554], [0.0, 0.0, 0.0, 1.0]]}, "finger1joint1": {"matrix": [[0.7013790607452393, -0.7052439451217651, 0.10343136638402939, -1.2064406871795654], [0.2998296320438385, 0.42355358600616455, 0.854812502861023, 0.9188158512115479], [-0.6466602087020874, -0.5685357451438904, 0.5085247159004211, -0.15246549248695374], [0.0, 0.0, 0.0, 1.0]]}, "finger1joint2": {"matrix": [[0.6505491137504578, -0.7539383769035339, 0.09144677221775055, -1.6050291061401367], [0.01680729351937771, 0.13467226922512054, 0.9907476305961609, 1.1581993103027344], [-0.7592781186103821, -0.6429929137229919, 0.10028266906738281, -0.4737895131111145], [0.0, 0.0, 0.0, 1.0]]}, "finger1joint3": {"matrix": [[0.6836850643157959, -0.6687107682228088, -0.2922333776950836, -1.9282300472259521], [0.11210478097200394, -0.2994530200958252, 0.9475021958351135, 1.2159310579299927], [-0.7211152911186218, -0.6805537939071655, -0.12976576387882233, -0.7494300007820129], [0.0, 0.0, 0.0, 1.0]]}, "Bone.001": {"matrix": [[0.9906352758407593, -0.09958633035421371, -0.09340162575244904, -1.4410333633422852], [0.12757927179336548, 0.4315192997455597, 0.8930366635322571, 0.836383581161499], [-0.048629727214574814, -0.8965897560119629, 0.44018349051475525, 0.641705334186554], [0.0, 0.0, 0.0, 1.0]]}, "finger2joint1": {"matrix": [[0.6641807556152344, -0.44560500979423523, -0.600249707698822, -1.5041593313217163], [0.3624058663845062, -0.5103525519371033, 0.7798731327056885, 1.1099166870117188], [-0.6538544297218323, -0.7355107665061951, -0.17747637629508972, 0.07337182760238647], [0.0, 0.0, 0.0, 1.0]]}, "finger2joint2": {"matrix": [[0.6737794280052185, -0.40646660327911377, -0.6170946955680847, -1.889674186706543], [0.24114161729812622, -0.6684467792510986, 0.703583300113678, 0.6683856248855591], [-0.6984782218933105, -0.6228671073913574, -0.35236960649490356, -0.5629546642303467], [0.0, 0.0, 0.0, 1.0]]}, "finger2joint3": {"matrix": [[0.6751382350921631, -0.3190367519855499, -0.6651341915130615, -2.043975591659546], [0.0990428775548935, -0.8542779684066772, 0.5102935433387756, 0.41463226079940796], [-0.7310119867324829, -0.41039547324180603, -0.5451573729515076, -0.7994052171707153], [0.0, 0.0, 0.0, 1.0]]}, "Bone.002": {"matrix": [[0.6419643759727478, -0.7667145133018494, 0.005511602386832237, -1.441033124923706], [0.3782595992088318, 0.3229502737522125, 0.8675383925437927, 0.836383581161499], [-0.6669343113899231, -0.5548437237739563, 0.4973396956920624, 0.6417053937911987], [0.0, 0.0, 0.0, 1.0]]}, "finger3joint1": {"matrix": [[0.5097339749336243, -0.5478935837745667, -0.6633126735687256, -1.7642110586166382], [0.2660410404205322, -0.6328253746032715, 0.7271548509597778, 0.9725102782249451], [-0.8181647062301636, -0.5471237301826477, -0.17681021988391876, 0.40783312916755676], [0.0, 0.0, 0.0, 1.0]]}, "finger3joint2": {"matrix": [[0.4420302212238312, -0.04795799404382706, -0.8957171440124512, -2.2448132038116455], [0.1342189460992813, -0.9837915301322937, 0.11890964955091476, 0.4174076318740845], [-0.8869016170501709, -0.17278385162353516, -0.4284285008907318, -0.07209368795156479], [0.0, 0.0, 0.0, 1.0]]}, "finger3joint3": {"matrix": [[0.5834311842918396, 0.20987248420715332, -0.7845772504806519, -2.275846004486084], [0.06333354115486145, -0.9748499989509583, -0.2136736810207367, -0.2191845178604126], [-0.8096894025802612, 0.07497375458478928, -0.582049548625946, -0.1838987171649933], [0.0, 0.0, 0.0, 1.0]]}, "Bone.003": {"matrix": [[0.037168070673942566, -0.8142685294151306, 0.5792971253395081, -1.4410333633422852], [0.8856309056282043, 0.29536816477775574, 0.3583512604236603, 0.836383581161499], [-0.46289992332458496, 0.4997243285179138, 0.7321195006370544, 0.641705334186554], [0.0, 0.0, 0.0, 1.0]]}, "finger4joint1": {"matrix": [[0.9374599456787109, -0.28645235300064087, 0.19777131080627441, -1.7900444269180298], [0.015531934797763824, 0.6020134687423706, 0.7983347773551941, 0.9629841446876526], [-0.3477460741996765, -0.745335042476654, 0.5688126683235168, 0.8558969497680664], [0.0, 0.0, 0.0, 1.0]]}, "finger4joint2": {"matrix": [[0.9342913031578064, -0.3396575152873993, -0.10831430554389954, -2.074594497680664], [0.044740963727235794, -0.18970850110054016, 0.9808204770088196, 1.5609996318817139], [-0.3536913990974426, -0.9212180972099304, -0.16204626858234406, 0.11551162600517273], [0.0, 0.0, 0.0, 1.0]]}, "finger4joint3": {"matrix": [[0.9607762694358826, 0.12486815452575684, -0.2476212978363037, -2.2162532806396484], [0.04600295051932335, -0.9522866010665894, -0.30171817541122437, 1.4818792343139648], [-0.2734816372394562, 0.2784922420978546, -0.9206787347793579, -0.2686942517757416], [0.0, 0.0, 0.0, 1.0]]}}