{"root": {"matrix": [[0.5646101832389832, -0.8153654336929321, 0.12804122269153595, 0.0], [0.5091626048088074, 0.22199366986751556, -0.8315480947494507, 1.4901161193847656e-08], [0.6495912671089172, 0.5346943736076355, 0.5404934287071228, 0.0], [0.0, 0.0, 0.0, 1.0]]}, "carpals": {"matrix": [[0.2761997580528259, -0.5242910981178284, -0.8055012226104736, 0.46436306834220886], [0.6375835537910461, -0.5271784067153931, 0.5617562532424927, 1.4622368812561035], [-0.71916663646698, -0.6687312126159668, 0.1886729747056961, 1.9316356182098389], [0.0, 0.0, 0.0, 1.0]]}, "metacarpals": {"matrix": [[0.47577735781669617, -0.8736618757247925, -0.10173770785331726, -0.04629325866699219], [0.1404857486486435, -0.03870128467679024, 0.9893259406089783, 0.9487682580947876], [-0.8682738542556763, -0.48499149084091187, 0.10432388633489609, 1.2802953720092773], [0.0, 0.0, 0.0, 1.0]]}, "finger5joint1": {"matrix": [[0.45578956604003906, -0.8210576176643372, -0.3436858355998993, -0.5864964127540588], [0.23268663883209229, -0.26278671622276306, 0.9363759756088257, 0.4950556457042694], [-0.8591347932815552, -0.506761372089386, 0.07127377390861511, 1.1129623651504517], [0.0, 0.0, 0.0, 1.0]]}, "finger5joint2": {"matrix": [[-0.32278692722320557, -0.7582410573959351, -0.566461443901062, -1.4537568092346191], [0.9392538666725159, -0.18284836411476135, -0.29046234488487244, 0.21748130023479462], [0.11666399985551834, -0.6258082985877991, 0.7712020874023438, 0.5776844024658203], [0.0, 0.0, 0.0, 1.0]]}, "finger5joint3": {"matrix": [[-0.36048534512519836, -0.5687276124954224, -0.739323079586029, -1.97492253780365], [0.9326424598693848, -0.20693929493427277, -0.2955566942691803, 0.09180321544408798], [0.015096348710358143, -0.7960678935050964, 0.6050183773040771, 0.14754441380500793], [0.0, 0.0, 0.0, 1.0]]}, "Bone": {"matrix": [[0.9421027302742004, 0.3338222801685333, 0.031697843223810196, -1.4103219509124756], [-0.02387281320989132, -0.0275180134922266, 0.9993361234664917, 0.8883448243141174], [0.3344728350639343, -0.9422341585159302, -0.017955506220459938, 0.5230890512466431], [0.0, 0.0, 0.0, 1.0]]}, "finger1joint1": {"matrix": [[0.6415303349494934, -0.7268239259719849, 0.2452864646911621, -1.132519245147705], [0.19436541199684143, 0.46334001421928406, 0.86460280418396, 0.8654447197914124], [-0.7420651912689209, -0.5069935917854309, 0.43851613998413086, -0.2610265910625458], [0.0, 0.0, 0.0, 1.0]]}, "finger1joint2": {"matrix": [[0.5507969856262207, -0.8113014698028564, 0.195990651845932, -1.543304443359375], [-0.08740444481372833, 0.17746232450008392, 0.9802384972572327, 1.1273144483566284], [-0.8300500512123108, -0.5570427179336548, 0.02683440037071705, -0.5475684404373169], [0.0, 0.0, 0.0, 1.0]]}, "finger1joint3": {"matrix": [[0.5972052812576294, -0.7726115584373474, -0.21544599533081055, -1.8910959959030151], [0.005865207873284817, -0.2643927037715912, 0.9643972516059875, 1.2033896446228027], [-0.8020670413970947, -0.5772066116333008, -0.15336506068706512, -0.7863634824752808], [0.0, 0.0, 0.0, 1.0]]}, "Bone.001": {"matrix": [[0.9962368607521057, -0.036095380783081055, -0.07879640907049179, -1.4103220701217651], [0.08624178171157837, 0.3225442171096802, 0.9426173567771912, 0.8883448839187622], [-0.00860890094190836, -0.9458656907081604, 0.32444342970848083, 0.5230890512466431], [0.0, 0.0, 0.0, 1.0]]}, "finger2joint1": {"matrix": [[0.7898978590965271, -0.6119805574417114, -0.039251815527677536, -1.4332022666931152], [0.18332359194755554, 0.1745702028274536, 0.9674283266067505, 1.092800259590149], [-0.5851952433586121, -0.7713653445243835, 0.25008314847946167, -0.07647973299026489], [0.0, 0.0, 0.0, 1.0]]}, "finger2joint2": {"matrix": [[0.7315523624420166, -0.5146246552467346, -0.44720494747161865, -1.9626567363739014], [0.10816875845193863, -0.5600166320800781, 0.8213895559310913, 1.243829607963562], [-0.6731497049331665, -0.6492629647254944, -0.3540151119232178, -0.7438256740570068], [0.0, 0.0, 0.0, 1.0]]}, "finger2joint3": {"matrix": [[0.7047116756439209, -0.04869014397263527, -0.7078208327293396, -2.1580166816711426], [-0.03060666285455227, -0.9987999200820923, 0.03823396936058998, 1.031238079071045], [-0.7088331580162048, -0.0052798958495259285, -0.7053561210632324, -0.990296483039856], [0.0, 0.0, 0.0, 1.0]]}, "Bone.002": {"matrix": [[0.6900187134742737, -0.7236155271530151, 0.015954216942191124, -1.4103219509124756], [0.27187103033065796, 0.2795507609844208, 0.9208352565765381, 0.8883448243141174], [-0.6707907915115356, -0.6310558915138245, 0.38962534070014954, 0.5230890512466431], [0.0, 0.0, 0.0, 1.0]]}, "finger3joint1": {"matrix": [[0.5611304044723511, -0.552808403968811, -0.6160644292831421, -1.7153332233428955], [0.1467641443014145, -0.6660429239273071, 0.7313324213027954, 1.0061782598495483], [-0.8146122097969055, -0.5007888674736023, -0.2926042973995209, 0.25709268450737], [0.0, 0.0, 0.0, 1.0]]}, "finger3joint2": {"matrix": [[0.49013087153434753, -0.0899076908826828, -0.8669995665550232, -2.200246572494507], [0.011119043454527855, -0.9939402937889099, 0.10935714840888977, 0.4219377040863037], [-0.8715779185295105, -0.06323949247598648, -0.48616090416908264, -0.18219006061553955], [0.0, 0.0, 0.0, 1.0]]}, "finger3joint3": {"matrix": [[0.62387615442276, 0.1559266895055771, -0.7658101916313171, -2.2584240436553955], [-0.0567566342651844, -0.9682673811912537, -0.24338652193546295, -0.22122150659561157], [-0.7794595956802368, 0.19530779123306274, -0.5952287912368774, -0.223111093044281], [0.0, 0.0, 0.0, 1.0]]}, "Bone.003": {"matrix": [[0.09703780710697174, -0.8257421255111694, 0.5556378364562988, -1.4103220701217651], [0.8209749460220337, 0.3820144534111023, 0.4243408739566803, 0.8883447647094727], [-0.5626577138900757, 0.4149877727031708, 0.714983344078064, 0.5230890512466431], [0.0, 0.0, 0.0, 1.0]]}, "finger4joint1": {"matrix": [[0.8875924944877625, -0.2699870765209198, 0.3732105493545532, -1.7642511129379272], [-0.09009294956922531, 0.6928184032440186, 0.7154619693756104, 1.0520836114883423], [-0.4517328143119812, -0.6686621904373169, 0.5906164646148682, 0.7009608745574951], [0.0, 0.0, 0.0, 1.0]]}, "finger4joint2": {"matrix": [[0.8882114887237549, -0.39574185013771057, -0.23338435590267181, -2.032445192337036], [-0.060355208814144135, -0.6040868163108826, 0.7946295738220215, 1.7403008937835693], [-0.4554527997970581, -0.6917131543159485, -0.5604418516159058, 0.036739200353622437], [0.0, 0.0, 0.0, 1.0]]}, "finger4joint3": {"matrix": [[0.9213525652885437, 0.07651526480913162, -0.38112249970436096, -2.1974945068359375], [-0.021548883989453316, -0.968875527381897, -0.2466084361076355, 1.4883588552474976], [-0.38812974095344543, 0.23542596399784088, -0.8910270929336548, -0.2517486810684204], [0.0, 0.0, 0.0, 1.0]]}}