{"root": {"matrix": [[0.28795355558395386, -0.9291968941688538, -0.23168055713176727, 0.0], [-0.42188259959220886, 0.09409879148006439, -0.9017541408538818, 7.450580596923828e-09], [0.8597079515457153, 0.35740530490875244, -0.36491599678993225, 0.0], [0.0, 0.0, 0.0, 1.0]]}, "carpals": {"matrix": [[0.6589062213897705, -0.5246720314025879, -0.5390377640724182, -0.2322666049003601], [0.6316267251968384, -0.0032680779695510864, 0.7752655744552612, -0.7605901956558228], [-0.4085216820240021, -0.8512980341911316, 0.3292437195777893, 2.3350672721862793], [0.0, 0.0, 0.0, 1.0]]}, "metacarpals": {"matrix": [[0.6667707562446594, -0.6283561587333679, 0.400730699300766, -0.7432941794395447], [-0.12015294283628464, 0.4400341212749481, 0.889906108379364, -0.7637732028961182], [-0.7355133295059204, -0.6415123343467712, 0.2179032564163208, 1.5059082508087158], [0.0, 0.0, 0.0, 1.0]]}, "finger5joint1": {"matrix": [[0.6549090147018433, -0.4864870309829712, 0.5782943964004517, -1.3837206363677979], [-0.155776247382164, 0.6618959903717041, 0.7332305908203125, -0.8576550483703613], [-0.7394780516624451, -0.5702837109565735, 0.3576987087726593, 1.1792356967926025], [0.0, 0.0, 0.0, 1.0]]}, "finger5joint2": {"matrix": [[0.5960860252380371, -0.295167475938797, -0.7466976046562195, -1.8975834846496582], [0.6553118228912354, 0.7162106037139893, 0.24001692235469818, -0.15851259231567383], [0.46394777297973633, -0.6323902606964111, 0.6203501224517822, 0.5768609046936035], [0.0, 0.0, 0.0, 1.0]]}, "finger5joint3": {"matrix": [[0.6061280965805054, -0.20837099850177765, -0.7675870060920715, -2.1004621982574463], [0.705099880695343, 0.5873221158981323, 0.3973489999771118, 0.3337640166282654], [0.3680250346660614, -0.7820698618888855, 0.50291508436203, 0.1421968936920166], [0.0, 0.0, 0.0, 1.0]]}, "Bone": {"matrix": [[0.6876373887062073, 0.4803548753261566, 0.5444389581680298, -1.724332571029663], [-0.5269776582717896, -0.18562540411949158, 0.8293596506118774, -0.07675781846046448], [0.49944859743118286, -0.8572061061859131, 0.12549349665641785, 0.5043293833732605], [0.0, 0.0, 0.0, 1.0]]}, "finger1joint1": {"matrix": [[0.7520266175270081, -0.6239621043205261, 0.21243126690387726, -1.324587106704712], [-0.15067167580127716, 0.151021808385849, 0.9769800901412964, -0.23123298585414886], [-0.6416805386543274, -0.7667225003242493, 0.01955924555659294, -0.20902693271636963], [0.0, 0.0, 0.0, 1.0]]}, "finger1joint2": {"matrix": [[0.6639701128005981, -0.7398196458816528, 0.10867617279291153, -1.677236795425415], [-0.4439564347267151, -0.2730761468410492, 0.8534235954284668, -0.14587873220443726], [-0.6017029285430908, -0.6148953437805176, -0.5097618699073792, -0.6423618793487549], [0.0, 0.0, 0.0, 1.0]]}, "finger1joint3": {"matrix": [[0.6982548832893372, -0.596354067325592, -0.39598214626312256, -1.9943853616714478], [-0.3449263870716095, -0.7650006413459778, 0.5438745617866516, -0.26294201612472534], [-0.6272686719894409, -0.243178591132164, -0.7398635745048523, -0.9059574007987976], [0.0, 0.0, 0.0, 1.0]]}, "Bone.001": {"matrix": [[0.8686968684196472, 0.35594260692596436, 0.3444855511188507, -1.7243324518203735], [-0.45699837803840637, 0.30761003494262695, 0.8345826268196106, -0.07675781100988388], [0.1910962462425232, -0.882428765296936, 0.4298853278160095, 0.5043293833732605], [0.0, 0.0, 0.0, 1.0]]}, "finger2joint1": {"matrix": [[0.8994389176368713, -0.3770470917224884, -0.22100864350795746, -1.498706340789795], [-0.07511782646179199, -0.6315312385559082, 0.7717028260231018, 0.11823120713233948], [-0.4305422604084015, -0.6774981617927551, -0.5963466763496399, -0.05502772331237793], [0.0, 0.0, 0.0, 1.0]]}, "finger2joint2": {"matrix": [[0.8782159686088562, -0.4342687726020813, -0.20036771893501282, -1.8249080181121826], [-0.20291279256343842, -0.7176970839500427, 0.6661357879638672, -0.4281373918056488], [-0.43308547139167786, -0.5443540811538696, -0.7184116840362549, -0.6411645412445068], [0.0, 0.0, 0.0, 1.0]]}, "finger2joint3": {"matrix": [[0.8369777798652649, -0.49057579040527344, -0.24249401688575745, -1.989763617515564], [-0.3425957262516022, -0.8152757287025452, 0.4668545722961426, -0.7005870342254639], [-0.42672720551490784, -0.30766966938972473, -0.8504369258880615, -0.8478102684020996], [0.0, 0.0, 0.0, 1.0]]}, "Bone.002": {"matrix": [[0.8653112053871155, -0.3068365156650543, 0.39634308218955994, -1.7243324518203735], [-0.12615178525447845, 0.6319608092308044, 0.7646639943122864, -0.07675784826278687], [-0.48510023951530457, -0.7116715312004089, 0.5081349611282349, 0.5043293833732605], [0.0, 0.0, 0.0, 1.0]]}, "finger3joint1": {"matrix": [[0.8826938271522522, 0.15788869559764862, 0.44263169169425964, -1.8536672592163086], [-0.4556877315044403, 0.517827033996582, 0.7240190505981445, 0.1896199882030487], [-0.11489249020814896, -0.8407888412475586, 0.5290307998657227, 0.20435267686843872], [0.0, 0.0, 0.0, 1.0]]}, "finger3joint2": {"matrix": [[0.878710925579071, -0.4610409140586853, 0.12372687458992004, -1.71517014503479], [-0.39581429958343506, -0.5588303804397583, 0.7287245392799377, 0.6438482999801636], [-0.2668297290802002, -0.689311146736145, -0.6735367774963379, -0.5331717729568481], [0.0, 0.0, 0.0, 1.0]]}, "finger3joint3": {"matrix": [[0.821418821811676, -0.5553505420684814, -0.1298341304063797, -2.013500690460205], [-0.5399542450904846, -0.8305547833442688, 0.13648433983325958, 0.2822401821613312], [-0.18363125622272491, -0.042006537318229675, -0.9820970892906189, -0.9792114496231079], [0.0, 0.0, 0.0, 1.0]]}, "Bone.003": {"matrix": [[0.633197546005249, -0.581510066986084, 0.5107904076576233, -1.724332571029663], [0.6524577736854553, 0.7560452818870544, 0.05190645903348923, -0.07675781846046448], [-0.4163646101951599, 0.30040234327316284, 0.8581368327140808, 0.5043293237686157], [0.0, 0.0, 0.0, 1.0]]}, "finger4joint1": {"matrix": [[0.7356621623039246, 0.20827800035476685, 0.6445318460464478, -1.9735790491104126], [-0.35027366876602173, 0.9314202666282654, 0.09881408512592316, 0.24729782342910767], [-0.5797494053840637, -0.298456072807312, 0.7581650018692017, 0.6330876350402832], [0.0, 0.0, 0.0, 1.0]]}, "finger4joint2": {"matrix": [[0.7525519728660583, -0.39119139313697815, 0.5297495126724243, -1.7666841745376587], [-0.3268570601940155, 0.4764697849750519, 0.8161742687225342, 1.1725326776504517], [-0.5716902017593384, -0.7873659133911133, 0.2307049185037613, 0.33661362528800964], [0.0, 0.0, 0.0, 1.0]]}, "finger4joint3": {"matrix": [[0.7746352553367615, -0.6067111492156982, -0.17844204604625702, -1.9298356771469116], [-0.3772372603416443, -0.6697670221328735, 0.639612078666687, 1.3712503910064697], [-0.5075745582580566, -0.428151398897171, -0.7476991415023804, 0.008232533931732178], [0.0, 0.0, 0.0, 1.0]]}}