{"root": {"matrix": [[0.09997612237930298, -0.6784361600875854, -0.7278249859809875, 5.960464477539063e-08], [-0.6613966226577759, 0.5011723041534424, -0.5580150485038757, 5.960464477539063e-08], [0.7433432340621948, 0.5371692180633545, -0.3986101448535919, 0.0], [0.0, 0.0, 0.0, 1.0]]}, "carpals": {"matrix": [[0.3508100211620331, -0.9107424020767212, 0.2179001420736313, -0.3561442494392395], [0.424802303314209, 0.36213982105255127, 0.8296971321105957, -0.9424399733543396], [-0.8345507383346558, -0.1985016167163849, 0.5139279961585999, 2.2516555786132812], [0.0, 0.0, 0.0, 1.0]]}, "metacarpals": {"matrix": [[0.42859581112861633, -0.15967214107513428, 0.8892751336097717, -1.2432019710540771], [-0.742300271987915, 0.49887993931770325, 0.4473351240158081, -0.5897179841995239], [-0.5150686502456665, -0.8518352508544922, 0.0952933132648468, 2.058316230773926], [0.0, 0.0, 0.0, 1.0]]}, "finger5joint1": {"matrix": [[0.6730644106864929, -0.45634061098098755, 0.5820114612579346, -1.7753446102142334], [-0.6799450516700745, -0.07221372425556183, 0.7296982407569885, -0.3587934672832489], [-0.2909618616104126, -0.8868699073791504, -0.35889095067977905, 1.6233761310577393], [0.0, 0.0, 0.0, 1.0]]}, "finger5joint2": {"matrix": [[0.5915392637252808, 0.00085171073442325, -0.806275486946106, -2.257364511489868], [0.6725789904594421, -0.5520133972167969, 0.49286729097366333, -0.43507078289985657], [-0.44465509057044983, -0.8338344693183899, -0.3271104693412781, 0.6866001486778259], [0.0, 0.0, 0.0, 1.0]]}, "finger5joint3": {"matrix": [[0.6325231790542603, 0.0924592912197113, -0.7690027952194214, -2.256779193878174], [0.589949369430542, -0.7008358240127563, 0.4009841978549957, -0.81448894739151], [-0.5018699765205383, -0.7073047161102295, -0.4978412389755249, 0.1134764701128006], [0.0, 0.0, 0.0, 1.0]]}, "Bone": {"matrix": [[0.14817143976688385, 0.2486630082130432, 0.9571895003318787, -1.4924943447113037], [-0.6435736417770386, -0.7106479406356812, 0.2842394709587097, 0.18917211890220642], [0.7509046196937561, -0.6581383943557739, 0.054735343903303146, 0.728364884853363], [0.0, 0.0, 0.0, 1.0]]}, "finger1joint1": {"matrix": [[0.4666490852832794, -0.43009424209594727, 0.7728242874145508, -1.285560131072998], [-0.7892559170722961, 0.19183355569839478, 0.5833305716514587, -0.40222033858299255], [-0.39914098381996155, -0.8821669816970825, -0.2499353438615799, 0.18067026138305664], [0.0, 0.0, 0.0, 1.0]]}, "finger1joint2": {"matrix": [[0.21770724654197693, -0.9759649038314819, 0.009793936274945736, -1.5286400318145752], [-0.9330571293830872, -0.2051706463098526, 0.2954811751842499, -0.2938001751899719], [-0.28637006878852844, -0.07346682250499725, -0.9552982449531555, -0.31791144609451294], [0.0, 0.0, 0.0, 1.0]]}, "finger1joint3": {"matrix": [[0.2532377541065216, -0.7285872101783752, -0.6364206075668335, -1.9470200538635254], [-0.890177309513092, -0.4330619275569916, 0.14156822860240936, -0.38175344467163086], [-0.3787546157836914, 0.5306766629219055, -0.7582395076751709, -0.3494054675102234], [0.0, 0.0, 0.0, 1.0]]}, "Bone.001": {"matrix": [[0.3353291153907776, 0.4870481491088867, 0.8064355254173279, -1.4924943447113037], [-0.8077514171600342, -0.2919113039970398, 0.5121766328811646, 0.18917207419872284], [0.484862357378006, -0.8231474161148071, 0.29552769660949707, 0.7283649444580078], [0.0, 0.0, 0.0, 1.0]]}, "finger2joint1": {"matrix": [[0.6366893649101257, -0.44860416650772095, 0.627200722694397, -1.1837624311447144], [-0.7686731219291687, -0.30447694659233093, 0.5625254511833191, 0.004134267568588257], [-0.061383187770843506, -0.8402665853500366, -0.5386872291564941, 0.20658522844314575], [0.0, 0.0, 0.0, 1.0]]}, "finger2joint2": {"matrix": [[0.5328156352043152, -0.6336278915405273, 0.5609126687049866, -1.5718719959259033], [-0.8417395949363708, -0.32863324880599976, 0.4283389151096344, -0.2592836320400238], [-0.08707305043935776, -0.7003682851791382, -0.7084506750106812, -0.5203704833984375], [0.0, 0.0, 0.0, 1.0]]}, "finger2joint3": {"matrix": [[0.4043591320514679, -0.838570237159729, 0.3650936782360077, -1.812407374382019], [-0.9087617993354797, -0.3233465254306793, 0.26381534337997437, -0.3840382397174835], [-0.1031760722398758, -0.43845951557159424, -0.8928088545799255, -0.786241888999939], [0.0, 0.0, 0.0, 1.0]]}, "Bone.002": {"matrix": [[0.5672229528427124, 0.20889712870121002, 0.7966304421424866, -1.4924944639205933], [-0.7904674410820007, 0.4095569849014282, 0.4554382562637329, 0.18917207419872284], [-0.23112593591213226, -0.8880454301834106, 0.3974366784095764, 0.7283649444580078], [0.0, 0.0, 0.0, 1.0]]}, "finger3joint1": {"matrix": [[0.5013787150382996, -0.014274783432483673, 0.8651101589202881, -1.4044420719146729], [-0.864335834980011, -0.0536564439535141, 0.5000444650650024, 0.36180445551872253], [0.03928053006529808, -0.9984573125839233, -0.03924025222659111, 0.3540448546409607], [0.0, 0.0, 0.0, 1.0]]}, "finger3joint2": {"matrix": [[0.4588715732097626, -0.7436509132385254, 0.4862305819988251, -1.4169636964797974], [-0.880685567855835, -0.30825111269950867, 0.3596859574317932, 0.314738005399704], [-0.11759984493255615, -0.593265950679779, -0.796370267868042, -0.5217834711074829], [0.0, 0.0, 0.0, 1.0]]}, "finger3joint3": {"matrix": [[0.333101361989975, -0.9094411134719849, 0.24891841411590576, -1.8981654644012451], [-0.9428233504295349, -0.3180997371673584, 0.09948121756315231, 0.11527479439973831], [-0.011291616596281528, -0.2678235173225403, -0.963401734828949, -0.9056742191314697], [0.0, 0.0, 0.0, 1.0]]}, "Bone.003": {"matrix": [[0.9149457216262817, 0.06878968328237534, 0.39767104387283325, -1.4924944639205933], [-0.07188022136688232, 0.9973875284194946, -0.00715031148865819, 0.18917205929756165], [-0.39712393283843994, -0.02204236388206482, 0.9175001978874207, 0.7283649444580078], [0.0, 0.0, 0.0, 1.0]]}, "finger4joint1": {"matrix": [[0.39711320400238037, -0.037253204733133316, 0.9170131087303162, -1.4630098342895508], [-0.6013945937156677, 0.7442020773887634, 0.2906671166419983, 0.6166716814041138], [-0.6932715773582458, -0.6669144034385681, 0.27312880754470825, 0.7189171314239502], [0.0, 0.0, 0.0, 1.0]]}, "finger4joint2": {"matrix": [[0.41378843784332275, -0.8647847771644592, 0.284475177526474, -1.5000157356262207], [-0.5784520506858826, -0.008462546393275261, 0.8156721591949463, 1.3559316396713257], [-0.7029736638069153, -0.5020712018013, -0.5037381052970886, 0.056431710720062256], [0.0, 0.0, 0.0, 1.0]]}, "finger4joint3": {"matrix": [[0.48003649711608887, -0.7832457423210144, -0.39508333802223206, -1.8606852293014526], [-0.5876166224479675, -0.6214913725852966, 0.5181260704994202, 1.3524022102355957], [-0.6513610482215881, -0.016562124714255333, -0.7585868239402771, -0.1529635787010193], [0.0, 0.0, 0.0, 1.0]]}}