{"root": {"matrix": [[0.4480879008769989, -0.6693649291992188, -0.5925941467285156, -5.960464477539063e-08], [-0.4462898373603821, 0.40687325596809387, -0.7970442771911621, 0.0], [0.7746241688728333, 0.6216146349906921, -0.11641585826873779, 5.960464477539063e-08], [0.0, 0.0, 0.0, 1.0]]}, "carpals": {"matrix": [[0.7393014430999756, -0.6700775623321533, -0.06655263900756836, 0.42477691173553467], [0.15766368806362152, 0.07616502046585083, 0.9845510125160217, -0.5214099287986755], [-0.6546565890312195, -0.7383730411529541, 0.1619560420513153, 2.3733270168304443], [0.0, 0.0, 0.0, 1.0]]}, "metacarpals": {"matrix": [[0.2547818422317505, -0.5408915877342224, 0.8015749454498291, -0.2278745174407959], [-0.7025110125541687, 0.4660921096801758, 0.5378067493438721, -0.44722557067871094], [-0.6645030975341797, -0.7001385688781738, -0.2612304091453552, 1.65415620803833], [0.0, 0.0, 0.0, 1.0]]}, "finger5joint1": {"matrix": [[0.39504215121269226, -0.6707520484924316, 0.6277207136154175, -0.9109921455383301], [-0.6804311275482178, 0.24544520676136017, 0.6904852390289307, -0.27921080589294434], [-0.617215633392334, -0.6998914480209351, -0.3594392240047455, 1.4786677360534668], [0.0, 0.0, 0.0, 1.0]]}, "finger5joint2": {"matrix": [[0.6326638460159302, -0.5536699295043945, -0.541466236114502, -1.6194889545440674], [0.6977767944335938, 0.104265496134758, 0.7086858749389648, -0.019953839480876923], [-0.3359217941761017, -0.82618248462677, 0.45230332016944885, 0.7393918037414551], [0.0, 0.0, 0.0, 1.0]]}, "finger5joint3": {"matrix": [[0.6070590615272522, -0.5033004879951477, -0.6149532198905945, -2.0000457763671875], [0.6643841862678528, -0.10310955345630646, 0.7402442097663879, 0.05171149596571922], [-0.43597280979156494, -0.857937216758728, 0.27179160714149475, 0.17152762413024902], [0.0, 0.0, 0.0, 1.0]]}, "Bone": {"matrix": [[0.5040023326873779, 0.03008325770497322, 0.8631781339645386, -1.0723564624786377], [-0.6128036379814148, -0.6918143630027771, 0.38192182779312134, 0.28047358989715576], [0.6086483597755432, -0.7214484810829163, -0.3302408754825592, 0.5610455274581909], [0.0, 0.0, 0.0, 1.0]]}, "finger1joint1": {"matrix": [[0.33895954489707947, -0.8388411402702332, 0.42597171664237976, -1.0473215579986572], [-0.7469463348388672, 0.0353308841586113, 0.6639447212219238, -0.2952457666397095], [-0.5719943642616272, -0.5432283878326416, -0.6145934462547302, -0.039335042238235474], [0.0, 0.0, 0.0, 1.0]]}, "finger1joint2": {"matrix": [[0.20988336205482483, -0.9710884690284729, -0.11373704671859741, -1.5214163064956665], [-0.9141784906387329, -0.23616376519203186, 0.3293997049331665, -0.2752774953842163], [-0.3467370867729187, 0.0348404124379158, -0.9373149275779724, -0.34635594487190247], [0.0, 0.0, 0.0, 1.0]]}, "finger1joint3": {"matrix": [[0.2327701300382614, -0.7544842958450317, -0.6136541366577148, -1.9377062320709229], [-0.8668363690376282, -0.4470299184322357, 0.22081390023231506, -0.37651705741882324], [-0.44092267751693726, 0.4805387854576111, -0.7580695748329163, -0.3314204216003418], [0.0, 0.0, 0.0, 1.0]]}, "Bone.001": {"matrix": [[0.5825076699256897, 0.13761280477046967, 0.8010913133621216, -1.0723565816879272], [-0.7611339688301086, -0.2535051107406616, 0.5970006585121155, 0.28047358989715576], [0.28523555397987366, -0.9574955105781555, -0.04292679578065872, 0.5610455274581909], [0.0, 0.0, 0.0, 1.0]]}, "finger2joint1": {"matrix": [[0.6881608963012695, -0.6153369545936584, 0.38444092869758606, -0.9851259589195251], [-0.6817103624343872, -0.3669475317001343, 0.6329454779624939, 0.11978080868721008], [-0.24840529263019562, -0.6976458430290222, -0.672000527381897, -0.04589521884918213], [0.0, 0.0, 0.0, 1.0]]}, "finger2joint2": {"matrix": [[0.5912112593650818, -0.7392903566360474, 0.3223644196987152, -1.517484188079834], [-0.7676638960838318, -0.3932620882987976, 0.5060007572174072, -0.1976834535598755], [-0.24730800092220306, -0.5466209650039673, -0.8000274896621704, -0.6494627594947815], [0.0, 0.0, 0.0, 1.0]]}, "finger2joint3": {"matrix": [[0.47133001685142517, -0.8690552115440369, 0.15030252933502197, -1.798130989074707], [-0.8498252630233765, -0.4019339978694916, 0.34094810485839844, -0.34697216749191284], [-0.23589125275611877, -0.28843003511428833, -0.9279887080192566, -0.8569691181182861], [0.0, 0.0, 0.0, 1.0]]}, "Bone.002": {"matrix": [[0.5007979869842529, -0.21181954443454742, 0.8392459750175476, -1.0723564624786377], [-0.7316148281097412, 0.4145399332046509, 0.5411988496780396, 0.2804735600948334], [-0.4625376760959625, -0.8850359320640564, 0.05263052135705948, 0.5610455274581909], [0.0, 0.0, 0.0, 1.0]]}, "finger3joint1": {"matrix": [[0.5729401111602783, -0.24218760430812836, 0.7829973101615906, -1.1616405248641968], [-0.817183256149292, -0.09553460776805878, 0.5684052109718323, 0.4552062749862671], [-0.06285767257213593, -0.9655144214630127, -0.25264716148376465, 0.18799394369125366], [0.0, 0.0, 0.0, 1.0]]}, "finger3joint2": {"matrix": [[0.4966253936290741, -0.8061553835868835, 0.32167792320251465, -1.3740830421447754], [-0.8434360027313232, -0.36073970794677734, 0.39809849858283997, 0.37140512466430664], [-0.2048875391483307, -0.4690205454826355, -0.8590929508209229, -0.6589374542236328], [0.0, 0.0, 0.0, 1.0]]}, "finger3joint3": {"matrix": [[0.3948410749435425, -0.917137861251831, 0.0543939433991909, -1.8957302570343018], [-0.9152145385742188, -0.3874436914920807, 0.1107679232954979, 0.13797755539417267], [-0.08051516860723495, -0.09351787716150284, -0.992356538772583, -0.9624313712120056], [0.0, 0.0, 0.0, 1.0]]}, "Bone.003": {"matrix": [[0.6771441102027893, -0.04658937454223633, 0.7343741059303284, -1.0723565816879272], [0.016137154772877693, 0.9986937642097473, 0.04847860336303711, 0.280473530292511], [-0.7356733679771423, -0.020976074039936066, 0.6770114302635193, 0.5610455274581909], [0.0, 0.0, 0.0, 1.0]]}, "finger4joint1": {"matrix": [[0.208399698138237, -0.37540414929389954, 0.9031285047531128, -1.0923255681991577], [-0.6573964953422546, 0.6299315094947815, 0.41354045271873474, 0.7085331678390503], [-0.7241541147232056, -0.6798951029777527, -0.11551177501678467, 0.552054762840271], [0.0, 0.0, 0.0, 1.0]]}, "finger4joint2": {"matrix": [[0.21714015305042267, -0.9558219909667969, 0.19812709093093872, -1.4652366638183594], [-0.6346755623817444, 0.015967395156621933, 0.7726134061813354, 1.334281325340271], [-0.7416446208953857, -0.2935117781162262, -0.6031695604324341, -0.1233251616358757], [0.0, 0.0, 0.0, 1.0]]}, "finger4joint3": {"matrix": [[0.29292061924934387, -0.7749430537223816, -0.5600541234016418, -1.8638746738433838], [-0.6450403928756714, -0.5925361514091492, 0.48251765966415405, 1.3409405946731567], [-0.7057761549949646, 0.21991810202598572, -0.6734355092048645, -0.24573802947998047], [0.0, 0.0, 0.0, 1.0]]}}