{"root": {"matrix": [[0.3547712564468384, -0.8472908735275269, -0.3952663838863373, -5.960464477539063e-08], [-0.3314015865325928, 0.28135570883750916, -0.900562047958374, 2.9802322387695312e-08], [0.8742484450340271, 0.4504854381084442, -0.18097668886184692, 0.0], [0.0, 0.0, 0.0, 1.0]]}, "carpals": {"matrix": [[0.45716750621795654, -0.8734214901924133, -0.16772785782814026, 0.01740211248397827], [0.4840616285800934, 0.08614702522754669, 0.8707828521728516, -0.3728135824203491], [-0.7461110949516296, -0.47928428649902344, 0.4621737003326416, 2.4383790493011475], [0.0, 0.0, 0.0, 1.0]]}, "metacarpals": {"matrix": [[0.5989946722984314, -0.5050559043884277, 0.6213885545730591, -0.8333051204681396], [-0.4393559396266937, 0.4414745271205902, 0.7823466658592224, -0.28890687227249146], [-0.6694561839103699, -0.7416322231292725, 0.042541731148958206, 1.9715590476989746], [0.0, 0.0, 0.0, 1.0]]}, "finger5joint1": {"matrix": [[0.6639969944953918, -0.41151416301727295, 0.6243107318878174, -1.4822471141815186], [-0.4626018702983856, 0.4298870265483856, 0.7753685116767883, -0.28171104192733765], [-0.5874584317207336, -0.8036496639251709, 0.09507662802934647, 1.6482985019683838], [0.0, 0.0, 0.0, 1.0]]}, "finger5joint2": {"matrix": [[0.6257714629173279, -0.2746671140193939, -0.7300463318824768, -1.916918158531189], [0.7598057985305786, 0.4262743890285492, 0.49090200662612915, 0.17236673831939697], [0.17636559903621674, -0.8618857860565186, 0.4754442274570465, 0.7994256615638733], [0.0, 0.0, 0.0, 1.0]]}, "finger5joint3": {"matrix": [[0.6366358399391174, -0.19452108442783356, -0.7462278008460999, -2.1057064533233643], [0.7680990099906921, 0.24614129960536957, 0.5911327004432678, 0.4653600752353668], [0.06868988275527954, -0.9495131373405457, 0.3061140477657318, 0.20702135562896729], [0.0, 0.0, 0.0, 1.0]]}, "Bone": {"matrix": [[0.5371336936950684, 0.3997284173965454, 0.7427680492401123, -1.6218376159667969], [-0.5686041712760925, -0.478840708732605, 0.668880045413971, 0.4003574550151825], [0.6230378746986389, -0.7816193103790283, -0.029914097860455513, 0.8136652708053589], [0.0, 0.0, 0.0, 1.0]]}, "finger1joint1": {"matrix": [[0.6724183559417725, -0.6584914326667786, 0.3379976451396942, -1.2891885042190552], [-0.4766223728656769, -0.035840071737766266, 0.8783770799636841, 0.0018721073865890503], [-0.5662901401519775, -0.75173419713974, -0.33795109391212463, 0.16321131587028503], [0.0, 0.0, 0.0, 1.0]]}, "finger1joint2": {"matrix": [[0.5506188869476318, -0.8100715279579163, -0.20150154829025269, -1.661353588104248], [-0.720606803894043, -0.583113968372345, 0.37510502338409424, -0.018383920192718506], [-0.4213605225086212, -0.06133665144443512, -0.9048165082931519, -0.26165255904197693], [0.0, 0.0, 0.0, 1.0]]}, "finger1joint3": {"matrix": [[0.5567278265953064, -0.5565128326416016, -0.6167231798171997, -2.008618116378784], [-0.6570336222648621, -0.7492771744728088, 0.08300872147083282, -0.26835528016090393], [-0.5082923173904419, 0.35899439454078674, -0.782791018486023, -0.28794655203819275], [0.0, 0.0, 0.0, 1.0]]}, "Bone.001": {"matrix": [[0.7242938876152039, 0.40673330426216125, 0.5567460060119629, -1.6218376159667969], [-0.6139811277389526, 0.013060197234153748, 0.7892124056816101, 0.4003574252128601], [0.3137276768684387, -0.9134534001350403, 0.2591862082481384, 0.8136652708053589], [0.0, 0.0, 0.0, 1.0]]}, "finger2joint1": {"matrix": [[0.6434301733970642, -0.24942642450332642, 0.7237290740013123, -1.364016056060791], [-0.50809246301651, 0.5679962635040283, 0.6474735140800476, 0.40863609313964844], [-0.5725725889205933, -0.7843253016471863, 0.2387344241142273, 0.2346421182155609], [0.0, 0.0, 0.0, 1.0]]}, "finger2joint2": {"matrix": [[0.5485913753509521, -0.5327138304710388, 0.6444092392921448, -1.5798070430755615], [-0.5122973918914795, 0.3949407637119293, 0.7626092433929443, 0.9000374674797058], [-0.6607562303543091, -0.7484899759292603, -0.056246671825647354, -0.44391605257987976], [0.0, 0.0, 0.0, 1.0]]}, "finger2joint3": {"matrix": [[0.4240811765193939, -0.817600667476654, 0.3894663453102112, -1.782033920288086], [-0.5296962857246399, 0.12488457560539246, 0.8389429450035095, 1.0499634742736816], [-0.7345589399337769, -0.5620788335800171, -0.380118727684021, -0.7280551791191101], [0.0, 0.0, 0.0, 1.0]]}, "Bone.002": {"matrix": [[0.7939003109931946, -0.14620362222194672, 0.5902090668678284, -1.6218374967575073], [-0.44331708550453186, 0.5251703858375549, 0.7264060974121094, 0.4003573954105377], [-0.4161636531352997, -0.8383436799049377, 0.35211852192878723, 0.8136652708053589], [0.0, 0.0, 0.0, 1.0]]}, "finger3joint1": {"matrix": [[0.8239864110946655, 0.02212168276309967, 0.5661775469779968, -1.6834639310836792], [-0.563703179359436, -0.06907232105731964, 0.8230841755867004, 0.6217219829559326], [0.05731494352221489, -0.9973662495613098, -0.044444408267736435, 0.4602949917316437], [0.0, 0.0, 0.0, 1.0]]}, "finger3joint2": {"matrix": [[0.7945263385772705, -0.48561403155326843, 0.364563912153244, -1.6640591621398926], [-0.5990334749221802, -0.5285142064094543, 0.6015242338180542, 0.5611330270767212], [-0.09943165630102158, -0.6963129043579102, -0.7108174562454224, -0.4145762622356415], [0.0, 0.0, 0.0, 1.0]]}, "finger3joint3": {"matrix": [[0.6968189477920532, -0.6631775498390198, 0.2732011079788208, -1.978290319442749], [-0.7171308398246765, -0.6373323202133179, 0.2820119261741638, 0.2191419154405594], [-0.01290435902774334, -0.392432302236557, -0.9196902513504028, -0.8651466369628906], [0.0, 0.0, 0.0, 1.0]]}, "Bone.003": {"matrix": [[0.7725061774253845, -0.36030179262161255, 0.5228926539421082, -1.6218376159667969], [0.36520108580589294, 0.9257203936576843, 0.09833512455224991, 0.4003573954105377], [-0.5194826126098633, 0.11499668657779694, 0.8467074036598206, 0.8136652708053589], [0.0, 0.0, 0.0, 1.0]]}, "finger4joint1": {"matrix": [[0.648124635219574, 0.15028049051761627, 0.7465587854385376, -1.7762700319290161], [-0.6026846766471863, 0.7004878520965576, 0.3822139501571655, 0.7971391677856445], [-0.4655162990093231, -0.6976616978645325, 0.5445753335952759, 0.8629550933837891], [0.0, 0.0, 0.0, 1.0]]}, "finger4joint2": {"matrix": [[0.6656944751739502, -0.68201744556427, 0.30282485485076904, -1.6269874572753906], [-0.5789758563041687, -0.21603447198867798, 0.7862032651901245, 1.4929749965667725], [-0.47078388929367065, -0.6986995935440063, -0.5386843681335449, 0.16992655396461487], [0.0, 0.0, 0.0, 1.0]]}, "finger4joint3": {"matrix": [[0.7155824899673462, -0.6533358693122864, -0.24717150628566742, -1.9114316701889038], [-0.570452868938446, -0.7507895827293396, 0.3330136239528656, 1.4028751850128174], [-0.40314367413520813, -0.09729927033185959, -0.9099491834640503, -0.12147510796785355], [0.0, 0.0, 0.0, 1.0]]}}