{"root": {"matrix": [[0.3613828122615814, -0.864605188369751, 0.3490849435329437, 0.0], [-0.3623993396759033, -0.4751943349838257, -0.8017836809158325, 0.0], [0.8591095209121704, 0.1632426530122757, -0.4850594699382782, -1.4901161193847656e-08], [0.0, 0.0, 0.0, 1.0]]}, "carpals": {"matrix": [[-0.80262690782547, -0.29577958583831787, -0.5179809331893921, -0.0682782530784607], [0.3733499050140381, 0.42813143134117126, -0.8229902982711792, -1.1945431232452393], [0.4651878774166107, -0.853942334651947, -0.23320068418979645, 2.1571717262268066], [0.0, 0.0, 0.0, 1.0]]}, "metacarpals": {"matrix": [[-0.8679723143577576, -0.46149134635925293, 0.18343815207481384, -0.35636579990386963], [-0.2531392574310303, 0.09335491806268692, -0.9629148840904236, -0.7775456309318542], [0.4272521436214447, -0.8822189569473267, -0.19785133004188538, 1.325437068939209], [0.0, 0.0, 0.0, 1.0]]}, "finger5joint1": {"matrix": [[-0.7449952960014343, -0.6315917372703552, 0.21464766561985016, -0.5428858995437622], [-0.3147996664047241, 0.04918265715241432, -0.947882890701294, -0.28374162316322327], [0.5881181955337524, -0.7737393379211426, -0.23546597361564636, 0.8284032940864563], [0.0, 0.0, 0.0, 1.0]]}, "finger5joint2": {"matrix": [[0.3509838283061981, -0.9112812280654907, 0.2153513878583908, -1.2100187540054321], [-0.9216487407684326, -0.29556599259376526, 0.25140365958213806, -0.23179136216640472], [-0.16544923186302185, -0.28671684861183167, -0.9436204433441162, 0.011123836040496826], [0.0, 0.0, 0.0, 1.0]]}, "finger5joint3": {"matrix": [[0.25198739767074585, -0.9623198509216309, -0.1021871417760849, -1.8363744020462036], [-0.957653284072876, -0.26316824555397034, 0.11679927259683609, -0.4349442720413208], [-0.1392909735441208, 0.0684281438589096, -0.9878841638565063, -0.18594667315483093], [0.0, 0.0, 0.0, 1.0]]}, "Bone": {"matrix": [[0.30469566583633423, -0.9506480097770691, 0.05855555832386017, -1.0768818855285645], [-0.04956117272377014, -0.07722066342830658, -0.9957812428474426, -0.6317926645278931], [0.9511592388153076, 0.3005082905292511, -0.07064425945281982, -0.05195161700248718], [0.0, 0.0, 0.0, 1.0]]}, "finger1joint1": {"matrix": [[-0.7962600588798523, -0.5974689722061157, 0.09487137943506241, -1.8679993152618408], [-0.2925320863723755, 0.24300585687160492, -0.9248636960983276, -0.6960546970367432], [0.5295231342315674, -0.764184832572937, -0.3682749271392822, 0.1981276273727417], [0.0, 0.0, 0.0, 1.0]]}, "finger1joint2": {"matrix": [[-0.7752259373664856, -0.33313119411468506, -0.5367013216018677, -2.2056758403778076], [-0.001861491473391652, 0.8508366942405701, -0.5254266858100891, -0.5587130784988403], [0.6316813230514526, -0.406325101852417, -0.6602108478546143, -0.23377308249473572], [0.0, 0.0, 0.0, 1.0]]}, "finger1joint3": {"matrix": [[-0.8128474354743958, 0.43114715814590454, -0.39165177941322327, -2.3484835624694824], [-0.08627686649560928, 0.5758542418479919, 0.8129870295524597, -0.1939733475446701], [0.5760515928268433, 0.6946250200271606, -0.43088340759277344, -0.4079579710960388], [0.0, 0.0, 0.0, 1.0]]}, "Bone.001": {"matrix": [[-0.030233854427933693, -0.9166522026062012, 0.39854028820991516, -1.076881766319275], [-0.18981556594371796, -0.3862016797065735, -0.9026726484298706, -0.6317926049232483], [0.9813539385795593, -0.10294046998023987, -0.16231875121593475, -0.051951631903648376], [0.0, 0.0, 0.0, 1.0]]}, "finger2joint1": {"matrix": [[-0.7020330429077148, -0.6159948706626892, -0.35735079646110535, -1.6579327583312988], [-0.35763120651245117, 0.7388854026794434, -0.5710936188697815, -0.8765995502471924], [0.6158320903778076, -0.27312663197517395, -0.7390212416648865, -0.11720392107963562], [0.0, 0.0, 0.0, 1.0]]}, "finger2joint2": {"matrix": [[-0.7188217639923096, -0.2410346418619156, -0.6520715951919556, -2.1908600330352783], [-0.23503431677818298, 0.9669981598854065, -0.09835174679756165, -0.2373536229133606], [0.6542583703994751, 0.08256208896636963, -0.7517507672309875, -0.353499174118042], [0.0, 0.0, 0.0, 1.0]]}, "finger2joint3": {"matrix": [[-0.6805649399757385, 0.21537548303604126, -0.7003173828125, -2.282360792160034], [-0.11283660680055618, 0.9136080741882324, 0.3906247913837433, 0.12973472476005554], [0.7239468693733215, 0.3448672294616699, -0.5974673628807068, -0.32215720415115356], [0.0, 0.0, 0.0, 1.0]]}, "Bone.002": {"matrix": [[-0.6670845746994019, -0.5866915583610535, 0.4591198265552521, -1.076882004737854], [-0.39111095666885376, -0.24871917068958282, -0.8860986232757568, -0.6317926645278931], [0.6340585947036743, -0.7706695795059204, -0.06354504078626633, -0.05195161700248718], [0.0, 0.0, 0.0, 1.0]]}, "finger3joint1": {"matrix": [[-0.7227416038513184, -0.685857892036438, -0.08510797470808029, -1.3241783380508423], [-0.30976545810699463, 0.43155673146247864, -0.8472331166267395, -0.7366302609443665], [0.6178106665611267, -0.585966944694519, -0.5243592858314514, -0.37679654359817505], [0.0, 0.0, 0.0, 1.0]]}, "finger3joint2": {"matrix": [[-0.8182461261749268, -0.3496161997318268, -0.45633503794670105, -1.9258002042770386], [-0.2045268714427948, 0.9189164638519287, -0.3372848331928253, -0.35807663202285767], [0.5372542142868042, -0.18264901638031006, -0.8234058618545532, -0.8907960057258606], [0.0, 0.0, 0.0, 1.0]]}, "finger3joint3": {"matrix": [[-0.7461779117584229, -0.08834842592477798, -0.659858226776123, -2.1520297527313232], [-0.0990482047200203, 0.9948567748069763, -0.02119624800980091, 0.23653608560562134], [0.6583373546600342, 0.04954180866479874, -0.7510908246040344, -1.0089845657348633], [0.0, 0.0, 0.0, 1.0]]}, "Bone.003": {"matrix": [[-0.49995526671409607, 0.4666247069835663, 0.72959303855896, -1.0768818855285645], [-0.8660202026367188, -0.262246310710907, -0.42571786046028137, -0.6317926049232483], [-0.007317524403333664, -0.8446823954582214, 0.5352177619934082, -0.05195161700248718], [0.0, 0.0, 0.0, 1.0]]}, "finger4joint1": {"matrix": [[-0.4026349186897278, -0.6936801671981812, 0.5972374677658081, -0.8768774271011353], [-0.041234176605939865, -0.6380540728569031, -0.7688864469528198, -0.7441964745521545], [0.9144313335418701, -0.334207147359848, 0.2282993346452713, -0.41399890184402466], [0.0, 0.0, 0.0, 1.0]]}, "finger4joint2": {"matrix": [[-0.4068225622177124, -0.9131546020507812, -0.025369031354784966, -1.5659509897232056], [-0.07068917155265808, 0.05915646255016327, -0.9957425594329834, -1.3780131340026855], [0.9107678532600403, -0.4032971262931824, -0.08861646801233292, -0.7459866404533386], [0.0, 0.0, 0.0, 1.0]]}, "finger4joint3": {"matrix": [[-0.3290928900241852, -0.7003522515296936, -0.6334067583084106, -1.946793794631958], [-0.06078800931572914, 0.6850912570953369, -0.7259162664413452, -1.3533413410186768], [0.9423387050628662, -0.20039018988609314, -0.2680317163467407, -0.9141868352890015], [0.0, 0.0, 0.0, 1.0]]}}