{"root": {"matrix": [[0.4248734712600708, -0.47258320450782776, -0.7721059918403625, 0.0], [-0.8134987354278564, 0.1748371571302414, -0.5546636581420898, 1.4901161193847656e-08], [0.3971174955368042, 0.8637691140174866, -0.310162216424942, 5.960464477539063e-08], [0.0, 0.0, 0.0, 1.0]]}, "carpals": {"matrix": [[0.5973884463310242, -0.7889116406440735, 0.1440325826406479, 0.5850731730461121], [0.3839285373687744, 0.43902769684791565, 0.812313437461853, -1.6062140464782715], [-0.7040778994560242, -0.4299684762954712, 0.5651559829711914, 1.7784125804901123], [0.0, 0.0, 0.0, 1.0]]}, "metacarpals": {"matrix": [[0.06121942773461342, -0.5731231570243835, 0.8171792030334473, -0.18332207202911377], [-0.42093580961227417, 0.7275227308273315, 0.5417778491973877, -1.1786035299301147], [-0.905022144317627, -0.3771473467350006, -0.1967095136642456, 1.3596258163452148], [0.0, 0.0, 0.0, 1.0]]}, "finger5joint1": {"matrix": [[0.4173301160335541, -0.7344168424606323, 0.5352264046669006, -0.8572887778282166], [-0.5162232518196106, 0.29312652349472046, 0.804729700088501, -0.9124387502670288], [-0.7478963732719421, -0.6121343374252319, -0.25679248571395874, 1.3841195106506348], [0.0, 0.0, 0.0, 1.0]]}, "finger5joint2": {"matrix": [[0.5396214127540588, -0.5628242492675781, -0.6261287331581116, -1.6330329179763794], [0.806323766708374, 0.13156689703464508, 0.5766554474830627, -0.6028172969818115], [-0.2421778440475464, -0.816038191318512, 0.5248152017593384, 0.7375390529632568], [0.0, 0.0, 0.0, 1.0]]}, "finger5joint3": {"matrix": [[0.5183711051940918, -0.486768513917923, -0.7030984163284302, -2.0198817253112793], [0.7821093201637268, -0.06263262778520584, 0.619985044002533, -0.5123867392539978], [-0.34582608938217163, -0.8712823987007141, 0.348239541053772, 0.1766473799943924], [0.0, 0.0, 0.0, 1.0]]}, "Bone": {"matrix": [[0.5045123100280762, -0.1661195456981659, 0.8472729921340942, -1.0781264305114746], [-0.8269914984703064, -0.3749532103538513, 0.4189208745956421, -0.04273861646652222], [0.2480967491865158, -0.9120385646820068, -0.3265479505062103, 0.770794153213501], [0.0, 0.0, 0.0, 1.0]]}, "finger1joint1": {"matrix": [[0.5988709330558777, -0.8002439141273499, 0.03103458136320114, -1.2163690328598022], [-0.5293647646903992, -0.3664819300174713, 0.7651557922363281, -0.35477006435394287], [-0.6009379029273987, -0.47465839982032776, -0.6430963277816772, 0.011806905269622803], [0.0, 0.0, 0.0, 1.0]]}, "finger1joint2": {"matrix": [[0.5768707990646362, -0.7947953343391418, -0.18846864998340607, -1.668649673461914], [-0.7297501564025879, -0.6051273345947266, 0.31825336813926697, -0.5618976354598999], [-0.3669939637184143, -0.04605613648891449, -0.929082453250885, -0.2564597427845001], [0.0, 0.0, 0.0, 1.0]]}, "finger1joint3": {"matrix": [[0.5835864543914795, -0.591922402381897, -0.5559268593788147, -2.0093650817871094], [-0.6710737347602844, -0.737030029296875, 0.08028948307037354, -0.8213058710098267], [-0.4572601318359375, 0.32621198892593384, -0.8273444771766663, -0.2762032449245453], [0.0, 0.0, 0.0, 1.0]]}, "Bone.001": {"matrix": [[0.5147320032119751, -0.03870411589741707, 0.8564769625663757, -1.0781264305114746], [-0.8495455980300903, 0.1114664152264595, 0.5156035423278809, -0.04273860156536102], [-0.11542448401451111, -0.9930140972137451, 0.024494484066963196, 0.770794153213501], [0.0, 0.0, 0.0, 1.0]]}, "finger2joint1": {"matrix": [[0.11414839327335358, -0.404508501291275, 0.9073824286460876, -1.1026602983474731], [-0.5201707482337952, 0.7538117170333862, 0.40148448944091797, 0.02791804075241089], [-0.8463996052742004, -0.5178226828575134, -0.12436708807945251, 0.14133873581886292], [0.0, 0.0, 0.0, 1.0]]}, "finger2joint2": {"matrix": [[-0.007243776693940163, -0.9544013738632202, 0.2984381318092346, -1.452620506286621], [-0.48473823070526123, 0.26438766717910767, 0.8337430357933044, 0.6800775527954102], [-0.8746291995048523, -0.138624906539917, -0.4645500183105469, -0.30665501952171326], [0.0, 0.0, 0.0, 1.0]]}, "finger2joint3": {"matrix": [[-0.14330045878887177, -0.7762722969055176, -0.6138941645622253, -1.8149267435073853], [-0.5237600803375244, -0.46682611107826233, 0.7125644683837891, 0.7804434299468994], [-0.8397262096405029, 0.42364415526390076, -0.33968406915664673, -0.3592792749404907], [0.0, 0.0, 0.0, 1.0]]}, "Bone.002": {"matrix": [[0.3284163773059845, -0.2842957675457001, 0.9007322192192078, -1.0781264305114746], [-0.5392128825187683, 0.726529598236084, 0.42591536045074463, -0.04273861646652222], [-0.7754947543144226, -0.62556391954422, 0.08530833572149277, 0.7707940936088562], [0.0, 0.0, 0.0, 1.0]]}, "finger3joint1": {"matrix": [[0.47968974709510803, -0.22845155000686646, 0.8471762537956238, -1.1979598999023438], [-0.8258585929870605, 0.20860381424427032, 0.5238718390464783, 0.2635008692741394], [-0.29640382528305054, -0.9509438276290894, -0.08860351145267487, 0.5071126222610474], [0.0, 0.0, 0.0, 1.0]]}, "finger3joint2": {"matrix": [[0.40430155396461487, -0.9004141092300415, -0.16060718894004822, -1.3983533382415771], [-0.802176833152771, -0.4334408640861511, 0.41065919399261475, 0.4464843273162842], [-0.4393773376941681, -0.03719475865364075, -0.8975322246551514, -0.3270377218723297], [0.0, 0.0, 0.0, 1.0]]}, "finger3joint3": {"matrix": [[0.38037389516830444, -0.655541181564331, -0.652366042137146, -1.9809937477111816], [-0.8803138136863708, -0.4728570580482483, -0.03812466934323311, 0.16601328551769257], [-0.2834838330745697, 0.5887885093688965, -0.756944477558136, -0.3511057496070862], [0.0, 0.0, 0.0, 1.0]]}, "Bone.003": {"matrix": [[0.557884931564331, 0.08040736615657806, 0.82601398229599, -1.0781264305114746], [0.24299706518650055, 0.9358503818511963, -0.2552179992198944, -0.04273861646652222], [-0.7935468554496765, 0.3431014120578766, 0.5025581121444702, 0.7707940936088562], [0.0, 0.0, 0.0, 1.0]]}, "finger4joint1": {"matrix": [[0.24183081090450287, -0.4626288414001465, 0.852931559085846, -1.043662190437317], [-0.6468525528907776, 0.5783419609069824, 0.4970933198928833, 0.35838502645492554], [-0.7232561111450195, -0.6719334721565247, -0.15939170122146606, 0.9178540706634521], [0.0, 0.0, 0.0, 1.0]]}, "finger4joint2": {"matrix": [[0.24758747220039368, -0.7658674716949463, 0.5934199690818787, -1.5032188892364502], [-0.6237055063247681, 0.34270980954170227, 0.7025245428085327, 0.9328863024711609], [-0.7414118051528931, -0.5440555810928345, -0.3928251266479492, 0.2503829002380371], [0.0, 0.0, 0.0, 1.0]]}, "finger4joint3": {"matrix": [[0.301686555147171, -0.8801937699317932, 0.36639320850372314, -1.8226336240768433], [-0.6602450013160706, 0.08435770869255066, 0.746297299861908, 1.0758178234100342], [-0.68779456615448, -0.46705716848373413, -0.5556939840316772, 0.02347750961780548], [0.0, 0.0, 0.0, 1.0]]}}