{"root": {"matrix": [[0.5096321702003479, -0.8567380905151367, -0.07921428978443146, -5.960464477539063e-08], [0.8563023209571838, 0.5140217542648315, -0.050278957933187485, 0.0], [0.08379382640123367, -0.042207568883895874, 0.9955888390541077, 0.0], [0.0, 0.0, 0.0, 1.0]]}, "carpals": {"matrix": [[0.7828665971755981, -0.2179013192653656, -0.5827853083610535, 0.32283639907836914], [-0.07074650377035141, -0.9617686867713928, 0.2645668089389801, 2.445291042327881], [-0.6181542873382568, -0.16589044034481049, -0.7683523893356323, 0.03625372052192688], [0.0, 0.0, 0.0, 1.0]]}, "metacarpals": {"matrix": [[0.384147047996521, -0.903355598449707, 0.19073422253131866, 0.11060178279876709], [-0.9218621253967285, -0.3866978883743286, 0.02519145794212818, 1.5085339546203613], [0.05099969729781151, -0.18550778925418854, -0.9813183546066284, -0.12532258033752441], [0.0, 0.0, 0.0, 1.0]]}, "finger5joint1": {"matrix": [[-0.05001134052872658, -0.9072431921958923, 0.4176223576068878, -0.5507820844650269], [-0.9979698657989502, 0.06190148741006851, 0.014965146780014038, 1.4392495155334473], [-0.03942840173840523, -0.4160260856151581, -0.9084973931312561, 0.1635476052761078], [0.0, 0.0, 0.0, 1.0]]}, "finger5joint2": {"matrix": [[0.7164995670318604, -0.6447357535362244, -0.26635226607322693, -1.509078025817871], [0.1478801965713501, -0.23275922238826752, 0.9612252712249756, 1.5046343803405762], [-0.681732714176178, -0.7281058430671692, -0.07142830640077591, -0.27588915824890137], [0.0, 0.0, 0.0, 1.0]]}, "finger5joint3": {"matrix": [[0.6667532920837402, -0.5578567385673523, -0.4942016303539276, -1.9522275924682617], [0.0723603367805481, -0.6115206480026245, 0.7879123687744141, 1.3446507453918457], [-0.7417570948600769, -0.5611038208007812, -0.36736682057380676, -0.7763419151306152], [0.0, 0.0, 0.0, 1.0]]}, "Bone": {"matrix": [[0.9324439764022827, 0.19307352602481842, 0.30540233850479126, -1.2997870445251465], [0.23613029718399048, -0.9654039740562439, -0.11062256991863251, 0.9047911763191223], [0.273478239774704, 0.1752641648054123, -0.9457758069038391, -0.41495174169540405], [0.0, 0.0, 0.0, 1.0]]}, "finger1joint1": {"matrix": [[0.5790230631828308, -0.7797377109527588, 0.23820388317108154, -1.1391136646270752], [-0.8144689202308655, -0.566463053226471, 0.1255377233028412, 0.1013939380645752], [0.03704718127846718, -0.2666987478733063, -0.9630675315856934, -0.26909905672073364], [0.0, 0.0, 0.0, 1.0]]}, "finger1joint2": {"matrix": [[0.49448496103286743, -0.8634268641471863, 0.09989224374294281, -1.579804539680481], [-0.8025232553482056, -0.49767446517944336, -0.3290538191795349, -0.2187587171792984], [0.33382779359817505, 0.08254653215408325, -0.9390127658843994, -0.41983139514923096], [0.0, 0.0, 0.0, 1.0]]}, "finger1joint3": {"matrix": [[0.5334010124206543, -0.7205992341041565, -0.4429672062397003, -1.9499412775039673], [-0.8129202723503113, -0.29198798537254333, -0.5038884282112122, -0.43210354447364807], [0.23376056551933289, 0.6288717985153198, -0.7415363192558289, -0.38444507122039795], [0.0, 0.0, 0.0, 1.0]]}, "Bone.001": {"matrix": [[0.9718778729438782, -0.06257225573062897, 0.2270193248987198, -1.2997870445251465], [-0.11918893456459045, -0.9621539115905762, 0.2450581192970276, 0.9047912359237671], [0.20309361815452576, -0.26522475481033325, -0.9425542950630188, -0.41495174169540405], [0.0, 0.0, 0.0, 1.0]]}, "finger2joint1": {"matrix": [[0.8758366703987122, -0.4162774980068207, 0.24417798221111298, -1.3394505977630615], [-0.4739239513874054, -0.8374143838882446, 0.2722734808921814, 0.2948976755142212], [0.09113674610853195, -0.35418885946273804, -0.9307223558425903, -0.5830733776092529], [0.0, 0.0, 0.0, 1.0]]}, "finger2joint2": {"matrix": [[0.8082749843597412, -0.532511830329895, 0.25124189257621765, -1.6995925903320312], [-0.5708360075950623, -0.8133005499839783, 0.11264108866453171, -0.42959052324295044], [0.14435242116451263, -0.23446282744407654, -0.9613476991653442, -0.8894994258880615], [0.0, 0.0, 0.0, 1.0]]}, "finger2joint3": {"matrix": [[0.7161591649055481, -0.6772507429122925, 0.1686628758907318, -1.9017428159713745], [-0.668118417263031, -0.7351245284080505, -0.11493118852376938, -0.7383328676223755], [0.20182543992996216, -0.030377639457583427, -0.9789501428604126, -0.9785054326057434], [0.0, 0.0, 0.0, 1.0]]}, "Bone.002": {"matrix": [[0.6492888927459717, -0.6902486085891724, 0.31934407353401184, -1.2997870445251465], [-0.7601453065872192, -0.5754143595695496, 0.30178987979888916, 0.9047912359237671], [-0.024554934352636337, -0.43869662284851074, -0.8982996344566345, -0.41495171189308167], [0.0, 0.0, 0.0, 1.0]]}, "finger3joint1": {"matrix": [[0.8032388687133789, -0.4122495949268341, 0.4299505650997162, -1.5907337665557861], [-0.5584430694580078, -0.7723156809806824, 0.3027699887752533, 0.6622483134269714], [0.20724071562290192, -0.4832994341850281, -0.8505720496177673, -0.5998667478561401], [0.0, 0.0, 0.0, 1.0]]}, "finger3joint2": {"matrix": [[0.7106564044952393, -0.3965472877025604, -0.5811347365379333, -1.9523513317108154], [-0.6848576068878174, -0.200834259390831, -0.7004536986351013, -0.01521274447441101], [0.1610512137413025, 0.8957766890525818, -0.4143025577068329, -1.0238080024719238], [0.0, 0.0, 0.0, 1.0]]}, "finger3joint3": {"matrix": [[0.7776997685432434, 0.04503895342350006, -0.6270202398300171, -2.208949327468872], [-0.5664219260215759, 0.4828394055366516, -0.6678562760353088, -0.14516863226890564], [0.2726705074310303, 0.8745498657226562, 0.40101543068885803, -0.44416865706443787], [0.0, 0.0, 0.0, 1.0]]}, "Bone.003": {"matrix": [[0.2503259778022766, -0.6288825273513794, 0.7361003160476685, -1.2997870445251465], [-0.6409720778465271, 0.4621679186820984, 0.6128257513046265, 0.9047912359237671], [-0.7255973815917969, -0.6252259612083435, -0.2874037027359009, -0.41495177149772644], [0.0, 0.0, 0.0, 1.0]]}, "finger4joint1": {"matrix": [[-0.07475494593381882, -0.9930593371391296, 0.09079939872026443, -1.569338321685791], [-0.9971974492073059, 0.07471006363630295, -0.003899534232914448, 1.1028854846954346], [-0.0029110286850482225, -0.09083627909421921, -0.9958614110946655, -0.6829357743263245], [0.0, 0.0, 0.0, 1.0]]}, "finger4joint2": {"matrix": [[-0.09573205560445786, 0.13444553315639496, -0.9862856864929199, -2.555802583694458], [-0.9951120615005493, -0.037037450820207596, 0.09154018014669418, 1.1770992279052734], [-0.024222208186984062, 0.9902284145355225, 0.13733422756195068, -0.7731687426567078], [0.0, 0.0, 0.0, 1.0]]}, "finger4joint3": {"matrix": [[-0.09213835000991821, 0.8482049107551575, -0.521592378616333, -2.4997305870056152], [-0.9898214936256409, -0.13507480919361115, -0.04480592533946037, 1.1616524457931519], [-0.1084584891796112, 0.5121550559997559, 0.8520174026489258, -0.3601812720298767], [0.0, 0.0, 0.0, 1.0]]}}