{"root": {"matrix": [[0.42245063185691833, -0.6641477942466736, -0.6168007254600525, -5.960464477539063e-08], [-0.796249270439148, 0.05318722501397133, -0.6026260852813721, 0.0], [0.4330386519432068, 0.7457069158554077, -0.50635826587677, 0.0], [0.0, 0.0, 0.0, 1.0]]}, "carpals": {"matrix": [[0.7782096862792969, -0.5589818358421326, -0.2862321734428406, 0.3746270537376404], [0.5674425959587097, 0.4305998682975769, 0.7018491625785828, -1.6808854341506958], [-0.2690693438053131, -0.7086062431335449, 0.6522873044013977, 1.766143798828125], [0.0, 0.0, 0.0, 1.0]]}, "metacarpals": {"matrix": [[0.39598962664604187, -0.7904642820358276, 0.4672883152961731, -0.16981792449951172], [0.04987959563732147, 0.5266525149345398, 0.8486157655715942, -1.2614837884902954], [-0.9168991446495056, -0.3127349019050598, 0.2479771077632904, 1.075965404510498], [0.0, 0.0, 0.0, 1.0]]}, "finger5joint1": {"matrix": [[0.13171085715293884, -0.9896224737167358, 0.057440921664237976, -0.8826214075088501], [0.26901689171791077, 0.09145484864711761, 0.9587833285331726, -1.318784475326538], [-0.95408695936203, -0.11082958430051804, 0.278270959854126, 0.9563718438148499], [0.0, 0.0, 0.0, 1.0]]}, "finger5joint2": {"matrix": [[0.016085714101791382, -0.4191233515739441, -0.90778648853302, -1.9279323816299438], [0.9849053621292114, 0.16313286125659943, -0.05786602944135666, -1.2221832275390625], [0.17234301567077637, -0.893153190612793, 0.4154212176799774, 0.839305579662323], [0.0, 0.0, 0.0, 1.0]]}, "finger5joint3": {"matrix": [[0.026840979233384132, -0.013167107477784157, -0.9995527267456055, -2.216010332107544], [0.9975188374519348, 0.06544698029756546, 0.025924118235707283, -1.1100564002990723], [0.06507652252912521, -0.9977689981460571, 0.014891242608428001, 0.2254100739955902], [0.0, 0.0, 0.0, 1.0]]}, "Bone": {"matrix": [[0.7997574210166931, 0.17927557229995728, 0.5729294419288635, -1.4039520025253296], [-0.5824865698814392, 0.0008271337137557566, 0.8128396272659302, -0.4392330050468445], [0.1452483981847763, -0.9837985038757324, 0.10508722811937332, 0.5876994729042053], [0.0, 0.0, 0.0, 1.0]]}, "finger1joint1": {"matrix": [[0.6575258374214172, -0.5786691904067993, 0.48249518871307373, -1.2547610998153687], [-0.06210019811987877, 0.5965928435325623, 0.8001375198364258, -0.4385446608066559], [-0.7508683204650879, -0.5560742020606995, 0.3563399314880371, -0.23100554943084717], [0.0, 0.0, 0.0, 1.0]]}, "finger1joint2": {"matrix": [[0.4908466339111328, -0.7398289442062378, 0.46013325452804565, -1.5818123817443848], [-0.3146789073944092, 0.34193676710128784, 0.885469377040863, -0.10136330127716064], [-0.812432587146759, -0.5794240236282349, -0.06496990472078323, -0.5452865958213806], [0.0, 0.0, 0.0, 1.0]]}, "finger1joint3": {"matrix": [[0.5617321133613586, -0.8253266215324402, 0.05738445743918419, -1.8989648818969727], [-0.23571860790252686, -0.09317560493946075, 0.9673441052436829, 0.04521936550736427], [-0.7930282354354858, -0.5569149851799011, -0.24688445031642914, -0.7936761379241943], [0.0, 0.0, 0.0, 1.0]]}, "Bone.001": {"matrix": [[0.874877393245697, 0.06340023130178452, 0.48017677664756775, -1.4039521217346191], [-0.44769287109375, 0.48416969180107117, 0.7517647743225098, -0.43923303484916687], [-0.18482501804828644, -0.8726738691329956, 0.4519731402397156, 0.5876994729042053], [0.0, 0.0, 0.0, 1.0]]}, "finger2joint1": {"matrix": [[0.8193468451499939, -0.5155182480812073, -0.25082144141197205, -1.363763689994812], [0.054148755967617035, -0.36596164107322693, 0.929053008556366, -0.13232573866844177], [-0.5707349181175232, -0.774798572063446, -0.2719348073005676, 0.03452569246292114], [0.0, 0.0, 0.0, 1.0]]}, "finger2joint2": {"matrix": [[0.7890291213989258, -0.5042833685874939, -0.3509005904197693, -1.809763789176941], [-0.06525655835866928, -0.6367313265800476, 0.7683191299438477, -0.4489370584487915], [-0.6108801364898682, -0.5833277106285095, -0.5353074073791504, -0.6357904076576233], [0.0, 0.0, 0.0, 1.0]]}, "finger2joint3": {"matrix": [[0.7541586756706238, -0.46656861901283264, -0.4621235132217407, -2.0011980533599854], [-0.20624609291553497, -0.8363895416259766, 0.5078528523445129, -0.6906507611274719], [-0.6234636306762695, -0.2876906096935272, -0.7269985675811768, -0.8572312593460083], [0.0, 0.0, 0.0, 1.0]]}, "Bone.002": {"matrix": [[0.6636266708374023, -0.5040339827537537, 0.5527651906013489, -1.4039520025253296], [0.004928381182253361, 0.7418572902679443, 0.670539379119873, -0.4392330050468445], [-0.7480476498603821, -0.44226351380348206, 0.49480053782463074, 0.5876994729042053], [0.0, 0.0, 0.0, 1.0]]}, "finger3joint1": {"matrix": [[0.6455207467079163, -0.0779154896736145, 0.759757936000824, -1.6164073944091797], [-0.26285144686698914, 0.9113464951515198, 0.3167905807495117, -0.1265326738357544], [-0.7170858979225159, -0.4041982889175415, 0.567812979221344, 0.40128093957901], [0.0, 0.0, 0.0, 1.0]]}, "finger3joint2": {"matrix": [[0.5951142311096191, -0.7122421264648438, -0.37222322821617126, -1.68475341796875], [-0.12752914428710938, -0.540999710559845, 0.8312973976135254, 0.6728836297988892], [-0.7934578657150269, -0.4472476840019226, -0.41278815269470215, 0.046725645661354065], [0.0, 0.0, 0.0, 1.0]]}, "finger3joint3": {"matrix": [[0.6131530404090881, -0.14941515028476715, -0.775705099105835, -2.1456313133239746], [-0.2921893298625946, -0.9552062153816223, -0.04696983844041824, 0.32281336188316345], [-0.7339405417442322, 0.2554522752761841, -0.6293451189994812, -0.24267953634262085], [0.0, 0.0, 0.0, 1.0]]}, "Bone.003": {"matrix": [[0.4813297688961029, -0.44038888812065125, 0.7578781843185425, -1.4039521217346191], [0.7458226680755615, 0.6600160598754883, -0.09015017002820969, -0.4392330050468445], [-0.4605105221271515, 0.6086348295211792, 0.6461374759674072, 0.5876994132995605], [0.0, 0.0, 0.0, 1.0]]}, "finger4joint1": {"matrix": [[0.6214486956596375, -0.15131746232509613, 0.768703043460846, -1.592711329460144], [-0.2823556959629059, 0.8719767928123474, 0.39991387724876404, -0.15633732080459595], [-0.7308054566383362, -0.46557357907295227, 0.4991636574268341, 0.8485721349716187], [0.0, 0.0, 0.0, 1.0]]}, "finger4joint2": {"matrix": [[0.6325445175170898, -0.466372549533844, 0.6183719038963318, -1.7430238723754883], [-0.25451797246932983, 0.6288886070251465, 0.7346557974815369, 0.7098486423492432], [-0.7315105199813843, -0.6220892667770386, 0.27910009026527405, 0.3860904574394226], [0.0, 0.0, 0.0, 1.0]]}, "finger4joint3": {"matrix": [[0.6600091457366943, -0.5868113040924072, 0.46908441185951233, -1.937530517578125], [-0.3166337311267853, 0.34894636273384094, 0.8820310831069946, 0.9721348285675049], [-0.6812713146209717, -0.7306766510009766, 0.044503722339868546, 0.12664008140563965], [0.0, 0.0, 0.0, 1.0]]}}