{"root": {"matrix": [[0.3254568874835968, -0.6988624334335327, 0.6369215846061707, -5.960464477539063e-08], [0.9296214580535889, 0.35963597893714905, -0.08041120320558548, 0.0], [-0.17286346852779388, 0.6182663440704346, 0.7667235136032104, 0.0], [0.0, 0.0, 0.0, 1.0]]}, "carpals": {"matrix": [[-0.9010538458824158, -0.3090670108795166, -0.30426836013793945, -0.01965239644050598], [0.39641106128692627, -0.8715091347694397, -0.28866901993751526, 2.4633727073669434], [-0.1759546399116516, -0.3807217478752136, 0.9077944755554199, 0.1280430108308792], [0.0, 0.0, 0.0, 1.0]]}, "metacarpals": {"matrix": [[-0.6926114559173584, -0.546850860118866, 0.470365047454834, -0.3206818103790283], [0.36241915822029114, -0.8276397585868835, -0.42856085300445557, 1.6145278215408325], [0.6236518025398254, -0.12635686993598938, 0.7714222073554993, -0.24277766048908234], [0.0, 0.0, 0.0, 1.0]]}, "finger5joint1": {"matrix": [[-0.5773833990097046, -0.6120020151138306, 0.5404458045959473, -0.7047163248062134], [0.5040749907493591, -0.7879095673561096, -0.3537041246891022, 1.2549231052398682], [0.6422901749610901, 0.06820231676101685, 0.7634209990501404, -0.7416531443595886], [0.0, 0.0, 0.0, 1.0]]}, "finger5joint2": {"matrix": [[0.6266409158706665, -0.755946934223175, 0.18937979638576508, -1.3511570692062378], [-0.29390081763267517, -0.45430728793144226, -0.8409676551818848, 0.42267608642578125], [0.7217639088630676, 0.47132599353790283, -0.5068612098693848, -0.6696128845214844], [0.0, 0.0, 0.0, 1.0]]}, "finger5joint3": {"matrix": [[0.5419518351554871, -0.8380917310714722, 0.06236801669001579, -1.8707457780838013], [-0.2882828414440155, -0.25509974360466003, -0.9229390621185303, 0.11041472852230072], [0.7894179821014404, 0.48220908641815186, -0.37985947728157043, -0.34565407037734985], [0.0, 0.0, 0.0, 1.0]]}, "Bone": {"matrix": [[0.39154210686683655, -0.8399718999862671, 0.3756884038448334, -1.1744678020477295], [0.9069302678108215, 0.28329694271087646, -0.31180116534233093, 0.3223523497581482], [0.15547285974025726, 0.4628065526485443, 0.8727188110351562, -0.44005581736564636], [0.0, 0.0, 0.0, 1.0]]}, "finger1joint1": {"matrix": [[-0.5769716501235962, -0.7290984988212585, -0.36812901496887207, -1.873482346534729], [0.485114723443985, 0.0566946379840374, -0.8726104497909546, 0.5581086277961731], [0.6570900082588196, -0.6820564270019531, 0.3209853172302246, -0.05491393804550171], [0.0, 0.0, 0.0, 1.0]]}, "finger1joint2": {"matrix": [[-0.4227975010871887, -0.01101758610457182, -0.9061571359634399, -2.285552740097046], [0.726521372795105, 0.593559205532074, -0.3461991250514984, 0.5901511907577515], [0.5416722893714905, -0.8047147989273071, -0.24295087158679962, -0.4403974115848541], [0.0, 0.0, 0.0, 1.0]]}, "finger1joint3": {"matrix": [[-0.5117027163505554, 0.3437504470348358, -0.7873981595039368, -2.290275812149048], [0.6654579639434814, 0.7382618188858032, -0.11015848815441132, 0.8446002006530762], [0.5434390902519226, -0.5803488492965698, -0.6065221428871155, -0.7853654026985168], [0.0, 0.0, 0.0, 1.0]]}, "Bone.001": {"matrix": [[0.1256854385137558, -0.7441832423210144, 0.6560443639755249, -1.174467921257019], [0.9058015942573547, -0.18363429605960846, -0.38183966279029846, 0.3223523795604706], [0.40463095903396606, 0.6422378420829773, 0.6510023474693298, -0.44005581736564636], [0.0, 0.0, 0.0, 1.0]]}, "finger2joint1": {"matrix": [[-0.6292493939399719, -0.28209319710731506, 0.7242018580436707, -1.6461933851242065], [0.47210773825645447, -0.8789259195327759, 0.06784621626138687, 0.20594966411590576], [0.6173809170722961, 0.3845936059951782, 0.6862421631813049, -0.03295174241065979], [0.0, 0.0, 0.0, 1.0]]}, "finger2joint2": {"matrix": [[-0.7164030075073242, -0.616743266582489, 0.3261813521385193, -1.8902461528778076], [0.3823922872543335, -0.7381388545036316, -0.5558117032051086, -0.5544521808624268], [0.5835604667663574, -0.27345600724220276, 0.7646429538726807, 0.2997789978981018], [0.0, 0.0, 0.0, 1.0]]}, "finger2joint3": {"matrix": [[-0.8086743950843811, -0.1768948882818222, -0.5610290169715881, -2.1243720054626465], [0.34332966804504395, 0.6325013637542725, -0.6943098902702332, -0.8346618413925171], [0.47767162322998047, -0.754088819026947, -0.4507545530796051, 0.19597062468528748], [0.0, 0.0, 0.0, 1.0]]}, "Bone.002": {"matrix": [[-0.43914157152175903, -0.5416696071624756, 0.7167625427246094, -1.174467921257019], [0.5271037220954895, -0.8014030456542969, -0.2826915979385376, 0.3223523795604706], [0.7275412678718567, 0.25366663932800293, 0.6374456286430359, -0.44005584716796875], [0.0, 0.0, 0.0, 1.0]]}, "finger3joint1": {"matrix": [[-0.5526270866394043, -0.08411534130573273, 0.8291729092597961, -1.4027869701385498], [0.599186360836029, -0.7316203713417053, 0.32512620091438293, -0.015447020530700684], [0.5792919397354126, 0.6765027642250061, 0.4547140896320343, -0.3331327736377716], [0.0, 0.0, 0.0, 1.0]]}, "finger3joint2": {"matrix": [[-0.590719997882843, -0.7836161851882935, 0.19234181940555573, -1.4765715599060059], [0.4628933370113373, -0.52436763048172, -0.7146803736686707, -0.6572109460830688], [0.6608930826187134, -0.33314239978790283, 0.6724853515625, 0.2602829337120056], [0.0, 0.0, 0.0, 1.0]]}, "finger3joint3": {"matrix": [[-0.6527929902076721, -0.7296820282936096, -0.20353209972381592, -1.983634114265442], [0.5498905181884766, -0.27163663506507874, -0.7898313999176025, -0.9965189099311829], [0.5210391283035278, -0.6275169849395752, 0.5785677433013916, 0.04471305012702942], [0.0, 0.0, 0.0, 1.0]]}, "Bone.003": {"matrix": [[-0.1859368234872818, 0.44578397274017334, 0.8756163716316223, -1.174467921257019], [-0.21249434351921082, -0.888310968875885, 0.4071235656738281, 0.3223523795604706], [0.9593088626861572, -0.11036425083875656, 0.2598963975906372, -0.44005581736564636], [0.0, 0.0, 0.0, 1.0]]}, "finger4joint1": {"matrix": [[-0.6404332518577576, -0.6164742112159729, 0.4580441415309906, -0.9833962321281433], [0.43795841932296753, -0.7830726504325867, -0.4415757656097412, -0.05839496850967407], [0.630902111530304, -0.08219563961029053, 0.771496057510376, -0.4873601198196411], [0.0, 0.0, 0.0, 1.0]]}, "finger4joint2": {"matrix": [[-0.6454321146011353, -0.7552265524864197, 0.11423563212156296, -1.5957764387130737], [0.4112842381000519, -0.46965551376342773, -0.7811967730522156, -0.8362672328948975], [0.6436321139335632, -0.457226425409317, 0.613743782043457, -0.5690098404884338], [0.0, 0.0, 0.0, 1.0]]}, "finger4joint3": {"matrix": [[-0.582021176815033, -0.7921766638755798, -0.18359479308128357, -1.9107532501220703], [0.4602850377559662, -0.13481275737285614, -0.8774751424789429, -1.0321431159973145], [0.6703645586967468, -0.595215380191803, 0.44309112429618835, -0.7597019672393799], [0.0, 0.0, 0.0, 1.0]]}}