{"root": {"matrix": [[0.5880745053291321, -0.3639788329601288, 0.7222796082496643, -2.9802322387695312e-08], [0.3238612413406372, 0.9242706894874573, 0.2020830363035202, 5.960464477539063e-08], [-0.7411357760429382, 0.11507853865623474, 0.6614186763763428, 7.450580596923828e-09], [0.0, 0.0, 0.0, 1.0]]}, "carpals": {"matrix": [[-0.44266754388809204, -0.6166422367095947, -0.6509972810745239, 0.8924434185028076], [-0.06210517883300781, -0.7031760811805725, 0.7082980275154114, 1.6143754720687866], [-0.8945324420928955, 0.35397079586982727, 0.2729766368865967, -1.6377793550491333], [0.0, 0.0, 0.0, 1.0]]}, "metacarpals": {"matrix": [[-0.4203074872493744, -0.9070960879325867, -0.022756781429052353, 0.29183757305145264], [-0.07505624741315842, 0.009762235917150974, 0.9971314072608948, 0.9294862151145935], [-0.9042721390724182, 0.4208098351955414, -0.07218628376722336, -1.2930139303207397], [0.0, 0.0, 0.0, 1.0]]}, "finger5joint1": {"matrix": [[-0.0038663179147988558, -0.9671741724014282, -0.2540840804576874, -0.14270329475402832], [0.10865141451358795, -0.25298798084259033, 0.9613488912582397, 0.5380395650863647], [-0.9940723776817322, -0.023889869451522827, 0.10606308281421661, -0.8645068407058716], [0.0, 0.0, 0.0, 1.0]]}, "finger5joint2": {"matrix": [[-0.21838946640491486, -0.9758087396621704, 0.010123114101588726, -1.1643027067184448], [0.965741753578186, -0.21760310232639313, -0.14139042794704437, 0.270815372467041], [0.14017297327518463, -0.02110188826918602, 0.9899020195007324, -0.889741063117981], [0.0, 0.0, 0.0, 1.0]]}, "finger5joint3": {"matrix": [[-0.30875733494758606, -0.9311065077781677, -0.19418740272521973, -1.8350101709365845], [0.9475228190422058, -0.2833142578601837, -0.14809802174568176, 0.12124910950660706], [0.08287908881902695, -0.2297234982252121, 0.9697204828262329, -0.904245138168335], [0.0, 0.0, 0.0, 1.0]]}, "Bone": {"matrix": [[0.8299226760864258, -0.5562964081764221, -0.04197874665260315, -1.1243911981582642], [-0.10553240031003952, -0.230437770485878, 0.9673474431037903, 0.9447277188301086], [-0.5478054285049438, -0.7983938455581665, -0.24995280802249908, -0.6360129714012146], [0.0, 0.0, 0.0, 1.0]]}, "finger1joint1": {"matrix": [[-0.263544499874115, -0.7911966443061829, 0.5518621206283569, -1.587334394454956], [-0.021809972822666168, 0.5768279433250427, 0.8165742754936218, 0.7529603838920593], [-0.9644006490707397, 0.20316752791404724, -0.1692756712436676, -1.3004263639450073], [0.0, 0.0, 0.0, 1.0]]}, "finger1joint2": {"matrix": [[-0.4031720459461212, -0.7312338352203369, -0.5502263307571411, -2.034501314163208], [-0.2809188663959503, -0.47333529591560364, 0.8348881006240845, 1.078971028327942], [-0.8709403276443481, 0.4911724030971527, -0.014581837691366673, -1.1856006383895874], [0.0, 0.0, 0.0, 1.0]]}, "finger1joint3": {"matrix": [[-0.42972269654273987, 0.4672401249408722, -0.7726737856864929, -2.3479692935943604], [-0.17736759781837463, -0.8827186226844788, -0.43514180183410645, 0.876059889793396], [-0.885369598865509, -0.049943044781684875, 0.46219733357429504, -0.9750430583953857], [0.0, 0.0, 0.0, 1.0]]}, "Bone.001": {"matrix": [[0.5816844701766968, -0.7955141067504883, 0.1697058528661728, -1.1243911981582642], [-0.0624178908765316, 0.16436518728733063, 0.9844225645065308, 0.9447278380393982], [-0.8110159039497375, -0.5832162499427795, 0.045954495668411255, -0.6360130310058594], [0.0, 0.0, 0.0, 1.0]]}, "finger2joint1": {"matrix": [[-0.10209404677152634, -0.46711885929107666, -0.8782803416252136, -1.6286544799804688], [0.12739095091819763, -0.8817635774612427, 0.45416322350502014, 1.0489161014556885], [-0.9865840673446655, -0.06551776826381683, 0.14952950179576874, -1.0057042837142944], [0.0, 0.0, 0.0, 1.0]]}, "finger2joint2": {"matrix": [[-0.062315113842487335, -0.33300432562828064, -0.9408637285232544, -2.0327820777893066], [0.0046118926256895065, -0.9427818059921265, 0.333377867937088, 0.28605931997299194], [-0.9980458617210388, 0.01643519289791584, 0.06028525158762932, -1.0623868703842163], [0.0, 0.0, 0.0, 1.0]]}, "finger2joint3": {"matrix": [[-0.015778759494423866, -0.10280507057905197, -0.994576096534729, -2.159195899963379], [-0.13336001336574554, -0.9855964183807373, 0.10399267822504044, -0.07183611392974854], [-0.9909419417381287, 0.13427750766277313, 0.0018412633799016476, -1.056147813796997], [0.0, 0.0, 0.0, 1.0]]}, "Bone.002": {"matrix": [[-0.1404915601015091, -0.9498443007469177, 0.27938762307167053, -1.1243911981582642], [0.05438496544957161, 0.2743569314479828, 0.9600887298583984, 0.9447277784347534], [-0.9885870814323425, 0.15007878839969635, 0.013112559914588928, -0.6360129714012146], [0.0, 0.0, 0.0, 1.0]]}, "finger3joint1": {"matrix": [[-0.3210641145706177, -0.9239537119865417, -0.20791099965572357, -1.5247600078582764], [-0.07160452753305435, -0.1952226161956787, 0.9781414866447449, 1.060371994972229], [-0.9443467855453491, 0.328933447599411, -0.0034802176523953676, -0.5727533102035522], [0.0, 0.0, 0.0, 1.0]]}, "finger3joint2": {"matrix": [[-0.45481252670288086, -0.1069415882229805, -0.8841429352760315, -2.335235357284546], [-0.1394631564617157, -0.97196364402771, 0.18930545449256897, 0.8891263008117676], [-0.8795997500419617, 0.20940378308296204, 0.42714691162109375, -0.2842189073562622], [0.0, 0.0, 0.0, 1.0]]}, "finger3joint3": {"matrix": [[-0.3043919801712036, 0.6458385586738586, -0.7001696825027466, -2.4044349193573], [-0.21736034750938416, -0.7627514600753784, -0.6090686917304993, 0.2601877748966217], [-0.9274158477783203, -0.033206507563591, 0.37255507707595825, -0.14871788024902344], [0.0, 0.0, 0.0, 1.0]]}, "Bone.003": {"matrix": [[-0.4319509267807007, -0.17590084671974182, 0.8845772743225098, -1.1243913173675537], [0.694243848323822, 0.561227023601532, 0.4506102204322815, 0.9447277784347534], [-0.5757114887237549, 0.8087540864944458, -0.12030433863401413, -0.6360130310058594], [0.0, 0.0, 0.0, 1.0]]}, "finger4joint1": {"matrix": [[-0.15569354593753815, -0.7743940353393555, 0.6132476925849915, -1.1997857093811035], [-0.17762760818004608, 0.6326470375061035, 0.753794252872467, 1.185280680656433], [-0.9717035889625549, 0.008431154303252697, -0.23605278134346008, -0.289365291595459], [0.0, 0.0, 0.0, 1.0]]}, "finger4joint2": {"matrix": [[-0.16153323650360107, -0.6086270213127136, -0.7768393754959106, -1.9690370559692383], [-0.14848963916301727, -0.7632258534431458, 0.6288376450538635, 1.8137261867523193], [-0.9756318926811218, 0.21693076193332672, 0.032911501824855804, -0.2809900939464569], [0.0, 0.0, 0.0, 1.0]]}, "finger4joint3": {"matrix": [[-0.0990000069141388, 0.14151126146316528, -0.9849735498428345, -2.222872734069824], [-0.09371492266654968, -0.9867628812789917, -0.13234902918338776, 1.495413064956665], [-0.990664541721344, 0.07920415699481964, 0.11095119267702103, -0.19051632285118103], [0.0, 0.0, 0.0, 1.0]]}}