{"root": {"matrix": [[0.33964744210243225, -0.8306162357330322, -0.44126665592193604, 0.0], [-0.7007489204406738, 0.0894642025232315, -0.7077761292457581, 0.0], [0.6273679137229919, 0.549611508846283, -0.5516672134399414, 0.0], [0.0, 0.0, 0.0, 1.0]]}, "carpals": {"matrix": [[0.7049956321716309, -0.5339961051940918, -0.46672165393829346, 0.004693090915679932], [0.6571426391601562, 0.2443488985300064, 0.7130615711212158, -1.417583703994751], [-0.26672911643981934, -0.8094081282615662, 0.5231767296791077, 2.0187668800354004], [0.0, 0.0, 0.0, 1.0]]}, "metacarpals": {"matrix": [[0.4867684245109558, -0.7702068090438843, 0.41211384534835815, -0.5154157876968384], [0.05962759256362915, 0.4999755620956421, 0.8639841079711914, -1.1795893907546997], [-0.8714934587478638, -0.3959868550300598, 0.28929808735847473, 1.2304081916809082], [0.0, 0.0, 0.0, 1.0]]}, "finger5joint1": {"matrix": [[0.19425761699676514, -0.9806925058364868, -0.02249527908861637, -1.2098907232284546], [0.27728888392448425, 0.032900143414735794, 0.9602228999137878, -1.2601462602615356], [-0.9409434199333191, -0.19276830554008484, 0.27832645177841187, 1.0383398532867432], [0.0, 0.0, 0.0, 1.0]]}, "finger5joint2": {"matrix": [[-0.033260196447372437, -0.23654721677303314, -0.9710502624511719, -2.2457690238952637], [0.98321932554245, 0.166624054312706, -0.07426662743091583, -1.2253947257995605], [0.17936815321445465, -0.9572257995605469, 0.22703608870506287, 0.8347240686416626], [0.0, 0.0, 0.0, 1.0]]}, "finger5joint3": {"matrix": [[-0.0016868634847924113, 0.48532575368881226, -0.8743314146995544, -2.408356189727783], [0.9970716238021851, 0.06765914708375931, 0.03563259169459343, -1.1108680963516235], [0.07645014673471451, -0.8717114329338074, -0.4840187430381775, 0.17678920924663544], [0.0, 0.0, 0.0, 1.0]]}, "Bone": {"matrix": [[0.7985047698020935, 0.27978044748306274, 0.5330223441123962, -1.717922568321228], [-0.5560205578804016, 0.0034228223375976086, 0.8311612010002136, -0.3989887237548828], [0.230718195438385, -0.9600578546524048, 0.15829697251319885, 0.612162709236145], [0.0, 0.0, 0.0, 1.0]]}, "finger1joint1": {"matrix": [[0.7754883170127869, -0.6037513613700867, -0.18466722965240479, -1.4850927591323853], [0.016740046441555023, -0.272725373506546, 0.9619460701942444, -0.39614030718803406], [-0.631139874458313, -0.7490694522857666, -0.201388418674469, -0.18678560853004456], [0.0, 0.0, 0.0, 1.0]]}, "finger1joint2": {"matrix": [[0.8068084120750427, -0.5789619088172913, -0.11774211376905441, -1.8263200521469116], [-0.27147528529167175, -0.5402916669845581, 0.7964833974838257, -0.5502787828445435], [-0.5247487425804138, -0.6106456518173218, -0.5930856466293335, -0.6101434230804443], [0.0, 0.0, 0.0, 1.0]]}, "finger1joint3": {"matrix": [[0.8114307522773743, -0.4098701477050781, -0.41663721203804016, -2.0745112895965576], [-0.16941188275814056, -0.8472154140472412, 0.5035129189491272, -0.7818930149078369], [-0.5593565702438354, -0.33798274397850037, -0.756893515586853, -0.871917188167572], [0.0, 0.0, 0.0, 1.0]]}, "Bone.001": {"matrix": [[0.9030033946037292, 0.13782300055027008, 0.40692684054374695, -1.7179224491119385], [-0.4199451208114624, 0.4831477999687195, 0.768253743648529, -0.3989887237548828], [-0.09072279185056686, -0.8646228313446045, 0.4941624402999878, 0.612162709236145], [0.0, 0.0, 0.0, 1.0]]}, "finger2joint1": {"matrix": [[0.8281676769256592, -0.17788122594356537, 0.5315037965774536, -1.6305588483810425], [-0.21482613682746887, 0.7751340866088867, 0.5941518545150757, -0.09272927045822144], [-0.5176752805709839, -0.6062383055686951, 0.6037277579307556, 0.06409242749214172], [0.0, 0.0, 0.0, 1.0]]}, "finger2joint2": {"matrix": [[0.7560122013092041, -0.3309120535850525, 0.564750075340271, -1.7844525575637817], [-0.19783341884613037, 0.7069282531738281, 0.6790537238121033, 0.5778772234916687], [-0.6239450573921204, -0.6250993013381958, 0.4689810872077942, -0.4603939652442932], [0.0, 0.0, 0.0, 1.0]]}, "finger2joint3": {"matrix": [[0.659561812877655, -0.5458195209503174, 0.516777515411377, -1.9100722074508667], [-0.17532378435134888, 0.5568436980247498, 0.8119028210639954, 0.8462387323379517], [-0.7309169173240662, -0.6261035203933716, 0.2715778648853302, -0.6976919174194336], [0.0, 0.0, 0.0, 1.0]]}, "Bone.002": {"matrix": [[0.7368276715278625, -0.4788833260536194, 0.4772374927997589, -1.717922568321228], [0.02384166233241558, 0.7238542437553406, 0.6895406246185303, -0.3989887237548828], [-0.6756600141525269, -0.4966943860054016, 0.5447734594345093, 0.612162709236145], [0.0, 0.0, 0.0, 1.0]]}, "finger3joint1": {"matrix": [[0.812531054019928, 0.22095568478107452, 0.5394181609153748, -1.9197765588760376], [-0.5088569521903992, 0.7202702760696411, 0.4714604914188385, -0.0938768982887268], [-0.2843552231788635, -0.6575629115104675, 0.6976768970489502, 0.402800977230072], [0.0, 0.0, 0.0, 1.0]]}, "finger3joint2": {"matrix": [[0.815701961517334, -0.37371769547462463, 0.44154876470565796, -1.7259584665298462], [-0.4064657688140869, 0.17282959818840027, 0.8971706628799438, 0.5379308462142944], [-0.4116014838218689, -0.911298394203186, -0.01092587225139141, -0.1740010380744934], [0.0, 0.0, 0.0, 1.0]]}, "finger3joint3": {"matrix": [[0.7102721333503723, -0.6546061635017395, 0.2588517963886261, -1.9677836894989014], [-0.5424666404724121, -0.2746603190898895, 0.7939088940620422, 0.6497655510902405], [-0.4486015737056732, -0.7043099403381348, -0.55018550157547, -0.7636842727661133], [0.0, 0.0, 0.0, 1.0]]}, "Bone.003": {"matrix": [[0.5024769902229309, -0.5215297341346741, 0.6895822286605835, -1.717922568321228], [0.7594173550605774, 0.6474800705909729, -0.06367560476064682, -0.3989887237548828], [-0.4132818579673767, 0.5556764006614685, 0.721402645111084, 0.6121626496315002], [0.0, 0.0, 0.0, 1.0]]}, "finger4joint1": {"matrix": [[0.6830621957778931, 0.13257892429828644, 0.7182260751724243, -1.941460371017456], [-0.36936381459236145, 0.9110667109489441, 0.18310439586639404, -0.12146615982055664], [-0.6300763487815857, -0.3903582990169525, 0.6712852716445923, 0.8503364324569702], [0.0, 0.0, 0.0, 1.0]]}, "finger4joint2": {"matrix": [[0.6996634602546692, -0.3519129157066345, 0.6217942833900452, -1.809761881828308], [-0.34477755427360535, 0.5959481596946716, 0.7252403497695923, 0.7835500836372375], [-0.6257787942886353, -0.7218049168586731, 0.2956317663192749, 0.4625704288482666], [0.0, 0.0, 0.0, 1.0]]}, "finger4joint3": {"matrix": [[0.717323899269104, -0.5384784936904907, 0.44213923811912537, -1.9565316438674927], [-0.40369531512260437, 0.195994034409523, 0.8936530351638794, 1.0320980548858643], [-0.5678697824478149, -0.8195284605026245, -0.07678978890180588, 0.1615324318408966], [0.0, 0.0, 0.0, 1.0]]}}