{"root": {"matrix": [[0.35218891501426697, -0.8998640179634094, -0.2573086619377136, 0.0], [-0.2482272833585739, 0.17526942491531372, -0.9527139067649841, 0.0], [0.9024112820625305, 0.3994063436985016, -0.161642923951149, 0.0], [0.0, 0.0, 0.0, 1.0]]}, "carpals": {"matrix": [[0.7263311147689819, -0.48925164341926575, -0.4827791750431061, -0.055407196283340454], [0.49727413058280945, -0.11085712164640427, 0.8604817390441895, -0.28269287943840027], [-0.4745115339756012, -0.8650683760643005, 0.16277341544628143, 2.4498980045318604], [0.0, 0.0, 0.0, 1.0]]}, "metacarpals": {"matrix": [[0.5070217251777649, -0.694639265537262, 0.5102989673614502, -0.531935453414917], [-0.37034863233566284, 0.3590334951877594, 0.8567010164260864, -0.39066705107688904], [-0.7783127427101135, -0.6233544945716858, -0.07522077113389969, 1.6073265075683594], [0.0, 0.0, 0.0, 1.0]]}, "finger5joint1": {"matrix": [[0.5446302890777588, -0.5224353671073914, 0.6560785174369812, -1.2272300720214844], [-0.42073458433151245, 0.5065215229988098, 0.752607524394989, -0.4732131063938141], [-0.7255068421363831, -0.6859276294708252, 0.05606044828891754, 1.4191077947616577], [0.0, 0.0, 0.0, 1.0]]}, "finger5joint2": {"matrix": [[0.6751064658164978, -0.39510610699653625, -0.6229944229125977, -1.7790640592575073], [0.7222625613212585, 0.5259623527526855, 0.4491101801395416, 0.06181153655052185], [0.15022554993629456, -0.7531625032424927, 0.640451192855835, 0.6945813894271851], [0.0, 0.0, 0.0, 1.0]]}, "finger5joint3": {"matrix": [[0.6685429215431213, -0.3373872935771942, -0.6627365350723267, -2.0506343841552734], [0.7423840761184692, 0.35522666573524475, 0.5680487155914307, 0.4233238697052002], [0.043769389390945435, -0.8717699646949768, 0.4879555106163025, 0.17690645158290863], [0.0, 0.0, 0.0, 1.0]]}, "Bone": {"matrix": [[0.7189428806304932, 0.2964033782482147, 0.6287018060684204, -1.6164600849151611], [-0.4830806851387024, -0.4372672438621521, 0.7585710883140564, 0.16988398134708405], [0.4997536242008209, -0.8490832448005676, -0.1711832880973816, 0.6340972185134888], [0.0, 0.0, 0.0, 1.0]]}, "finger1joint1": {"matrix": [[0.7833712697029114, -0.5407505631446838, 0.3064606189727783, -1.3697969913482666], [-0.38040581345558167, -0.027186011895537376, 0.9244198203086853, -0.19400444626808167], [-0.4915493130683899, -0.8407434225082397, -0.22700119018554688, -0.07249945402145386], [0.0, 0.0, 0.0, 1.0]]}, "finger1joint2": {"matrix": [[0.6635279059410095, -0.6617597937583923, 0.34900516271591187, -1.6754173040390015], [-0.6431693434715271, -0.26625216007232666, 0.7179434299468994, -0.20936939120292664], [-0.3821829557418823, -0.7008450031280518, -0.6022891402244568, -0.5476693511009216], [0.0, 0.0, 0.0, 1.0]]}, "finger1joint3": {"matrix": [[0.7192903161048889, -0.6943640112876892, -0.021907933056354523, -1.9591031074523926], [-0.5569511651992798, -0.5952203273773193, 0.5792391896247864, -0.32350730895996094], [-0.41524314880371094, -0.4044395983219147, -0.814862847328186, -0.8481101989746094], [0.0, 0.0, 0.0, 1.0]]}, "Bone.001": {"matrix": [[0.8456287980079651, 0.2131347507238388, 0.4893723428249359, -1.6164600849151611], [-0.5094940662384033, 0.04894885793328285, 0.8590805530548096, 0.16988393664360046], [0.15914560854434967, -0.9757956862449646, 0.14998364448547363, 0.634097158908844], [0.0, 0.0, 0.0, 1.0]]}, "finger2joint1": {"matrix": [[0.7122451663017273, -0.6778810024261475, 0.1821645051240921, -1.4813575744628906], [-0.3983486592769623, -0.17667320370674133, 0.9000580906867981, 0.20091183483600616], [-0.5779488682746887, -0.7136270999908447, -0.3958674967288971, 0.0155562162399292], [0.0, 0.0, 0.0, 1.0]]}, "finger2joint2": {"matrix": [[0.628130316734314, -0.5192956328392029, -0.579468846321106, -2.0678255558013916], [-0.4941585063934326, -0.841480553150177, 0.21844348311424255, 0.048063188791275024], [-0.6010487675666809, 0.14913836121559143, -0.785173773765564, -0.6018375158309937], [0.0, 0.0, 0.0, 1.0]]}, "finger2joint3": {"matrix": [[0.6136710047721863, 0.12162385880947113, -0.7801379561424255, -2.2649588584899902], [-0.6049416065216064, -0.5625365972518921, -0.5635582208633423, -0.2713766396045685], [-0.5073984861373901, 0.8177772164344788, -0.2716371715068817, -0.5452221632003784], [0.0, 0.0, 0.0, 1.0]]}, "Bone.002": {"matrix": [[0.7469253540039062, -0.3759603798389435, 0.5484125018119812, -1.6164600849151611], [-0.34451261162757874, 0.4866180121898651, 0.8028161525726318, 0.16988392174243927], [-0.5686945915222168, -0.7885785698890686, 0.2339443564414978, 0.634097158908844], [0.0, 0.0, 0.0, 1.0]]}, "finger3joint1": {"matrix": [[0.7254893779754639, 0.22865700721740723, 0.6491387486457825, -1.7749311923980713], [-0.648129940032959, 0.5442521572113037, 0.5326509475708008, 0.3749982714653015], [-0.23150110244750977, -0.8071587085723877, 0.543048620223999, 0.3017033636569977], [0.0, 0.0, 0.0, 1.0]]}, "finger3joint2": {"matrix": [[0.7267830967903137, -0.5448073148727417, 0.4182957112789154, -1.5743576288223267], [-0.5740866661071777, -0.14746247231960297, 0.8054062724113464, 0.8524062633514404], [-0.37710854411125183, -0.8254935145378113, -0.41993966698646545, -0.40632134675979614], [0.0, 0.0, 0.0, 1.0]]}, "finger3joint3": {"matrix": [[0.6181524991989136, -0.7806444764137268, -0.0920964702963829, -1.9268914461135864], [-0.7079505324363708, -0.6038110852241516, 0.36635783314704895, 0.7569862008094788], [-0.3416043519973755, -0.16126535832881927, -0.9259048104286194, -0.940481960773468], [0.0, 0.0, 0.0, 1.0]]}, "Bone.003": {"matrix": [[0.6004707217216492, -0.4479008913040161, 0.6624346375465393, -1.6164600849151611], [0.4524635374546051, 0.8733515739440918, 0.18037091195583344, 0.16988396644592285], [-0.6593264937400818, 0.1914203017950058, 0.7270808815956116, 0.634097158908844], [0.0, 0.0, 0.0, 1.0]]}, "finger4joint1": {"matrix": [[0.5699459910392761, 0.22793856263160706, 0.7894335985183716, -1.8084391355514526], [-0.5380243062973022, 0.8296775221824646, 0.14887814223766327, 0.544219434261322], [-0.6210404634475708, -0.509586751461029, 0.5955078601837158, 0.7161436080932617], [0.0, 0.0, 0.0, 1.0]]}, "finger4joint2": {"matrix": [[0.5901590585708618, -0.7261370420455933, 0.3527563512325287, -1.5820144414901733], [-0.5158888697624207, -0.0031234663911163807, 0.8566495776176453, 1.3683871030807495], [-0.6209433674812317, -0.6875425577163696, -0.3764491379261017, 0.20994099974632263], [0.0, 0.0, 0.0, 1.0]]}, "finger4joint3": {"matrix": [[0.6432536840438843, -0.7218125462532043, -0.2553647756576538, -1.8848592042922974], [-0.5263199806213379, -0.6590907573699951, 0.5372022390365601, 1.3670843839645386], [-0.5560680627822876, -0.21115390956401825, -0.8038667440414429, -0.07680746912956238], [0.0, 0.0, 0.0, 1.0]]}}