{"root": {"matrix": [[0.3782478868961334, -0.857184648513794, -0.3495183289051056, 0.0], [-0.5685928463935852, 0.08281830698251724, -0.8184395432472229, 0.0], [0.7305002808570862, 0.508306622505188, -0.45606327056884766, 0.0], [0.0, 0.0, 0.0, 1.0]]}, "carpals": {"matrix": [[0.6176514625549316, -0.5706469416618347, -0.5411733388900757, 0.05566650629043579], [0.7215797901153564, 0.13752886652946472, 0.6785337328910828, -1.1127798557281494], [-0.3127761483192444, -0.8095972537994385, 0.49671241641044617, 2.200819730758667], [0.0, 0.0, 0.0, 1.0]]}, "metacarpals": {"matrix": [[0.5424379110336304, -0.7722871899604797, 0.33065611124038696, -0.5001401901245117], [0.13564327359199524, 0.46894246339797974, 0.8727505207061768, -0.9788274765014648], [-0.8290728330612183, -0.4285616874694824, 0.3591279685497284, 1.4122768640518188], [0.0, 0.0, 0.0, 1.0]]}, "finger5joint1": {"matrix": [[0.5767917633056641, -0.7497803568840027, 0.32425376772880554, -1.1720612049102783], [0.14866599440574646, 0.4866540729999542, 0.8608518242835999, -1.094038486480713], [-0.8032492995262146, -0.4483266770839691, 0.3921651244163513, 1.165450096130371], [0.0, 0.0, 0.0, 1.0]]}, "finger5joint2": {"matrix": [[0.3801279067993164, -0.29165154695510864, -0.8777481317520142, -1.9640333652496338], [0.784479022026062, 0.6043970584869385, 0.13891096413135529, -0.5799992084503174], [0.4899950623512268, -0.7413788437843323, 0.45854300260543823, 0.6918950080871582], [0.0, 0.0, 0.0, 1.0]]}, "finger5joint3": {"matrix": [[0.39898520708084106, -0.07707226276397705, -0.9137123227119446, -2.1644957065582275], [0.8286340832710266, 0.4570021331310272, 0.3232860267162323, -0.16457588970661163], [0.39265236258506775, -0.8861196637153625, 0.24620209634304047, 0.18231935799121857], [0.0, 0.0, 0.0, 1.0]]}, "Bone": {"matrix": [[0.816040575504303, 0.34659621119499207, 0.46254587173461914, -1.705894947052002], [-0.5144721865653992, 0.07083012163639069, 0.8545765280723572, -0.24667814373970032], [0.26343074440956116, -0.9353362917900085, 0.23611454665660858, 0.7431731224060059], [0.0, 0.0, 0.0, 1.0]]}, "finger1joint1": {"matrix": [[0.7937048673629761, -0.6064538955688477, -0.04739217087626457, -1.4174617528915405], [0.07491826266050339, 0.020139219239354134, 0.9969860911369324, -0.1877341866493225], [-0.6036717891693115, -0.7948634624481201, 0.061419274657964706, -0.035202234983444214], [0.0, 0.0, 0.0, 1.0]]}, "finger1joint2": {"matrix": [[0.7824159860610962, -0.6227182745933533, 0.006856018211692572, -1.7602163553237915], [-0.23259681463241577, -0.2819992005825043, 0.9307926297187805, -0.17635196447372437], [-0.5776883363723755, -0.7298619151115417, -0.3654828369617462, -0.4844418168067932], [0.0, 0.0, 0.0, 1.0]]}, "finger1joint3": {"matrix": [[0.8014039397239685, -0.5042725801467896, -0.32165324687957764, -2.027165651321411], [-0.1266336888074875, -0.6686287522315979, 0.7327340245246887, -0.29724037647247314], [-0.5845644474029541, -0.5464839935302734, -0.5996995568275452, -0.797321617603302], [0.0, 0.0, 0.0, 1.0]]}, "Bone.001": {"matrix": [[0.9336687922477722, 0.16586080193519592, 0.31741538643836975, -1.705894947052002], [-0.35558950901031494, 0.5348535180091858, 0.7664772272109985, -0.2466781586408615], [-0.04264224320650101, -0.8285055160522461, 0.5583546757698059, 0.7431731224060059], [0.0, 0.0, 0.0, 1.0]]}, "finger2joint1": {"matrix": [[0.9061366319656372, -0.1991051435470581, 0.37319329380989075, -1.60075843334198], [-0.1304885447025299, 0.7076697945594788, 0.6943888068199158, 0.09235674142837524], [-0.40235406160354614, -0.6779085993766785, 0.6152648329734802, 0.2179970145225525], [0.0, 0.0, 0.0, 1.0]]}, "finger2joint2": {"matrix": [[0.8460372090339661, -0.35235071182250977, 0.40008726716041565, -1.7730140686035156], [-0.12956784665584564, 0.5920619368553162, 0.7954083681106567, 0.7045965194702148], [-0.5171393156051636, -0.7247834801673889, 0.45525333285331726, -0.3684949278831482], [0.0, 0.0, 0.0, 1.0]]}, "finger2joint3": {"matrix": [[0.7608843445777893, -0.5530725717544556, 0.33936038613319397, -1.9067720174789429], [-0.13135510683059692, 0.38087695837020874, 0.9152475595474243, 0.9293529391288757], [-0.6354529857635498, -0.7409743666648865, 0.2171546220779419, -0.643634557723999], [0.0, 0.0, 0.0, 1.0]]}, "Bone.002": {"matrix": [[0.7797619700431824, -0.49045199155807495, 0.3891375660896301, -1.7058948278427124], [0.10604212433099747, 0.7160317897796631, 0.6899661421775818, -0.2466781586408615], [-0.6170302033424377, -0.4967442452907562, 0.6103430986404419, 0.7431731224060059], [0.0, 0.0, 0.0, 1.0]]}, "finger3joint1": {"matrix": [[0.9038665294647217, 0.12738068401813507, 0.4084109365940094, -1.9126253128051758], [-0.3859930634498596, 0.6544824242591858, 0.6501244306564331, 0.05513644218444824], [-0.18448473513126373, -0.7452694773674011, 0.6407329440116882, 0.5337904095649719], [0.0, 0.0, 0.0, 1.0]]}, "finger3joint2": {"matrix": [[0.896104633808136, -0.32829010486602783, 0.2987005412578583, -1.800889492034912], [-0.30257469415664673, 0.040521856397390366, 0.9522637724876404, 0.6292362809181213], [-0.32472291588783264, -0.9437072277069092, -0.06302030384540558, -0.11994624137878418], [0.0, 0.0, 0.0, 1.0]]}, "finger3joint3": {"matrix": [[0.8157051205635071, -0.5149137377738953, 0.26360762119293213, -2.013319492340088], [-0.45601388812065125, -0.292003870010376, 0.8407049179077148, 0.6554572582244873], [-0.355916291475296, -0.8059762120246887, -0.4729967415332794, -0.7306005358695984], [0.0, 0.0, 0.0, 1.0]]}, "Bone.003": {"matrix": [[0.4777640998363495, -0.6026788949966431, 0.6391553282737732, -1.7058948278427124], [0.8104984760284424, 0.5830511450767517, -0.05606519430875778, -0.2466781586408615], [-0.3388707637786865, 0.5448206067085266, 0.7670313119888306, 0.7431730628013611], [0.0, 0.0, 0.0, 1.0]]}, "finger4joint1": {"matrix": [[0.7888957262039185, 0.09855478256940842, 0.6065725684165955, -1.96421480178833], [-0.35052603483200073, 0.882901668548584, 0.31243494153022766, 0.003228902816772461], [-0.5047522187232971, -0.4590979218482971, 0.7310636043548584, 0.9766937494277954], [0.0, 0.0, 0.0, 1.0]]}, "finger4joint2": {"matrix": [[0.8025134205818176, -0.2859606444835663, 0.5236395597457886, -1.8663145303726196], [-0.3240964710712433, 0.5279402136802673, 0.7850096225738525, 0.880267322063446], [-0.5009324550628662, -0.7996905446052551, 0.33100056648254395, 0.5206447243690491], [0.0, 0.0, 0.0, 1.0]]}, "finger4joint3": {"matrix": [[0.8157603740692139, -0.4647870361804962, 0.344249427318573, -1.9855780601501465], [-0.37830913066864014, 0.021448662504553795, 0.9254304766654968, 1.1004514694213867], [-0.43751195073127747, -0.8851624727249146, -0.15833596885204315, 0.18712344765663147], [0.0, 0.0, 0.0, 1.0]]}}