{"root": {"matrix": [[0.3689994812011719, -0.41339001059532166, -0.8324350714683533, 0.0], [-0.8574868440628052, 0.19409294426441193, -0.4764915704727173, 0.0], [0.35854655504226685, 0.8896272778511047, -0.2828563451766968, -5.960464477539063e-08], [0.0, 0.0, 0.0, 1.0]]}, "carpals": {"matrix": [[0.6505433917045593, -0.7086435556411743, 0.273161917924881, 0.5234373807907104], [0.2738192677497864, 0.5543351769447327, 0.7859612703323364, -1.6956326961517334], [-0.7083896994590759, -0.43650496006011963, 0.5546595454216003, 1.713425874710083], [0.0, 0.0, 0.0, 1.0]]}, "metacarpals": {"matrix": [[0.04940308257937431, -0.5225939750671387, 0.8511490821838379, -0.16677719354629517], [-0.5501688122749329, 0.69700688123703, 0.4598861336708069, -1.155713438987732], [-0.8335906863212585, -0.49099549651145935, -0.2530806362628937, 1.2882726192474365], [0.0, 0.0, 0.0, 1.0]]}, "finger5joint1": {"matrix": [[0.38848015666007996, -0.8329543471336365, 0.39404329657554626, -0.8238090872764587], [-0.5447679758071899, 0.1372823417186737, 0.8272731900215149, -0.8505995273590088], [-0.7431762218475342, -0.5360414385795593, -0.40043532848358154, 1.2584521770477295], [0.0, 0.0, 0.0, 1.0]]}, "finger5joint2": {"matrix": [[0.33230453729629517, -0.5334970951080322, -0.777787983417511, -1.703635811805725], [0.7940240502357483, -0.2868119478225708, 0.5359702110290527, -0.7055920362472534], [-0.5090175271034241, -0.7956877946853638, 0.3283008933067322, 0.6922464370727539], [0.0, 0.0, 0.0, 1.0]]}, "finger5joint3": {"matrix": [[0.3233627676963806, -0.39084067940711975, -0.8617886304855347, -2.070327043533325], [0.7330640554428101, -0.47242435812950134, 0.48931756615638733, -0.9027280211448669], [-0.5983752012252808, -0.7899735569953918, 0.13374704122543335, 0.14534233510494232], [0.0, 0.0, 0.0, 1.0]]}, "Bone": {"matrix": [[0.4500746726989746, -0.17462772130966187, 0.8757498860359192, -0.9826915264129639], [-0.8099884986877441, -0.4927240014076233, 0.31802695989608765, -0.06749227643013], [0.3759666383266449, -0.8524835109710693, -0.363209068775177, 0.5216923356056213], [0.0, 0.0, 0.0, 1.0]]}, "finger1joint1": {"matrix": [[0.17792856693267822, -0.7994739413261414, 0.5737444758415222, -1.1280145645141602], [-0.6441820859909058, 0.34612542390823364, 0.6820748448371887, -0.4775311052799225], [-0.7438889145851135, -0.490956574678421, -0.4534211754798889, -0.18773391842842102], [0.0, 0.0, 0.0, 1.0]]}, "finger1joint2": {"matrix": [[0.010753126814961433, -0.9655936360359192, -0.25983312726020813, -1.5798598527908325], [-0.8280503153800964, -0.15426519513130188, 0.539012610912323, -0.2819085121154785], [-0.5605505704879761, 0.209358811378479, -0.8012189865112305, -0.4652119278907776], [0.0, 0.0, 0.0, 1.0]]}, "finger1joint3": {"matrix": [[0.019801242277026176, -0.5981640815734863, -0.8011289834976196, -1.9937939643859863], [-0.7629857659339905, -0.5268625020980835, 0.3745240867137909, -0.348039448261261], [-0.6461119055747986, 0.6038339138031006, -0.4668232202529907, -0.37546324729919434], [0.0, 0.0, 0.0, 1.0]]}, "Bone.001": {"matrix": [[0.46438756585121155, -0.016986185684800148, 0.8854690790176392, -0.9826914668083191], [-0.8854108452796936, -0.031237272545695305, 0.46375778317451477, -0.06749227643013], [0.019782105460762978, -0.9993675351142883, -0.02954590879380703, 0.5216923952102661], [0.0, 0.0, 0.0, 1.0]]}, "finger2joint1": {"matrix": [[0.09538035839796066, -0.7270130515098572, 0.6799665093421936, -0.9934587478637695], [-0.6427557468414307, 0.4766148030757904, 0.5997523069381714, -0.08729308843612671], [-0.760110080242157, -0.4942570626735687, -0.4218321740627289, -0.11179035902023315], [0.0, 0.0, 0.0, 1.0]]}, "finger2joint2": {"matrix": [[-0.03400275856256485, -0.9855385422706604, -0.16600406169891357, -1.6224334239959717], [-0.6496840715408325, -0.10441984981298447, 0.752998411655426, 0.3250496983528137], [-0.7594434022903442, 0.13345424830913544, -0.6367381811141968, -0.539396345615387], [0.0, 0.0, 0.0, 1.0]]}, "finger2joint3": {"matrix": [[-0.13184718787670135, -0.4193205237388611, -0.8982129096984863, -1.9965598583221436], [-0.7220396399497986, -0.5802083611488342, 0.3768506646156311, 0.28541022539138794], [-0.6791720986366272, 0.6982321739196777, -0.22626720368862152, -0.4887349009513855], [0.0, 0.0, 0.0, 1.0]]}, "Bone.002": {"matrix": [[0.3070243000984192, -0.23064438998699188, 0.9233304858207703, -0.9826914668083191], [-0.6636015772819519, 0.6435484886169434, 0.38141560554504395, -0.06749227643013], [-0.6821795701980591, -0.7298274636268616, 0.044529058039188385, 0.5216923952102661], [0.0, 0.0, 0.0, 1.0]]}, "finger3joint1": {"matrix": [[0.3279162347316742, -0.27290359139442444, 0.9044305086135864, -1.0799105167388916], [-0.8488536477088928, 0.33507052063941956, 0.4088703393936157, 0.20376983284950256], [-0.4146304726600647, -0.9018043279647827, -0.12178012728691101, 0.21406269073486328], [0.0, 0.0, 0.0, 1.0]]}, "finger3joint2": {"matrix": [[0.245303213596344, -0.840955913066864, 0.4823063910007477, -1.3192963600158691], [-0.8004066348075867, 0.10501033067703247, 0.5901879072189331, 0.49768751859664917], [-0.5469694137573242, -0.5308161973953247, -0.6473473310470581, -0.5769833326339722], [0.0, 0.0, 0.0, 1.0]]}, "finger3joint3": {"matrix": [[0.1186734288930893, -0.9748783707618713, 0.18849095702171326, -1.8634623289108276], [-0.8820465207099915, -0.016329288482666016, 0.4708789587020874, 0.5656376481056213], [-0.45597201585769653, -0.22213859856128693, -0.8618258833885193, -0.920464038848877], [0.0, 0.0, 0.0, 1.0]]}, "Bone.003": {"matrix": [[0.5833645462989807, 0.13137200474739075, 0.8015155792236328, -0.9826914072036743], [0.09332113713026047, 0.969455361366272, -0.2268196940422058, -0.06749227643013], [-0.8068313598632812, 0.20711706578731537, 0.5532861351966858, 0.5216923952102661], [0.0, 0.0, 0.0, 1.0]]}, "finger4joint1": {"matrix": [[0.0915008932352066, -0.48713234066963196, 0.8685214519500732, -0.9263827800750732], [-0.6120083928108215, 0.6605091691017151, 0.4349399507045746, 0.34803515672683716], [-0.785539984703064, -0.5713397860527039, -0.23769187927246094, 0.6104667782783508], [0.0, 0.0, 0.0, 1.0]]}, "finger4joint2": {"matrix": [[0.09706445038318634, -0.8903051614761353, 0.4448988437652588, -1.4102801084518433], [-0.5881937146186829, 0.30928149819374084, 0.7472432851791382, 1.0041580200195312], [-0.8028737902641296, -0.3342173993587494, -0.4936516582965851, 0.042921215295791626], [0.0, 0.0, 0.0, 1.0]]}, "finger4joint3": {"matrix": [[0.16421730816364288, -0.9850066900253296, 0.05286138877272606, -1.7815934419631958], [-0.6227352619171143, -0.06196243315935135, 0.7799748778343201, 1.1331478357315063], [-0.7650052309036255, -0.16100400686264038, -0.6235737204551697, -0.09646844118833542], [0.0, 0.0, 0.0, 1.0]]}}