{"root": {"matrix": [[0.3573824167251587, -0.79270339012146, 0.49386146664619446, 0.0], [0.4022819399833679, -0.34656423330307007, -0.8473857045173645, 0.0], [0.8428802490234375, 0.5015122890472412, 0.1950342357158661, 0.0], [0.0, 0.0, 0.0, 1.0]]}, "carpals": {"matrix": [[-0.7337817549705505, -0.4860427975654602, -0.4746856689453125, -0.02322298288345337], [0.6435059905052185, -0.2731790244579315, -0.7150336503982544, 0.6657958626747131], [0.21786296367645264, -0.8301417231559753, 0.5132251977920532, 2.375113010406494], [0.0, 0.0, 0.0, 1.0]]}, "metacarpals": {"matrix": [[-0.900940477848053, -0.4332936406135559, -0.02371879853308201, -0.49662572145462036], [0.21834008395671844, -0.40539854764938354, -0.8876820802688599, 0.3997211456298828], [0.3750115931034088, -0.8049275279045105, 0.45984524488449097, 1.5665600299835205], [0.0, 0.0, 0.0, 1.0]]}, "finger5joint1": {"matrix": [[-0.7847720980644226, -0.5965171456336975, -0.1682252585887909, -0.5760519504547119], [0.04672669619321823, 0.2137088179588318, -0.9757791757583618, 0.4952250123023987], [0.6180204153060913, -0.7736247777938843, -0.1398395299911499, 0.8522455096244812], [0.0, 0.0, 0.0, 1.0]]}, "finger5joint2": {"matrix": [[-0.2981812059879303, -0.8839547634124756, 0.3601544499397278, -1.2061364650726318], [-0.9370109438896179, 0.3429952561855316, 0.06606396287679672, 0.7209597826004028], [-0.18192890286445618, -0.3177693486213684, -0.9305503368377686, 0.03508710861206055], [0.0, 0.0, 0.0, 1.0]]}, "finger5joint3": {"matrix": [[-0.3987747132778168, -0.9170206785202026, 0.007150730583816767, -1.8137097358703613], [-0.9031081199645996, 0.3940553367137909, 0.1706332564353943, 0.9567123055458069], [-0.1592920571565628, 0.06158669292926788, -0.9853082895278931, -0.18332690000534058], [0.0, 0.0, 0.0, 1.0]]}, "Bone": {"matrix": [[0.2893659174442291, -0.9449984431266785, -0.1524636149406433, -1.1731172800064087], [0.5078615546226501, 0.286577433347702, -0.8123729825019836, -0.23321855068206787], [0.8113837838172913, 0.15764281153678894, 0.5628540515899658, 0.3098447322845459], [0.0, 0.0, 0.0, 1.0]]}, "finger1joint1": {"matrix": [[-0.6220423579216003, -0.7726699709892273, -0.12666581571102142, -1.959533452987671], [0.2539440095424652, -0.04606011509895325, -0.96612149477005, 0.005267651751637459], [0.7406589388847351, -0.6331343650817871, 0.22486621141433716, 0.44103312492370605], [0.0, 0.0, 0.0, 1.0]]}, "finger1joint2": {"matrix": [[-0.5383628606796265, -0.057928018271923065, -0.8407196998596191, -2.3962299823760986], [0.5368990898132324, 0.7453741431236267, -0.3951667547225952, -0.02076449990272522], [0.6495420336723328, -0.664124608039856, -0.3701801300048828, 0.08319929242134094], [0.0, 0.0, 0.0, 1.0]]}, "finger1joint3": {"matrix": [[-0.6182476878166199, 0.671735405921936, -0.4080945551395416, -2.421062469482422], [0.4664101302623749, 0.7314632534980774, 0.4974164068698883, 0.29876506328582764], [0.6326385140419006, 0.11718706041574478, -0.7655295133590698, -0.20149999856948853], [0.0, 0.0, 0.0, 1.0]]}, "Bone.001": {"matrix": [[-0.06751762330532074, -0.977606475353241, 0.19931551814079285, -1.1731173992156982], [0.47530677914619446, -0.20716197788715363, -0.855083167552948, -0.23321853578090668], [0.8772254586219788, 0.03700292110443115, 0.47864997386932373, 0.3098447322845459], [0.0, 0.0, 0.0, 1.0]]}, "finger2joint1": {"matrix": [[-0.8391658067703247, -0.520343005657196, -0.15825143456459045, -1.7928062677383423], [0.28667953610420227, -0.17592372000217438, -0.9417353868484497, -0.3645350933074951], [0.4621853530406952, -0.8356395959854126, 0.296800822019577, 0.33330029249191284], [0.0, 0.0, 0.0, 1.0]]}, "finger2joint2": {"matrix": [[-0.8645527958869934, -0.1920076310634613, -0.464415043592453, -2.242980480194092], [0.35539233684539795, 0.41978326439857483, -0.8351515531539917, -0.5167353749275208], [0.3553093373775482, -0.887082040309906, -0.2946867346763611, -0.38965240120887756], [0.0, 0.0, 0.0, 1.0]]}, "finger2joint3": {"matrix": [[-0.8358917832374573, 0.2579001784324646, -0.48453289270401, -2.3158695697784424], [0.47438713908195496, 0.7834962010383606, -0.4013606905937195, -0.3573787212371826], [0.27611884474754333, -0.5653502345085144, -0.7772625088691711, -0.7264032959938049], [0.0, 0.0, 0.0, 1.0]]}, "Bone.002": {"matrix": [[-0.7331701517105103, -0.6274541616439819, 0.2622261643409729, -1.1731173992156982], [0.20963358879089355, -0.5753543376922607, -0.7905827760696411, -0.23321853578090668], [0.6469275951385498, -0.5246601700782776, 0.5533679723739624, 0.3098447322845459], [0.0, 0.0, 0.0, 1.0]]}, "finger3joint1": {"matrix": [[-0.5666261315345764, -0.7311367392539978, -0.37996554374694824, -1.4375957250595093], [0.2542286217212677, 0.2835107445716858, -0.9246563911437988, -0.475736141204834], [0.783774733543396, -0.6205323338508606, 0.025231288745999336, 0.088695228099823], [0.0, 0.0, 0.0, 1.0]]}, "finger3joint2": {"matrix": [[-0.6599348783493042, -0.21333816647529602, -0.7203975915908813, -2.078935146331787], [0.33153602480888367, 0.7777488827705383, -0.5340323448181152, -0.22704577445983887], [0.6742180585861206, -0.5912641286849976, -0.4425341784954071, -0.4556242823600769], [0.0, 0.0, 0.0, 1.0]]}, "finger3joint3": {"matrix": [[-0.5391517877578735, 0.11138965934515, -0.8348098993301392, -2.216982364654541], [0.4547928273677826, 0.8727772235870361, -0.17726659774780273, 0.2762201726436615], [0.7088574767112732, -0.4752390682697296, -0.5212183594703674, -0.8382196426391602], [0.0, 0.0, 0.0, 1.0]]}, "Bone.003": {"matrix": [[-0.671028196811676, 0.39927324652671814, 0.6247414350509644, -1.1731173992156982], [-0.5815631151199341, -0.8061021566390991, -0.10946984589099884, -0.23321858048439026], [0.4598970413208008, -0.436784029006958, 0.7731197476387024, 0.3098447322845459], [0.0, 0.0, 0.0, 1.0]]}, "finger4joint1": {"matrix": [[-0.7149191498756409, -0.6912239789962769, 0.10535474121570587, -1.0019811391830444], [0.36776822805404663, -0.4998900294303894, -0.7841277122497559, -0.5787295699119568], [0.5946739315986633, -0.5218417048454285, 0.6115911602973938, 0.12263059616088867], [0.0, 0.0, 0.0, 1.0]]}, "finger4joint2": {"matrix": [[-0.7284085154533386, -0.6667585372924805, -0.15765027701854706, -1.6886147260665894], [0.34100228548049927, -0.15323370695114136, -0.9274894595146179, -1.075299859046936], [0.5942543745040894, -0.7293502688407898, 0.3389829695224762, -0.39574557542800903], [0.0, 0.0, 0.0, 1.0]]}, "finger4joint3": {"matrix": [[-0.6680781245231628, -0.6492670178413391, -0.36348792910575867, -1.9666950702667236], [0.3660910725593567, 0.13848020136356354, -0.9202175736427307, -1.1392078399658203], [0.6478029489517212, -0.7478469014167786, 0.14517533779144287, -0.6999304294586182], [0.0, 0.0, 0.0, 1.0]]}}