{"root": {"matrix": [[0.6245087385177612, -0.7358090877532959, 0.2618659436702728, 0.0], [0.7286245226860046, 0.6696250438690186, 0.14390482008457184, 0.0], [-0.2812384068965912, 0.10093218088150024, 0.9543153047561646, 0.0], [0.0, 0.0, 0.0, 1.0]]}, "carpals": {"matrix": [[0.15467047691345215, -0.678415834903717, -0.7182121872901917, 0.6626477241516113], [0.11000032722949982, -0.7106149196624756, 0.694928765296936, 2.2870264053344727], [-0.981823205947876, -0.1864885687828064, -0.035285159945487976, -0.6445094347000122], [0.0, 0.0, 0.0, 1.0]]}, "metacarpals": {"matrix": [[-0.08490216732025146, -0.9552624821662903, -0.28331059217453003, 0.0018748044967651367], [-0.2661656141281128, -0.25226065516471863, 0.9303333163261414, 1.594891905784607], [-0.960180938243866, 0.1543949544429779, -0.23284058272838593, -0.8261482119560242], [0.0, 0.0, 0.0, 1.0]]}, "finger5joint1": {"matrix": [[-0.26020821928977966, -0.9636518359184265, 0.060551393777132034, -0.4118220806121826], [-0.34251099824905396, 0.15075570344924927, 0.927339494228363, 1.1149286031723022], [-0.9027611613273621, 0.22056201100349426, -0.3692893385887146, -0.4737778306007385], [0.0, 0.0, 0.0, 1.0]]}, "finger5joint2": {"matrix": [[0.19259388744831085, -0.7359804511070251, -0.6490296721458435, -1.4297008514404297], [0.9209258556365967, -0.09281326085329056, 0.37852442264556885, 1.2741676568984985], [-0.33882537484169006, -0.6706099510192871, 0.659908652305603, -0.24080437421798706], [0.0, 0.0, 0.0, 1.0]]}, "finger5joint3": {"matrix": [[0.15848349034786224, -0.6010640859603882, -0.7833288311958313, -1.9355659484863281], [0.8859971761703491, -0.26356855034828186, 0.3814970552921295, 1.2103737592697144], [-0.43576526641845703, -0.7544885873794556, 0.49077022075653076, -0.7017381191253662], [0.0, 0.0, 0.0, 1.0]]}, "Bone": {"matrix": [[0.9511796832084656, -0.19638164341449738, -0.23809893429279327, -1.4895551204681396], [0.128525510430336, -0.4493473470211029, 0.8840632438659668, 1.2010430097579956], [-0.2806030213832855, -0.871505081653595, -0.4021701216697693, -0.5850947499275208], [0.0, 0.0, 0.0, 1.0]]}, "finger1joint1": {"matrix": [[0.028122268617153168, -0.9505606293678284, -0.30926239490509033, -1.6529815196990967], [-0.19673645496368408, -0.308596670627594, 0.9306248426437378, 0.8271017074584961], [-0.9800530076026917, 0.034671928733587265, -0.1956884115934372, -1.3103505373001099], [0.0, 0.0, 0.0, 1.0]]}, "finger1joint2": {"matrix": [[0.13995002210140228, -0.40534377098083496, -0.9033880829811096, -2.1902177333831787], [-0.4645189344882965, -0.8326126933097839, 0.30162566900253296, 0.6526895761489868], [-0.874434769153595, 0.37742847204208374, -0.30481404066085815, -1.2907546758651733], [0.0, 0.0, 0.0, 1.0]]}, "finger1joint3": {"matrix": [[0.06251782178878784, 0.4745914936065674, -0.8779829740524292, -2.3639819622039795], [-0.40072378516197205, -0.7937449216842651, -0.4575907289981842, 0.29576218128204346], [-0.9140635132789612, 0.3804362416267395, 0.1405569314956665, -1.1289572715759277], [0.0, 0.0, 0.0, 1.0]]}, "Bone.001": {"matrix": [[0.7935270667076111, -0.5920201539993286, -0.14080654084682465, -1.4895551204681396], [0.07222439348697662, -0.13812606036663055, 0.9877775311470032, 1.2010430097579956], [-0.60423344373703, -0.793998122215271, -0.0668485090136528, -0.585094690322876], [0.0, 0.0, 0.0, 1.0]]}, "finger2joint1": {"matrix": [[0.18627344071865082, -0.3055613040924072, -0.9337741136550903, -1.864827036857605], [-0.001319274422712624, -0.950485110282898, 0.31076666712760925, 1.1134872436523438], [-0.982496976852417, -0.056655652821063995, -0.17745327949523926, -1.0883971452713013], [0.0, 0.0, 0.0, 1.0]]}, "finger2joint2": {"matrix": [[0.24337002635002136, -0.1958540678024292, -0.9499536156654358, -2.129183053970337], [-0.11598086357116699, -0.9782497882843018, 0.171974778175354, 0.2911759614944458], [-0.9629743099212646, 0.06832297146320343, -0.2607920467853546, -1.137412667274475], [0.0, 0.0, 0.0, 1.0]]}, "finger2joint3": {"matrix": [[0.3032010793685913, -0.008730415254831314, -0.9528864026069641, -2.2035324573516846], [-0.2423175722360611, -0.9677941799163818, -0.06823646277189255, -0.08018368482589722], [-0.9216024875640869, 0.2515905797481537, -0.2955518364906311, -1.1114763021469116], [0.0, 0.0, 0.0, 1.0]]}, "Bone.002": {"matrix": [[0.15809842944145203, -0.9871268272399902, -0.024189498275518417, -1.4895551204681396], [-0.0600929819047451, -0.034070760011672974, 0.9976110458374023, 1.201042890548706], [-0.9855931401252747, -0.15626709163188934, -0.06470596045255661, -0.5850947499275208], [0.0, 0.0, 0.0, 1.0]]}, "finger3joint1": {"matrix": [[0.8423457145690918, -0.5260839462280273, 0.11700008809566498, -1.9056389331817627], [-0.07516524940729141, 0.10029295086860657, 0.9921145439147949, 1.1866817474365234], [-0.5336701273918152, -0.8444980382919312, 0.04493812844157219, -0.6509628295898438], [0.0, 0.0, 0.0, 1.0]]}, "finger3joint2": {"matrix": [[0.7433819770812988, 0.044932782649993896, -0.6673558950424194, -2.367110013961792], [-0.09679078310728073, -0.9800125360488892, -0.17380084097385406, 1.2746570110321045], [-0.6618268489837646, 0.19379444420337677, -0.7241747975349426, -1.3917410373687744], [0.0, 0.0, 0.0, 1.0]]}, "finger3joint3": {"matrix": [[0.8463213443756104, 0.4830802381038666, -0.22443975508213043, -2.3380351066589355], [-0.11468685418367386, -0.24621279537677765, -0.9624063968658447, 0.6405101418495178], [-0.5201796889305115, 0.8402456641197205, -0.15297211706638336, -1.2663404941558838], [0.0, 0.0, 0.0, 1.0]]}, "Bone.003": {"matrix": [[-0.41521090269088745, -0.5665090680122375, 0.7118055820465088, -1.48955500125885], [0.47937753796577454, 0.5287454128265381, 0.7004465460777283, 1.2010430097579956], [-0.7731733322143555, 0.6320568323135376, 0.05203079432249069, -0.5850947499275208], [0.0, 0.0, 0.0, 1.0]]}, "finger4joint1": {"matrix": [[-0.16622479259967804, -0.9824844598770142, -0.08421993255615234, -1.7323718070983887], [-0.2848221957683563, -0.033930666744709015, 0.9579794406890869, 1.427673578262329], [-0.9440579414367676, 0.18322785198688507, -0.2741934061050415, -0.31418293714523315], [0.0, 0.0, 0.0, 1.0]]}, "finger4joint2": {"matrix": [[-0.19029803574085236, 0.41250622272491455, -0.890856146812439, -2.70833158493042], [-0.2669732868671417, -0.8949849009513855, -0.35738900303840637, 1.393968105316162], [-0.9447283148765564, 0.16982442140579224, 0.2804422676563263, -0.1321718841791153], [0.0, 0.0, 0.0, 1.0]]}, "finger4joint3": {"matrix": [[-0.2108769565820694, 0.9415704011917114, 0.26263192296028137, -2.5362906455993652], [-0.1863960176706314, 0.22501140832901, -0.9563608169555664, 1.0207033157348633], [-0.9595764875411987, -0.2506282329559326, 0.12805531919002533, -0.06134442239999771], [0.0, 0.0, 0.0, 1.0]]}}