{"root": {"matrix": [[0.388266921043396, -0.7498835325241089, 0.5356523990631104, 0.0], [0.3387511372566223, -0.424422025680542, -0.8397104144096375, 0.0], [0.8570277094841003, 0.5074846148490906, 0.08923478424549103, 0.0], [0.0, 0.0, 0.0, 1.0]]}, "carpals": {"matrix": [[-0.7884692549705505, -0.4276179373264313, -0.44210726022720337, 0.0838358998298645], [0.5555150508880615, -0.18652093410491943, -0.8103165030479431, 0.4450511932373047], [0.26404380798339844, -0.88450688123703, 0.38461416959762573, 2.4248476028442383], [0.0, 0.0, 0.0, 1.0]]}, "metacarpals": {"matrix": [[-0.8518486022949219, -0.519151508808136, 0.06953700631856918, -0.33266133069992065], [0.11453811824321747, -0.3141721487045288, -0.9424313306808472, 0.2633809447288513], [0.5111113786697388, -0.7948441505432129, 0.3270896077156067, 1.5633432865142822], [0.0, 0.0, 0.0, 1.0]]}, "finger5joint1": {"matrix": [[-0.7199912667274475, -0.6820293664932251, -0.12825073301792145, -0.5080603361129761], [-0.06985772401094437, 0.25509268045425415, -0.9643896818161011, 0.45168060064315796], [0.6904580593109131, -0.6853927373886108, -0.23130963742733002, 0.8855136036872864], [0.0, 0.0, 0.0, 1.0]]}, "finger5joint2": {"matrix": [[-0.24538573622703552, -0.8571898341178894, 0.45278099179267883, -1.2284690141677856], [-0.9284851551055908, 0.34211185574531555, 0.14448003470897675, 0.721127986907959], [-0.2787487208843231, -0.38494688272476196, -0.8798377513885498, 0.16155225038528442], [0.0, 0.0, 0.0, 1.0]]}, "finger5joint3": {"matrix": [[-0.3488910496234894, -0.9069027304649353, 0.23622387647628784, -1.817645788192749], [-0.8990321755409241, 0.39505764842033386, 0.18886558711528778, 0.9562734961509705], [-0.2646048665046692, -0.14647908508777618, -0.9531670808792114, -0.10303524136543274], [0.0, 0.0, 0.0, 1.0]]}, "Bone": {"matrix": [[0.37357810139656067, -0.9263871908187866, -0.04739143326878548, -1.1432011127471924], [0.40665745735168457, 0.20948122441768646, -0.8892396688461304, -0.2271290123462677], [0.8337078094482422, 0.31292855739593506, 0.4549797773361206, 0.3223709166049957], [0.0, 0.0, 0.0, 1.0]]}, "finger1joint1": {"matrix": [[-0.7766059041023254, -0.6257386207580566, -0.07303575426340103, -1.9141292572021484], [0.12677903473377228, -0.04167044907808304, -0.9910552501678467, -0.05280131846666336], [0.6170982122421265, -0.7789186239242554, 0.11169198900461197, 0.5827862024307251], [0.0, 0.0, 0.0, 1.0]]}, "finger1joint2": {"matrix": [[-0.7048230171203613, -0.12271056324243546, -0.6986891031265259, -2.2677829265594482], [0.4233013093471527, 0.7176016569137573, -0.5530495047569275, -0.07635253667831421], [0.5692456364631653, -0.6855579018592834, -0.4538385272026062, 0.1425582617521286], [0.0, 0.0, 0.0, 1.0]]}, "finger1joint3": {"matrix": [[-0.7669788599014282, 0.3899945318698883, -0.5095562934875488, -2.320387125015259], [0.3385029137134552, 0.9205322265625, 0.19502869248390198, 0.23127147555351257], [0.545123279094696, -0.022903382778167725, -0.8380427956581116, -0.1513291448354721], [0.0, 0.0, 0.0, 1.0]]}, "Bone.001": {"matrix": [[0.029790638014674187, -0.9560309052467346, 0.2917483448982239, -1.1432009935379028], [0.3456747233867645, -0.2640145719051361, -0.9004471898078918, -0.2271290123462677], [0.9378811717033386, 0.12767501175403595, 0.32261043787002563, 0.3223709464073181], [0.0, 0.0, 0.0, 1.0]]}, "finger2joint1": {"matrix": [[-0.614139199256897, -0.7799999713897705, 0.12013637274503708, -1.749213457107544], [0.17871150374412537, -0.28572094440460205, -0.941501796245575, -0.3944835066795349], [0.7686969041824341, -0.5567433834075928, 0.3148672878742218, 0.40330207347869873], [0.0, 0.0, 0.0, 1.0]]}, "finger2joint2": {"matrix": [[-0.6906228065490723, -0.21314482390880585, -0.6910926699638367, -2.424029588699341], [0.23837988078594208, 0.8350940346717834, -0.495775043964386, -0.6416746973991394], [0.6827994585037231, -0.5071359872817993, -0.5259254574775696, -0.07836388051509857], [0.0, 0.0, 0.0, 1.0]]}, "finger2joint3": {"matrix": [[-0.6459801197052002, 0.658821702003479, -0.3855687379837036, -2.5049426555633545], [0.3759288489818573, 0.7141640186309814, 0.5904634594917297, -0.3246592879295349], [0.6643696427345276, 0.236481174826622, -0.7090057134628296, -0.2708810269832611], [0.0, 0.0, 0.0, 1.0]]}, "Bone.002": {"matrix": [[-0.6498453617095947, -0.6686387062072754, 0.3614181578159332, -1.1432009935379028], [0.07780621945858002, -0.5315317511558533, -0.8434572815895081, -0.2271289974451065], [0.756073534488678, -0.5199961066246033, 0.39743754267692566, 0.3223709464073181], [0.0, 0.0, 0.0, 1.0]]}, "finger3joint1": {"matrix": [[-0.6643826961517334, -0.6977530717849731, -0.26783597469329834, -1.4250389337539673], [0.138216033577919, 0.23747481405735016, -0.9615102410316467, -0.4511749744415283], [0.734501302242279, -0.6758297681808472, -0.06133353337645531, 0.10318738222122192], [0.0, 0.0, 0.0, 1.0]]}, "finger3joint2": {"matrix": [[-0.7554582357406616, -0.2475869357585907, -0.6066163778305054, -2.037095069885254], [0.21122172474861145, 0.7843922972679138, -0.5831930041313171, -0.2428664267063141], [0.6202163696289062, -0.5687083005905151, -0.5402798056602478, -0.48963800072669983], [0.0, 0.0, 0.0, 1.0]]}, "finger3joint3": {"matrix": [[-0.654028594493866, 0.051086943596601486, -0.7547426819801331, -2.1973037719726562], [0.3449389338493347, 0.9080958962440491, -0.2374425083398819, 0.264698326587677], [0.6732487678527832, -0.41563424468040466, -0.6115424036979675, -0.8576379418373108], [0.0, 0.0, 0.0, 1.0]]}, "Bone.003": {"matrix": [[-0.5831899046897888, 0.36865878105163574, 0.7238646745681763, -1.1432011127471924], [-0.6754910945892334, -0.7150484919548035, -0.18004854023456573, -0.2271289825439453], [0.45122185349464417, -0.5939667224884033, 0.6660346388816833, 0.3223709464073181], [0.0, 0.0, 0.0, 1.0]]}, "finger4joint1": {"matrix": [[-0.7000532150268555, -0.6672197580337524, 0.25444626808166504, -0.9851868152618408], [0.22560939192771912, -0.5447282791137695, -0.8076950311660767, -0.5336127281188965], [0.677514374256134, -0.5080240368843079, 0.5318697690963745, 0.06778526306152344], [0.0, 0.0, 0.0, 1.0]]}, "finger4joint2": {"matrix": [[-0.7101200222969055, -0.7036709785461426, -0.024002572521567345, -1.6479754447937012], [0.19742441177368164, -0.16627900302410126, -0.9661132097244263, -1.074723482131958], [0.6758349537849426, -0.6907950043678284, 0.2569998800754547, -0.436864972114563], [0.0, 0.0, 0.0, 1.0]]}, "finger4joint3": {"matrix": [[-0.648741602897644, -0.7139887809753418, -0.2633511424064636, -1.9414504766464233], [0.22467495501041412, 0.15093407034873962, -0.9626733064651489, -1.14407217502594], [0.7270867824554443, -0.68369460105896, 0.06249821558594704, -0.7249699234962463], [0.0, 0.0, 0.0, 1.0]]}}