{"root": {"matrix": [[0.22670340538024902, -0.8786777853965759, -0.4201558828353882, 0.0], [-0.9313174486160278, -0.06931480765342712, -0.3575517237186432, -7.450580596923828e-09], [0.2850496470928192, 0.4723567068576813, -0.8340418934822083, 0.0], [0.0, 0.0, 0.0, 1.0]]}, "carpals": {"matrix": [[0.8139500021934509, -0.4163983464241028, -0.4050896167755127, -0.30014368891716003], [0.578711986541748, 0.520246148109436, 0.6280413269996643, -2.133798360824585], [-0.050769008696079254, -0.7456246614456177, 0.664429247379303, 1.2007510662078857], [0.0, 0.0, 0.0, 1.0]]}, "metacarpals": {"matrix": [[0.5031722187995911, -0.5871325731277466, 0.6341079473495483, -0.7057130932807922], [0.17609480023384094, 0.7880281209945679, 0.5899168848991394, -1.6270817518234253], [-0.8460544347763062, -0.18516671657562256, 0.499904990196228, 0.4745171070098877], [0.0, 0.0, 0.0, 1.0]]}, "finger5joint1": {"matrix": [[0.7591344714164734, -0.42050716280937195, 0.4968787133693695, -1.3899126052856445], [-0.06379272788763046, 0.7115969061851501, 0.6996855735778809, -1.4509494304656982], [-0.6478002667427063, -0.5628527402877808, 0.513372540473938, 0.3116569519042969], [0.0, 0.0, 0.0, 1.0]]}, "finger5joint2": {"matrix": [[0.4791239798069, -0.3748936355113983, -0.7936590313911438, -1.8340826034545898], [0.7067538499832153, 0.7009773254394531, 0.09554575383663177, -0.6993094086647034], [0.5205177664756775, -0.6066998839378357, 0.6008127927780151, -0.2828688323497772], [0.0, 0.0, 0.0, 1.0]]}, "finger5joint3": {"matrix": [[0.48499763011932373, -0.2654348909854889, -0.8332594037055969, -2.0917601585388184], [0.7627705335617065, 0.594434916973114, 0.2546123266220093, -0.2175031155347824], [0.42773571610450745, -0.7590722441673279, 0.49076563119888306, -0.6998749375343323], [0.0, 0.0, 0.0, 1.0]]}, "Bone": {"matrix": [[0.6020509004592896, 0.2908003330230713, 0.7436193227767944, -1.6223900318145752], [-0.7984031438827515, 0.2083936184644699, 0.5649105906486511, -0.3967511057853699], [0.009310693480074406, -0.933813214302063, 0.3576395809650421, 0.18542051315307617], [0.0, 0.0, 0.0, 1.0]]}, "finger1joint1": {"matrix": [[0.5890732407569885, -0.7220639586448669, 0.36278945207595825, -1.38038969039917], [0.08700953423976898, 0.5030189156532288, 0.8598842024803162, -0.22332847118377686], [-0.8033815026283264, -0.4749687910079956, 0.3591415584087372, -0.5916873216629028], [0.0, 0.0, 0.0, 1.0]]}, "finger1joint2": {"matrix": [[0.4649714231491089, -0.758248507976532, -0.4570128619670868, -1.7884845733642578], [-0.18899813294410706, -0.5893226861953735, 0.7854794859886169, 0.06096690893173218], [-0.8649169206619263, -0.27885106205940247, -0.41732582449913025, -0.8601294159889221], [0.0, 0.0, 0.0, 1.0]]}, "finger1joint3": {"matrix": [[0.44380104541778564, -0.26321208477020264, -0.856597900390625, -2.1135332584381104], [-0.08673017472028732, -0.964019238948822, 0.2512853741645813, -0.19166606664657593], [-0.8919184803962708, -0.037227876484394073, -0.450661301612854, -0.9796682596206665], [0.0, 0.0, 0.0, 1.0]]}, "Bone.001": {"matrix": [[0.7481513619422913, 0.2889758050441742, 0.5972958207130432, -1.6223900318145752], [-0.6082913875579834, 0.6582869291305542, 0.44344040751457214, -0.3967511057853699], [-0.26504847407341003, -0.6950905919075012, 0.6682799458503723, 0.18542048335075378], [0.0, 0.0, 0.0, 1.0]]}, "finger2joint1": {"matrix": [[0.7488448619842529, -0.5871455073356628, -0.30739423632621765, -1.4392131567001343], [0.0669994205236435, -0.39437544345855713, 0.9165034890174866, 0.020526230335235596], [-0.6593497395515442, -0.7069144248962402, -0.25598767399787903, -0.2551860213279724], [0.0, 0.0, 0.0, 1.0]]}, "finger2joint2": {"matrix": [[0.7178696393966675, -0.44292476773262024, -0.5371040105819702, -1.9471813440322876], [-0.053923528641462326, -0.8045628666877747, 0.5914138555526733, -0.32066723704338074], [-0.694085955619812, -0.3955955505371094, -0.6014554500579834, -0.8667723536491394], [0.0, 0.0, 0.0, 1.0]]}, "finger2joint3": {"matrix": [[0.7074308395385742, -0.22412684559822083, -0.6703047752380371, -2.115323066711426], [-0.19847632944583893, -0.9732233881950378, 0.11594302952289581, -0.6260925531387329], [-0.6783424019813538, 0.051017966121435165, -0.7329723238945007, -1.0169469118118286], [0.0, 0.0, 0.0, 1.0]]}, "Bone.002": {"matrix": [[0.7282517552375793, -0.24198487401008606, 0.6411650776863098, -1.6223900318145752], [0.016093121841549873, 0.9413648247718811, 0.33700570464134216, -0.3967511057853699], [-0.6851206421852112, -0.23510663211345673, 0.6894450783729553, 0.18542048335075378], [0.0, 0.0, 0.0, 1.0]]}, "finger3joint1": {"matrix": [[0.5617926716804504, 0.224944069981575, 0.7961087822914124, -1.7243891954421997], [0.09757708758115768, 0.9375879168510437, -0.3337770700454712, 4.363059997558594e-05], [-0.8215034008026123, 0.2651956081390381, 0.504780650138855, 0.08632068336009979], [0.0, 0.0, 0.0, 1.0]]}, "finger3joint2": {"matrix": [[0.5589820742607117, -0.8198207020759583, -0.12423007190227509, -1.527072548866272], [0.2574770152568817, 0.02919929102063179, 0.9658429026603699, 0.8224784135818481], [-0.7881907224655151, -0.5718753337860107, 0.2274070382118225, 0.31894534826278687], [0.0, 0.0, 0.0, 1.0]]}, "finger3joint3": {"matrix": [[0.5305395722389221, -0.3788975477218628, -0.7582641243934631, -2.0575621128082275], [0.09251712262630463, -0.8633104562759399, 0.49612006545066833, 0.8413727283477783], [-0.842596173286438, -0.33336398005485535, -0.4229659140110016, -0.05110391229391098], [0.0, 0.0, 0.0, 1.0]]}, "Bone.003": {"matrix": [[0.706844687461853, -0.3283243179321289, 0.6265570521354675, -1.6223901510238647], [0.6763508319854736, 0.5731118321418762, -0.4627007842063904, -0.3967511057853699], [-0.2071712613105774, 0.7508301138877869, 0.6271635890007019, 0.1854204535484314], [0.0, 0.0, 0.0, 1.0]]}, "finger4joint1": {"matrix": [[0.6040459275245667, 0.10419207811355591, 0.7901090979576111, -1.7631163597106934], [-0.191718190908432, 0.9812995195388794, 0.01716596819460392, -0.15110421180725098], [-0.7735453844070435, -0.1618472933769226, 0.6127256751060486, 0.507240891456604], [0.0, 0.0, 0.0, 1.0]]}, "finger4joint2": {"matrix": [[0.6214200258255005, -0.5345304608345032, 0.572812557220459, -1.6596161127090454], [-0.1688060760498047, 0.6225969195365906, 0.7641183137893677, 0.8236784934997559], [-0.7650760412216187, -0.5715328454971313, 0.29666242003440857, 0.34646838903427124], [0.0, 0.0, 0.0, 1.0]]}, "finger4joint3": {"matrix": [[0.655256450176239, -0.727118730545044, 0.20478555560112, -1.8825490474700928], [-0.23113571107387543, 0.06510674208402634, 0.9707402586936951, 1.0833405256271362], [-0.7191765308380127, -0.6834173798561096, -0.12540140748023987, 0.10810326039791107], [0.0, 0.0, 0.0, 1.0]]}}