{"root": {"matrix": [[0.4858066439628601, 0.008394661359488964, 0.8740260004997253, 0.0], [-0.19732451438903809, 0.9751926064491272, 0.10031183063983917, 0.0], [-0.8515015840530396, -0.22119882702827454, 0.4754115045070648, -1.4901161193847656e-08], [0.0, 0.0, 0.0, 1.0]]}, "carpals": {"matrix": [[-0.37923815846443176, -0.8459914326667786, -0.3748020827770233, 1.0085923671722412], [-0.261057585477829, -0.2907799780368805, 0.9204866886138916, 0.4970124363899231], [-0.8877090215682983, 0.4469285309314728, -0.11057761311531067, -2.195610284805298], [0.0, 0.0, 0.0, 1.0]]}, "metacarpals": {"matrix": [[-0.618353009223938, -0.7794829607009888, 0.10022754967212677, 0.1846017837524414], [-0.4099593460559845, 0.42873138189315796, 0.8050605654716492, 0.2137945294380188], [-0.6705019474029541, 0.4567224085330963, -0.5846636891365051, -1.7603046894073486], [0.0, 0.0, 0.0, 1.0]]}, "finger5joint1": {"matrix": [[-0.43827009201049805, -0.8850488066673279, 0.15686778724193573, -0.19295597076416016], [-0.4682275354862213, 0.3737735152244568, 0.8006597757339478, 0.19921639561653137], [-0.7672563791275024, 0.2774553894996643, -0.5782179832458496, -1.1415055990219116], [0.0, 0.0, 0.0, 1.0]]}, "finger5joint2": {"matrix": [[0.09353473037481308, -0.9950040578842163, -0.034888267517089844, -1.1278084516525269], [0.8021110892295837, 0.0545504055917263, 0.594677746295929, 0.5940229892730713], [-0.5898038148880005, -0.0836075022816658, 0.8032066822052002, -0.8484371304512024], [0.0, 0.0, 0.0, 1.0]]}, "finger5joint3": {"matrix": [[0.00201554992236197, -0.9566721320152283, -0.2911589443683624, -1.8117097616195679], [0.7697393298149109, -0.18437939882278442, 0.6111506223678589, 0.6315174102783203], [-0.6383546590805054, -0.22534862160682678, 0.7360169291496277, -0.9059034585952759], [0.0, 0.0, 0.0, 1.0]]}, "Bone": {"matrix": [[0.6633120775222778, -0.7473900318145752, 0.03774842247366905, -1.032387375831604], [-0.5534403920173645, -0.4559784233570099, 0.6969842910766602, 0.8831632137298584], [-0.5037066340446472, -0.48320990800857544, -0.7160919308662415, -1.047234296798706], [0.0, 0.0, 0.0, 1.0]]}, "finger1joint1": {"matrix": [[-0.05365641415119171, -0.7363734841346741, -0.6744440197944641, -1.6543562412261963], [-0.2911078929901123, -0.6345433592796326, 0.7159683704376221, 0.5037035942077637], [-0.9551843404769897, 0.2347521185874939, -0.18031693994998932, -1.4493556022644043], [0.0, 0.0, 0.0, 1.0]]}, "finger1joint2": {"matrix": [[0.16896934807300568, -0.3737668991088867, -0.9120018482208252, -2.0705385208129883], [-0.4825175702571869, -0.8382100462913513, 0.2541271150112152, 0.14507345855236053], [-0.8594335913658142, 0.39711716771125793, -0.3219811022281647, -1.316678762435913], [0.0, 0.0, 0.0, 1.0]]}, "finger1joint3": {"matrix": [[0.08933752030134201, 0.06461678445339203, -0.9939029812812805, -2.2307662963867188], [-0.4232226610183716, -0.9008601903915405, -0.0966094434261322, -0.21425342559814453], [-0.9016104936599731, 0.4292730987071991, -0.0531335324048996, -1.1464412212371826], [0.0, 0.0, 0.0, 1.0]]}, "Bone.001": {"matrix": [[0.3708869516849518, -0.8752032518386841, 0.31058281660079956, -1.0323874950408936], [-0.5887755751609802, 0.03703155368566513, 0.807447612285614, 0.8831632137298584], [-0.7181823253631592, -0.48233562707901, -0.5015637874603271, -1.0472341775894165], [0.0, 0.0, 0.0, 1.0]]}, "finger2joint1": {"matrix": [[-0.5184342265129089, -0.6673561930656433, 0.5346598625183105, -1.5871644020080566], [-0.47784462571144104, 0.7446094751358032, 0.46606966853141785, 0.9066368937492371], [-0.709147572517395, -0.013857951387763023, -0.704923689365387, -1.3529789447784424], [0.0, 0.0, 0.0, 1.0]]}, "finger2joint2": {"matrix": [[-0.6238418817520142, -0.6597954034805298, -0.4189163148403168, -2.16452693939209], [-0.4495680630207062, -0.13550464808940887, 0.8829081058502197, 1.5508348941802979], [-0.6393042206764221, 0.7391265034675598, -0.21208958327770233, -1.364968180656433], [0.0, 0.0, 0.0, 1.0]]}, "finger2joint3": {"matrix": [[-0.6554582118988037, 0.5250889658927917, -0.5428219437599182, -2.4149961471557617], [-0.539223313331604, -0.8286175727844238, -0.15043549239635468, 1.4993952512741089], [-0.5287840962409973, 0.19409818947315216, 0.826264500617981, -1.0843836069107056], [0.0, 0.0, 0.0, 1.0]]}, "Bone.002": {"matrix": [[-0.3493391275405884, -0.8446304798126221, 0.40566128492355347, -1.0323874950408936], [-0.4088262617588043, 0.526951789855957, 0.7451058626174927, 0.8831632733345032], [-0.8431034088134766, 0.09444954991340637, -0.5293920040130615, -1.047234296798706], [0.0, 0.0, 0.0, 1.0]]}, "finger3joint1": {"matrix": [[-0.38702380657196045, -0.9220688343048096, -0.0011071729240939021, -1.3884077072143555], [-0.49056270718574524, 0.20488879084587097, 0.8469762206077576, 1.1052786111831665], [-0.7807439565658569, 0.3283429741859436, -0.5316294431686401, -1.0074228048324585], [0.0, 0.0, 0.0, 1.0]]}, "finger3joint2": {"matrix": [[-0.5276166200637817, -0.20593561232089996, -0.8241425156593323, -2.1972293853759766], [-0.48447635769844055, -0.7239720821380615, 0.4910672605037689, 1.2850033044815063], [-0.6977847218513489, 0.6583728194236755, 0.2822086811065674, -0.7194064855575562], [0.0, 0.0, 0.0, 1.0]]}, "finger3joint3": {"matrix": [[-0.3910697400569916, 0.4598742127418518, -0.7972325682640076, -2.330486297607422], [-0.5954707860946655, -0.7869105935096741, -0.16182146966457367, 0.8165352940559387], [-0.7017685770988464, 0.41144540905952454, 0.5815784931182861, -0.29338639974594116], [0.0, 0.0, 0.0, 1.0]]}, "Bone.003": {"matrix": [[-0.44928300380706787, 0.08926523476839066, 0.8889185786247253, -1.032387375831604], [0.39920899271965027, 0.9101926684379578, 0.11036933213472366, 0.8831631541252136], [-0.7992351651191711, 0.40445151925086975, -0.44456955790519714, -1.047234296798706], [0.0, 0.0, 0.0, 1.0]]}, "finger4joint1": {"matrix": [[-0.4178769588470459, -0.8933101296424866, 0.16545478999614716, -0.9941266179084778], [-0.5076049566268921, 0.38061416149139404, 0.7729616761207581, 1.273289442062378], [-0.7534693479537964, 0.23901718854904175, -0.6124986410140991, -0.8738784790039062], [0.0, 0.0, 0.0, 1.0]]}, "finger4joint2": {"matrix": [[-0.4349716901779175, -0.5632447600364685, -0.7025341987609863, -1.8815044164657593], [-0.48372596502304077, -0.5119014382362366, 0.7099054455757141, 1.6513760089874268], [-0.7594791650772095, 0.6486229300498962, -0.04979357123374939, -0.6364486217498779], [0.0, 0.0, 0.0, 1.0]]}, "finger4joint3": {"matrix": [[-0.3763221800327301, -0.13021598756313324, -0.917292058467865, -2.116412878036499], [-0.4498324990272522, -0.8398655652999878, 0.30376997590065, 1.4378809928894043], [-0.8099581003189087, 0.5269433259963989, 0.25748464465141296, -0.36593204736709595], [0.0, 0.0, 0.0, 1.0]]}}