{"root": {"matrix": [[0.40710175037384033, -0.5943865180015564, -0.693522036075592, 5.960464477539063e-08], [-0.38204333186149597, 0.5788689851760864, -0.7203843593597412, 0.0], [0.8296450972557068, 0.5582252740859985, 0.008577137254178524, 0.0], [0.0, 0.0, 0.0, 1.0]]}, "carpals": {"matrix": [[0.7011598348617554, -0.7096787691116333, 0.06878048181533813, 0.41682496666908264], [-0.03444980829954147, 0.06263349950313568, 0.9974417090415955, -0.21638447046279907], [-0.712171196937561, -0.7017356157302856, 0.01946800947189331, 2.421656370162964], [0.0, 0.0, 0.0, 1.0]]}, "metacarpals": {"matrix": [[0.1791195124387741, -0.5337051749229431, 0.826483428478241, -0.2743978500366211], [-0.8115246891975403, 0.39476528763771057, 0.4307989776134491, -0.15537980198860168], [-0.5561867952346802, -0.7478761672973633, -0.3624047040939331, 1.7381701469421387], [0.0, 0.0, 0.0, 1.0]]}, "finger5joint1": {"matrix": [[0.44282299280166626, -0.6110724806785583, 0.6561235189437866, -0.9503848552703857], [-0.8205006718635559, 0.018866879865527153, 0.5713338851928711, 0.03507864475250244], [-0.3615056276321411, -0.7913495898246765, -0.4930306077003479, 1.5580533742904663], [0.0, 0.0, 0.0, 1.0]]}, "finger5joint2": {"matrix": [[0.6694921255111694, -0.5734149217605591, -0.47220250964164734, -1.59584379196167], [0.5994518399238586, 0.041653357446193695, 0.7993259429931641, 0.0550072155892849], [-0.438676655292511, -0.8182050585746765, 0.3716214597225189, 0.722172737121582], [0.0, 0.0, 0.0, 1.0]]}, "finger5joint3": {"matrix": [[0.6380138993263245, -0.5295096635818481, -0.5590683221817017, -1.9899718761444092], [0.555803120136261, -0.18581707775592804, 0.8102803826332092, 0.08363702893257141], [-0.5329357385635376, -0.8277021646499634, 0.17574946582317352, 0.1597917228937149], [0.0, 0.0, 0.0, 1.0]]}, "Bone": {"matrix": [[0.4831346571445465, -0.04631872475147247, 0.8743199110031128, -1.1076598167419434], [-0.5503802299499512, -0.7926952242851257, 0.2621365189552307, 0.4609583914279938], [0.6809273362159729, -0.6078559160232544, -0.4084714353084564, 0.5705279111862183], [0.0, 0.0, 0.0, 1.0]]}, "finger1joint1": {"matrix": [[0.4688358008861542, -0.6928297281265259, 0.5478867292404175, -1.1462056636810303], [-0.8382299542427063, -0.1534098982810974, 0.5232930779457092, -0.1987127959728241], [-0.27850204706192017, -0.7045936584472656, -0.6526745557785034, 0.06467768549919128], [0.0, 0.0, 0.0, 1.0]]}, "finger1joint2": {"matrix": [[0.29352840781211853, -0.9539133310317993, 0.062373243272304535, -1.5377780199050903], [-0.9545120000839233, -0.28888458013534546, 0.07383966445922852, -0.28541675209999084], [-0.05241823196411133, -0.08121010661125183, -0.9953175187110901, -0.3335433900356293], [0.0, 0.0, 0.0, 1.0]]}, "finger1joint3": {"matrix": [[0.33313363790512085, -0.7299469113349915, -0.5968244075775146, -1.9467051029205322], [-0.930882453918457, -0.3552735149860382, -0.08507943898439407, -0.40925678610801697], [-0.14993271231651306, 0.5839160680770874, -0.7978482842445374, -0.3683568239212036], [0.0, 0.0, 0.0, 1.0]]}, "Bone.001": {"matrix": [[0.5384919047355652, 0.08235996216535568, 0.8385959267616272, -1.1076598167419434], [-0.7511075139045715, -0.4041617810726166, 0.5220060348510742, 0.4609583914279938], [0.381920725107193, -0.9109719395637512, -0.15577657520771027, 0.5705278515815735], [0.0, 0.0, 0.0, 1.0]]}, "finger2joint1": {"matrix": [[0.6759235858917236, -0.5690314769744873, 0.4683271050453186, -1.0554533004760742], [-0.7324473857879639, -0.4483867287635803, 0.512317955493927, 0.20476683974266052], [-0.08153355866670609, -0.6893129348754883, -0.7198607921600342, -0.006922304630279541], [0.0, 0.0, 0.0, 1.0]]}, "finger2joint2": {"matrix": [[0.5755119919776917, -0.6925072073936462, 0.4349936842918396, -1.5477501153945923], [-0.8141921758651733, -0.43533584475517273, 0.38415294885635376, -0.18315447866916656], [-0.07666055113077164, -0.5752531886100769, -0.8143749833106995, -0.6032806634902954], [0.0, 0.0, 0.0, 1.0]]}, "finger2joint3": {"matrix": [[0.4510997533798218, -0.8421042561531067, 0.29558292031288147, -1.8106374740600586], [-0.8897973895072937, -0.3987368047237396, 0.22196632623672485, -0.3484151065349579], [-0.06905920058488846, -0.36313799023628235, -0.9291723370552063, -0.8216562271118164], [0.0, 0.0, 0.0, 1.0]]}, "Bone.002": {"matrix": [[0.4301385283470154, -0.21645194292068481, 0.8764299154281616, -1.1076598167419434], [-0.8282966017723083, 0.29147931933403015, 0.4785021245479584, 0.46095842123031616], [-0.35903412103652954, -0.9317660331726074, -0.05390987917780876, 0.5705279111862183], [0.0, 0.0, 0.0, 1.0]]}, "finger3joint1": {"matrix": [[0.2346070557832718, -0.35971054434776306, 0.9030879139900208, -1.1988966464996338], [-0.845845103263855, 0.38230055570602417, 0.37201109528541565, 0.5838198661804199], [-0.4790675640106201, -0.8511487245559692, -0.21456894278526306, 0.1777791976928711], [0.0, 0.0, 0.0, 1.0]]}, "finger3joint2": {"matrix": [[0.13956500589847565, -0.9268741607666016, -0.34846213459968567, -1.514427900314331], [-0.788540244102478, -0.316884309053421, 0.5270565152168274, 0.9191668033599854], [-0.5989373922348022, 0.20121780037879944, -0.7751032710075378, -0.5688327550888062], [0.0, 0.0, 0.0, 1.0]]}, "finger3joint3": {"matrix": [[0.15001587569713593, -0.2047637701034546, -0.9672471284866333, -2.114189863204956], [-0.8806794285774231, -0.47229620814323425, -0.036605749279260635, 0.7141172885894775], [-0.44933179020881653, 0.8573259115219116, -0.2511829435825348, -0.4386287331581116], [0.0, 0.0, 0.0, 1.0]]}, "Bone.003": {"matrix": [[0.647606611251831, 0.022554829716682434, 0.7616409659385681, -1.1076598167419434], [-0.14545272290706635, 0.9848406314849854, 0.09451081603765488, 0.460958331823349], [-0.7479632496833801, -0.1719883680343628, 0.6410699486732483, 0.5705278515815735], [0.0, 0.0, 0.0, 1.0]]}, "finger4joint1": {"matrix": [[0.15906810760498047, -0.39585980772972107, 0.9044291973114014, -1.0979924201965332], [-0.7995507717132568, 0.48574480414390564, 0.3532281816005707, 0.8830801248550415], [-0.5791508555412292, -0.7793242931365967, -0.23924346268177032, 0.49681034684181213], [0.0, 0.0, 0.0, 1.0]]}, "finger4joint2": {"matrix": [[0.16738693416118622, -0.9832115173339844, 0.07263991236686707, -1.4912234544754028], [-0.7812358140945435, -0.08733655512332916, 0.618095874786377, 1.365599274635315], [-0.6013749837875366, -0.1602100133895874, -0.7827389240264893, -0.27733850479125977], [0.0, 0.0, 0.0, 1.0]]}, "finger4joint3": {"matrix": [[0.24745742976665497, -0.6793963313102722, -0.6907859444618225, -1.9012843370437622], [-0.7802300453186035, -0.5624446868896484, 0.2736724019050598, 1.3291743993759155], [-0.574461042881012, 0.47124963998794556, -0.6692664623260498, -0.3441561460494995], [0.0, 0.0, 0.0, 1.0]]}}