{"root": {"matrix": [[0.3975222408771515, -0.5056158304214478, -0.7657210230827332, 0.0], [-0.8908752799034119, -0.012762353755533695, -0.4540686011314392, -9.313225746154785e-10], [0.2198117971420288, 0.8626643419265747, -0.45551398396492004, 0.0], [0.0, 0.0, 0.0, 1.0]]}, "carpals": {"matrix": [[0.8439256548881531, -0.5308393239974976, -0.07745277881622314, 0.49016836285591125], [0.4279163181781769, 0.5790446400642395, 0.6939700841903687, -1.9761340618133545], [-0.32353800535202026, -0.6188026070594788, 0.715825617313385, 1.3927003145217896], [0.0, 0.0, 0.0, 1.0]]}, "metacarpals": {"matrix": [[0.28727835416793823, -0.774543821811676, 0.5635183453559875, -0.026865839958190918], [-0.045859549194574356, 0.5765207409858704, 0.8157942891120911, -1.4121479988098145], [-0.9567486047744751, -0.2602027654647827, 0.1301017850637436, 0.7899903059005737], [0.0, 0.0, 0.0, 1.0]]}, "finger5joint1": {"matrix": [[0.012719962745904922, -0.9796075224876404, 0.20051723718643188, -0.7510950565338135], [0.20117607712745667, 0.19894002377986908, 0.9591405391693115, -1.4106898307800293], [-0.9794723987579346, 0.028139088302850723, 0.19960422813892365, 0.7558574676513672], [0.0, 0.0, 0.0, 1.0]]}, "finger5joint2": {"matrix": [[0.14253628253936768, -0.5487162470817566, -0.8237677812576294, -1.785827398300171], [0.9848202466964722, 0.16191211342811584, 0.06255247443914413, -1.2005549669265747], [0.09905454516410828, -0.8201794624328613, 0.5634655952453613, 0.7855799794197083], [0.0, 0.0, 0.0, 1.0]]}, "finger5joint3": {"matrix": [[0.13582290709018707, -0.1505754292011261, -0.9792234897613525, -2.1629791259765625], [0.9906907677650452, 0.011545338667929173, 0.1356380730867386, -1.0892671346664429], [-0.00911820586770773, -0.9885309338569641, 0.15074199438095093, 0.22184191644191742], [0.0, 0.0, 0.0, 1.0]]}, "Bone": {"matrix": [[0.7591555714607239, 0.06079306825995445, 0.6480639576911926, -1.2361438274383545], [-0.6435878872871399, -0.07880216836929321, 0.7613043785095215, -0.512039065361023], [0.09735088050365448, -0.9950348138809204, -0.020697375759482384, 0.383741557598114], [0.0, 0.0, 0.0, 1.0]]}, "finger1joint1": {"matrix": [[0.4743228852748871, -0.5971517562866211, 0.6468597054481506, -1.1855525970458984], [-0.1242576539516449, 0.6820066571235657, 0.720712423324585, -0.5776172876358032], [-0.8715375661849976, -0.42222774028778076, 0.2492908388376236, -0.4443141222000122], [0.0, 0.0, 0.0, 1.0]]}, "finger1joint2": {"matrix": [[0.2667072117328644, -0.7918022871017456, 0.5494691729545593, -1.5230498313903809], [-0.35139918327331543, 0.450982928276062, 0.8204465508460999, -0.1921619027853012], [-0.8974329233169556, -0.4119020998477936, -0.15795819461345673, -0.682948112487793], [0.0, 0.0, 0.0, 1.0]]}, "finger1joint3": {"matrix": [[0.34985077381134033, -0.9274255037307739, 0.13223586976528168, -1.8624824285507202], [-0.28281089663505554, 0.03001168929040432, 0.9587058424949646, 0.0011670654639601707], [-0.8930971622467041, -0.372801810503006, -0.25178635120391846, -0.8595237731933594], [0.0, 0.0, 0.0, 1.0]]}, "Bone.001": {"matrix": [[0.8057472109794617, 0.0002312930446350947, 0.592259407043457, -1.2361438274383545], [-0.5377541184425354, 0.41931918263435364, 0.7314310669898987, -0.5120391249656677], [-0.24817658960819244, -0.9078386425971985, 0.33798977732658386, 0.383741557598114], [0.0, 0.0, 0.0, 1.0]]}, "finger2joint1": {"matrix": [[0.7731578946113586, -0.6338058114051819, -0.022734947502613068, -1.235997200012207], [-0.1057434156537056, -0.16417276859283447, 0.9807472229003906, -0.2462395429611206], [-0.6253358125686646, -0.7558686137199402, -0.1939522624015808, -0.19172245264053345], [0.0, 0.0, 0.0, 1.0]]}, "finger2joint2": {"matrix": [[0.711452841758728, -0.5632346272468567, -0.42023974657058716, -1.7843337059020996], [-0.21033568680286407, -0.7412655353546143, 0.6374039649963379, -0.3882734179496765], [-0.6705174446105957, -0.3650915324687958, -0.6458438634872437, -0.845661461353302], [0.0, 0.0, 0.0, 1.0]]}, "finger2joint3": {"matrix": [[0.6768409013748169, -0.47301116585731506, -0.5640448927879333, -1.9981467723846436], [-0.35007572174072266, -0.8808683156967163, 0.3186180889606476, -0.669670045375824], [-0.6475593447685242, -0.01819535717368126, -0.7617975473403931, -0.9842561483383179], [0.0, 0.0, 0.0, 1.0]]}, "Bone.002": {"matrix": [[0.5682761073112488, -0.48831409215927124, 0.6622775793075562, -1.2361438274383545], [-0.10451129078865051, 0.7555167078971863, 0.64673912525177, -0.5120391249656677], [-0.816173791885376, -0.43674182891845703, 0.37830784916877747, 0.383741557598114], [0.0, 0.0, 0.0, 1.0]]}, "finger3joint1": {"matrix": [[0.3874436318874359, 0.06592899560928345, 0.9195329546928406, -1.4419732093811035], [-0.14456455409526825, 0.9894443154335022, -0.0100294454023242, -0.193581223487854], [-0.9104881286621094, -0.12904591858386993, 0.39288488030433655, 0.19965049624443054], [0.0, 0.0, 0.0, 1.0]]}, "finger3joint2": {"matrix": [[0.357027530670166, -0.913813054561615, 0.19359004497528076, -1.384141445159912], [0.014206768944859505, 0.21253706514835358, 0.9770495295524597, 0.674341082572937], [-0.9339858293533325, -0.34608322381973267, 0.08886407315731049, 0.08645378053188324], [0.0, 0.0, 0.0, 1.0]]}, "finger3joint3": {"matrix": [[0.2736040949821472, -0.6310788989067078, -0.7258652448654175, -1.9754518270492554], [-0.1397731751203537, -0.7727373242378235, 0.6191446185112, 0.8118696212768555], [-0.9516324400901794, -0.06794412434101105, -0.29963189363479614, -0.13748985528945923], [0.0, 0.0, 0.0, 1.0]]}, "Bone.003": {"matrix": [[0.48471206426620483, -0.3076777756214142, 0.8187726736068726, -1.2361438274383545], [0.6669765710830688, 0.7356071472167969, -0.11842308938503265, -0.5120391249656677], [-0.565858781337738, 0.6035034656524658, 0.5617715716362, 0.383741557598114], [0.0, 0.0, 0.0, 1.0]]}, "finger4joint1": {"matrix": [[0.4322650134563446, -0.2699557840824127, 0.8603898286819458, -1.3680205345153809], [-0.25059205293655396, 0.8805925846099854, 0.4021936357021332, -0.1967436671257019], [-0.8662276864051819, -0.38946104049682617, 0.3130006790161133, 0.6424148678779602], [0.0, 0.0, 0.0, 1.0]]}, "finger4joint2": {"matrix": [[0.44249677658081055, -0.5944839715957642, 0.6714054346084595, -1.6361836194992065], [-0.22252705693244934, 0.652486264705658, 0.7243912816047668, 0.6780009269714355], [-0.8687220215797424, -0.4699466824531555, 0.15643443167209625, 0.25554022192955017], [0.0, 0.0, 0.0, 1.0]]}, "finger4joint3": {"matrix": [[0.4805130958557129, -0.7231988906860352, 0.49607497453689575, -1.8841208219528198], [-0.28656840324401855, 0.40512576699256897, 0.8681883215904236, 0.9501288533210754], [-0.828845739364624, -0.5593353509902954, -0.012577594257891178, 0.059542909264564514], [0.0, 0.0, 0.0, 1.0]]}}