{"root": {"matrix": [[0.33212313055992126, -0.8315619230270386, -0.4451954662799835, 0.0], [-0.7705219984054565, 0.03305061161518097, -0.6365559697151184, 0.0], [0.5440496206283569, 0.5544478297233582, -0.6297599673271179, 5.960464477539063e-08], [0.0, 0.0, 0.0, 1.0]]}, "carpals": {"matrix": [[0.663676381111145, -0.5177284479141235, -0.5398988127708435, -0.012806892395019531], [0.7450291514396667, 0.39303943514823914, 0.5389351844787598, -1.6385993957519531], [-0.06682045012712479, -0.7599190473556519, 0.6465739607810974, 1.8438581228256226], [0.0, 0.0, 0.0, 1.0]]}, "metacarpals": {"matrix": [[0.5949047207832336, -0.7591806650161743, 0.26406997442245483, -0.5170712471008301], [0.4493107795715332, 0.5864934921264648, 0.6739026308059692, -1.2557811737060547], [-0.6664892435073853, -0.28225839138031006, 0.6900160312652588, 1.1037015914916992], [0.0, 0.0, 0.0, 1.0]]}, "finger5joint1": {"matrix": [[0.5857301950454712, -0.6877003908157349, -0.42893844842910767, -1.1633275747299194], [0.6166370511054993, 0.034650955349206924, 0.7864843606948853, -1.2771477699279785], [-0.5260024666786194, -0.7251670956611633, 0.44435784220695496, 0.7757211327552795], [0.0, 0.0, 0.0, 1.0]]}, "finger5joint2": {"matrix": [[-0.47929447889328003, -0.3833027482032776, -0.7895286083221436, -1.8897265195846558], [0.815558910369873, 0.13784177601337433, -0.5620165467262268, -1.2405468225479126], [0.32425281405448914, -0.9132786393165588, 0.2465391904115677, 0.009747207164764404], [0.0, 0.0, 0.0, 1.0]]}, "finger5joint3": {"matrix": [[-0.4687877297401428, -0.17596031725406647, -0.8656070828437805, -2.153183937072754], [0.8545645475387573, 0.15761931240558624, -0.494848370552063, -1.1458033323287964], [0.22351032495498657, -0.9716961979866028, 0.07647944986820221, -0.6179811954498291], [0.0, 0.0, 0.0, 1.0]]}, "Bone": {"matrix": [[0.8168743848800659, 0.4104507267475128, 0.40527310967445374, -1.702363133430481], [-0.564919114112854, 0.42732539772987366, 0.7058746218681335, -0.34010207653045654], [0.1165432259440422, -0.8055575489997864, 0.5809428095817566, 0.6630178689956665], [0.0, 0.0, 0.0, 1.0]]}, "finger1joint1": {"matrix": [[0.7476832270622253, -0.6574128866195679, -0.09369031339883804, -1.3607909679412842], [0.35852083563804626, 0.28087475895881653, 0.8902649879455566, 0.015512853860855103], [-0.558956503868103, -0.6992263197898865, 0.4457017779350281, -0.007357180118560791], [0.0, 0.0, 0.0, 1.0]]}, "finger1joint2": {"matrix": [[0.7537038326263428, -0.6545214056968689, -0.05943138152360916, -1.7323466539382935], [0.06475972384214401, -0.01602611318230629, 0.9977719783782959, 0.17425718903541565], [-0.6540157198905945, -0.7558735609054565, 0.0303078293800354, -0.402544766664505], [0.0, 0.0, 0.0, 1.0]]}, "finger1joint3": {"matrix": [[0.7673124670982361, -0.5068983435630798, -0.3927920162677765, -2.0129289627075195], [0.1660182774066925, -0.4346137046813965, 0.8851827383041382, 0.16738705337047577], [-0.6194105744361877, -0.7444226145744324, -0.2493300437927246, -0.7265752553939819], [0.0, 0.0, 0.0, 1.0]]}, "Bone.001": {"matrix": [[0.9492959976196289, 0.20176707208156586, 0.24109508097171783, -1.7023630142211914], [-0.29961836338043213, 0.8128892779350281, 0.4994390904903412, -0.34010207653045654], [-0.09521324187517166, -0.5463520884513855, 0.8321259617805481, 0.6630178689956665], [0.0, 0.0, 0.0, 1.0]]}, "finger2joint1": {"matrix": [[0.8162161111831665, -0.43462011218070984, -0.3806524872779846, -1.5744662284851074], [0.3535971939563751, -0.1452544778585434, 0.9240506887435913, 0.17517513036727905], [-0.45690250396728516, -0.8888230323791504, 0.035121530294418335, 0.31669431924819946], [0.0, 0.0, 0.0, 1.0]]}, "finger2joint2": {"matrix": [[0.8052384257316589, -0.3390589952468872, -0.48644617199897766, -1.9504773616790771], [0.2520994544029236, -0.546777606010437, 0.7984232306480408, 0.04950837790966034], [-0.5366905927658081, -0.7655540704727173, -0.3548097312450409, -0.4522700607776642], [0.0, 0.0, 0.0, 1.0]]}, "finger2joint3": {"matrix": [[0.8012579679489136, -0.2728597819805145, -0.5324780941009521, -2.0791897773742676], [0.11536518484354019, -0.8028004169464111, 0.5849801898002625, -0.15805739164352417], [-0.587091326713562, -0.5301496982574463, -0.611771821975708, -0.7428869009017944], [0.0, 0.0, 0.0, 1.0]]}, "Bone.002": {"matrix": [[0.8171980381011963, -0.48448503017425537, 0.3121882379055023, -1.702363133430481], [0.3442189395427704, 0.8447067141532898, 0.40985792875289917, -0.34010210633277893], [-0.4622775614261627, -0.2274738848209381, 0.8570618629455566, 0.6630179286003113], [0.0, 0.0, 0.0, 1.0]]}, "finger3joint1": {"matrix": [[0.873167872428894, 0.19754625856876373, 0.4455932676792145, -1.9065783023834229], [-0.20557519793510437, 0.9781559705734253, -0.030811121687293053, 0.015950262546539307], [-0.44194650650024414, -0.06469953805208206, 0.8947051167488098, 0.5671353340148926], [0.0, 0.0, 0.0, 1.0]]}, "finger3joint2": {"matrix": [[0.8754679560661316, -0.4830765128135681, 0.013889581896364689, -1.7332943677902222], [-0.04696858301758766, -0.05644576996564865, 0.9973000884056091, 0.873970627784729], [-0.48098835349082947, -0.8737568259239197, -0.07210568338632584, 0.5103821158409119], [0.0, 0.0, 0.0, 1.0]]}, "finger3joint3": {"matrix": [[0.8356034755706787, -0.4148593246936798, -0.3600813150405884, -2.045883893966675], [-0.21675166487693787, -0.8513008952140808, 0.4778127670288086, 0.8374456167221069], [-0.5047627687454224, -0.32121407985687256, -0.8012715578079224, -0.05500868707895279], [0.0, 0.0, 0.0, 1.0]]}, "Bone.003": {"matrix": [[0.4644027352333069, -0.6663990020751953, 0.5833030343055725, -1.7023630142211914], [0.8849021792411804, 0.32257387042045593, -0.3359968960285187, -0.34010207653045654], [0.03574986010789871, 0.6722041368484497, 0.7395022511482239, 0.6630178689956665], [0.0, 0.0, 0.0, 1.0]]}, "finger4joint1": {"matrix": [[0.9217355847358704, -0.023193510249257088, 0.38712453842163086, -1.9879945516586304], [-0.15728411078453064, 0.8900750875473022, 0.42781704664230347, -0.20184069871902466], [-0.35449257493019104, -0.4552227258682251, 0.8167662024497986, 0.9511376619338989], [0.0, 0.0, 0.0, 1.0]]}, "finger4joint2": {"matrix": [[0.9282651543617249, -0.18776002526283264, 0.3210446238517761, -2.0110342502593994], [-0.12854890525341034, 0.6480351090431213, 0.7506830096244812, 0.6823234558105469], [-0.3489965498447418, -0.738102912902832, 0.577412486076355, 0.49893802404403687], [0.0, 0.0, 0.0, 1.0]]}, "finger4joint3": {"matrix": [[0.9358640909194946, -0.19972001016139984, 0.29029297828674316, -2.089341640472412], [-0.19294022023677826, 0.3989109694957733, 0.8964616060256958, 0.9525948166847229], [-0.2948424518108368, -0.8949756622314453, 0.33479276299476624, 0.19110271334648132], [0.0, 0.0, 0.0, 1.0]]}}