{"root": {"matrix": [[0.22886352241039276, -0.5796961784362793, -0.7820318341255188, 0.0], [-0.5530761480331421, 0.5836637020111084, -0.594511091709137, 5.960464477539063e-08], [0.8010793924331665, 0.5685850977897644, -0.18703687191009521, 5.960464477539063e-08], [0.0, 0.0, 0.0, 1.0]]}, "carpals": {"matrix": [[0.6270354390144348, -0.7211775183677673, 0.2944985628128052, 0.03807377815246582], [-0.1122753843665123, 0.29043713212013245, 0.9502842426300049, -0.6126290559768677], [-0.770857036113739, -0.6289268732070923, 0.10114411264657974, 2.389188289642334], [0.0, 0.0, 0.0, 1.0]]}, "metacarpals": {"matrix": [[-0.058551616966724396, -0.20242489874362946, 0.9775457382202148, -0.664348840713501], [-0.8826425671577454, 0.46797680854797363, 0.04403885081410408, -0.3297450542449951], [-0.46638354659080505, -0.8602449893951416, -0.20606963336467743, 1.7766172885894775], [0.0, 0.0, 0.0, 1.0]]}, "finger5joint1": {"matrix": [[0.27088120579719543, -0.6241170763969421, 0.7328718304634094, -1.1717233657836914], [-0.9367318749427795, 0.004447871819138527, 0.3500189483165741, 0.07407226413488388], [-0.22171272337436676, -0.7813180685043335, -0.5834254622459412, 1.4523065090179443], [0.0, 0.0, 0.0, 1.0]]}, "finger5joint2": {"matrix": [[0.7428088188171387, -0.3655596077442169, -0.5608929395675659, -1.830960750579834], [0.3437580466270447, -0.5106604099273682, 0.7880709767341614, 0.07877042889595032], [-0.5745128393173218, -0.7781975865364075, -0.25365886092185974, 0.6270219087600708], [0.0, 0.0, 0.0, 1.0]]}, "finger5joint3": {"matrix": [[0.7351858019828796, -0.3251424729824066, -0.5947971940040588, -2.0822227001190186], [0.25067365169525146, -0.68485027551651, 0.6842092275619507, -0.27222439646720886], [-0.6298125982284546, -0.6521211266517639, -0.42198747396469116, 0.09213943779468536], [0.0, 0.0, 0.0, 1.0]]}, "Bone": {"matrix": [[0.10754447430372238, -0.24656033515930176, 0.9631417393684387, -0.9803903102874756], [-0.6007236838340759, -0.7880344390869141, -0.13465674221515656, 0.40089669823646545], [0.7921898365020752, -0.5641008019447327, -0.2328633964061737, 0.4335361123085022], [0.0, 0.0, 0.0, 1.0]]}, "finger1joint1": {"matrix": [[-0.00862183142453432, -0.5615940093994141, 0.8273679614067078, -1.1855747699737549], [-0.9340373873710632, 0.29997366666793823, 0.19388023018836975, -0.2548958361148834], [-0.3570708930492401, -0.7711210250854492, -0.5271360874176025, -0.03590163588523865], [0.0, 0.0, 0.0, 1.0]]}, "finger1joint2": {"matrix": [[-0.24887703359127045, -0.9529778957366943, -0.17289689183235168, -1.5029754638671875], [-0.9545266032218933, 0.21108609437942505, 0.21052639186382294, -0.08535721898078918], [-0.16413114964962006, 0.21742987632751465, -0.9621772170066833, -0.4717225134372711], [0.0, 0.0, 0.0, 1.0]]}, "finger1joint3": {"matrix": [[-0.22997693717479706, -0.7906023859977722, -0.567501962184906, -1.9115015268325806], [-0.935396671295166, 0.018631067126989365, 0.353108674287796, 0.005131912417709827], [-0.2685956656932831, 0.6120462417602539, -0.7438114881515503, -0.3785139322280884], [0.0, 0.0, 0.0, 1.0]]}, "Bone.001": {"matrix": [[0.1305645853281021, 0.07261454313993454, 0.9887769222259521, -0.9803903102874756], [-0.8433213233947754, -0.5162622928619385, 0.14927130937576294, 0.40089669823646545], [0.5213074088096619, -0.8533465266227722, -0.006168108433485031, 0.4335361123085022], [0.0, 0.0, 0.0, 1.0]]}, "finger2joint1": {"matrix": [[0.2062530219554901, -0.5291347503662109, 0.8230893015861511, -0.9343611001968384], [-0.9780339598655701, -0.08556588739156723, 0.1900724172592163, 0.07364646345376968], [-0.030145753175020218, -0.8442124724388123, -0.5351600050926208, -0.10738629102706909], [0.0, 0.0, 0.0, 1.0]]}, "finger2joint2": {"matrix": [[0.0806073248386383, -0.8756338357925415, 0.47620123624801636, -1.3921414613723755], [-0.9951272010803223, -0.04348217323422432, 0.08849206566810608, -0.0003807768225669861], [-0.0567806102335453, -0.4810139536857605, -0.874872088432312, -0.8377558588981628], [0.0, 0.0, 0.0, 1.0]]}, "finger2joint3": {"matrix": [[-0.06323210895061493, -0.9964227080345154, -0.05606446787714958, -1.7245464324951172], [-0.9974470138549805, 0.06122995540499687, 0.03673994541168213, -0.016887323930859566], [-0.03317592293024063, 0.058244504034519196, -0.9977507591247559, -1.0203566551208496], [0.0, 0.0, 0.0, 1.0]]}, "Bone.002": {"matrix": [[0.12864187359809875, 0.07600761950016022, 0.9887740015983582, -0.9803903102874756], [-0.9666797518730164, 0.2321261465549469, 0.10792365670204163, 0.40089666843414307], [-0.22131749987602234, -0.9697112441062927, 0.10333620011806488, 0.4335360825061798], [0.0, 0.0, 0.0, 1.0]]}, "finger3joint1": {"matrix": [[0.047386184334754944, -0.553119957447052, 0.8317528367042542, -0.9483523368835449], [-0.974812388420105, 0.15606772899627686, 0.15932230651378632, 0.49874019622802734], [-0.21793438494205475, -0.8183525800704956, -0.5317926406860352, 0.024793028831481934], [0.0, 0.0, 0.0, 1.0]]}, "finger3joint2": {"matrix": [[-0.072972871363163, -0.9221431016921997, -0.3799038827419281, -1.4335389137268066], [-0.9433083534240723, -0.05985364690423012, 0.32647621631622314, 0.6356399059295654], [-0.3237966299057007, 0.38219043612480164, -0.8654975891113281, -0.6930506825447083], [0.0, 0.0, 0.0, 1.0]]}, "finger3joint3": {"matrix": [[-0.053707610815763474, -0.46277886629104614, -0.8848452568054199, -2.0302395820617676], [-0.9865673780441284, -0.11231078952550888, 0.11862101405858994, 0.596909761428833], [-0.15427318215370178, 0.8793303370475769, -0.450530469417572, -0.44574278593063354], [0.0, 0.0, 0.0, 1.0]]}, "Bone.003": {"matrix": [[0.6572360396385193, 0.4325532913208008, 0.6172021627426147, -0.9803903102874756], [-0.4678477644920349, 0.8761819005012512, -0.11585985869169235, 0.40089666843414307], [-0.5908969640731812, -0.2126091867685318, 0.7782274484634399, 0.4335360825061798], [0.0, 0.0, 0.0, 1.0]]}, "finger4joint1": {"matrix": [[-0.06447891145944595, -0.615591824054718, 0.7854228019714355, -0.7949895858764648], [-0.8800352811813354, 0.40616926550865173, 0.2460976541042328, 0.7764452695846558], [-0.4705105125904083, -0.6753316521644592, -0.5679318308830261, 0.3424077033996582], [0.0, 0.0, 0.0, 1.0]]}, "finger4joint2": {"matrix": [[-0.06339460611343384, -0.9979381561279297, 0.010017523542046547, -1.4064931869506836], [-0.865576982498169, 0.05997702479362488, 0.49717074632644653, 1.1799172163009644], [-0.49674665927886963, 0.0228470116853714, -0.8675945401191711, -0.3284391462802887], [0.0, 0.0, 0.0, 1.0]]}, "finger4joint3": {"matrix": [[0.0196396391838789, -0.8799667954444885, -0.47462883591651917, -1.8226960897445679], [-0.8747468590736389, -0.24501857161521912, 0.418070912361145, 1.204931378364563], [-0.48418155312538147, 0.4069693386554718, -0.774560272693634, -0.31891047954559326], [0.0, 0.0, 0.0, 1.0]]}}