{"root": {"matrix": [[0.36603403091430664, -0.8735331892967224, -0.320872038602829, 0.0], [-0.91536545753479, -0.2758248448371887, -0.29330310225486755, -2.9802322387695312e-08], [0.1677054464817047, 0.401074081659317, -0.9005634188652039, 0.0], [0.0, 0.0, 0.0, 1.0]]}, "carpals": {"matrix": [[0.8100537657737732, -0.3778686821460724, -0.4483613967895508, 0.008822381496429443], [0.5764808058738708, 0.6529779434204102, 0.49121204018592834, -2.307082176208496], [0.10715651512145996, -0.6563800573348999, 0.7467814683914185, 0.8730863332748413], [0.0, 0.0, 0.0, 1.0]]}, "metacarpals": {"matrix": [[0.255302369594574, -0.7091320157051086, 0.657230794429779, -0.35921943187713623], [0.13350053131580353, 0.6991004943847656, 0.7024497985839844, -1.6710853576660156], [-0.9576001763343811, -0.09159648418426514, 0.27315160632133484, 0.23377612233161926], [0.0, 0.0, 0.0, 1.0]]}, "finger5joint1": {"matrix": [[0.4622202217578888, -0.7849571704864502, 0.41254639625549316, -1.0790596008300781], [0.10571086406707764, 0.5106835961341858, 0.8532450199127197, -1.584519863128662], [-0.8804416656494141, -0.3507765233516693, 0.3190268874168396, 0.23716506361961365], [0.0, 0.0, 0.0, 1.0]]}, "finger5joint2": {"matrix": [[0.4544323980808258, -0.41160398721694946, -0.7899828553199768, -1.9081881046295166], [0.8104018568992615, 0.559180736541748, 0.1748286932706833, -1.0450990200042725], [0.3697831630706787, -0.719651460647583, 0.5876747965812683, -0.13335052132606506], [0.0, 0.0, 0.0, 1.0]]}, "finger5joint3": {"matrix": [[0.4568219780921936, -0.04296962916851044, -0.8885194659233093, -2.1910979747772217], [0.8482056260108948, 0.3220381736755371, 0.4205209016799927, -0.6607544422149658], [0.26806768774986267, -0.9457507729530334, 0.18356138467788696, -0.6279921531677246], [0.0, 0.0, 0.0, 1.0]]}, "Bone": {"matrix": [[0.6819014549255371, 0.02561637945473194, 0.730995237827301, -1.4663712978363037], [-0.7269616723060608, 0.1342020034790039, 0.6734360456466675, -0.5795954465866089], [-0.08084999024868011, -0.9906227588653564, 0.11013471335172653, 0.09076857566833496], [0.0, 0.0, 0.0, 1.0]]}, "finger1joint1": {"matrix": [[0.43586310744285583, -0.32151010632514954, 0.8406274318695068, -1.4450538158416748], [0.01328368205577135, 0.9362131357192993, 0.3511808514595032, -0.4679141342639923], [-0.8999148607254028, -0.1419002264738083, 0.41233178973197937, -0.7336154580116272], [0.0, 0.0, 0.0, 1.0]]}, "finger1joint2": {"matrix": [[0.16557440161705017, -0.5821214914321899, 0.796065092086792, -1.6267642974853516], [-0.11299390345811844, 0.7906928658485413, 0.6016949415206909, 0.06121322512626648], [-0.9797027111053467, -0.18957588076591492, 0.06514240801334381, -0.8138144016265869], [0.0, 0.0, 0.0, 1.0]]}, "finger1joint3": {"matrix": [[0.2665873169898987, -0.8512364029884338, 0.4520261585712433, -1.8763103485107422], [-0.0804092213511467, 0.4477204382419586, 0.8905505537986755, 0.4001702666282654], [-0.9604507088661194, -0.2737566828727722, 0.050909385085105896, -0.8950824737548828], [0.0, 0.0, 0.0, 1.0]]}, "Bone.001": {"matrix": [[0.7314999103546143, 0.025324316695332527, 0.6813709139823914, -1.4663714170455933], [-0.5538945198059082, 0.6048365831375122, 0.5721652507781982, -0.5795954465866089], [-0.39762839674949646, -0.7959466576576233, 0.45646506547927856, 0.09076860547065735], [0.0, 0.0, 0.0, 1.0]]}, "finger2joint1": {"matrix": [[0.7253486514091492, -0.6856290102005005, -0.061497896909713745, -1.450318694114685], [-0.004064827226102352, -0.09360148012638092, 0.995601236820221, -0.1961994171142578], [-0.6883693933486938, -0.7219082117080688, -0.07068070024251938, -0.4137689471244812], [0.0, 0.0, 0.0, 1.0]]}, "finger2joint2": {"matrix": [[0.6629406809806824, -0.334626704454422, -0.6697271466255188, -2.043489694595337], [-0.10450141876935959, -0.9271556735038757, 0.3598073422908783, -0.27717864513397217], [-0.7413426637649536, -0.1685434728860855, -0.6496183276176453, -1.0383270978927612], [0.0, 0.0, 0.0, 1.0]]}, "finger2joint3": {"matrix": [[0.6773573756217957, -0.10716397315263748, -0.7278067469596863, -2.1705198287963867], [-0.24188312888145447, -0.9667686820030212, -0.08276734501123428, -0.629142165184021], [-0.6947512030601501, 0.23210731148719788, -0.6807692050933838, -1.102308988571167], [0.0, 0.0, 0.0, 1.0]]}, "Bone.002": {"matrix": [[0.5311615467071533, -0.408769428730011, 0.7421420812606812, -1.4663714170455933], [0.015782004222273827, 0.8805422186851501, 0.4737045168876648, -0.5795954465866089], [-0.8471235036849976, -0.23990114033222198, 0.4741614758968353, 0.09076858311891556], [0.0, 0.0, 0.0, 1.0]]}, "finger3joint1": {"matrix": [[0.34915316104888916, 0.1802966445684433, 0.9195570349693298, -1.638671875], [0.0035787494853138924, 0.9810516238212585, -0.1937125325202942, -0.20843809843063354], [-0.9370588660240173, 0.0709262564778328, 0.3418920338153839, -0.010352153331041336], [0.0, 0.0, 0.0, 1.0]]}, "finger3joint2": {"matrix": [[0.337331086397171, -0.9056683778762817, 0.2568511664867401, -1.4805189371109009], [0.16617193818092346, 0.3258448839187622, 0.9307048916816711, 0.6521222591400146], [-0.9266037940979004, -0.27127426862716675, 0.2604144215583801, 0.05186304450035095], [0.0, 0.0, 0.0, 1.0]]}, "finger3joint3": {"matrix": [[0.2439786046743393, -0.35115846991539, -0.9039703011512756, -2.066559076309204], [0.023253178223967552, -0.9297524094581604, 0.36744964122772217, 0.8629701137542725], [-0.969501793384552, -0.11067013442516327, -0.2186741828918457, -0.12367318570613861], [0.0, 0.0, 0.0, 1.0]]}, "Bone.003": {"matrix": [[0.5438406467437744, -0.2049054503440857, 0.813788115978241, -1.4663714170455933], [0.7184444069862366, 0.6148223280906677, -0.32531657814979553, -0.5795954465866089], [-0.4336759150028229, 0.7615820169448853, 0.48157864809036255, 0.09076857566833496], [0.0, 0.0, 0.0, 1.0]]}, "finger4joint1": {"matrix": [[0.4001937210559845, -0.07802677899599075, 0.9131027460098267, -1.554197907447815], [-0.17452484369277954, 0.9716448783874512, 0.15952003002166748, -0.3160706162452698], [-0.899658739566803, -0.2231980413198471, 0.3752287030220032, 0.41719743609428406], [0.0, 0.0, 0.0, 1.0]]}, "finger4joint2": {"matrix": [[0.4158574342727661, -0.557935893535614, 0.718171238899231, -1.6317063570022583], [-0.1490929126739502, 0.7371830940246582, 0.6590384840965271, 0.6491215229034424], [-0.8971251249313354, -0.3811403810977936, 0.22337891161441803, 0.19548164308071136], [0.0, 0.0, 0.0, 1.0]]}, "finger4joint3": {"matrix": [[0.4502466022968292, -0.7733839154243469, 0.4462680220603943, -1.8644007444381714], [-0.21948078274726868, 0.38860055804252625, 0.8948838710784912, 0.9565733075141907], [-0.8655089139938354, -0.5008658170700073, 0.005223261658102274, 0.03652213513851166], [0.0, 0.0, 0.0, 1.0]]}}