{"root": {"matrix": [[0.29977455735206604, -0.7961823344230652, 0.525574803352356, -5.960464477539063e-08], [0.629071831703186, -0.24920324981212616, -0.7363194823265076, 1.4901161193847656e-08], [0.7172195911407471, 0.5513541102409363, 0.4261510372161865, 5.960464477539063e-08], [0.0, 0.0, 0.0, 1.0]]}, "carpals": {"matrix": [[-0.6206475496292114, -0.513318657875061, -0.5927059054374695, -0.16047236323356628], [0.7822104692459106, -0.4576471447944641, -0.4227360486984253, 1.2614870071411133], [-0.0542517751455307, -0.7259908318519592, 0.6855608224868774, 2.113737106323242], [0.0, 0.0, 0.0, 1.0]]}, "metacarpals": {"matrix": [[-0.8260669112205505, -0.36675506830215454, -0.42790648341178894, -0.6604415774345398], [0.5634766817092896, -0.551448404788971, -0.6151410937309265, 0.8157414197921753], [-0.010362137109041214, -0.7492629885673523, 0.6621912121772766, 1.4066264629364014], [0.0, 0.0, 0.0, 1.0]]}, "finger5joint1": {"matrix": [[-0.6066970825195312, -0.6451586484909058, -0.46442297101020813, -0.5487642884254456], [0.6383302211761475, -0.04719793424010277, -0.7683143019676208, 0.6552250385284424], [0.4737648665904999, -0.762589156627655, 0.44045910239219666, 0.7084592580795288], [0.0, 0.0, 0.0, 1.0]]}, "finger5joint2": {"matrix": [[-0.40591657161712646, -0.9070712924003601, -0.11159162223339081, -1.2302274703979492], [-0.7748796343803406, 0.40632981061935425, -0.48420798778533936, 0.6053711771965027], [0.4845542907714844, -0.11007770150899887, -0.8678072094917297, -0.0970425084233284], [0.0, 0.0, 0.0, 1.0]]}, "finger5joint3": {"matrix": [[-0.4820619225502014, -0.8133452534675598, -0.3257071077823639, -1.853689432144165], [-0.7057244777679443, 0.5807719826698303, -0.4057789742946625, 0.8846558928489685], [0.5192000865936279, 0.03424916788935661, -0.8539657592773438, -0.17270277440547943], [0.0, 0.0, 0.0, 1.0]]}, "Bone": {"matrix": [[0.2696153223514557, -0.7966076135635376, -0.5410394668579102, -1.2330480813980103], [0.681890606880188, 0.5546541810035706, -0.47684773802757263, -0.04522264003753662], [0.6799502968788147, -0.2403641790151596, 0.6927425265312195, 0.23681893944740295], [0.0, 0.0, 0.0, 1.0]]}, "finger1joint1": {"matrix": [[-0.5313779711723328, -0.5166509747505188, -0.6713486313819885, -1.8959749937057495], [0.5757104158401489, 0.36111980676651, -0.7335869669914246, 0.416353702545166], [0.6214457154273987, -0.7763143181800842, 0.10555031895637512, 0.03679078817367554], [0.0, 0.0, 0.0, 1.0]]}, "finger1joint2": {"matrix": [[-0.2913094758987427, -0.15360061824321747, -0.9442168474197388, -2.1879749298095703], [0.7643817663192749, 0.556106448173523, -0.32629138231277466, 0.6204508543014526], [0.5752036571502686, -0.8167939186096191, -0.04458944872021675, -0.4019652009010315], [0.0, 0.0, 0.0, 1.0]]}, "finger1joint3": {"matrix": [[-0.37960317730903625, 0.24151918292045593, -0.8930675983428955, -2.2538208961486816], [0.7064882516860962, 0.6989210844039917, -0.11128181964159012, 0.8588445782661438], [0.5973071455955505, -0.6731846332550049, -0.43594297766685486, -0.7521113753318787], [0.0, 0.0, 0.0, 1.0]]}, "Bone.001": {"matrix": [[-0.08157584071159363, -0.9727939963340759, -0.21683385968208313, -1.2330479621887207], [0.7680396437644958, 0.07729518413543701, -0.6357203722000122, -0.045222632586956024], [0.635185182094574, -0.21839633584022522, 0.7408389449119568, 0.23681893944740295], [0.0, 0.0, 0.0, 1.0]]}, "finger2joint1": {"matrix": [[-0.7642785310745239, -0.6049067974090576, -0.2235303372144699, -1.8496861457824707], [0.641236424446106, -0.676015317440033, -0.36306875944137573, 0.003773510456085205], [0.0685129165649414, -0.4208213984966278, 0.9045523405075073, 0.09838104248046875], [0.0, 0.0, 0.0, 1.0]]}, "finger2joint2": {"matrix": [[-0.7919086813926697, -0.18169346451759338, -0.5829818844795227, -2.373020648956299], [0.6082727909088135, -0.31868934631347656, -0.7269395589828491, -0.581080436706543], [-0.05370984971523285, -0.9302816987037659, 0.36289215087890625, -0.26569217443466187], [0.0, 0.0, 0.0, 1.0]]}, "finger2joint3": {"matrix": [[-0.7522423267364502, 0.49704715609550476, -0.4325220286846161, -2.4419946670532227], [0.6302104592323303, 0.3512221872806549, -0.6924431324005127, -0.7020601034164429], [-0.19226546585559845, -0.7934650182723999, -0.5774484872817993, -0.618842363357544], [0.0, 0.0, 0.0, 1.0]]}, "Bone.002": {"matrix": [[-0.7333415150642395, -0.6624870300292969, -0.1527121514081955, -1.2330480813980103], [0.6143084168434143, -0.5494669675827026, -0.5663137435913086, -0.04522262513637543], [0.2912653386592865, -0.5091135501861572, 0.809918224811554, 0.23681893944740295], [0.0, 0.0, 0.0, 1.0]]}, "finger3joint1": {"matrix": [[-0.04096419736742973, -0.9057241082191467, -0.4218834936618805, -1.5122931003570557], [0.6953450441360474, 0.27737143635749817, -0.6629934906959534, -0.27682846784591675], [0.717507541179657, -0.3205133378505707, 0.6184284687042236, 0.022222429513931274], [0.0, 0.0, 0.0, 1.0]]}, "finger3joint2": {"matrix": [[-0.1672668308019638, -0.00980015005916357, -0.9858629703521729, -2.3067774772644043], [0.7556452751159668, 0.6410061120986938, -0.13457871973514557, -0.033523380756378174], [0.6332629323005676, -0.7674731016159058, -0.09981337189674377, -0.2589259743690491], [0.0, 0.0, 0.0, 1.0]]}, "finger3joint3": {"matrix": [[0.0006247868295758963, 0.4064105451107025, -0.9136903285980225, -2.3131189346313477], [0.798374354839325, 0.5499863028526306, 0.2451806515455246, 0.3812590539455414], [0.6021609902381897, -0.729620099067688, -0.3241238594055176, -0.7555426359176636], [0.0, 0.0, 0.0, 1.0]]}, "Bone.003": {"matrix": [[-0.9125252366065979, 0.17631244659423828, 0.3690682053565979, -1.2330480813980103], [-0.17736871540546417, -0.9836446046829224, 0.03136344626545906, -0.04522264003753662], [0.36856183409690857, -0.03684123605489731, 0.92887282371521, 0.23681892454624176], [0.0, 0.0, 0.0, 1.0]]}, "finger4joint1": {"matrix": [[-0.6592907905578613, -0.6956225037574768, -0.2853848934173584, -1.1574771404266357], [0.7277589440345764, -0.4949968159198761, -0.4747051000595093, -0.466831773519516], [0.18895108997821808, -0.5206600427627563, 0.8325924277305603, 0.22102811932563782], [0.0, 0.0, 0.0, 1.0]]}, "finger4joint2": {"matrix": [[-0.6804512143135071, -0.5167484879493713, -0.5195735096931458, -1.848479986190796], [0.7069183588027954, -0.276145339012146, -0.6511604189872742, -0.9585413932800293], [0.19300849735736847, -0.8103789687156677, 0.5532026886940002, -0.2961742579936981], [0.0, 0.0, 0.0, 1.0]]}, "finger4joint3": {"matrix": [[-0.6274672746658325, -0.4008660316467285, -0.6675258278846741, -2.0639965534210205], [0.7368763089179993, -0.02870514616370201, -0.6754177212715149, -1.0737112760543823], [0.25159069895744324, -0.9156864881515503, 0.3134004473686218, -0.6341532468795776], [0.0, 0.0, 0.0, 1.0]]}}