{"root": {"matrix": [[0.7031843662261963, -0.3304294943809509, 0.6295618414878845, 0.0], [0.5321080684661865, 0.8318547606468201, -0.15772990882396698, 0.0], [-0.47158533334732056, 0.44590818881988525, 0.7607714533805847, 0.0], [0.0, 0.0, 0.0, 1.0]]}, "carpals": {"matrix": [[-0.23258627951145172, -0.8673053979873657, -0.44009605050086975, 1.196023941040039], [0.5359273552894592, -0.49189847707748413, 0.686161458492279, 2.0353145599365234], [-0.8115943074226379, -0.07626782357692719, 0.5792216658592224, -0.7155465483665466], [0.0, 0.0, 0.0, 1.0]]}, "metacarpals": {"matrix": [[-0.45377248525619507, -0.8911117911338806, 0.0031507136300206184, 0.351273775100708], [0.5272367596626282, -0.26562589406967163, 0.8071332573890686, 1.5562082529067993], [-0.7184092402458191, 0.3679161071777344, 0.5903607606887817, -0.7898309230804443], [0.0, 0.0, 0.0, 1.0]]}, "finger5joint1": {"matrix": [[0.04891717806458473, -0.9963932037353516, -0.06933381408452988, -0.07893109321594238], [0.6703636646270752, -0.01870667189359665, 0.7417967915534973, 0.9800834059715271], [-0.7404184937477112, -0.08276553452014923, 0.6670308709144592, -0.6966716051101685], [0.0, 0.0, 0.0, 1.0]]}, "finger5joint2": {"matrix": [[-0.0005575729301199317, -0.9855068325996399, -0.1696319431066513, -1.131393551826477], [0.7144641876220703, 0.11829415708780289, -0.6895991563796997, 0.9603239893913269], [0.6996715068817139, -0.12158042937517166, 0.7040438055992126, -0.784094512462616], [0.0, 0.0, 0.0, 1.0]]}, "finger5joint3": {"matrix": [[-0.08321768790483475, -0.929664671421051, -0.35888373851776123, -1.8087670803070068], [0.759264349937439, 0.17410333454608917, -0.6270607709884644, 1.0416316986083984], [0.6454393863677979, -0.32467031478881836, 0.6913731694221497, -0.8676609992980957], [0.0, 0.0, 0.0, 1.0]]}, "Bone": {"matrix": [[0.8068280220031738, -0.590332567691803, -0.02314319647848606, -1.0399991273880005], [0.2746526896953583, 0.3401185870170593, 0.8993803858757019, 1.1414923667907715], [-0.5230621695518494, -0.7320018410682678, 0.4365537166595459, -0.2154117226600647], [0.0, 0.0, 0.0, 1.0]]}, "finger1joint1": {"matrix": [[-0.3366267681121826, -0.9255197048187256, -0.17347973585128784, -1.531266689300537], [0.5811750292778015, -0.34916359186172485, 0.7350647449493408, 1.4245349168777466], [-0.7408899664878845, 0.14662030339241028, 0.6554269194602966, -0.8245745897293091], [0.0, 0.0, 0.0, 1.0]]}, "finger1joint2": {"matrix": [[-0.24924717843532562, -0.49023106694221497, -0.835193932056427, -2.0543501377105713], [0.33664965629577637, -0.8524872660636902, 0.3999153673648834, 1.2271952629089355], [-0.9080434441566467, -0.18149012327194214, 0.3775162100791931, -0.741707980632782], [0.0, 0.0, 0.0, 1.0]]}, "finger1joint3": {"matrix": [[-0.3143945634365082, 0.23383736610412598, -0.9200411438941956, -2.2645044326782227], [0.40646690130233765, -0.8426880240440369, -0.35307419300079346, 0.8617479801177979], [-0.8578699827194214, -0.4849710166454315, 0.16988930106163025, -0.8195098042488098], [0.0, 0.0, 0.0, 1.0]]}, "Bone.001": {"matrix": [[0.550829291343689, -0.8104966282844543, 0.1992029994726181, -1.0399991273880005], [0.4775375723838806, 0.5018033981323242, 0.7212148904800415, 1.141492486000061], [-0.6845031380653381, -0.3021394610404968, 0.6634508371353149, -0.2154117077589035], [0.0, 0.0, 0.0, 1.0]]}, "finger2joint1": {"matrix": [[-0.31982317566871643, -0.513935923576355, -0.7959789633750916, -1.5537596940994263], [0.558682382106781, -0.7808086276054382, 0.2796633839607239, 1.4595774412155151], [-0.765236496925354, -0.35525673627853394, 0.5368477702140808, -0.40693292021751404], [0.0, 0.0, 0.0, 1.0]]}, "finger2joint2": {"matrix": [[-0.2900560200214386, -0.36784470081329346, -0.883491575717926, -1.9983909130096436], [0.4575384855270386, -0.8641393184661865, 0.2095746248960495, 0.7840616703033447], [-0.8405510187149048, -0.3434431254863739, 0.41895198822021484, -0.7142829895019531], [0.0, 0.0, 0.0, 1.0]]}, "finger2joint3": {"matrix": [[-0.2502220869064331, -0.1191888377070427, -0.9608238339424133, -2.138030767440796], [0.334835946559906, -0.9418102502822876, 0.029630862176418304, 0.45602020621299744], [-0.9084457159042358, -0.3143041729927063, 0.27557048201560974, -0.8446595668792725], [0.0, 0.0, 0.0, 1.0]]}, "Bone.002": {"matrix": [[-0.17351463437080383, -0.9357824921607971, 0.3069256842136383, -1.0399991273880005], [0.68076491355896, 0.11123697459697723, 0.7240064740180969, 1.141492486000061], [-0.7116542458534241, 0.3345699906349182, 0.6177468299865723, -0.2154117226600647], [0.0, 0.0, 0.0, 1.0]]}, "finger3joint1": {"matrix": [[-0.3381381332874298, -0.8742823004722595, 0.34827089309692383, -1.4344406127929688], [0.5562998652458191, 0.11280309408903122, 0.8232896327972412, 1.1883800029754639], [-0.7590739130973816, 0.4721287488937378, 0.4482201933860779, -0.07438710331916809], [0.0, 0.0, 0.0, 1.0]]}, "finger3joint2": {"matrix": [[-0.48538047075271606, -0.258422315120697, -0.8352383971214294, -2.2013449668884277], [0.5347761511802673, -0.843525767326355, -0.04978681355714798, 1.2873287200927734], [-0.6916793584823608, -0.4708312749862671, 0.547629177570343, 0.33975550532341003], [0.0, 0.0, 0.0, 1.0]]}, "finger3joint3": {"matrix": [[-0.3502260148525238, 0.5767694711685181, -0.7380231618881226, -2.368565082550049], [0.49301382899284363, -0.5564369559288025, -0.668816328048706, 0.7414999604225159], [-0.7964164614677429, -0.5980926752090454, -0.08947674185037613, 0.035089850425720215], [0.0, 0.0, 0.0, 1.0]]}, "Bone.003": {"matrix": [[-0.43193989992141724, -0.13132376968860626, 0.8922901153564453, -1.0399991273880005], [0.9014185667037964, -0.09525921195745468, 0.42233890295028687, 1.141492486000061], [0.02953573502600193, 0.9867521524429321, 0.15952405333518982, -0.2154117226600647], [0.0, 0.0, 0.0, 1.0]]}, "finger4joint1": {"matrix": [[0.2705628275871277, -0.8080037832260132, 0.5233784914016724, -1.0962870121002197], [0.39610791206359863, 0.5889397263526917, 0.704448938369751, 1.1006624698638916], [-0.877436101436615, 0.01671658828854561, 0.4794020652770996, 0.20752942562103271], [0.0, 0.0, 0.0, 1.0]]}, "finger4joint2": {"matrix": [[0.26202577352523804, -0.680974543094635, -0.6838241219520569, -1.8989248275756836], [0.4230332672595978, -0.555828869342804, 0.7156094312667847, 1.6856911182403564], [-0.8674012422561646, -0.476788729429245, 0.14243341982364655, 0.22413499653339386], [0.0, 0.0, 0.0, 1.0]]}, "finger4joint3": {"matrix": [[0.3277008533477783, 0.039457764476537704, -0.9439567923545837, -2.182934045791626], [0.4572591781616211, -0.8809370398521423, 0.12191706895828247, 1.4538755416870117], [-0.8267561793327332, -0.4715854525566101, -0.30672645568847656, 0.025284111499786377], [0.0, 0.0, 0.0, 1.0]]}}