{"root": {"matrix": [[-0.06538023054599762, -0.9726341366767883, -0.22295360267162323, 0.0], [-0.4198576807975769, 0.22950495779514313, -0.8780928254127502, 0.0], [0.9052319526672363, 0.03619888797402382, -0.4233730435371399, 0.0], [0.0, 0.0, 0.0, 1.0]]}, "carpals": {"matrix": [[0.9054552316665649, -0.2092398852109909, -0.36928218603134155, -1.0748199224472046], [0.37483879923820496, -0.013951605185866356, 0.9269848465919495, -0.6261332631111145], [-0.19911418855190277, -0.9777647256851196, 0.06579887866973877, 2.1301887035369873], [0.0, 0.0, 0.0, 1.0]]}, "metacarpals": {"matrix": [[0.5867273211479187, -0.374468058347702, 0.7180003523826599, -1.278618335723877], [-0.4414691925048828, 0.5953919291496277, 0.6712772250175476, -0.6397220492362976], [-0.6788637042045593, -0.7108317017555237, 0.18401677906513214, 1.1778517961502075], [0.0, 0.0, 0.0, 1.0]]}, "finger5joint1": {"matrix": [[0.6606624722480774, -0.19560398161411285, 0.7247510552406311, -1.8906282186508179], [-0.5384527444839478, 0.5492323637008667, 0.6390712261199951, -0.49862906336784363], [-0.5230618119239807, -0.8124545216560364, 0.2575339078903198, 0.8156207203865051], [0.0, 0.0, 0.0, 1.0]]}, "finger5joint2": {"matrix": [[0.7118348479270935, -0.0997331440448761, -0.6952295303344727, -2.0972392559051514], [0.6354824304580688, 0.5129811763763428, 0.5770717859268188, 0.08150988817214966], [0.2990867495536804, -0.8525858521461487, 0.4285367429256439, -0.04255247116088867], [0.0, 0.0, 0.0, 1.0]]}, "finger5joint3": {"matrix": [[0.7366064786911011, -0.03901802748441696, -0.6751948595046997, -2.1657896041870117], [0.6478584408760071, 0.327280193567276, 0.687870979309082, 0.43409985303878784], [0.1941387802362442, -0.9441209435462952, 0.26635509729385376, -0.6285645961761475], [0.0, 0.0, 0.0, 1.0]]}, "Bone": {"matrix": [[0.39852115511894226, 0.3941121995449066, 0.8281643986701965, -1.863266944885254], [-0.7110491991043091, -0.4375724792480469, 0.5503988862037659, 0.28985005617141724], [0.5793008208274841, -0.8082115054130554, 0.1058514416217804, 0.0680462121963501], [0.0, 0.0, 0.0, 1.0]]}, "finger1joint1": {"matrix": [[0.8767372369766235, -0.4705088436603546, 0.09976523369550705, -1.5352916717529297], [-0.42352935671806335, -0.656940758228302, 0.6237397789955139, -0.07429239153862], [-0.22793541848659515, -0.5891097187995911, -0.7752386927604675, -0.6045373678207397], [0.0, 0.0, 0.0, 1.0]]}, "finger1joint2": {"matrix": [[0.8139669299125671, -0.5520116686820984, 0.1809445470571518, -1.801213026046753], [-0.5800970196723938, -0.7888736724853516, 0.20289283990859985, -0.4455810487270355], [0.030743036419153214, -0.2701137065887451, -0.9623374342918396, -0.9374894499778748], [0.0, 0.0, 0.0, 1.0]]}, "finger1joint3": {"matrix": [[0.847807765007019, -0.5122924447059631, -0.13703452050685883, -2.037851333618164], [-0.5272330641746521, -0.8420380353927612, -0.11400413513183594, -0.7837581634521484], [-0.05698496103286743, 0.16890251636505127, -0.9839839935302734, -1.0532827377319336], [0.0, 0.0, 0.0, 1.0]]}, "Bone.001": {"matrix": [[0.6030522584915161, 0.48035722970962524, 0.6368553042411804, -1.863266944885254], [-0.7469804286956787, 0.05991491302847862, 0.6621404886245728, 0.28984999656677246], [0.2799067497253418, -0.8750239014625549, 0.3949494957923889, 0.06804627180099487], [0.0, 0.0, 0.0, 1.0]]}, "finger2joint1": {"matrix": [[0.6128554940223694, -0.7831697463989258, -0.10513366013765335, -1.5587763786315918], [-0.5269246697425842, -0.504185140132904, 0.6842129230499268, 0.32782912254333496], [-0.5888618230819702, -0.36392632126808167, -0.7216640710830688, -0.4866170585155487], [0.0, 0.0, 0.0, 1.0]]}, "finger2joint2": {"matrix": [[0.5466035008430481, -0.3090990483760834, -0.778255820274353, -2.236334800720215], [-0.6313258409500122, -0.7626854181289673, -0.14049303531646729, -0.10836610198020935], [-0.5501384139060974, 0.568126916885376, -0.6120288968086243, -0.8014675378799438], [0.0, 0.0, 0.0, 1.0]]}, "finger2joint3": {"matrix": [[0.5748817324638367, 0.3097739815711975, -0.757331371307373, -2.3536739349365234], [-0.6995417475700378, -0.29404640197753906, -0.651289165019989, -0.397894024848938], [-0.42444324493408203, 0.9041993021965027, 0.0476577952504158, -0.5857972502708435], [0.0, 0.0, 0.0, 1.0]]}, "Bone.002": {"matrix": [[0.7570880055427551, -0.0006003667949698865, 0.653312623500824, -1.863266944885254], [-0.5039607286453247, 0.6358223557472229, 0.5845966339111328, 0.28985002636909485], [-0.415741890668869, -0.7718348503112793, 0.4810710847377777, 0.0680462121963501], [0.0, 0.0, 0.0, 1.0]]}, "finger3joint1": {"matrix": [[0.6233732104301453, 0.4270341098308563, 0.6550173759460449, -1.8635201454162598], [-0.5110447406768799, 0.8565287590026855, -0.07205230742692947, 0.5578556060791016], [-0.5918102264404297, -0.289827436208725, 0.7521705031394958, -0.2572898864746094], [0.0, 0.0, 0.0, 1.0]]}, "finger3joint2": {"matrix": [[0.6571692228317261, -0.6942788362503052, 0.2934374213218689, -1.4889335632324219], [-0.365994393825531, 0.04640479013323784, 0.929459273815155, 1.3091868162155151], [-0.6589208841323853, -0.7182084321975708, -0.22360600531101227, -0.5115212202072144], [0.0, 0.0, 0.0, 1.0]]}, "finger3joint3": {"matrix": [[0.5631977915763855, -0.7046892046928406, -0.43153390288352966, -1.9381877183914185], [-0.514324426651001, -0.707690417766571, 0.48440104722976685, 1.3392143249511719], [-0.6467447280883789, -0.05086551606655121, -0.7610083222389221, -0.976259708404541], [0.0, 0.0, 0.0, 1.0]]}, "Bone.003": {"matrix": [[0.856791615486145, -0.2369133085012436, 0.45801764726638794, -1.863266944885254], [0.305294007062912, 0.9488672018051147, -0.08028967678546906, 0.28984999656677246], [-0.41557610034942627, 0.2086218148469925, 0.8853097558021545, 0.06804622709751129], [0.0, 0.0, 0.0, 1.0]]}, "finger4joint1": {"matrix": [[0.5536258220672607, 0.15070520341396332, 0.819015383720398, -1.9648126363754272], [-0.2744433879852295, 0.9615647792816162, 0.00857871025800705, 0.6965529322624207], [-0.7862436175346375, -0.2295224666595459, 0.5737072229385376, 0.1574656069278717], [0.0, 0.0, 0.0, 1.0]]}, "finger4joint2": {"matrix": [[0.572646975517273, -0.7966344356536865, -0.19351693987846375, -1.8151081800460815], [-0.25211232900619507, -0.3957422971725464, 0.8830780982971191, 1.6517319679260254], [-0.780073344707489, -0.4569042921066284, -0.42746177315711975, -0.07053260505199432], [0.0, 0.0, 0.0, 1.0]]}, "finger4joint3": {"matrix": [[0.6396554708480835, -0.0514160580933094, -0.7669400572776794, -2.1473548412323], [-0.23123446106910706, -0.9644138216972351, -0.12820304930210114, 1.4866825342178345], [-0.7330559492111206, 0.25934845209121704, -0.6287819743156433, -0.2610904276371002], [0.0, 0.0, 0.0, 1.0]]}}