{"root": {"matrix": [[0.19553737342357635, -0.9531133770942688, -0.23095455765724182, -5.960464477539063e-08], [-0.8805153965950012, -0.06693223863840103, -0.4692682921886444, -7.450580596923828e-09], [0.4318075180053711, 0.295118510723114, -0.8523188233375549, 2.9802322387695312e-08], [0.0, 0.0, 0.0, 1.0]]}, "carpals": {"matrix": [[0.6915563344955444, -0.4051433205604553, -0.5980038046836853, -0.4647549092769623], [0.7198020219802856, 0.45563173294067383, 0.5237215757369995, -2.004018783569336], [0.06028728932142258, -0.7926275134086609, 0.6067181825637817, 1.3612112998962402], [0.0, 0.0, 0.0, 1.0]]}, "metacarpals": {"matrix": [[0.6052521467208862, -0.6861103177070618, 0.40363630652427673, -0.8593621253967285], [0.3738081753253937, 0.6926469802856445, 0.6168526411056519, -1.5602362155914307], [-0.7028065919876099, -0.22246886789798737, 0.6756999492645264, 0.5891969203948975], [0.0, 0.0, 0.0, 1.0]]}, "finger5joint1": {"matrix": [[0.8476119041442871, -0.46613529324531555, 0.2535187900066376, -1.5231480598449707], [0.1770274043083191, 0.6988279223442078, 0.6930370330810547, -1.4843075275421143], [-0.5002151727676392, -0.5425467491149902, 0.6748538017272949, 0.3075981140136719], [0.0, 0.0, 0.0, 1.0]]}, "finger5joint2": {"matrix": [[0.24895799160003662, -0.2341027408838272, -0.9397954344749451, -2.0155136585235596], [0.673742413520813, 0.7389445304870605, -0.005592143628746271, -0.7461549043655396], [0.695766270160675, -0.631787896156311, 0.3416912257671356, -0.2654789984226227], [0.0, 0.0, 0.0, 1.0]]}, "finger5joint3": {"matrix": [[0.2773764133453369, -0.04626476392149925, -0.9596465826034546, -2.1764209270477295], [0.7390660643577576, 0.6484802961349487, 0.1823563426733017, -0.2382524162530899], [0.6138755083084106, -0.759823739528656, 0.21406598389148712, -0.6997289061546326], [0.0, 0.0, 0.0, 1.0]]}, "Bone": {"matrix": [[0.7347409129142761, 0.4104192852973938, 0.5401033163070679, -1.9305707216262817], [-0.6762511730194092, 0.38061732053756714, 0.6307252049446106, -0.4788220524787903], [0.05328912287950516, -0.8286653757095337, 0.5572018623352051, 0.2418612539768219], [0.0, 0.0, 0.0, 1.0]]}, "finger1joint1": {"matrix": [[0.6979281902313232, -0.6990476846694946, 0.15565480291843414, -1.5890249013900757], [0.29771021008491516, 0.48086732625961304, 0.8247028589248657, -0.16207697987556458], [-0.651356041431427, -0.5292434692382812, 0.5437246561050415, -0.44774386286735535], [0.0, 0.0, 0.0, 1.0]]}, "finger1joint2": {"matrix": [[0.6312390565872192, -0.5588096976280212, -0.5378372669219971, -1.9841115474700928], [0.022809745743870735, -0.6797814965248108, 0.7330596446990967, 0.10969880223274231], [-0.7752528190612793, -0.4750039875507355, -0.4163583815097809, -0.7468608021736145], [0.0, 0.0, 0.0, 1.0]]}, "finger1joint3": {"matrix": [[0.5935992002487183, 0.04478034749627113, -0.8035138845443726, -2.2236640453338623], [0.12185535579919815, -0.9919395446777344, 0.03473959490656853, -0.1817123293876648], [-0.79548180103302, -0.11853396147489548, -0.5942713618278503, -0.9504871964454651], [0.0, 0.0, 0.0, 1.0]]}, "Bone.001": {"matrix": [[0.888502836227417, 0.27674490213394165, 0.36602547764778137, -1.9305707216262817], [-0.4282231628894806, 0.7866908311843872, 0.444681853055954, -0.4788220226764679], [-0.16488546133041382, -0.5518417954444885, 0.8174859285354614, 0.2418612539768219], [0.0, 0.0, 0.0, 1.0]]}, "finger2joint1": {"matrix": [[0.780143141746521, -0.4614045321941376, -0.4224715530872345, -1.755146861076355], [0.2759913206100464, -0.3521992564201355, 0.8943064212799072, 0.01984843611717224], [-0.5614312887191772, -0.8142858147621155, -0.1474221795797348, -0.10794222354888916], [0.0, 0.0, 0.0, 1.0]]}, "finger2joint2": {"matrix": [[0.7709107398986816, -0.1909177452325821, -0.6076568961143494, -2.154330253601074], [0.1591794192790985, -0.8660002946853638, 0.474030464887619, -0.284856379032135], [-0.6167320609092712, -0.4621617794036865, -0.6372188925743103, -0.8124207854270935], [0.0, 0.0, 0.0, 1.0]]}, "finger2joint3": {"matrix": [[0.7951169610023499, 0.01189531572163105, -0.606339156627655, -2.2268059253692627], [0.01580396480858326, -0.9998742341995239, 0.0011084784055128694, -0.6136043667793274], [-0.6062498688697815, -0.010463980957865715, -0.7952052354812622, -0.9878649115562439], [0.0, 0.0, 0.0, 1.0]]}, "Bone.002": {"matrix": [[0.8239445090293884, -0.37451767921447754, 0.4252668023109436, -1.9305708408355713], [0.23464952409267426, 0.9085934162139893, 0.3455389142036438, -0.4788220226764679], [-0.5158051252365112, -0.1849161833524704, 0.8365111947059631, 0.2418612241744995], [0.0, 0.0, 0.0, 1.0]]}, "finger3joint1": {"matrix": [[0.8608019351959229, 0.24789965152740479, 0.4444836974143982, -2.0884337425231934], [-0.3913942575454712, 0.8806971907615662, 0.2668006718158722, -0.09584081172943115], [-0.325315922498703, -0.40363094210624695, 0.855132520198822, 0.16391721367835999], [0.0, 0.0, 0.0, 1.0]]}, "finger3joint2": {"matrix": [[0.871272087097168, -0.23061995208263397, 0.4332428574562073, -1.8709808588027954], [-0.2572639286518097, 0.5371456742286682, 0.803299069404602, 0.6766905784606934], [-0.41797149181365967, -0.8113498687744141, 0.40867000818252563, -0.19014042615890503], [0.0, 0.0, 0.0, 1.0]]}, "finger3joint3": {"matrix": [[0.7734778523445129, -0.4525551497936249, 0.44376325607299805, -2.0202102661132812], [-0.3617149293422699, 0.2597561180591583, 0.8953706622123718, 1.0242669582366943], [-0.5204750299453735, -0.8530653715133667, 0.037219710648059845, -0.71514892578125], [0.0, 0.0, 0.0, 1.0]]}, "Bone.003": {"matrix": [[0.58633953332901, -0.5661954283714294, 0.5793346762657166, -1.9305707216262817], [0.8099926710128784, 0.40021267533302307, -0.42865052819252014, -0.4788219928741455], [0.010843022726476192, 0.7205917835235596, 0.6932748556137085, 0.2418612241744995], [0.0, 0.0, 0.0, 1.0]]}, "finger4joint1": {"matrix": [[0.7883995175361633, 0.2218138724565506, 0.5737809538841248, -2.173253059387207], [-0.2661696970462799, 0.963901162147522, -0.006898954045027494, -0.3072831630706787], [-0.5545986294746399, -0.14728392660617828, 0.8189796209335327, 0.5507208704948425], [0.0, 0.0, 0.0, 1.0]]}, "finger4joint2": {"matrix": [[0.8042097091674805, -0.11579957604408264, 0.5829553008079529, -1.9529123306274414], [-0.24408766627311707, 0.8299548625946045, 0.5015928745269775, 0.650216817855835], [-0.5419110059738159, -0.5456781983375549, 0.6391928791999817, 0.4044150710105896], [0.0, 0.0, 0.0, 1.0]]}, "finger4joint3": {"matrix": [[0.8024381399154663, -0.42476141452789307, 0.4191306531429291, -2.0012080669403076], [-0.31954509019851685, 0.2873210608959198, 0.9029600024223328, 0.996360182762146], [-0.5039677619934082, -0.8585010766983032, 0.09482713788747787, 0.17683295905590057], [0.0, 0.0, 0.0, 1.0]]}}