{"root": {"matrix": [[0.18912607431411743, -0.9626705646514893, 0.1936408281326294, 0.0], [0.38273295760154724, -0.109336256980896, -0.9173663854598999, 0.0], [0.9042935967445374, 0.24761061370372772, 0.34776732325553894, 0.0], [0.0, 0.0, 0.0, 1.0]]}, "carpals": {"matrix": [[-0.3719920516014099, -0.35074135661125183, -0.8594197034835815, -0.5363442301750183], [0.9234969019889832, -0.23327967524528503, -0.3045225441455841, 0.861656665802002], [-0.09367635846138, -0.906951367855072, 0.410686731338501, 2.2483034133911133], [0.0, 0.0, 0.0, 1.0]]}, "metacarpals": {"matrix": [[-0.5179750323295593, -0.6658614873886108, -0.5369637608528137, -0.8779642581939697], [0.8528853058815002, -0.35396403074264526, -0.3837917447090149, 0.6344437003135681], [0.06548641622066498, -0.6567630171775818, 0.7512479424476624, 1.3649383783340454], [0.0, 0.0, 0.0, 1.0]]}, "finger5joint1": {"matrix": [[-0.5447675585746765, -0.5716697573661804, -0.6135321855545044, -0.9461746215820312], [0.8243799209594727, -0.23097746074199677, -0.5167660117149353, 0.4406746029853821], [0.15370754897594452, -0.7873008847236633, 0.5971020460128784, 0.6696140766143799], [0.0, 0.0, 0.0, 1.0]]}, "finger5joint2": {"matrix": [[-0.5783934593200684, -0.5880858898162842, 0.5653453469276428, -1.550013542175293], [-0.5358729362487793, -0.24862129986286163, -0.8068627119064331, 0.19669951498508453], [0.6150615215301514, -0.7696372866630554, -0.17133866250514984, -0.16199004650115967], [0.0, 0.0, 0.0, 1.0]]}, "finger5joint3": {"matrix": [[-0.6610119938850403, -0.6219292879104614, 0.419840931892395, -1.9542256593704224], [-0.5115053653717041, -0.03591156378388405, -0.8585291504859924, 0.02581336721777916], [0.5490216612815857, -0.7822489738464355, -0.2943824529647827, -0.6909886598587036], [0.0, 0.0, 0.0, 1.0]]}, "Bone": {"matrix": [[0.6208594441413879, -0.5291868448257446, -0.578355073928833, -1.9175589084625244], [0.5126298069953918, 0.8322343826293945, -0.21117888391017914, 0.08180755376815796], [0.5930800437927246, -0.16536951065063477, 0.7879775166511536, 0.33954888582229614], [0.0, 0.0, 0.0, 1.0]]}, "finger1joint1": {"matrix": [[-0.3890746831893921, -0.2211359441280365, -0.8942704200744629, -2.3579416275024414], [0.880615234375, 0.1957053244113922, -0.4315277338027954, 0.7743827104568481], [0.27043986320495605, -0.95540452003479, 0.11859174817800522, 0.20193037390708923], [0.0, 0.0, 0.0, 1.0]]}, "finger1joint2": {"matrix": [[-0.09383192658424377, 0.20093919336795807, -0.9750993847846985, -2.4829227924346924], [0.9660916328430176, 0.25501710176467896, -0.04041357710957527, 0.8849911093711853], [0.24054640531539917, -0.9458273649215698, -0.21805429458618164, -0.3380434811115265], [0.0, 0.0, 0.0, 1.0]]}, "finger1joint3": {"matrix": [[-0.1994091272354126, 0.6412138342857361, -0.7409997582435608, -2.3967833518981934], [0.9470223784446716, 0.32038643956184387, 0.02239055745303631, 0.9943127632141113], [0.2517634928226471, -0.6972783803939819, -0.6711316108703613, -0.7435041666030884], [0.0, 0.0, 0.0, 1.0]]}, "Bone.001": {"matrix": [[0.3324219882488251, -0.8784469366073608, -0.3432583510875702, -1.917559027671814], [0.7352480888366699, 0.4693225026130676, -0.4890260398387909, 0.08180749416351318], [0.590682327747345, -0.08981693536043167, 0.8018895387649536, 0.33954888582229614], [0.0, 0.0, 0.0, 1.0]]}, "finger2joint1": {"matrix": [[-0.3901544511318207, -0.2974528670310974, -0.8713787794113159, -2.4743919372558594], [0.8946085572242737, 0.10144226998090744, -0.43518364429473877, 0.37930336594581604], [0.21784135699272156, -0.9493317604064941, 0.22652575373649597, 0.28261542320251465], [0.0, 0.0, 0.0, 1.0]]}, "finger2joint2": {"matrix": [[-0.3332521319389343, 0.9301912784576416, -0.15390565991401672, -2.7317330837249756], [0.9364891648292542, 0.3454795479774475, 0.060264986008405685, 0.46706604957580566], [0.10922934114933014, -0.12404756993055344, -0.9862456917762756, -0.5386979579925537], [0.0, 0.0, 0.0, 1.0]]}, "finger2joint3": {"matrix": [[-0.2092684805393219, 0.41944050788879395, 0.883332371711731, -2.37861704826355], [0.960778534412384, -0.07990136742591858, 0.26555633544921875, 0.5982158184051514], [0.18196463584899902, 0.9042592644691467, -0.38626861572265625, -0.5857884287834167], [0.0, 0.0, 0.0, 1.0]]}, "Bone.002": {"matrix": [[-0.3688787519931793, -0.8960565328598022, -0.24700398743152618, -1.9175589084625244], [0.8618462085723877, -0.2302248775959015, -0.45190444588661194, 0.08180753141641617], [0.348065584897995, -0.37957724928855896, 0.8571878671646118, 0.33954888582229614], [0.0, 0.0, 0.0, 1.0]]}, "finger3joint1": {"matrix": [[-0.13044576346874237, -0.6667713522911072, -0.7337571978569031, -2.295255661010742], [0.8687344789505005, 0.2797833979129791, -0.40868309140205383, -0.015234589576721191], [0.47779133915901184, -0.6907508969306946, 0.5427506566047668, 0.17955327033996582], [0.0, 0.0, 0.0, 1.0]]}, "finger3joint2": {"matrix": [[-0.20567217469215393, 0.6425409913063049, -0.7381327748298645, -2.8801350593566895], [0.9172371029853821, 0.38949674367904663, 0.08347757905721664, 0.23018625378608704], [0.34113815426826477, -0.6598736047744751, -0.6694707870483398, -0.4263606071472168], [0.0, 0.0, 0.0, 1.0]]}, "finger3joint3": {"matrix": [[-0.04647964611649513, 0.8709763288497925, -0.4891214072704315, -2.464359760284424], [0.9083153605461121, 0.24061651527881622, 0.3421505093574524, 0.48222193121910095], [0.41569575667381287, -0.4283735156059265, -0.8023046255111694, -0.8533518314361572], [0.0, 0.0, 0.0, 1.0]]}, "Bone.003": {"matrix": [[-0.8401115536689758, -0.24546478688716888, 0.48369356989860535, -1.9175589084625244], [0.21367403864860535, -0.9694038033485413, -0.12082953751087189, 0.08180755376815796], [0.4985538125038147, 0.0018424083245918155, 0.8668566346168518, 0.33954888582229614], [0.0, 0.0, 0.0, 1.0]]}, "finger4joint1": {"matrix": [[-0.7616860270500183, -0.3751453757286072, -0.52829909324646, -2.0227699279785156], [0.6000053882598877, -0.7161585092544556, -0.3565255105495453, -0.3336977958679199], [-0.24459679424762726, -0.5885428786277771, 0.7705771923065186, 0.3403385877609253], [0.0, 0.0, 0.0, 1.0]]}, "finger4joint2": {"matrix": [[-0.7801448106765747, 0.06879979372024536, -0.6218039393424988, -2.3954238891601562], [0.5764346122741699, -0.30717477202415466, -0.7572097778320312, -1.0451003313064575], [-0.2430981695652008, -0.9491627216339111, 0.19998227059841156, -0.24429580569267273], [0.0, 0.0, 0.0, 1.0]]}, "finger4joint3": {"matrix": [[-0.7739838361740112, 0.3715314269065857, -0.5127502679824829, -2.366729974746704], [0.6109888553619385, 0.22558408975601196, -0.7588176727294922, -1.1732114553451538], [-0.1662561148405075, -0.9005974531173706, -0.4016000032424927, -0.6401562690734863], [0.0, 0.0, 0.0, 1.0]]}}