{"root": {"matrix": [[0.12362837791442871, -0.8774019479751587, -0.4635535478591919, 0.0], [-0.7189179062843323, 0.2428051233291626, -0.6513084769248962, 0.0], [0.6840124130249023, 0.4137771725654602, -0.6007624268531799, 0.0], [0.0, 0.0, 0.0, 1.0]]}, "carpals": {"matrix": [[0.4872119426727295, -0.7959828972816467, -0.35921522974967957, -0.5271173715591431], [0.6930057406425476, 0.10211530327796936, 0.7136631608009338, -1.3149281740188599], [-0.5313822627067566, -0.5966435670852661, 0.6013727188110352, 2.0194296836853027], [0.0, 0.0, 0.0, 1.0]]}, "metacarpals": {"matrix": [[0.7761582732200623, -0.48966097831726074, 0.39725345373153687, -1.3023998737335205], [0.03368523344397545, 0.6613237261772156, 0.7493436336517334, -1.2154686450958252], [-0.629637598991394, -0.5682277083396912, 0.5297864079475403, 1.4383022785186768], [0.0, 0.0, 0.0, 1.0]]}, "finger5joint1": {"matrix": [[0.8946229815483093, -0.4344053268432617, -0.1046019047498703, -1.8814407587051392], [0.15691561996936798, 0.08625350892543793, 0.9838380813598633, -1.1522376537322998], [-0.41836225986480713, -0.8965780138969421, 0.1453295350074768, 1.0065749883651733], [0.0, 0.0, 0.0, 1.0]]}, "finger5joint2": {"matrix": [[-0.1002499982714653, -0.004528143908828497, -0.9949517846107483, -2.3402910232543945], [0.9949496388435364, 0.004518491681665182, -0.1002703532576561, -1.0611305236816406], [0.0049499161541461945, -0.9999791979789734, 0.004052280448377132, 0.059544503688812256], [0.0, 0.0, 0.0, 1.0]]}, "finger5joint3": {"matrix": [[-0.04530595988035202, 0.3168429732322693, -0.9473951458930969, -2.3434031009674072], [0.9950310587882996, -0.0698520690202713, -0.07094503194093704, -1.0580247640609741], [-0.0886557474732399, -0.9459020495414734, -0.31210392713546753, -0.6277762651443481], [0.0, 0.0, 0.0, 1.0]]}, "Bone": {"matrix": [[0.5683001279830933, 0.6104297637939453, 0.5517338514328003, -2.066896438598633], [-0.7091589570045471, 0.023309437558054924, 0.7046629190444946, -0.1829586923122406], [0.41728663444519043, -0.7917272448539734, 0.4461386799812317, 0.5511411428451538], [0.0, 0.0, 0.0, 1.0]]}, "finger1joint1": {"matrix": [[0.8787151575088501, -0.3117445111274719, 0.36148977279663086, -1.5589044094085693], [-0.06171397119760513, 0.6767414212226868, 0.7336292862892151, -0.16356085240840912], [-0.4733401834964752, -0.6669602394104004, 0.5754242539405823, -0.10772448778152466], [0.0, 0.0, 0.0, 1.0]]}, "finger1joint2": {"matrix": [[0.7329912185668945, -0.6173484921455383, 0.2856653034687042, -1.735095739364624], [-0.2956651449203491, 0.08906629681587219, 0.9511303305625916, 0.21891872584819794], [-0.6126222014427185, -0.781631588935852, -0.1172434613108635, -0.4846760332584381], [0.0, 0.0, 0.0, 1.0]]}, "finger1joint3": {"matrix": [[0.7803055644035339, -0.5438899397850037, -0.30871814489364624, -1.999742865562439], [-0.2008887380361557, -0.6854549646377563, 0.6998534202575684, 0.257099986076355], [-0.5922558903694153, -0.4840817451477051, -0.6441256403923035, -0.8197486400604248], [0.0, 0.0, 0.0, 1.0]]}, "Bone.001": {"matrix": [[0.8021463751792908, 0.5143453478813171, 0.3033311069011688, -2.066896677017212], [-0.5711067914962769, 0.5125119090080261, 0.6412239670753479, -0.182958722114563], [0.17434975504875183, -0.6875900626182556, 0.7048559188842773, 0.5511411428451538], [0.0, 0.0, 0.0, 1.0]]}, "finger2joint1": {"matrix": [[0.822190523147583, -0.49123188853263855, -0.28756505250930786, -1.740861415863037], [-0.06553039699792862, -0.5835264325141907, 0.8094456195831299, 0.1419142186641693], [-0.5654274225234985, -0.6466745734214783, -0.5119605660438538, 0.11528903245925903], [0.0, 0.0, 0.0, 1.0]]}, "finger2joint2": {"matrix": [[0.7974407076835632, -0.26939406991004944, -0.539921224117279, -2.1658501625061035], [-0.1925525963306427, -0.9616319537162781, 0.1954149454832077, -0.3629230856895447], [-0.5718493461608887, -0.0518687404692173, -0.8187171816825867, -0.44418081641197205], [0.0, 0.0, 0.0, 1.0]]}, "finger2joint3": {"matrix": [[0.8063116669654846, 0.10016155242919922, -0.5829483866691589, -2.2681167125701904], [-0.31826403737068176, -0.7572585344314575, -0.5703218579292297, -0.7279744148254395], [-0.4985671639442444, 0.6453887820243835, -0.578708827495575, -0.4638710021972656], [0.0, 0.0, 0.0, 1.0]]}, "Bone.002": {"matrix": [[0.9287139177322388, -0.1526220142841339, 0.33793026208877563, -2.066896438598633], [-0.062014173716306686, 0.8345937132835388, 0.5473638772964478, -0.1829587072134018], [-0.36557433009147644, -0.5293008685112, 0.765634298324585, 0.5511411428451538], [0.0, 0.0, 0.0, 1.0]]}, "finger3joint1": {"matrix": [[0.871397852897644, 0.28536027669906616, 0.3990430235862732, -2.13122820854187], [-0.43888577818870544, 0.816905677318573, 0.3742245137691498, 0.1688309907913208], [-0.21919189393520355, -0.5012326240539551, 0.8370906114578247, 0.32803547382354736], [0.0, 0.0, 0.0, 1.0]]}, "finger3joint2": {"matrix": [[0.8894127607345581, -0.2137458324432373, 0.40405160188674927, -1.880915641784668], [-0.31837591528892517, 0.3445958197116852, 0.8831139206886292, 0.8854056000709534], [-0.32799655199050903, -0.9140930771827698, 0.23843659460544586, -0.11163651943206787], [0.0, 0.0, 0.0, 1.0]]}, "finger3joint3": {"matrix": [[0.7970836162567139, -0.45536738634109497, 0.3966084420681, -2.019226312637329], [-0.4448554515838623, 0.001352642080746591, 0.8956011533737183, 1.1083866357803345], [-0.4083641767501831, -0.8903025984764099, -0.20149433612823486, -0.7031280994415283], [0.0, 0.0, 0.0, 1.0]]}, "Bone.003": {"matrix": [[0.7234011888504028, -0.5896938443183899, 0.3590986132621765, -2.066896438598633], [0.6825263500213623, 0.6892469525337219, -0.24309684336185455, -0.1829586923122406], [-0.10415475070476532, 0.4209510087966919, 0.9010838270187378, 0.551141083240509], [0.0, 0.0, 0.0, 1.0]]}, "finger4joint1": {"matrix": [[0.8055500984191895, 0.39836591482162476, 0.43862682580947876, -2.319650888442993], [-0.444098562002182, 0.895975649356842, 0.0018637249013409019, 0.11246597766876221], [-0.3922566771507263, -0.19629469513893127, 0.8986672759056091, 0.7315689325332642], [0.0, 0.0, 0.0, 1.0]]}, "finger4joint2": {"matrix": [[0.8227898478507996, -0.15276691317558289, 0.5474293231964111, -1.9239304065704346], [-0.42332443594932556, 0.4779628813266754, 0.7696409821510315, 1.0024914741516113], [-0.3792267143726349, -0.864993155002594, 0.3285934031009674, 0.5365777611732483], [0.0, 0.0, 0.0, 1.0]]}, "finger4joint3": {"matrix": [[0.8245446085929871, -0.4588640332221985, 0.33101311326026917, -1.9876439571380615], [-0.4728038012981415, -0.23745645582675934, 0.8485695719718933, 1.2018320560455322], [-0.3107769787311554, -0.8561881184577942, -0.41274601221084595, 0.1758212298154831], [0.0, 0.0, 0.0, 1.0]]}}