{"root": {"matrix": [[0.30660247802734375, -0.9332075715065002, -0.18739940226078033, 0.0], [-0.3801337778568268, 0.06044858321547508, -0.9229540824890137, 3.725290298461914e-09], [0.8726357817649841, 0.35421687364578247, -0.33621010184288025, 0.0], [0.0, 0.0, 0.0, 1.0]]}, "carpals": {"matrix": [[0.6868701577186584, -0.4273025393486023, -0.5878960490226746, -0.19899660348892212], [0.6688925623893738, 0.05531472712755203, 0.7412980198860168, -0.6967302560806274], [-0.2842390835285187, -0.902414858341217, 0.3238137364387512, 2.35795521736145], [0.0, 0.0, 0.0, 1.0]]}, "metacarpals": {"matrix": [[0.5603613257408142, -0.7057360410690308, 0.4335108697414398, -0.6151866912841797], [-0.025649214163422585, 0.5083693265914917, 0.8607569336891174, -0.6428539752960205], [-0.827850878238678, -0.4934540092945099, 0.266769140958786, 1.479008436203003], [0.0, 0.0, 0.0, 1.0]]}, "finger5joint1": {"matrix": [[0.624146044254303, -0.5605797171592712, 0.544235110282898, -1.294585108757019], [-0.08927310258150101, 0.6408392190933228, 0.7624664306640625, -0.7023300528526306], [-0.7761905789375305, -0.5244758725166321, 0.34993278980255127, 1.23292875289917], [0.0, 0.0, 0.0, 1.0]]}, "finger5joint2": {"matrix": [[0.5489081144332886, -0.3249792158603668, -0.7701221108436584, -1.8867099285125732], [0.7462551593780518, 0.6055853962898254, 0.27634933590888977, -0.025429368019104004], [0.37656715512275696, -0.7263978123664856, 0.5749284625053406, 0.6789393424987793], [0.0, 0.0, 0.0, 1.0]]}, "finger5joint3": {"matrix": [[0.5577346682548523, -0.18363715708255768, -0.8094497919082642, -2.110079526901245], [0.7831798195838928, 0.43940243124961853, 0.4399479925632477, 0.39081066846847534], [0.2748836576938629, -0.8793190121650696, 0.38889122009277344, 0.1796606481075287], [0.0, 0.0, 0.0, 1.0]]}, "Bone": {"matrix": [[0.7445993423461914, 0.3587069809436798, 0.5629395246505737, -1.7170366048812866], [-0.5771823525428772, -0.07764670252799988, 0.8129152655601501, 0.15085163712501526], [0.33530867099761963, -0.9302151203155518, 0.14922381937503815, 0.7085897922515869], [0.0, 0.0, 0.0, 1.0]]}, "finger1joint1": {"matrix": [[0.7741565704345703, -0.43508827686309814, 0.4597603976726532, -1.418525218963623], [-0.12454745173454285, 0.6074290871620178, 0.7845492362976074, 0.08623501658439636], [-0.6206201910972595, -0.664625883102417, 0.4160563349723816, -0.06552374362945557], [0.0, 0.0, 0.0, 1.0]]}, "finger1joint2": {"matrix": [[0.6059660911560059, -0.6046876311302185, 0.5168731212615967, -1.6644275188446045], [-0.3696191608905792, 0.3613309860229492, 0.8560498356819153, 0.42954084277153015], [-0.7044052481651306, -0.7097833752632141, -0.004549598321318626, -0.44115588068962097], [0.0, 0.0, 0.0, 1.0]]}, "finger1joint3": {"matrix": [[0.6769700646400452, -0.7188560366630554, 0.15797922015190125, -1.9236472845077515], [-0.29403015971183777, -0.06737007200717926, 0.9534187316894531, 0.5844374299049377], [-0.6747279763221741, -0.6918866634368896, -0.25697261095046997, -0.7454283237457275], [0.0, 0.0, 0.0, 1.0]]}, "Bone.001": {"matrix": [[0.8829051852226257, 0.23593202233314514, 0.4059731960296631, -1.7170366048812866], [-0.4692798852920532, 0.4140000343322754, 0.7799871563911438, 0.15085160732269287], [0.015950947999954224, -0.8791698217391968, 0.47624117136001587, 0.7085897922515869], [0.0, 0.0, 0.0, 1.0]]}, "finger2joint1": {"matrix": [[0.710274338722229, -0.44226959347724915, -0.5476382374763489, -1.5674831867218018], [-0.05519410967826843, -0.810573935508728, 0.5830292701721191, 0.4132794737815857], [-0.701757550239563, -0.38388457894325256, -0.6001405119895935, 0.1512984335422516], [0.0, 0.0, 0.0, 1.0]]}, "finger2joint2": {"matrix": [[0.7149257659912109, -0.3586714267730713, -0.6001964211463928, -1.9501123428344727], [-0.18191160261631012, -0.9242575168609619, 0.3356424570083618, -0.28798773884773254], [-0.6751216053962708, -0.13077695667743683, -0.7260220050811768, -0.18081890046596527], [0.0, 0.0, 0.0, 1.0]]}, "finger2joint3": {"matrix": [[0.7198194265365601, -0.2861544191837311, -0.6324360370635986, -2.0862698554992676], [-0.31597912311553955, -0.9462881684303284, 0.06852320581674576, -0.6388510465621948], [-0.6180751919746399, 0.15051206946372986, -0.7715755701065063, -0.23046398162841797], [0.0, 0.0, 0.0, 1.0]]}, "Bone.002": {"matrix": [[0.7908471822738647, -0.39512932300567627, 0.4673686921596527, -1.717036485671997], [-0.059912510216236115, 0.7100055813789368, 0.7016425728797913, 0.15085163712501526], [-0.609074056148529, -0.5828930735588074, 0.5378329157829285, 0.7085897922515869], [0.0, 0.0, 0.0, 1.0]]}, "finger3joint1": {"matrix": [[0.8256215453147888, 0.17783021926879883, 0.5354675054550171, -1.8835875988006592], [-0.491946816444397, 0.6916094422340393, 0.5288330912590027, 0.45012617111206055], [-0.27629220485687256, -0.70003741979599, 0.658490777015686, 0.4628944993019104], [0.0, 0.0, 0.0, 1.0]]}, "finger3joint2": {"matrix": [[0.8219519853591919, -0.37246301770210266, 0.4308899939060211, -1.7275981903076172], [-0.3965388536453247, 0.16882731020450592, 0.9023603200912476, 1.056793212890625], [-0.4088420569896698, -0.9125613570213318, -0.00892791710793972, -0.15116536617279053], [0.0, 0.0, 0.0, 1.0]]}, "finger3joint3": {"matrix": [[0.718280017375946, -0.610579252243042, 0.3335667550563812, -1.968611717224121], [-0.5337647795677185, -0.17606069147586823, 0.8271018862724304, 1.1660380363464355], [-0.4462835490703583, -0.7721369862556458, -0.4523664116859436, -0.7416658401489258], [0.0, 0.0, 0.0, 1.0]]}, "Bone.003": {"matrix": [[0.5763062834739685, -0.5296176075935364, 0.6223955750465393, -1.717036485671997], [0.7028959393501282, 0.7097447514533997, -0.046899329870939255, 0.15085166692733765], [-0.4169030487537384, 0.46450790762901306, 0.78129643201828, 0.7085897922515869], [0.0, 0.0, 0.0, 1.0]]}, "finger4joint1": {"matrix": [[0.7331879734992981, 0.21279072761535645, 0.6458756327629089, -1.9440410137176514], [-0.4850313067436218, 0.8293453454971313, 0.2773633897304535, 0.45506197214126587], [-0.47663384675979614, -0.5166292190551758, 0.7112763524055481, 0.9076869487762451], [0.0, 0.0, 0.0, 1.0]]}, "finger4joint2": {"matrix": [[0.75020831823349, -0.4522383511066437, 0.48235639929771423, -1.7326633930206299], [-0.46044620871543884, 0.1662314385175705, 0.8719838857650757, 1.2788996696472168], [-0.4745275676250458, -0.8762688040733337, -0.08352295309305191, 0.3944886028766632], [0.0, 0.0, 0.0, 1.0]]}, "finger4joint3": {"matrix": [[0.7780678272247314, -0.6281000375747681, -0.010026378557085991, -1.92127525806427], [-0.4853772819042206, -0.6112473011016846, 0.6251280903816223, 1.3482286930084229], [-0.3987717628479004, -0.4815257787704468, -0.7804572582244873, 0.029029399156570435], [0.0, 0.0, 0.0, 1.0]]}}