{"root": {"matrix": [[0.18285849690437317, -0.9822614789009094, -0.04153530299663544, 0.0], [-0.6206182837486267, -0.08256254345178604, -0.7797540426254272, 0.0], [0.7624930739402771, 0.16836221516132355, -0.6247067451477051, 0.0], [0.0, 0.0, 0.0, 1.0]]}, "carpals": {"matrix": [[0.521588921546936, -0.36914724111557007, -0.7692041993141174, -0.5432541370391846], [0.8530800938606262, 0.24054910242557526, 0.46302273869514465, -1.3966606855392456], [0.014107979834079742, -0.8977004885673523, 0.4403800964355469, 1.9593873023986816], [0.0, 0.0, 0.0, 1.0]]}, "metacarpals": {"matrix": [[0.7354767918586731, -0.657368540763855, 0.16413500905036926, -0.9028012752532959], [0.4656696915626526, 0.6663918495178223, 0.5823000073432922, -1.162367343902588], [-0.49216392636299133, -0.3518353998661041, 0.7962325811386108, 1.0850324630737305], [0.0, 0.0, 0.0, 1.0]]}, "finger5joint1": {"matrix": [[0.8687183856964111, -0.45837298035621643, -0.187676340341568, -1.4745121002197266], [0.42696449160575867, 0.5009556412696838, 0.7528242468833923, -1.1033263206481934], [-0.2510567605495453, -0.7341234087944031, 0.630898654460907, 0.6430643796920776], [0.0, 0.0, 0.0, 1.0]]}, "finger5joint2": {"matrix": [[-0.2026582658290863, -0.29275283217430115, -0.9344651103019714, -1.9586787223815918], [0.7591935396194458, 0.5557588338851929, -0.33875733613967896, -0.5741807222366333], [0.6185098886489868, -0.7780918478965759, 0.10962685942649841, -0.13236981630325317], [0.0, 0.0, 0.0, 1.0]]}, "finger5joint3": {"matrix": [[-0.17734836041927338, -0.0889938473701477, -0.9801159501075745, -2.159898042678833], [0.8252546191215515, 0.529148280620575, -0.197373166680336, -0.19218818843364716], [0.5361920595169067, -0.8438490629196167, -0.02040104568004608, -0.6671796441078186], [0.0, 0.0, 0.0, 1.0]]}, "Bone": {"matrix": [[0.7468182444572449, 0.5801169872283936, 0.32515621185302734, -1.9291361570358276], [-0.633294939994812, 0.4711475670337677, 0.6139683127403259, -0.12194469571113586], [0.20297680795192719, -0.6644426584243774, 0.7192469835281372, 0.5357196927070618], [0.0, 0.0, 0.0, 1.0]]}, "finger1joint1": {"matrix": [[0.8275100588798523, -0.5614098310470581, -0.006776139605790377, -1.4463698863983154], [0.38456636667251587, 0.5579692125320435, 0.7353765368461609, 0.27013853192329407], [-0.4090667963027954, -0.6111373901367188, 0.6776247620582581, -0.017221271991729736], [0.0, 0.0, 0.0, 1.0]]}, "finger1joint2": {"matrix": [[0.8013424277305603, -0.597883403301239, 0.019635673612356186, -1.7636663913726807], [0.13117827475070953, 0.20765379071235657, 0.969366729259491, 0.5854906439781189], [-0.5836458206176758, -0.7742190361022949, 0.2448313683271408, -0.3626228868961334], [0.0, 0.0, 0.0, 1.0]]}, "finger1joint3": {"matrix": [[0.8206034302711487, -0.44985514879226685, -0.35247740149497986, -2.0199694633483887], [0.22096756100654602, -0.3190442621707916, 0.9216201901435852, 0.6745083928108215], [-0.5270516276359558, -0.834170937538147, -0.16240522265434265, -0.6945178508758545], [0.0, 0.0, 0.0, 1.0]]}, "Bone.001": {"matrix": [[0.9318419098854065, 0.34742000699043274, 0.10473603755235672, -1.9291361570358276], [-0.3594675064086914, 0.8444313406944275, 0.39713770151138306, -0.12194469571113586], [0.04953115060925484, -0.4077187180519104, 0.911763072013855, 0.5357196927070618], [0.0, 0.0, 0.0, 1.0]]}, "finger2joint1": {"matrix": [[0.8078778386116028, -0.3253515064716339, -0.4914056062698364, -1.7089123725891113], [0.3660300374031067, -0.37650662660598755, 0.8510372042655945, 0.41332653164863586], [-0.46190372109413147, -0.8674036264419556, -0.1850828230381012, 0.2772734463214874], [0.0, 0.0, 0.0, 1.0]]}, "finger2joint2": {"matrix": [[0.8170864582061768, -0.279052197933197, -0.5044792890548706, -1.9903897047042847], [0.2502627968788147, -0.6166196465492249, 0.7464236617088318, 0.087592214345932], [-0.5193631649017334, -0.7361453175544739, -0.43399515748023987, -0.47315987944602966], [0.0, 0.0, 0.0, 1.0]]}, "finger2joint3": {"matrix": [[0.821474015712738, -0.2362956702709198, -0.5189840197563171, -2.0963222980499268], [0.11018364876508713, -0.827182948589325, 0.5510240197181702, -0.14648669958114624], [-0.5594995021820068, -0.5098357796669006, -0.6534734964370728, -0.7526126503944397], [0.0, 0.0, 0.0, 1.0]]}, "Bone.002": {"matrix": [[0.9083935022354126, -0.3843296468257904, 0.1646568924188614, -1.929136037826538], [0.32493120431900024, 0.8967336416244507, 0.30047979950904846, -0.12194469571113586], [-0.2631366550922394, -0.21945153176784515, 0.9394679665565491, 0.5357196927070618], [0.0, 0.0, 0.0, 1.0]]}, "finger3joint1": {"matrix": [[0.9852585792541504, 0.11514616757631302, 0.12651866674423218, -2.091134786605835], [-0.1668819785118103, 0.8095971941947937, 0.5627632141113281, 0.25603753328323364], [-0.03762926533818245, -0.5755808353424072, 0.816878616809845, 0.4432186782360077], [0.0, 0.0, 0.0, 1.0]]}, "finger3joint2": {"matrix": [[0.9854115843772888, -0.13969483971595764, 0.09720787405967712, -1.99013090133667], [-0.05847104266285896, 0.25851428508758545, 0.9642360806465149, 0.9662013053894043], [-0.1598285287618637, -0.9558532238006592, 0.24657511711120605, -0.06167018413543701], [0.0, 0.0, 0.0, 1.0]]}, "finger3joint3": {"matrix": [[0.9468694925308228, -0.2664651870727539, 0.18009571731090546, -2.080524444580078], [-0.2068893015384674, -0.07591758668422699, 0.9754142761230469, 1.1334807872772217], [-0.24624165892601013, -0.9608500599861145, -0.12701265513896942, -0.680184006690979], [0.0, 0.0, 0.0, 1.0]]}, "Bone.003": {"matrix": [[0.4973817467689514, -0.7637709975242615, 0.41141846776008606, -1.929136037826538], [0.8399074673652649, 0.3052273690700531, -0.44876646995544434, -0.12194469571113586], [0.21717886626720428, 0.5687618851661682, 0.793311595916748, 0.5357196927070618], [0.0, 0.0, 0.0, 1.0]]}, "finger4joint1": {"matrix": [[0.9400383830070496, 0.20081640779972076, 0.275681734085083, -2.256503105163574], [-0.2502909302711487, 0.9552540183067322, 0.1576184183359146, 0.008881747722625732], [-0.23169384896755219, -0.21716783940792084, 0.9482383131980896, 0.7795020341873169], [0.0, 0.0, 0.0, 1.0]]}, "finger4joint2": {"matrix": [[0.949542760848999, -0.06263932585716248, 0.30731824040412903, -2.057020425796509], [-0.2252373844385147, 0.5456801652908325, 0.8071558475494385, 0.9577919244766235], [-0.21825727820396423, -0.8356487154960632, 0.504038393497467, 0.5637764930725098], [0.0, 0.0, 0.0, 1.0]]}, "finger4joint3": {"matrix": [[0.9468657374382019, -0.2151106297969818, 0.2391071766614914, -2.0831449031829834], [-0.2816014587879181, -0.1952980011701584, 0.9394459128379822, 1.1853748559951782], [-0.155387744307518, -0.9568625688552856, -0.24549627304077148, 0.21525838971138], [0.0, 0.0, 0.0, 1.0]]}}