{"root": {"matrix": [[0.39648759365081787, -0.8896260261535645, 0.22663430869579315, 0.0], [0.05679246410727501, -0.22262607514858246, -0.973248302936554, 0.0], [0.9162817597389221, 0.39875197410583496, -0.037744492292404175, 0.0], [0.0, 0.0, 0.0, 1.0]]}, "carpals": {"matrix": [[-0.43494442105293274, -0.36553236842155457, -0.8229271769523621, 0.00038620829582214355], [0.8836436867713928, 0.0025166969280689955, -0.46815305948257446, 0.01994338631629944], [0.17319639027118683, -0.9307950139045715, 0.3219057619571686, 2.466695547103882], [0.0, 0.0, 0.0, 1.0]]}, "metacarpals": {"matrix": [[-0.5818385481834412, -0.674031138420105, -0.4551325738430023, -0.355640172958374], [0.751068651676178, -0.23060894012451172, -0.6186398267745972, 0.022394627332687378], [0.3120250999927521, -0.7017843127250671, 0.6404207348823547, 1.560106873512268], [0.0, 0.0, 0.0, 1.0]]}, "finger5joint1": {"matrix": [[-0.5853134989738464, -0.7389802932739258, -0.33364036679267883, -0.4509696364402771], [0.7555050253868103, -0.34771087765693665, -0.5552560091018677, 0.013494729995727539], [0.29431313276290894, -0.5770658254623413, 0.7618231177330017, 0.8414220809936523], [0.0, 0.0, 0.0, 1.0]]}, "finger5joint2": {"matrix": [[-0.18493688106536865, -0.8965383768081665, 0.4025128185749054, -1.2315340042114258], [-0.5462680459022522, -0.24669291079044342, -0.8004583716392517, -0.35378265380859375], [0.8169387578964233, -0.3679140508174896, -0.44412803649902344, 0.2318834811449051], [0.0, 0.0, 0.0, 1.0]]}, "finger5joint3": {"matrix": [[-0.28970417380332947, -0.9326908588409424, 0.21484535932540894, -1.847756266593933], [-0.5220117568969727, -0.0341738797724247, -0.8522531986236572, -0.5233433246612549], [0.802230954170227, -0.35905301570892334, -0.476975679397583, -0.020996764302253723], [0.0, 0.0, 0.0, 1.0]]}, "Bone": {"matrix": [[0.6121162176132202, -0.6057410836219788, -0.5083218812942505, -1.4079899787902832], [0.3953371047973633, 0.7911390066146851, -0.4666985869407654, -0.337649941444397], [0.6848518252372742, 0.08471548557281494, 0.7237409353256226, 0.46442675590515137], [0.0, 0.0, 0.0, 1.0]]}, "finger1joint1": {"matrix": [[-0.04874204844236374, -0.7618104219436646, -0.6459634900093079, -1.9120800495147705], [0.5331551432609558, 0.5270436406135559, -0.6617933511734009, 0.3207261860370636], [0.8446121215820312, -0.3766557574272156, 0.38047394156455994, 0.5349259376525879], [0.0, 0.0, 0.0, 1.0]]}, "finger1joint2": {"matrix": [[0.16548700630664825, -0.15461650490760803, -0.9740161895751953, -2.3426389694213867], [0.6986790895462036, 0.7154167294502258, 0.00514067942276597, 0.6185997724533081], [0.696032702922821, -0.6813753247261047, 0.226419597864151, 0.32204821705818176], [0.0, 0.0, 0.0, 1.0]]}, "finger1joint3": {"matrix": [[0.07155508548021317, 0.6751347780227661, -0.7342156767845154, -2.4089205265045166], [0.6688883304595947, 0.5135703086853027, 0.5374327301979065, 0.925287127494812], [0.7399110794067383, -0.5295642614364624, -0.4148409962654114, 0.029953837394714355], [0.0, 0.0, 0.0, 1.0]]}, "Bone.001": {"matrix": [[0.30661866068840027, -0.9182584881782532, -0.2505713999271393, -1.4079898595809937], [0.5817082524299622, 0.3891473710536957, -0.7142685651779175, -0.33764997124671936], [0.7533925175666809, 0.07324875891208649, 0.6534783244132996, 0.46442675590515137], [0.0, 0.0, 0.0, 1.0]]}, "finger2joint1": {"matrix": [[-0.48309773206710815, -0.8581253290176392, -0.17388825118541718, -1.9900587797164917], [0.787409245967865, -0.3389538526535034, -0.5148754715919495, -0.0909757912158966], [0.3828877806663513, -0.3856563866138458, 0.8394436836242676, 0.5108579397201538], [0.0, 0.0, 0.0, 1.0]]}, "finger2joint2": {"matrix": [[-0.5405747294425964, 0.31083422899246216, -0.781767725944519, -2.7324652671813965], [0.7977285385131836, 0.4845409393310547, -0.35895562171936035, -0.3842213749885559], [0.2672230005264282, -0.8176807165145874, -0.5098918676376343, 0.17720772325992584], [0.0, 0.0, 0.0, 1.0]]}, "finger2joint3": {"matrix": [[-0.4293253421783447, 0.8912273645401001, -0.1462639421224594, -2.614467144012451], [0.8769009709358215, 0.45010530948638916, 0.16867022216320038, -0.20028164982795715], [0.2161579132080078, -0.055844683200120926, -0.9747598171234131, -0.13319727778434753], [0.0, 0.0, 0.0, 1.0]]}, "Bone.002": {"matrix": [[-0.4165879786014557, -0.8958783745765686, -0.1544543355703354, -1.407989740371704], [0.6994538307189941, -0.2073342353105545, -0.6839420795440674, -0.337649941444397], [0.580705463886261, -0.39295563101768494, 0.7129983901977539, 0.46442675590515137], [0.0, 0.0, 0.0, 1.0]]}, "finger3joint1": {"matrix": [[-0.20174622535705566, -0.6324103474617004, -0.747900664806366, -1.7856113910675049], [0.6787705421447754, 0.4602181017398834, -0.5722498297691345, -0.42504340410232544], [0.7060943245887756, -0.6231018900871277, 0.33641424775123596, 0.29879194498062134], [0.0, 0.0, 0.0, 1.0]]}, "finger3joint2": {"matrix": [[-0.2700393795967102, 0.047479428350925446, -0.9616778492927551, -2.340350389480591], [0.7646839022636414, 0.6175075769424438, -0.18423615396022797, -0.02134859561920166], [0.5850961804389954, -0.7851303219795227, -0.20305800437927246, -0.24778151512145996], [0.0, 0.0, 0.0, 1.0]]}, "finger3joint3": {"matrix": [[-0.101780965924263, 0.3958287835121155, -0.912666380405426, -2.3096272945404053], [0.8144576549530029, 0.5599524974822998, 0.15202602744102478, 0.37822842597961426], [0.5712263584136963, -0.7278547286987305, -0.379378080368042, -0.7558239102363586], [0.0, 0.0, 0.0, 1.0]]}, "Bone.003": {"matrix": [[-0.8220498561859131, -0.16357503831386566, 0.5454145669937134, -1.4079899787902832], [-0.007869441993534565, -0.9544950723648071, -0.29812294244766235, -0.337649941444397], [0.5693610310554504, -0.24936418235301971, 0.783355176448822, 0.464426726102829], [0.0, 0.0, 0.0, 1.0]]}, "finger4joint1": {"matrix": [[-0.6961758732795715, -0.6420099139213562, -0.32118842005729675, -1.4781012535095215], [0.692280113697052, -0.48201480507850647, -0.5370379686355591, -0.7467650175094604], [0.18996642529964447, -0.5962253212928772, 0.7800177931785583, 0.3575443923473358], [0.0, 0.0, 0.0, 1.0]]}, "finger4joint2": {"matrix": [[-0.7167820930480957, -0.2889226973056793, -0.634623110294342, -2.115847587585449], [0.6705493927001953, -0.03594900667667389, -0.7409932017326355, -1.225578784942627], [0.191275954246521, -0.9566769599914551, 0.21950459480285645, -0.23472142219543457], [0.0, 0.0, 0.0, 1.0]]}, "finger4joint3": {"matrix": [[-0.6809237003326416, 0.03868881240487099, -0.7313312888145447, -2.23634672164917], [0.6819846630096436, 0.39743945002555847, -0.613953173160553, -1.2405718564987183], [0.26690706610679626, -0.9168121814727783, -0.297011137008667, -0.6337158679962158], [0.0, 0.0, 0.0, 1.0]]}}