{"root": {"matrix": [[0.4653540849685669, -0.8639119267463684, 0.1926182061433792, 0.0], [-0.05966174602508545, -0.24773754179477692, -0.9669883847236633, 0.0], [0.8831115365028381, 0.4385000467300415, -0.1668282449245453, 2.9802322387695312e-08], [0.0, 0.0, 0.0, 1.0]]}, "carpals": {"matrix": [[-0.38606610894203186, -0.5786648988723755, -0.7184007167816162, 0.18511968851089478], [0.8609462976455688, 0.053621888160705566, -0.5058616399765015, -0.2686980664730072], [0.33124661445617676, -0.8138005137443542, 0.47749781608581543, 2.445100784301758], [0.0, 0.0, 0.0, 1.0]]}, "metacarpals": {"matrix": [[-0.5206326842308044, -0.7118399143218994, -0.4714077115058899, -0.3784964084625244], [0.7042762637138367, -0.045946236699819565, -0.7084375619888306, -0.21647067368030548], [0.4826349914073944, -0.7008370161056519, 0.5252529978752136, 1.6524639129638672], [0.0, 0.0, 0.0, 1.0]]}, "finger5joint1": {"matrix": [[-0.6229686737060547, -0.7014895081520081, -0.3461534380912781, -0.4994466304779053], [0.6943082809448242, -0.29200974106788635, -0.6577736139297485, -0.07483890652656555], [0.3603413999080658, -0.650109589099884, 0.668962836265564, 0.9517597556114197], [0.0, 0.0, 0.0, 1.0]]}, "finger5joint2": {"matrix": [[-0.180773064494133, -0.886469841003418, 0.42601820826530457, -1.2404106855392456], [-0.6492070555686951, -0.21783287823200226, -0.7287514209747314, -0.3832806944847107], [0.738817036151886, -0.4083126187324524, -0.5361246466636658, 0.26506704092025757], [0.0, 0.0, 0.0, 1.0]]}, "finger5joint3": {"matrix": [[-0.2859190106391907, -0.9277152419090271, 0.2399875670671463, -1.8497122526168823], [-0.6255980134010315, -0.008992448449134827, -0.7800934910774231, -0.533004879951477], [0.7258628010749817, -0.37317922711372375, -0.5778061151504517, -0.015580534934997559], [0.0, 0.0, 0.0, 1.0]]}, "Bone": {"matrix": [[0.6601646542549133, -0.5498785972595215, -0.511679470539093, -1.4898762702941895], [0.21392692625522614, 0.7906542420387268, -0.5736732482910156, -0.2882055342197418], [0.7200121879577637, 0.2692570388317108, 0.6395957469940186, 0.5582627654075623], [0.0, 0.0, 0.0, 1.0]]}, "finger1joint1": {"matrix": [[-0.3414732813835144, -0.5886515378952026, -0.7327244281768799, -1.9474785327911377], [0.6259037852287292, 0.43916067481040955, -0.6445015072822571, 0.3697671890258789], [0.701170802116394, -0.6786949038505554, 0.21847756206989288, 0.7823351621627808], [0.0, 0.0, 0.0, 1.0]]}, "finger1joint2": {"matrix": [[-0.09033383429050446, -0.11144500970840454, -0.9896562695503235, -2.2801716327667236], [0.7834981679916382, 0.605487048625946, -0.13969993591308594, 0.6179713010787964], [0.6147931218147278, -0.7880133986473083, 0.032621096819639206, 0.39875146746635437], [0.0, 0.0, 0.0, 1.0]]}, "finger1joint3": {"matrix": [[-0.18594516813755035, 0.4487466812133789, -0.874099850654602, -2.3279459476470947], [0.7425784468650818, 0.6467458605766296, 0.17406043410301208, 0.8775336146354675], [0.6434297561645508, -0.6167219281196594, -0.45348870754241943, 0.0609431117773056], [0.0, 0.0, 0.0, 1.0]]}, "Bone.001": {"matrix": [[0.36998021602630615, -0.8879814743995667, -0.2731359302997589, -1.4898760318756104], [0.3995620012283325, 0.4175078570842743, -0.8161109685897827, -0.28820550441741943], [0.8387279510498047, 0.19281035661697388, 0.5092732310295105, 0.5582627654075623], [0.0, 0.0, 0.0, 1.0]]}, "finger2joint1": {"matrix": [[-0.333880752325058, -0.7548127174377441, -0.5646070241928101, -2.05275297164917], [0.6744449734687805, 0.227154940366745, -0.7025128602981567, -0.023554116487503052], [0.6585191488265991, -0.6153518557548523, 0.4332369565963745, 0.6804821491241455], [0.0, 0.0, 0.0, 1.0]]}, "finger2joint2": {"matrix": [[-0.3471601903438568, 0.20261073112487793, -0.9156573414802551, -2.7057783603668213], [0.754246711730957, 0.6405550837516785, -0.14422549307346344, 0.17296871542930603], [0.5573076009750366, -0.7407007813453674, -0.37519359588623047, 0.14811109006404877], [0.0, 0.0, 0.0, 1.0]]}, "finger2joint3": {"matrix": [[-0.23841559886932373, 0.9503926634788513, -0.19977842271327972, -2.628864288330078], [0.8325888514518738, 0.3059244453907013, 0.4617421627044678, 0.4161339998245239], [0.4999537169933319, -0.056246839463710785, -0.8642234206199646, -0.13307107985019684], [0.0, 0.0, 0.0, 1.0]]}, "Bone.002": {"matrix": [[-0.3497142493724823, -0.920703113079071, -0.17322085797786713, -1.4898761510849], [0.5902969837188721, -0.07297293841838837, -0.8038808107376099, -0.28820547461509705], [0.7274953722953796, -0.3833802342414856, 0.5690078139305115, 0.558262825012207], [0.0, 0.0, 0.0, 1.0]]}, "finger3joint1": {"matrix": [[-0.3790338635444641, -0.5784624814987183, -0.7222978472709656, -1.8779617547988892], [0.6783264875411987, 0.35724663734436035, -0.6420654654502869, -0.31896430253982544], [0.6294496059417725, -0.7333181500434875, 0.25697779655456543, 0.39666417241096497], [0.0, 0.0, 0.0, 1.0]]}, "finger3joint2": {"matrix": [[-0.43742433190345764, 0.09653714299201965, -0.894058346748352, -2.385378360748291], [0.7506719827651978, 0.586615264415741, -0.3039310574531555, -0.005594164133071899], [0.49512797594070435, -0.804091215133667, -0.32906752824783325, -0.24658900499343872], [0.0, 0.0, 0.0, 1.0]]}, "finger3joint3": {"matrix": [[-0.275510311126709, 0.43652939796447754, -0.856467068195343, -2.322911262512207], [0.8192585110664368, 0.5727222561836243, 0.02836753986775875, 0.37399303913116455], [0.5029013156890869, -0.6938523650169373, -0.5154211521148682, -0.7669005990028381], [0.0, 0.0, 0.0, 1.0]]}, "Bone.003": {"matrix": [[-0.8002769351005554, -0.2337203174829483, 0.5522059798240662, -1.4898762702941895], [-0.07619491964578629, -0.8738089799880981, -0.4802626371383667, -0.28820550441741943], [0.5947697758674622, -0.42641857266426086, 0.6814807653427124, 0.5582627654075623], [0.0, 0.0, 0.0, 1.0]]}, "finger4joint1": {"matrix": [[-0.8020394444465637, -0.5419791340827942, -0.2509797513484955, -1.5900530815124512], [0.5715298652648926, -0.5743928551673889, -0.5860257744789124, -0.6627370119094849], [0.17345306277275085, -0.6134584546089172, 0.7704430222511292, 0.37549149990081787], [0.0, 0.0, 0.0, 1.0]]}, "finger4joint2": {"matrix": [[-0.8189494013786316, -0.236489400267601, -0.5228709578514099, -2.1284332275390625], [0.5467898845672607, -0.045000411570072174, -0.8360595107078552, -1.233315348625183], [0.17419008910655975, -0.9705911874771118, 0.16616305708885193, -0.23389297723770142], [0.0, 0.0, 0.0, 1.0]]}, "finger4joint3": {"matrix": [[-0.7887197732925415, 0.01490686647593975, -0.6145715713500977, -2.2270638942718506], [0.560809850692749, 0.42695316672325134, -0.7093680500984192, -1.252083420753479], [0.25181910395622253, -0.9041506052017212, -0.34510642290115356, -0.6386904716491699], [0.0, 0.0, 0.0, 1.0]]}}