{"root": {"matrix": [[0.4907759428024292, -0.3818047344684601, 0.7831756472587585, 0.0], [0.5908913612365723, 0.8064272403717041, 0.022858787328004837, 0.0], [-0.6403017044067383, 0.45155325531959534, 0.6213802099227905, 2.9802322387695312e-08], [0.0, 0.0, 0.0, 1.0]]}, "carpals": {"matrix": [[-0.7585558295249939, -0.5986408591270447, -0.2573360204696655, 0.6481108069419861], [0.6514695882797241, -0.6886110901832581, -0.3184366524219513, 2.1230595111846924], [0.013424728997051716, -0.4091987609863281, 0.9123464226722717, -1.075897455215454], [0.0, 0.0, 0.0, 1.0]]}, "metacarpals": {"matrix": [[-0.1914118528366089, -0.7042474746704102, 0.6836641430854797, 0.06503808498382568], [0.5011811852455139, -0.6690206527709961, -0.5488429069519043, 1.4523565769195557], [0.8439068794250488, 0.23758453130722046, 0.4810141921043396, -1.474454641342163], [0.0, 0.0, 0.0, 1.0]]}, "finger5joint1": {"matrix": [[-0.05886245146393776, -0.7836558818817139, 0.6183997988700867, -0.5845052599906921], [0.5345360040664673, -0.5479241609573364, -0.6434672474861145, 1.2084031105041504], [0.8430933356285095, 0.2926808297634125, 0.4511445462703705, -1.6848225593566895], [0.0, 0.0, 0.0, 1.0]]}, "finger5joint2": {"matrix": [[0.7073115110397339, -0.7054347395896912, 0.04551394656300545, -1.4122592210769653], [-0.6029655337333679, -0.6356697082519531, -0.48203331232070923, 0.6296459436416626], [0.36897510290145874, 0.3135041892528534, -0.8749697208404541, -1.3756721019744873], [0.0, 0.0, 0.0, 1.0]]}, "finger5joint3": {"matrix": [[0.6347832679748535, -0.769864022731781, -0.06602168828248978, -1.8971294164657593], [-0.6322190165519714, -0.4683595895767212, -0.6172016859054565, 0.19272784888744354], [0.44423967599868774, 0.4335293769836426, -0.7840299010276794, -1.1601896286010742], [0.0, 0.0, 0.0, 1.0]]}, "Bone": {"matrix": [[0.6058567762374878, -0.41247376799583435, 0.680296003818512, -1.0344877243041992], [0.7823960781097412, 0.4638992249965668, -0.4155159890651703, 0.407829612493515], [-0.14419925212860107, 0.7840043306350708, 0.6037744879722595, -1.1035192012786865], [0.0, 0.0, 0.0, 1.0]]}, "finger1joint1": {"matrix": [[-0.08422023057937622, -0.9774353504180908, 0.19371819496154785, -1.3777432441711426], [0.5745324492454529, -0.20647291839122772, -0.7920107841491699, 0.7938807606697083], [0.8141371607780457, 0.04459398612380028, 0.5789576172828674, -0.45108044147491455], [0.0, 0.0, 0.0, 1.0]]}, "finger1joint2": {"matrix": [[-0.1196342408657074, -0.5517768859863281, -0.8253663778305054, -1.9301683902740479], [0.7923995852470398, 0.44779953360557556, -0.41422006487846375, 0.6771867275238037], [0.5981559753417969, -0.7035750150680542, 0.3836555480957031, -0.4258769452571869], [0.0, 0.0, 0.0, 1.0]]}, "finger1joint3": {"matrix": [[-0.182282492518425, -0.0021029070485383272, -0.9832438230514526, -2.166706085205078], [0.7294117212295532, 0.6702857613563538, -0.13665816187858582, 0.8691510558128357], [0.6593419313430786, -0.742099940776825, -0.12064757943153381, -0.7274880409240723], [0.0, 0.0, 0.0, 1.0]]}, "Bone.001": {"matrix": [[0.5063169002532959, -0.34586185216903687, 0.7899508476257324, -1.0344876050949097], [0.8384028077125549, -0.016936739906668663, -0.544787585735321, 0.4078295826911926], [0.20180056989192963, 0.9381324052810669, 0.2813962996006012, -1.1035192012786865], [0.0, 0.0, 0.0, 1.0]]}, "finger2joint1": {"matrix": [[-0.11716468632221222, -0.24638961255550385, 0.9620624780654907, -1.2537238597869873], [0.5926347374916077, -0.7946890592575073, -0.1313505619764328, 0.3970937132835388], [0.7969041466712952, 0.5547621250152588, 0.2391286939382553, -0.5088524222373962], [0.0, 0.0, 0.0, 1.0]]}, "finger2joint2": {"matrix": [[-0.22736936807632446, -0.811165988445282, 0.5388065576553345, -1.4668875932693481], [0.5279335975646973, -0.5676094889640808, -0.6317477822303772, -0.2904307246208191], [0.8182843327522278, 0.1408138871192932, 0.5572988986968994, -0.028900546953082085], [0.0, 0.0, 0.0, 1.0]]}, "finger2joint3": {"matrix": [[-0.366135835647583, -0.9183290004730225, -0.1503859907388687, -1.7748194932937622], [0.5136687755584717, -0.0646938756108284, -0.8555458188056946, -0.5059046149253845], [0.7759437561035156, -0.39049479365348816, 0.4954037666320801, 0.024554699659347534], [0.0, 0.0, 0.0, 1.0]]}, "Bone.002": {"matrix": [[0.10926305502653122, -0.5052398443222046, 0.8560338616371155, -1.0344876050949097], [0.5975986123085022, -0.6547883152961731, -0.46273964643478394, 0.4078295826911926], [0.794315755367279, 0.5621249675750732, 0.23038658499717712, -1.1035192012786865], [0.0, 0.0, 0.0, 1.0]]}, "finger3joint1": {"matrix": [[0.5090008974075317, -0.18308809399604797, 0.841068685054779, -1.2474513053894043], [0.8605748414993286, 0.08766157925128937, -0.5017232894897461, 0.13182973861694336], [0.01813041791319847, 0.9791803956031799, 0.202180877327919, -0.8665779232978821], [0.0, 0.0, 0.0, 1.0]]}, "finger3joint2": {"matrix": [[0.4406315088272095, -0.8954411149024963, 0.0634729191660881, -1.408052921295166], [0.8824169039726257, 0.41906532645225525, -0.21383285522460938, 0.20872485637664795], [0.16487570106983185, 0.1502309888601303, 0.974806010723114, -0.0076589435338974], [0.0, 0.0, 0.0, 1.0]]}, "finger3joint3": {"matrix": [[0.37870556116104126, -0.5938466191291809, -0.7098789215087891, -1.987475037574768], [0.9254985451698303, 0.24783319234848022, 0.2864105701446533, 0.4798938035964966], [0.0058478666469454765, -0.7654573917388916, 0.6434599757194519, 0.08955258131027222], [0.0, 0.0, 0.0, 1.0]]}, "Bone.003": {"matrix": [[0.27387696504592896, 0.12340598553419113, 0.9538145661354065, -1.0344876050949097], [-0.186941996216774, -0.9659883379936218, 0.1786591112613678, 0.40782955288887024], [0.9434214234352112, -0.2272386997938156, -0.24149209260940552, -1.103519320487976], [0.0, 0.0, 0.0, 1.0]]}, "finger4joint1": {"matrix": [[-0.2531205117702484, -0.49869367480278015, 0.8289958834648132, -0.9815934896469116], [0.4344905614852905, -0.8242183327674866, -0.36315521597862244, -0.006211817264556885], [0.8643770813941956, 0.2682687044143677, 0.42530444264411926, -1.200918197631836], [0.0, 0.0, 0.0, 1.0]]}, "finger4joint2": {"matrix": [[-0.24843037128448486, -0.8615249395370483, 0.4427828788757324, -1.476975440979004], [0.40838906168937683, -0.5076571702957153, -0.7586185932159424, -0.8249565362930298], [0.8783509135246277, -0.007636452559381723, 0.4779549539089203, -0.9344310164451599], [0.0, 0.0, 0.0, 1.0]]}, "finger4joint3": {"matrix": [[-0.18240609765052795, -0.9823172688484192, 0.042194630950689316, -1.8362854719161987], [0.460228830575943, -0.12322507798671722, -0.8792067766189575, -1.0366815328598022], [0.8688596487045288, -0.14095376431941986, 0.4745677709579468, -0.9376158118247986], [0.0, 0.0, 0.0, 1.0]]}}