{"root": {"matrix": [[0.5043904781341553, -0.8630543947219849, 0.026969648897647858, -5.960464477539063e-08], [-0.1471526324748993, -0.11669269949197769, -0.9822061657905579, 0.0], [0.8508445024490356, 0.49144676327705383, -0.18585948646068573, 0.0], [0.0, 0.0, 0.0, 1.0]]}, "carpals": {"matrix": [[-0.04448292404413223, -0.5752151012420654, -0.8167916536331177, 0.2928621172904968], [0.9981158971786499, 0.008994225412607193, -0.060692109167575836, -0.33657675981521606], [0.042257651686668396, -0.817952573299408, 0.5737313628196716, 2.4260942935943604], [0.0, 0.0, 0.0, 1.0]]}, "metacarpals": {"matrix": [[0.07855278253555298, -0.6976977586746216, -0.7120723724365234, -0.26739394664764404], [0.9961429238319397, 0.08294672518968582, 0.028617840260267258, -0.3278163969516754], [0.039097681641578674, -0.7115738391876221, 0.7015224695205688, 1.629413366317749], [0.0, 0.0, 0.0, 1.0]]}, "finger5joint1": {"matrix": [[-0.024492235854268074, -0.8488951921463013, -0.5279931426048279, -0.3864085078239441], [0.9958248734474182, -0.06717461347579956, 0.061807844787836075, -0.46704262495040894], [-0.08793587237596512, -0.5242748856544495, 0.8469963669776917, 0.9278961420059204], [0.0, 0.0, 0.0, 1.0]]}, "finger5joint2": {"matrix": [[-0.4673893451690674, -0.8828216791152954, 0.04660971835255623, -1.2830729484558105], [0.02497604489326477, -0.06588827073574066, -0.9975141882896423, -0.537997305393219], [0.8836984634399414, -0.46506330370903015, 0.05284455046057701, 0.3741190433502197], [0.0, 0.0, 0.0, 1.0]]}, "finger5joint3": {"matrix": [[-0.5496183633804321, -0.8233126401901245, -0.1416873186826706, -1.8898673057556152], [0.07359521090984344, 0.12122466415166855, -0.989892840385437, -0.5832845568656921], [0.8321675658226013, -0.5544908046722412, -0.006035725586116314, 0.05446474254131317], [0.0, 0.0, 0.0, 1.0]]}, "Bone": {"matrix": [[0.7591490745544434, 0.0739101991057396, -0.646706759929657, -1.3566937446594238], [0.06979679316282272, 0.9785611033439636, 0.19376905262470245, -0.19831359386444092], [0.6471635699272156, -0.1922374814748764, 0.7377152442932129, 0.5184490084648132], [0.0, 0.0, 0.0, 1.0]]}, "finger1joint1": {"matrix": [[0.38426685333251953, -0.9060149788856506, -0.1774134337902069, -1.2951866388320923], [0.8486757874488831, 0.42230483889579773, -0.3184461295604706, 0.6160328984260559], [0.3634396493434906, -0.028198005631566048, 0.9311907291412354, 0.3584713637828827], [0.0, 0.0, 0.0, 1.0]]}, "finger1joint2": {"matrix": [[0.4380788803100586, -0.8306724429130554, -0.3436131179332733, -1.8072466850280762], [0.8967145681381226, 0.4306701719760895, 0.10210840404033661, 0.8547104597091675], [0.06316537410020828, -0.35285428166389465, 0.9335436820983887, 0.34253445267677307], [0.0, 0.0, 0.0, 1.0]]}, "finger1joint3": {"matrix": [[0.4312063157558441, -0.011484929360449314, -0.9021800756454468, -2.1633424758911133], [0.8860383629798889, 0.19410881400108337, 0.4210200011730194, 1.0393316745758057], [0.17028583586215973, -0.9809126257896423, 0.09387721121311188, 0.19127163290977478], [0.0, 0.0, 0.0, 1.0]]}, "Bone.001": {"matrix": [[0.6575024724006653, -0.4262025058269501, -0.6213224530220032, -1.3566937446594238], [0.4190640151500702, 0.8921781778335571, -0.16853249073028564, -0.19831356406211853], [0.6261594295501709, -0.14956316351890564, 0.7652155756950378, 0.5184490084648132], [0.0, 0.0, 0.0, 1.0]]}, "finger2joint1": {"matrix": [[0.29721230268478394, -0.40515005588531494, -0.8645911812782288, -1.6268565654754639], [0.8473960757255554, 0.529190719127655, 0.04332084581255913, 0.3672236502170563], [0.43998241424560547, -0.7455266714096069, 0.5006047487258911, 0.42364341020584106], [0.0, 0.0, 0.0, 1.0]]}, "finger2joint2": {"matrix": [[0.3379783034324646, -0.3145969808101654, -0.8870169520378113, -1.9773718118667603], [0.8841351270675659, 0.4291921555995941, 0.18465915322303772, 0.8250523805618286], [0.32260775566101074, -0.8466535210609436, 0.4232040345668793, -0.22134822607040405], [0.0, 0.0, 0.0, 1.0]]}, "finger2joint3": {"matrix": [[0.37756094336509705, -0.1499791443347931, -0.9137579798698425, -2.0967979431152344], [0.9074674844741821, 0.2562861144542694, 0.33289629220962524, 0.9879807829856873], [0.1842561960220337, -0.9548943042755127, 0.23286500573158264, -0.5427517890930176], [0.0, 0.0, 0.0, 1.0]]}, "Bone.002": {"matrix": [[0.1837962120771408, -0.8304648995399475, -0.5258771181106567, -1.3566937446594238], [0.9250534176826477, 0.3270505964756012, -0.19316844642162323, -0.19831354916095734], [0.33240827918052673, -0.45096060633659363, 0.8283351063728333, 0.518449068069458], [0.0, 0.0, 0.0, 1.0]]}, "finger3joint1": {"matrix": [[0.6468929052352905, -0.7579925060272217, -0.0835263803601265, -1.7067430019378662], [0.6862385272979736, 0.6263980865478516, -0.369732528924942, -0.06045839190483093], [0.33257538080215454, 0.1818585991859436, 0.9253760576248169, 0.32836461067199707], [0.0, 0.0, 0.0, 1.0]]}, "finger3joint2": {"matrix": [[0.5216460824012756, -0.08624281734228134, -0.8487916588783264, -2.371640205383301], [0.7904727458953857, 0.42317166924476624, 0.4428075850009918, 0.4890064001083374], [0.3209957778453827, -0.9019353985786438, 0.28891876339912415, 0.48788756132125854], [0.0, 0.0, 0.0, 1.0]]}, "finger3joint3": {"matrix": [[0.6520230770111084, 0.7581900358200073, -0.0036667766980826855, -2.427446126937866], [0.7247589826583862, -0.6218380331993103, 0.29671841859817505, 0.7628324627876282], [0.22268891334533691, -0.19612513482570648, -0.9549578428268433, -0.095737025141716], [0.0, 0.0, 0.0, 1.0]]}, "Bone.003": {"matrix": [[-0.5875366926193237, -0.767311692237854, 0.2569693922996521, -1.3566937446594238], [0.6817862391471863, -0.6404492259025574, -0.35354241728782654, -0.19831353425979614], [0.4358533024787903, -0.032520994544029236, 0.8994299173355103, 0.518449068069458], [0.0, 0.0, 0.0, 1.0]]}, "finger4joint1": {"matrix": [[-0.21361880004405975, -0.5577382445335388, -0.8020564913749695, -1.6855785846710205], [0.9239338040351868, -0.3820500075817108, 0.019592279568314552, -0.47282251715660095], [-0.317352831363678, -0.7368620038032532, 0.5969265103340149, 0.5045099258422852], [0.0, 0.0, 0.0, 1.0]]}, "finger4joint2": {"matrix": [[-0.24179574847221375, -0.10102259367704391, -0.9650537967681885, -2.2396128177642822], [0.9151391386985779, -0.35437488555908203, -0.19219352304935455, -0.8523353338241577], [-0.3225746750831604, -0.9296303987503052, 0.1781362146139145, -0.22745859622955322], [0.0, 0.0, 0.0, 1.0]]}, "finger4joint3": {"matrix": [[-0.2184179127216339, 0.15481296181678772, -0.9634968042373657, -2.281745672225952], [0.9441429376602173, -0.21613182127475739, -0.24875840544700623, -1.0001319646835327], [-0.24675308167934418, -0.9640123248100281, -0.09895842522382736, -0.6151729822158813], [0.0, 0.0, 0.0, 1.0]]}}