{"root": {"matrix": [[0.3408794403076172, -0.4789390563964844, -0.8089614510536194, -2.9802322387695312e-08], [0.3750090003013611, -0.719799280166626, 0.5841723084449768, 0.0], [-0.8620727062225342, -0.5025001764297485, -0.06575828045606613, 0.0], [0.0, 0.0, 0.0, 1.0]]}, "carpals": {"matrix": [[0.5098194479942322, -0.578015148639679, -0.6371675729751587, 0.39304518699645996], [-0.40028563141822815, 0.49620622396469116, -0.7704222798347473, 0.07784545421600342], [0.7614821791648865, 0.6478254199028015, 0.021604293957352638, -2.4340174198150635], [0.0, 0.0, 0.0, 1.0]]}, "metacarpals": {"matrix": [[0.37062546610832214, -0.8422530293464661, 0.39146700501441956, -0.1699380874633789], [-0.1635901778936386, -0.47409266233444214, -0.8651440143585205, 0.5611473321914673], [0.9142618179321289, 0.2566041946411133, -0.31349530816078186, -1.803039312362671], [0.0, 0.0, 0.0, 1.0]]}, "finger5joint1": {"matrix": [[0.2474064826965332, -0.8840734362602234, 0.39648962020874023, -0.8766549825668335], [-0.2547796368598938, -0.4541705846786499, -0.8537072539329529, 0.6751937866210938], [0.9348138570785522, 0.11019512265920639, -0.33760884404182434, -1.6880629062652588], [0.0, 0.0, 0.0, 1.0]]}, "finger5joint2": {"matrix": [[0.5935242772102356, -0.5293440222740173, -0.60623699426651, -1.8104772567749023], [-0.645724356174469, -0.7628180980682373, 0.033881574869155884, 0.19546601176261902], [-0.4803837835788727, 0.37135228514671326, -0.7945617437362671, -1.571666955947876], [0.0, 0.0, 0.0, 1.0]]}, "finger5joint3": {"matrix": [[0.5739869475364685, -0.08651626110076904, -0.8142809271812439, -2.174314022064209], [-0.7149991989135742, -0.5376577377319336, -0.44687768816947937, -0.3288456201553345], [-0.39914241433143616, 0.8387122750282288, -0.3704678416252136, -1.3164234161376953], [0.0, 0.0, 0.0, 1.0]]}, "Bone": {"matrix": [[0.8532314300537109, 0.15806932747364044, 0.4970010817050934, -1.484929084777832], [0.5145818591117859, -0.10009467601776123, -0.8515787124633789, -0.17904290556907654], [-0.08486124873161316, 0.9823415279388428, -0.1667436957359314, -1.4024089574813843], [0.0, 0.0, 0.0, 1.0]]}, "finger1joint1": {"matrix": [[0.5541582703590393, -0.7919214367866516, 0.2564544975757599, -1.3533854484558105], [-0.10959997773170471, -0.3748185634613037, -0.9205968379974365, -0.2623404860496521], [0.8251643776893616, 0.48204895853996277, -0.2945035696029663, -0.5849164724349976], [0.0, 0.0, 0.0, 1.0]]}, "finger1joint2": {"matrix": [[0.46549293398857117, -0.8647470474243164, -0.18849094212055206, -1.8009623289108276], [0.18340526521205902, 0.30259785056114197, -0.9353057146072388, -0.47417980432510376], [0.8658398985862732, 0.40080806612968445, 0.2994561493396759, -0.3124728798866272], [0.0, 0.0, 0.0, 1.0]]}, "finger1joint3": {"matrix": [[0.47542065382003784, -0.0631171315908432, -0.8774914741516113, -2.1716651916503906], [0.07651559263467789, 0.9966099262237549, -0.030229350551962852, -0.3444610834121704], [0.8764248490333557, -0.05276991054415703, 0.4786384105682373, -0.14065304398536682], [0.0, 0.0, 0.0, 1.0]]}, "Bone.001": {"matrix": [[0.9086742997169495, 0.00012018808047287166, 0.4175054430961609, -1.484928846359253], [0.34614503383636475, -0.5593479871749878, -0.7532019019126892, -0.17904290556907654], [0.2334403395652771, 0.8289325833320618, -0.5083069801330566, -1.4024090766906738], [0.0, 0.0, 0.0, 1.0]]}, "finger2joint1": {"matrix": [[0.7321171760559082, -0.3146919310092926, 0.6041300892829895, -1.48485267162323], [0.0927896499633789, -0.8325496912002563, -0.5461233854293823, -0.5336044430732727], [0.6748289465904236, 0.455883264541626, -0.5803239345550537, -0.8769621849060059], [0.0, 0.0, 0.0, 1.0]]}, "finger2joint2": {"matrix": [[0.641684353351593, -0.5954033732414246, 0.4834624230861664, -1.7571080923080444], [0.06719069927930832, -0.5842908620834351, -0.8087578415870667, -1.2538838386535645], [0.7640199065208435, 0.5514513254165649, -0.3349249064922333, -0.4825552701950073], [0.0, 0.0, 0.0, 1.0]]}, "finger2joint3": {"matrix": [[0.5233756303787231, -0.5047144889831543, -0.686542809009552, -1.98313307762146], [0.07172494381666183, 0.8289398550987244, -0.5547196865081787, -1.4756903648376465], [0.8490777611732483, 0.24108469486236572, 0.4700474739074707, -0.27321529388427734], [0.0, 0.0, 0.0, 1.0]]}, "Bone.002": {"matrix": [[0.6447103023529053, -0.5797861218452454, 0.4981933534145355, -1.484928846359253], [-0.1300983875989914, -0.7254342436790466, -0.6758841276168823, -0.17904287576675415], [0.7532747387886047, 0.3709351420402527, -0.5431243181228638, -1.4024089574813843], [0.0, 0.0, 0.0, 1.0]]}, "finger3joint1": {"matrix": [[0.45488953590393066, -0.5628694295883179, -0.6901112198829651, -1.7293148040771484], [-0.11765328794717789, 0.7301520109176636, -0.6730790734291077, -0.484820693731308], [0.8827418684959412, 0.38737061619758606, 0.2659148573875427, -1.246056079864502], [0.0, 0.0, 0.0, 1.0]]}, "finger3joint2": {"matrix": [[0.3865891396999359, -0.033649105578660965, -0.921638011932373, -2.223053455352783], [0.02548065595328808, 0.9993422627449036, -0.025797907263040543, 0.15565520524978638], [0.9218999147415161, -0.013510542921721935, 0.3871922194957733, -0.9062618017196655], [0.0, 0.0, 0.0, 1.0]]}, "finger3joint3": {"matrix": [[0.5339177846908569, 0.23777347803115845, -0.8114157915115356, -2.2448270320892334], [0.07900573313236237, 0.941418468952179, 0.32785531878471375, 0.8023098707199097], [0.8418371677398682, -0.23915408551692963, 0.48385459184646606, -0.9150041341781616], [0.0, 0.0, 0.0, 1.0]]}, "Bone.003": {"matrix": [[0.4003618061542511, -0.4871264100074768, 0.7761561274528503, -1.4849289655685425], [-0.8238138556480408, -0.5622612237930298, 0.07206188142299652, -0.17904290556907654], [0.40129899978637695, -0.6682590842247009, -0.6264094114303589, -1.4024089574813843], [0.0, 0.0, 0.0, 1.0]]}, "finger4joint1": {"matrix": [[0.6079829931259155, 0.03114352375268936, 0.7933388352394104, -1.693720817565918], [0.25095123052597046, -0.9555404186248779, -0.15480810403823853, -0.4200388789176941], [0.7532462477684021, 0.29320985078811646, -0.588767945766449, -1.6888378858566284], [0.0, 0.0, 0.0, 1.0]]}, "finger4joint2": {"matrix": [[0.6237432360649109, -0.7698632478713989, 0.135110005736351, -1.6627840995788574], [0.22594508528709412, 0.012113869190216064, -0.9740644693374634, -1.3692336082458496], [0.7482598423957825, 0.6380936503410339, 0.1815025359392166, -1.3975751399993896], [0.0, 0.0, 0.0, 1.0]]}, "finger4joint3": {"matrix": [[0.6835366487503052, -0.6055809259414673, -0.4074912667274475, -1.9838653802871704], [0.23838110268115997, 0.7128679156303406, -0.6595401763916016, -1.364181399345398], [0.6898925304412842, 0.35368192195892334, 0.6316303610801697, -1.1314499378204346], [0.0, 0.0, 0.0, 1.0]]}}