{"root": {"matrix": [[0.18374261260032654, -0.8310614824295044, 0.52495276927948, 0.0], [0.5597672462463379, -0.3505304753780365, -0.7508589029312134, 0.0], [0.8080219030380249, 0.43181610107421875, 0.40079355239868164, 2.9802322387695312e-08], [0.0, 0.0, 0.0, 1.0]]}, "carpals": {"matrix": [[-0.8872271776199341, -0.24157637357711792, -0.39302489161491394, -0.45694589614868164], [0.4491189122200012, -0.2575608193874359, -0.8555433750152588, 1.007210373878479], [0.10545136779546738, -0.9355762600898743, 0.337011456489563, 2.2049293518066406], [0.0, 0.0, 0.0, 1.0]]}, "metacarpals": {"matrix": [[-0.8982082009315491, -0.339241087436676, 0.27953046560287476, -0.6922397613525391], [-0.1191517636179924, -0.42420846223831177, -0.8976914286613464, 0.7563477158546448], [0.423113077878952, -0.8396203517913818, 0.3406062424182892, 1.293683648109436], [0.0, 0.0, 0.0, 1.0]]}, "finger5joint1": {"matrix": [[-0.7924261689186096, -0.5587059855461121, 0.24476149678230286, -0.8432193398475647], [-0.1872233897447586, -0.15911336243152618, -0.969345211982727, 0.9044530391693115], [0.5805239081382751, -0.813959538936615, 0.02148268185555935, 0.6001819968223572], [0.0, 0.0, 0.0, 1.0]]}, "finger5joint2": {"matrix": [[0.2662521004676819, -0.6227976083755493, 0.7356849312782288, -1.433364987373352], [-0.9637839794158936, -0.1840161383152008, 0.19302360713481903, 0.7363860607147217], [0.015163176693022251, -0.7604342699050903, -0.6492373943328857, -0.25958091020584106], [0.0, 0.0, 0.0, 1.0]]}, "finger5joint3": {"matrix": [[0.16603973507881165, -0.8279213905334473, 0.5357017517089844, -1.8614357709884644], [-0.9859125018119812, -0.1282603144645691, 0.10735650360584259, 0.6099052429199219], [-0.020173531025648117, -0.5459803938865662, -0.8375546336174011, -0.7822540402412415], [0.0, 0.0, 0.0, 1.0]]}, "Bone": {"matrix": [[0.17155887186527252, -0.9750534892082214, 0.14084790647029877, -1.2218893766403198], [0.47509390115737915, -0.043361518532037735, -0.8788659572601318, 0.09404050558805466], [0.8630486130714417, 0.21769332885742188, 0.4558028280735016, -0.01719672977924347], [0.0, 0.0, 0.0, 1.0]]}, "finger1joint1": {"matrix": [[-0.7561708688735962, -0.641046404838562, 0.13139648735523224, -2.0333166122436523], [-0.07284107804298401, -0.11709101498126984, -0.9904462099075317, 0.05795558542013168], [0.6503073573112488, -0.7585174441337585, 0.04184628650546074, 0.16396492719650269], [0.0, 0.0, 0.0, 1.0]]}, "finger1joint2": {"matrix": [[-0.7472971081733704, 0.02622200921177864, -0.6639724373817444, -2.3956222534179688], [0.23452289402484894, 0.9453264474868774, -0.22662055492401123, -0.008221715688705444], [0.621728241443634, -0.3250695765018463, -0.7125892043113708, -0.2647327184677124], [0.0, 0.0, 0.0, 1.0]]}, "finger1joint3": {"matrix": [[-0.8111538887023926, 0.5690821409225464, -0.1348143368959427, -2.3843815326690674], [0.1755266934633255, 0.45678624510765076, 0.8720874786376953, 0.3970242142677307], [0.5578708648681641, 0.6837334632873535, -0.470412939786911, -0.4040846824645996], [0.0, 0.0, 0.0, 1.0]]}, "Bone.001": {"matrix": [[-0.15308573842048645, -0.8623909950256348, 0.4825415015220642, -1.2218893766403198], [0.32525375485420227, -0.5050612092018127, -0.7994516491889954, 0.09404049813747406], [0.9331529140472412, 0.0345638170838356, 0.3578135073184967, -0.01719672791659832], [0.0, 0.0, 0.0, 1.0]]}, "finger2joint1": {"matrix": [[-0.8548625707626343, -0.27112752199172974, 0.4423793852329254, -1.7685449123382568], [-0.04553280398249626, -0.8101171851158142, -0.5844970345497131, -0.22610950469970703], [0.5168523788452148, -0.5198073983192444, 0.6801936030387878, 0.0047126710414886475], [0.0, 0.0, 0.0, 1.0]]}, "finger2joint2": {"matrix": [[-0.9130867123603821, -0.3969033360481262, 0.09348907321691513, -2.003110647201538], [-0.06439583748579025, -0.08603749424219131, -0.9942085146903992, -0.926981508731842], [0.40264832973480225, -0.9138187766075134, 0.05300077050924301, -0.4449981153011322], [0.0, 0.0, 0.0, 1.0]]}, "finger2joint3": {"matrix": [[-0.957261323928833, -0.11432044208049774, -0.26567137241363525, -2.1537816524505615], [0.01525559090077877, 0.8973299860954285, -0.44109636545181274, -0.9596428275108337], [0.288821280002594, -0.42629745602607727, -0.8572351932525635, -0.7918987274169922], [0.0, 0.0, 0.0, 1.0]]}, "Bone.002": {"matrix": [[-0.7186129689216614, -0.4533335268497467, 0.5273366570472717, -1.2218893766403198], [-0.10649016499519348, -0.6776297688484192, -0.7276521921157837, 0.09404049813747406], [0.6872081756591797, -0.5790563225746155, 0.4386778771877289, -0.01719672977924347], [0.0, 0.0, 0.0, 1.0]]}, "finger3joint1": {"matrix": [[-0.6663135886192322, -0.6964436769485474, -0.26644399762153625, -1.4129738807678223], [-0.09595852345228195, 0.4344351887702942, -0.8955768942832947, -0.19158722460269928], [0.7394716143608093, -0.5711672306060791, -0.35629966855049133, -0.2612747550010681], [0.0, 0.0, 0.0, 1.0]]}, "finger3joint2": {"matrix": [[-0.7572102546691895, -0.24724292755126953, -0.6045688986778259, -2.023881435394287], [0.008757823146879673, 0.9216639399528503, -0.38789018988609314, 0.18949127197265625], [0.653112530708313, -0.2990090250968933, -0.6957279443740845, -0.7622921466827393], [0.0, 0.0, 0.0, 1.0]]}, "finger3joint3": {"matrix": [[-0.6560807228088379, 0.05090413987636566, -0.7529719471931458, -2.1838674545288086], [0.11957894265651703, 0.9921305775642395, -0.037119291722774506, 0.7858818769454956], [0.74515700340271, -0.11439283937215805, -0.6570045948028564, -0.9557750225067139], [0.0, 0.0, 0.0, 1.0]]}, "Bone.003": {"matrix": [[-0.42903998494148254, 0.5981066226959229, 0.6768995523452759, -1.2218893766403198], [-0.8113319277763367, -0.5845812559127808, 0.0022868013475090265, 0.09404052793979645], [0.3970705270767212, -0.5482091307640076, 0.7360716462135315, -0.01719672977924347], [0.0, 0.0, 0.0, 1.0]]}, "finger4joint1": {"matrix": [[-0.6186273097991943, -0.6216799020767212, 0.48043107986450195, -0.9655293226242065], [0.20846104621887207, -0.7194395661354065, -0.6625333428382874, -0.15652239322662354], [0.7575249075889587, -0.30970993638038635, 0.5746610164642334, -0.2521698772907257], [0.0, 0.0, 0.0, 1.0]]}, "finger4joint2": {"matrix": [[-0.6233230233192444, -0.7527902126312256, 0.21160075068473816, -1.583080530166626], [0.17908193171024323, -0.400834321975708, -0.8984771966934204, -0.871184229850769], [0.7611817717552185, -0.522147536277771, 0.3846604526042938, -0.5598229765892029], [0.0, 0.0, 0.0, 1.0]]}, "finger4joint3": {"matrix": [[-0.5616177916526794, -0.8268895149230957, -0.028962602838873863, -1.8970414400100708], [0.22490614652633667, -0.11888089776039124, -0.967100977897644, -1.0383573770523071], [0.7962425947189331, -0.5496549010276794, 0.25273826718330383, -0.7775912880897522], [0.0, 0.0, 0.0, 1.0]]}}