{"root": {"matrix": [[0.3537949323654175, -0.8250945210456848, 0.44050896167755127, -5.960464477539063e-08], [0.26501864194869995, -0.3632368743419647, -0.8932099938392639, 0.0], [0.8969917893409729, 0.432756245136261, 0.0901540070772171, 0.0], [0.0, 0.0, 0.0, 1.0]]}, "carpals": {"matrix": [[-0.6815544366836548, -0.5245617032051086, -0.5102139711380005, -0.05704277753829956], [0.6356798410415649, -0.07903581857681274, -0.7678960561752319, 0.3442109227180481], [0.3624838590621948, -0.8476957082748413, 0.38732045888900757, 2.44197678565979], [0.0, 0.0, 0.0, 1.0]]}, "metacarpals": {"matrix": [[-0.9054688811302185, -0.4123475253582001, -0.10047564655542374, -0.5679625868797302], [0.1726166158914566, -0.14152739942073822, -0.9747684001922607, 0.2672305107116699], [0.3877234160900116, -0.8999661803245544, 0.1993265450000763, 1.6163262128829956], [0.0, 0.0, 0.0, 1.0]]}, "finger5joint1": {"matrix": [[-0.8209161758422852, -0.550326406955719, -0.15243743360042572, -0.6030657291412354], [0.029168058186769485, 0.2261854112148285, -0.97364741563797, 0.5571649074554443], [0.5703031420707703, -0.8037291169166565, -0.16962745785713196, 0.9527145028114319], [0.0, 0.0, 0.0, 1.0]]}, "finger5joint2": {"matrix": [[-0.2153358906507492, -0.9036450982093811, 0.37020978331565857, -1.184360146522522], [-0.959155797958374, 0.2669282555580139, 0.0936436802148819, 0.7960783243179321], [-0.18344026803970337, -0.33492371439933777, -0.9242159724235535, 0.10375773906707764], [0.0, 0.0, 0.0, 1.0]]}, "finger5joint3": {"matrix": [[-0.3188091516494751, -0.9381952285766602, 0.13472123444080353, -1.8054673671722412], [-0.9337421655654907, 0.33529132604599, 0.12531904876232147, 0.9795475006103516], [-0.1627447009086609, -0.08584168553352356, -0.982926607131958, -0.12644708156585693], [0.0, 0.0, 0.0, 1.0]]}, "Bone": {"matrix": [[0.27453914284706116, -0.9336780905723572, -0.22994185984134674, -1.2117516994476318], [0.24841657280921936, 0.29988014698028564, -0.921065092086792, 0.04626692831516266], [0.928933322429657, 0.1957472413778305, 0.3142698407173157, 0.21122916042804718], [0.0, 0.0, 0.0, 1.0]]}, "finger1joint1": {"matrix": [[-0.7997937798500061, -0.5908453464508057, 0.1059785932302475, -1.988747000694275], [0.1484460085630417, -0.3657459616661072, -0.9188000559806824, 0.29582351446151733], [0.5816300511360168, -0.7191184163093567, 0.3802298307418823, 0.374127596616745], [0.0, 0.0, 0.0, 1.0]]}, "finger1joint2": {"matrix": [[-0.7821053266525269, -0.12563809752464294, -0.6103492379188538, -2.3226799964904785], [0.4284180998802185, 0.6028527021408081, -0.6730724573135376, 0.08911183476448059], [0.4525143802165985, -0.7878980040550232, -0.4176686406135559, -0.03230258822441101], [0.0, 0.0, 0.0, 1.0]]}, "finger1joint3": {"matrix": [[-0.8347576856613159, 0.5470896363258362, -0.06222892180085182, -2.3765392303466797], [0.3356446325778961, 0.5951812863349915, 0.7301382422447205, 0.3475448489189148], [0.4364887475967407, 0.5886016488075256, -0.6804596781730652, -0.3700614869594574], [0.0, 0.0, 0.0, 1.0]]}, "Bone.001": {"matrix": [[-0.0866665318608284, -0.9886460900306702, 0.12274982035160065, -1.2117515802383423], [0.2247675210237503, -0.13944092392921448, -0.9643835425376892, 0.04626694694161415], [0.9705504179000854, -0.055989522486925125, 0.23430025577545166, 0.21122919023036957], [0.0, 0.0, 0.0, 1.0]]}, "finger2joint1": {"matrix": [[-0.8445765972137451, -0.5109580159187317, -0.16003714501857758, -1.8384380340576172], [0.21035455167293549, -0.041778646409511566, -0.9767319560050964, -0.04212237522006035], [0.49238303303718567, -0.8585895299911499, 0.14276748895645142, 0.1757383942604065], [0.0, 0.0, 0.0, 1.0]]}, "finger2joint2": {"matrix": [[-0.8689044117927551, -0.1767944097518921, -0.46232956647872925, -2.2804930210113525], [0.29507312178611755, 0.5649160742759705, -0.7705851793289185, -0.07826712727546692], [0.3974127471446991, -0.805985689163208, -0.43869081139564514, -0.567069411277771], [0.0, 0.0, 0.0, 1.0]]}, "finger2joint3": {"matrix": [[-0.8386386036872864, 0.3537367284297943, -0.4141923487186432, -2.347607135772705], [0.4255860149860382, 0.9001303315162659, -0.0929608941078186, 0.13618430495262146], [0.3399435877799988, -0.25423499941825867, -0.9054294228553772, -0.8730348348617554], [0.0, 0.0, 0.0, 1.0]]}, "Bone.002": {"matrix": [[-0.7533859014511108, -0.6309540271759033, 0.18522007763385773, -1.2117515802383423], [0.07902532070875168, -0.3665017783641815, -0.9270552396774292, 0.04626695066690445], [0.6528128981590271, -0.6837931871414185, 0.32597842812538147, 0.21122917532920837], [0.0, 0.0, 0.0, 1.0]]}, "finger3joint1": {"matrix": [[-0.6157124042510986, -0.6960356831550598, -0.36936765909194946, -1.4777050018310547], [0.10471389442682266, 0.39232462644577026, -0.913847029209137, -0.10821720957756042], [0.7809823155403137, -0.6013445258140564, -0.1686745584011078, -0.0769965648651123], [0.0, 0.0, 0.0, 1.0]]}, "finger3joint2": {"matrix": [[-0.7032270431518555, -0.18705718219280243, -0.6859163641929626, -2.088254690170288], [0.20080283284187317, 0.8732312321662903, -0.4440106153488159, 0.2359226942062378], [0.6820191144943237, -0.4499739706516266, -0.5765181183815002, -0.6044848561286926], [0.0, 0.0, 0.0, 1.0]]}, "finger3joint3": {"matrix": [[-0.5862679481506348, 0.12892979383468628, -0.7997917532920837, -2.2092955112457275], [0.31568360328674316, 0.9455723166465759, -0.0789739117026329, 0.8009734153747559], [0.7460790276527405, -0.2987808883190155, -0.5950595140457153, -0.8956540822982788], [0.0, 0.0, 0.0, 1.0]]}, "Bone.003": {"matrix": [[-0.727776825428009, 0.37424594163894653, 0.5747005343437195, -1.2117515802383423], [-0.6347944736480713, -0.6847643852233887, -0.35795772075653076, 0.046266958117485046], [0.25957024097442627, -0.6253302097320557, 0.7359247207641602, 0.21122919023036957], [0.0, 0.0, 0.0, 1.0]]}, "finger4joint1": {"matrix": [[-0.7295830845832825, -0.6188915967941284, 0.2910005450248718, -1.051342487335205], [0.313851922750473, -0.6810505390167236, -0.6615639925003052, -0.247236430644989], [0.6076227426528931, -0.39133480191230774, 0.6911231875419617, -0.056799471378326416], [0.0, 0.0, 0.0, 1.0]]}, "finger4joint2": {"matrix": [[-0.7378228902816772, -0.6736993193626404, 0.041785333305597305, -1.6661241054534912], [0.2853241562843323, -0.3673863112926483, -0.8852216005325317, -0.9237641096115112], [0.6117247939109802, -0.6412143111228943, 0.46328872442245483, -0.4455353915691376], [0.0, 0.0, 0.0, 1.0]]}, "finger4joint3": {"matrix": [[-0.6797994375228882, -0.6993433237075806, -0.22088710963726044, -1.9470990896224976], [0.3277949392795563, -0.020304953679442406, -0.9445305466651917, -1.0769872665405273], [0.6560661792755127, -0.7144969701766968, 0.24304454028606415, -0.7129621505737305], [0.0, 0.0, 0.0, 1.0]]}}