{"root": {"matrix": [[0.3760729432106018, -0.9220151901245117, -0.09196249395608902, -5.960464477539063e-08], [-0.8826468586921692, -0.3262675702571869, -0.33835479617118835, 0.0], [0.2819638252258301, 0.20841646194458008, -0.9365142583847046, 1.4901161193847656e-08], [0.0, 0.0, 0.0, 1.0]]}, "carpals": {"matrix": [[0.42404672503471375, -0.4233194887638092, -0.8006152510643005, -0.041665345430374146], [0.789616584777832, 0.6057327389717102, 0.09794439375400543, -2.2773988246917725], [0.4434972405433655, -0.6737122535705566, 0.5911191701889038, 0.9469441175460815], [0.0, 0.0, 0.0, 1.0]]}, "metacarpals": {"matrix": [[0.6120532751083374, -0.789120078086853, 0.0517694428563118, -0.453976035118103], [0.7379287481307983, 0.5934334993362427, 0.3213992714881897, -1.687418818473816], [-0.284344345331192, -0.15851137042045593, 0.9455275535583496, 0.29075247049331665], [0.0, 0.0, 0.0, 1.0]]}, "finger5joint1": {"matrix": [[0.5518484711647034, -0.8192418217658997, 0.15590335428714752, -1.0329933166503906], [0.7807387709617615, 0.5732378363609314, 0.24868640303611755, -1.6104589700698853], [-0.29310402274131775, -0.015517433173954487, 0.9559545516967773, -0.13877177238464355], [0.0, 0.0, 0.0, 1.0]]}, "finger5joint2": {"matrix": [[0.2639705538749695, -0.3732180595397949, -0.8893972039222717, -1.898335576057434], [0.04094383865594864, 0.9256079196929932, -0.37626147270202637, -1.0049636363983154], [0.9636611342430115, 0.06290671974420547, 0.2596142888069153, -0.15516240894794464], [0.0, 0.0, 0.0, 1.0]]}, "finger5joint3": {"matrix": [[0.2765387296676636, -0.10222633928060532, -0.9555498957633972, -2.1548616886138916], [0.1478278785943985, 0.9870161414146423, -0.06281112134456635, -0.3687608540058136], [0.9495645761489868, -0.12388718873262405, 0.2880602180957794, -0.11192440241575241], [0.0, 0.0, 0.0, 1.0]]}, "Bone": {"matrix": [[0.8669493794441223, 0.4560144245624542, 0.20112024247646332, -1.686011552810669], [-0.49735787510871887, 0.7655462622642517, 0.4081343710422516, -0.7609044313430786], [0.03214836120605469, -0.45386067032814026, 0.8904924392700195, 0.0432722270488739], [0.0, 0.0, 0.0, 1.0]]}, "finger1joint1": {"matrix": [[0.7409861087799072, -0.6709989905357361, -0.026450728997588158, -1.3065218925476074], [0.6381646990776062, 0.6913736462593079, 0.3387446701526642, -0.12382626533508301], [-0.20901000499725342, -0.26788511872291565, 0.9405063986778259, -0.33442506194114685], [0.0, 0.0, 0.0, 1.0]]}, "finger1joint2": {"matrix": [[0.7271262407302856, -0.6864891648292542, -0.004456047900021076, -1.6857560873031616], [0.49077343940734863, 0.5152641534805298, 0.702597975730896, 0.26692312955856323], [-0.48003000020980835, -0.5130645036697388, 0.7115729451179504, -0.48582786321640015], [0.0, 0.0, 0.0, 1.0]]}, "finger1joint3": {"matrix": [[0.7476298213005066, -0.5611766576766968, -0.3551482558250427, -1.980042576789856], [0.540168821811676, 0.2027370184659958, 0.8167710900306702, 0.4878084063529968], [-0.38635125756263733, -0.8024826645851135, 0.4547024667263031, -0.7057702541351318], [0.0, 0.0, 0.0, 1.0]]}, "Bone.001": {"matrix": [[0.9873882532119751, 0.15445250272750854, 0.03476458042860031, -1.686011552810669], [-0.15722909569740295, 0.982365071773529, 0.10117994993925095, -0.7609044313430786], [-0.01852395385503769, -0.10536987334489822, 0.9942604899406433, 0.04327220842242241], [0.0, 0.0, 0.0, 1.0]]}, "finger2joint1": {"matrix": [[0.7561280131340027, -0.6478105783462524, -0.09279844164848328, -1.588106393814087], [0.6088017821311951, 0.6442907452583313, 0.4628707468509674, -0.13819926977157593], [-0.2400633543729782, -0.40648552775382996, 0.8815548419952393, -0.02352002263069153], [0.0, 0.0, 0.0, 1.0]]}, "finger2joint2": {"matrix": [[0.6997742056846619, -0.387820839881897, -0.5999256372451782, -2.148559093475342], [0.6191805601119995, -0.08955337852239609, 0.7801251411437988, 0.41920822858810425], [-0.35627421736717224, -0.9173739552497864, 0.1774640679359436, -0.3751905560493469], [0.0, 0.0, 0.0, 1.0]]}, "finger2joint3": {"matrix": [[0.7014612555503845, 0.21532604098320007, -0.6794014573097229, -2.2957823276519775], [0.5326229929924011, -0.7917880415916443, 0.2989715337753296, 0.3852123022079468], [-0.4735656976699829, -0.571582019329071, -0.6700964570045471, -0.7234407663345337], [0.0, 0.0, 0.0, 1.0]]}, "Bone.002": {"matrix": [[0.8147523999214172, -0.5684540867805481, 0.11418527364730835, -1.6860114336013794], [0.5706967711448669, 0.8210199475288391, 0.015201264061033726, -0.7609044313430786], [-0.10238955914974213, 0.052779942750930786, 0.99334317445755, 0.043272197246551514], [0.0, 0.0, 0.0, 1.0]]}, "finger3joint1": {"matrix": [[0.9575384855270386, 0.09153583645820618, 0.27338847517967224, -1.9256205558776855], [0.013613088056445122, 0.932847261428833, -0.36001431941986084, -0.41483625769615173], [-0.2879839539527893, 0.3484492897987366, 0.8919911980628967, 0.06551951169967651], [0.0, 0.0, 0.0, 1.0]]}, "finger3joint2": {"matrix": [[0.9486305117607117, -0.27818763256073, 0.15070408582687378, -1.8453270196914673], [0.17490154504776, 0.8580272793769836, 0.4829060733318329, 0.40344011783599854], [-0.2636467218399048, -0.43174105882644653, 0.8626065850257874, 0.3711727559566498], [0.0, 0.0, 0.0, 1.0]]}, "finger3joint3": {"matrix": [[0.8947908282279968, -0.4365919530391693, 0.09347067773342133, -2.025336742401123], [0.13355503976345062, 0.46148547530174255, 0.877036988735199, 0.958652675151825], [-0.42604270577430725, -0.7722813487052917, 0.47124212980270386, 0.09180164337158203], [0.0, 0.0, 0.0, 1.0]]}, "Bone.003": {"matrix": [[0.3129941523075104, -0.8007878661155701, 0.5106596946716309, -1.6860114336013794], [0.8114657998085022, -0.05391281843185425, -0.5819075107574463, -0.7609044313430786], [0.4935157299041748, 0.5965166687965393, 0.6329377293586731, 0.043272167444229126], [0.0, 0.0, 0.0, 1.0]]}, "finger4joint1": {"matrix": [[0.6070740222930908, -0.5729825496673584, -0.5505922436714172, -2.029244899749756], [0.7398978471755981, 0.1548471450805664, 0.6546548008918762, -0.7840125560760498], [-0.2898481786251068, -0.8048062920570374, 0.5179523825645447, 0.29895085096359253], [0.0, 0.0, 0.0, 1.0]]}, "finger4joint2": {"matrix": [[0.5830346345901489, 0.2551383674144745, -0.7713460326194763, -2.5984222888946533], [0.7557564377784729, -0.5187484622001648, 0.3996642827987671, -0.6301936507225037], [-0.29816490411758423, -0.8159681558609009, -0.4952710270881653, -0.5005107522010803], [0.0, 0.0, 0.0, 1.0]]}, "finger4joint3": {"matrix": [[0.5710293054580688, 0.6917630434036255, -0.44202834367752075, -2.492013454437256], [0.7903345823287964, -0.6088777184486389, 0.06810649484395981, -0.8465443849563599], [-0.22202764451503754, -0.3882412314414978, -0.8944116234779358, -0.8408207893371582], [0.0, 0.0, 0.0, 1.0]]}}