{"root": {"matrix": [[0.3461020290851593, -0.9001749157905579, 0.26438331604003906, -5.960464477539063e-08], [0.4898727536201477, -0.06694397330284119, -0.8692198991775513, 0.0], [0.8001488447189331, 0.43035292625427246, 0.4178016483783722, 0.0], [0.0, 0.0, 0.0, 1.0]]}, "carpals": {"matrix": [[-0.2678643763065338, -0.4871780276298523, -0.8312075734138489, -0.1281287670135498], [0.9005876183509827, -0.4331519901752472, -0.036348577588796616, 1.1400318145751953], [-0.3423308730125427, -0.7583116888999939, 0.5547725558280945, 2.1837801933288574], [0.0, 0.0, 0.0, 1.0]]}, "metacarpals": {"matrix": [[-0.35604217648506165, -0.6420233249664307, -0.6789990663528442, -0.6026372909545898], [0.8367464542388916, -0.5425356030464172, 0.0742320567369461, 0.7181443572044373], [-0.4160397946834564, -0.5417202711105347, 0.7303763628005981, 1.4451892375946045], [0.0, 0.0, 0.0, 1.0]]}, "finger5joint1": {"matrix": [[-0.40576136112213135, -0.6562665700912476, -0.6361380219459534, -0.6272289752960205], [0.8047014474868774, -0.586536705493927, 0.09181610494852066, 0.23117899894714355], [-0.4333740174770355, -0.4746457040309906, 0.7660926580429077, 0.9085936546325684], [0.0, 0.0, 0.0, 1.0]]}, "finger5joint2": {"matrix": [[-0.5164127945899963, -0.8457211852073669, 0.13443534076213837, -1.3204251527786255], [0.11962821334600449, -0.22669577598571777, -0.9665908813476562, -0.38836348056793213], [0.8479424715042114, -0.48307743668556213, 0.21824069321155548, 0.40723854303359985], [0.0, 0.0, 0.0, 1.0]]}, "finger5joint3": {"matrix": [[-0.5997247099876404, -0.7929503321647644, -0.10751461237668991, -1.9017189741134644], [0.15097513794898987, 0.01982143707573414, -0.9883387088775635, -0.5441794395446777], [0.7858347296714783, -0.6089630722999573, 0.10782840102910995, 0.07520249485969543], [0.0, 0.0, 0.0, 1.0]]}, "Bone": {"matrix": [[0.6344187259674072, -0.3449948728084564, -0.6917305588722229, -1.6050139665603638], [0.6570256352424622, 0.7121056318283081, 0.24743252992630005, -0.1289043426513672], [0.4072222113609314, -0.6114604473114014, 0.6784436106681824, 0.5994134545326233], [0.0, 0.0, 0.0, 1.0]]}, "finger1joint1": {"matrix": [[0.1852232664823532, -0.4666310250759125, -0.8648396134376526, -1.8921141624450684], [0.8350034356117249, 0.5387553572654724, -0.1118563711643219, 0.46370115876197815], [0.5181326270103455, -0.7014255523681641, 0.48942863941192627, 0.09056356549263], [0.0, 0.0, 0.0, 1.0]]}, "finger1joint2": {"matrix": [[0.44903072714805603, -0.2081000655889511, -0.8689450621604919, -2.155844211578369], [0.818467378616333, 0.48592549562454224, 0.30657392740249634, 0.7681940197944641], [0.358444482088089, -0.8488642573356628, 0.38851866126060486, -0.30586692690849304], [0.0, 0.0, 0.0, 1.0]]}, "finger1joint3": {"matrix": [[0.36605218052864075, 0.2170797735452652, -0.9049209952354431, -2.245053291320801], [0.826926052570343, 0.3701522648334503, 0.42329734563827515, 0.9765022993087769], [0.42684781551361084, -0.903251588344574, -0.04401376098394394, -0.669761061668396], [0.0, 0.0, 0.0, 1.0]]}, "Bone.001": {"matrix": [[0.39402517676353455, -0.7613396048545837, -0.5148842930793762, -1.6050138473510742], [0.8834971189498901, 0.46815842390060425, -0.016134537756443024, -0.1289043128490448], [0.2533313035964966, -0.4485412836074829, 0.8571076393127441, 0.5994134545326233], [0.0, 0.0, 0.0, 1.0]]}, "finger2joint1": {"matrix": [[-0.07334588468074799, -0.6215231418609619, -0.7799545526504517, -2.0876142978668213], [0.9972862005233765, -0.04072565957903862, -0.06133032962679863, 0.16785365343093872], [0.006354141514748335, -0.7823361754417419, 0.6228235960006714, 0.31509044766426086], [0.0, 0.0, 0.0, 1.0]]}, "finger2joint2": {"matrix": [[-0.05685783922672272, 0.11374481767416, -0.9918815493583679, -2.6253249645233154], [0.9908996820449829, -0.11497680842876434, -0.06998655945062637, 0.13261988759040833], [-0.12200390547513962, -0.9868343472480774, -0.10617221891880035, -0.3617468774318695], [0.0, 0.0, 0.0, 1.0]]}, "finger2joint3": {"matrix": [[0.045420076698064804, 0.8228175640106201, -0.5664873719215393, -2.5821454524993896], [0.9734361171722412, -0.163842111825943, -0.15993042290210724, 0.08897280693054199], [-0.22440798580646515, -0.5441753268241882, -0.8084019422531128, -0.7363653182983398], [0.0, 0.0, 0.0, 1.0]]}, "Bone.002": {"matrix": [[-0.24037626385688782, -0.8749990463256836, -0.4202328622341156, -1.6050138473510742], [0.9598356485366821, -0.2787931263446808, 0.031463660299777985, -0.1289043128490448], [-0.14468860626220703, -0.3957912027835846, 0.9068705439567566, 0.5994134545326233], [0.0, 0.0, 0.0, 1.0]]}, "finger3joint1": {"matrix": [[-0.29155924916267395, -0.5576191544532776, -0.7772089838981628, -1.9738348722457886], [0.8874565958976746, -0.4608860909938812, -0.002248011063784361, -0.24641844630241394], [-0.35695117712020874, -0.6903944611549377, 0.6292384266853333, 0.4325834810733795], [0.0, 0.0, 0.0, 1.0]]}, "finger3joint2": {"matrix": [[-0.34569093585014343, 0.13522185385227203, -0.9285540580749512, -2.462967872619629], [0.8028261661529541, -0.46965643763542175, -0.3672780394554138, -0.6506991386413574], [-0.4857652485370636, -0.8724320530891418, 0.053796447813510895, -0.1730177402496338], [0.0, 0.0, 0.0, 1.0]]}, "finger3joint3": {"matrix": [[-0.1774776130914688, 0.47473856806755066, -0.8620468378067017, -2.3754687309265137], [0.8288515210151672, -0.4001469910144806, -0.3910086154937744, -0.9546045660972595], [-0.5305721759796143, -0.7839040756225586, -0.32247045636177063, -0.7375513315200806], [0.0, 0.0, 0.0, 1.0]]}, "Bone.003": {"matrix": [[-0.8367444276809692, -0.4184556007385254, 0.35320448875427246, -1.6050138473510742], [0.5143082737922668, -0.8220010995864868, 0.2445429414510727, -0.1289043426513672], [0.1880042552947998, 0.3862759470939636, 0.9030199646949768, 0.5994134545326233], [0.0, 0.0, 0.0, 1.0]]}, "finger4joint1": {"matrix": [[-0.3480883836746216, -0.8141781091690063, -0.4647020697593689, -1.784372329711914], [0.839313268661499, -0.4914746880531311, 0.23239150643348694, -0.4812299311161041], [-0.4175972640514374, -0.3091377317905426, 0.8544272184371948, 0.7649788856506348], [0.0, 0.0, 0.0, 1.0]]}, "finger4joint2": {"matrix": [[-0.3755689561367035, 0.15091516077518463, -0.9144244194030762, -2.5931432247161865], [0.8321574926376343, -0.3794371485710144, -0.4044022262096405, -0.9694408178329468], [-0.40799692273139954, -0.9128262400627136, 0.01691981963813305, 0.45789408683776855], [0.0, 0.0, 0.0, 1.0]]}, "finger4joint3": {"matrix": [[-0.37339699268341064, 0.7891305088996887, -0.4876958131790161, -2.5302021503448486], [0.8666449785232544, 0.1092081069946289, -0.4868262708187103, -1.1276898384094238], [-0.33090898394584656, -0.604438841342926, -0.7246739864349365, 0.0771881490945816], [0.0, 0.0, 0.0, 1.0]]}}