{"root": {"matrix": [[0.2769227623939514, -0.7618435025215149, 0.5855837464332581, 0.0], [0.8869509696960449, -0.03176816552877426, -0.46076977252960205, 0.0], [0.3696374297142029, 0.6469816565513611, 0.6669204235076904, 5.960464477539063e-08], [0.0, 0.0, 0.0, 1.0]]}, "carpals": {"matrix": [[-0.8260753750801086, -0.4270106852054596, -0.36777862906455994, -0.18528616428375244], [0.5544766783714294, -0.4991381764411926, -0.6658952832221985, 2.026524066925049], [0.10077210515737534, -0.7540043592453003, 0.6490933299064636, 1.3942222595214844], [0.0, 0.0, 0.0, 1.0]]}, "metacarpals": {"matrix": [[-0.7867274284362793, -0.4186690151691437, 0.4536254107952118, -0.6011919379234314], [0.056440647691488266, -0.7805612683296204, -0.6225258111953735, 1.5403664112091064], [0.6147148013114929, -0.4641551673412323, 0.637718915939331, 0.6598264575004578], [0.0, 0.0, 0.0, 1.0]]}, "finger5joint1": {"matrix": [[-0.6808893084526062, -0.6052500605583191, 0.412385493516922, -0.8886768221855164], [0.07297030091285706, -0.6163322925567627, -0.7840979695320129, 1.3411073684692383], [0.7287420034408569, -0.5037919878959656, 0.46381938457489014, 0.024749159812927246], [0.0, 0.0, 0.0, 1.0]]}, "finger5joint2": {"matrix": [[0.47833776473999023, -0.562199592590332, 0.674628734588623, -1.5279855728149414], [-0.7448580861091614, -0.6666586399078369, -0.027425119653344154, 0.6900927424430847], [0.4651656150817871, -0.489384263753891, -0.737647294998169, -0.507392406463623], [0.0, 0.0, 0.0, 1.0]]}, "finger5joint3": {"matrix": [[0.38589465618133545, -0.7252200245857239, 0.5702109932899475, -1.9144049882888794], [-0.801196813583374, -0.5698695182800293, -0.18257007002830505, 0.23187485337257385], [0.4573494791984558, -0.38639846444129944, -0.8009539246559143, -0.8437632918357849], [0.0, 0.0, 0.0, 1.0]]}, "Bone": {"matrix": [[0.25224167108535767, -0.9075556993484497, 0.33573290705680847, -1.2548506259918213], [0.8297289609909058, 0.02432424947619438, -0.5576359629631042, 0.3216935396194458], [0.4979192316532135, 0.4192264676094055, 0.7591609358787537, -0.06484857201576233], [0.0, 0.0, 0.0, 1.0]]}, "finger1joint1": {"matrix": [[-0.29725009202957153, -0.8946971297264099, -0.3334055244922638, -2.0101072788238525], [0.2204715758562088, 0.2754353880882263, -0.9356961846351624, 0.3419358730316162], [0.9289964437484741, -0.3516421914100647, 0.11538220942020416, 0.28402647376060486], [0.0, 0.0, 0.0, 1.0]]}, "finger1joint2": {"matrix": [[-0.1636740118265152, 0.20442362129688263, -0.9651018977165222, -2.515770673751831], [0.4893295168876648, 0.8662879467010498, 0.10050684213638306, 0.49760597944259644], [0.856602132320404, -0.4558025896549225, -0.24181927740573883, 0.08528594672679901], [0.0, 0.0, 0.0, 1.0]]}, "finger1joint3": {"matrix": [[-0.26796022057533264, 0.7287978529930115, -0.6301197409629822, -2.4281375408172607], [0.46487972140312195, 0.6706685423851013, 0.5780055522918701, 0.8689693212509155], [0.8438507318496704, -0.1380474716424942, -0.5185158252716064, -0.11010913550853729], [0.0, 0.0, 0.0, 1.0]]}, "Bone.001": {"matrix": [[-0.031943533569574356, -0.7666336297988892, 0.641289472579956, -1.2548505067825317], [0.7171250581741333, -0.46450895071029663, -0.5195794105529785, 0.3216935098171234], [0.6962117552757263, 0.4432876706123352, 0.5646103620529175, -0.06484860181808472], [0.0, 0.0, 0.0, 1.0]]}, "finger2joint1": {"matrix": [[-0.5549142956733704, -0.6898385286331177, 0.46496519446372986, -1.7408069372177124], [0.3036568760871887, -0.688310980796814, -0.6588020920753479, 0.027248919010162354], [0.7745077610015869, -0.22438876330852509, 0.5914279222488403, 0.21614420413970947], [0.0, 0.0, 0.0, 1.0]]}, "finger2joint2": {"matrix": [[-0.6556081771850586, -0.43078547716140747, -0.6201625466346741, -2.337620258331299], [0.29974454641342163, 0.6053438186645508, -0.7373681664466858, -0.5682426691055298], [0.6930592060089111, -0.669314980506897, -0.2677426338195801, 0.022014498710632324], [0.0, 0.0, 0.0, 1.0]]}, "finger2joint3": {"matrix": [[-0.6426381468772888, 0.6510279774665833, -0.403953492641449, -2.5011532306671143], [0.4318767189979553, 0.7432988286018372, 0.5108708143234253, -0.33844417333602905], [0.6328494548797607, 0.1538468599319458, -0.7588361501693726, -0.23206844925880432], [0.0, 0.0, 0.0, 1.0]]}, "Bone.002": {"matrix": [[-0.5675270557403564, -0.4504122734069824, 0.6892326474189758, -1.2548506259918213], [0.19821390509605408, -0.8872241377830505, -0.41658660769462585, 0.3216935396194458], [0.799139678478241, -0.09980856627225876, 0.5928016901016235, -0.06484858691692352], [0.0, 0.0, 0.0, 1.0]]}, "finger3joint1": {"matrix": [[-0.7390777468681335, -0.3001525402069092, 0.60305255651474, -1.4447039365768433], [0.13291709125041962, -0.9426209330558777, -0.30626556277275085, -0.052280306816101074], [0.6603766083717346, -0.14619801938533783, 0.7365655303001404, -0.10691888630390167], [0.0, 0.0, 0.0, 1.0]]}, "finger3joint2": {"matrix": [[-0.8000713586807251, -0.5498314499855042, 0.2399396002292633, -1.7079920768737793], [-0.0060249860398471355, -0.3925776481628418, -0.9196990728378296, -0.8791300058364868], [0.5998745560646057, -0.7372704744338989, 0.3107774555683136, -0.23516106605529785], [0.0, 0.0, 0.0, 1.0]]}, "finger3joint3": {"matrix": [[-0.8553066253662109, -0.4835886061191559, -0.18599052727222443, -2.063777208328247], [0.1292513757944107, 0.1484772264957428, -0.9804327487945557, -1.1331592798233032], [0.5017416477203369, -0.8626102209091187, -0.06448902934789658, -0.7122342586517334], [0.0, 0.0, 0.0, 1.0]]}, "Bone.003": {"matrix": [[-0.23952560126781464, 0.5679421424865723, 0.7874446511268616, -1.2548506259918213], [-0.5482743978500366, -0.7484779953956604, 0.37306272983551025, 0.3216935396194458], [0.8012630343437195, -0.3423776924610138, 0.49066776037216187, -0.06484858691692352], [0.0, 0.0, 0.0, 1.0]]}, "finger4joint1": {"matrix": [[-0.48989325761795044, -0.5161789655685425, 0.7025407552719116, -1.0114195346832275], [0.553837776184082, -0.8066232204437256, -0.20645171403884888, 0.0008813142776489258], [0.6732519268989563, 0.2879544198513031, 0.6810387969017029, -0.21159832179546356], [0.0, 0.0, 0.0, 1.0]]}, "finger4joint2": {"matrix": [[-0.48793941736221313, -0.8279337286949158, 0.27647867798805237, -1.5241706371307373], [0.5311119556427002, -0.5329681038856506, -0.6586840152740479, -0.8003851175308228], [0.6927011609077454, -0.17455673217773438, 0.6997818946838379, 0.07444380223751068], [0.0, 0.0, 0.0, 1.0]]}, "finger4joint3": {"matrix": [[-0.42141997814178467, -0.8975652456283569, -0.12954294681549072, -1.8694709539413452], [0.5831558704376221, -0.15881682932376862, -0.7966843247413635, -1.022666335105896], [0.6945027112960815, -0.4112825393676758, 0.5903493165969849, 0.001642659306526184], [0.0, 0.0, 0.0, 1.0]]}}