{"root": {"matrix": [[0.5769006609916687, -0.4609721302986145, -0.6743072867393494, -2.9802322387695312e-08], [-0.7780101895332336, -0.5615328550338745, -0.2817463278770447, 0.0], [-0.24876856803894043, 0.6871575117111206, -0.6825897097587585, 5.960464477539063e-08], [0.0, 0.0, 0.0, 1.0]]}, "carpals": {"matrix": [[0.6286095976829529, -0.646302342414856, -0.4326004087924957, 0.9292486906051636], [0.7395963668823242, 0.6687999963760376, 0.0755208432674408, -2.277411460876465], [0.2405138909816742, -0.3674229085445404, 0.898417055606842, 0.1867583692073822], [0.0, 0.0, 0.0, 1.0]]}, "metacarpals": {"matrix": [[0.3044530153274536, -0.9114269614219666, 0.27678361535072327, 0.29975426197052], [0.805651068687439, 0.4014180302619934, 0.43564844131469727, -1.6260044574737549], [-0.5081676840782166, 0.09035646915435791, 0.8565051555633545, -0.17110930383205414], [0.0, 0.0, 0.0, 1.0]]}, "finger5joint1": {"matrix": [[0.13542179763317108, -0.9825312495231628, -0.12764443457126617, -0.3876502513885498], [0.9051784873008728, 0.07030334323644638, 0.41917654871940613, -1.7175031900405884], [-0.4028802812099457, -0.17230670154094696, 0.8988868594169617, -0.3827180862426758], [0.0, 0.0, 0.0, 1.0]]}, "finger5joint2": {"matrix": [[-0.1309758573770523, -0.8152681589126587, -0.564076840877533, -1.4254705905914307], [0.4266611933708191, 0.4672355353832245, -0.7743710875511169, -1.6432435512542725], [0.8948770761489868, -0.34209367632865906, 0.2866468131542206, -0.564720869064331], [0.0, 0.0, 0.0, 1.0]]}, "finger5joint3": {"matrix": [[-0.17525920271873474, -0.6098942160606384, -0.7728601098060608, -1.9858331680297852], [0.5103992819786072, 0.6149957776069641, -0.6010592579841614, -1.3220962285995483], [0.841888427734375, -0.49980854988098145, 0.2035059630870819, -0.7998538613319397], [0.0, 0.0, 0.0, 1.0]]}, "Bone": {"matrix": [[0.9208020567893982, 0.10045859217643738, 0.37687066197395325, -1.1232364177703857], [-0.3075448274612427, 0.7812743782997131, 0.5431631207466125, -0.9992793798446655], [-0.23987391591072083, -0.6160504817962646, 0.7502946257591248, -0.030037760734558105], [0.0, 0.0, 0.0, 1.0]]}, "finger1joint1": {"matrix": [[0.47956326603889465, -0.8684436678886414, 0.12579530477523804, -1.0396360158920288], [0.7381184101104736, 0.4767458140850067, 0.4773827791213989, -0.34911251068115234], [-0.4745525121688843, -0.13608355820178986, 0.8696441650390625, -0.5427073240280151], [0.0, 0.0, 0.0, 1.0]]}, "finger1joint2": {"matrix": [[0.4357655644416809, -0.9000562429428101, -0.0026496886275708675, -1.5304614305496216], [0.5480441451072693, 0.26299992203712463, 0.7940266728401184, -0.07966609299182892], [-0.7139719128608704, -0.3474617898464203, 0.6078768968582153, -0.619618833065033], [0.0, 0.0, 0.0, 1.0]]}, "finger1joint3": {"matrix": [[0.4659823477268219, -0.7767999768257141, -0.42360609769821167, -1.916300892829895], [0.6156204342842102, -0.0592268705368042, 0.7858138680458069, 0.033077653497457504], [-0.635509192943573, -0.6269561052322388, 0.4506152272224426, -0.7685699462890625], [0.0, 0.0, 0.0, 1.0]]}, "Bone.001": {"matrix": [[0.9381040930747986, -0.11483816057443619, 0.3267609179019928, -1.1232362985610962], [0.04122724384069443, 0.9737491011619568, 0.2238582968711853, -0.9992793798446655], [-0.34389060735702515, -0.19653098285198212, 0.9182126522064209, -0.0300377756357193], [0.0, 0.0, 0.0, 1.0]]}, "finger2joint1": {"matrix": [[0.4095034897327423, -0.574134349822998, 0.7089967727661133, -1.1960304975509644], [0.7395358681678772, 0.6639787554740906, 0.11053728312253952, -0.3820357620716095], [-0.5342220664024353, 0.47906312346458435, 0.6964947581291199, -0.15461555123329163], [0.0, 0.0, 0.0, 1.0]]}, "finger2joint2": {"matrix": [[0.28862589597702026, -0.9573984146118164, 0.009115764871239662, -1.692742109298706], [0.7831577062606812, 0.24155323207378387, 0.5729883909225464, 0.19240477681159973], [-0.5507802367210388, -0.15824033319950104, 0.8195125460624695, 0.25984540581703186], [0.0, 0.0, 0.0, 1.0]]}, "finger2joint3": {"matrix": [[0.17493325471878052, -0.2928769290447235, -0.9400112628936768, -2.0561864376068115], [0.7513430118560791, -0.5773044228553772, 0.31969183683395386, 0.28410235047340393], [-0.6363031268119812, -0.7621957659721375, 0.1190611869096756, 0.19977475702762604], [0.0, 0.0, 0.0, 1.0]]}, "Bone.002": {"matrix": [[0.5870726704597473, -0.6926254630088806, 0.41906505823135376, -1.1232364177703857], [0.7049813866615295, 0.6918765902519226, 0.15590937435626984, -0.9992793798446655], [-0.3979281485080719, 0.20390290021896362, 0.8944700360298157, -0.030037783086299896], [0.0, 0.0, 0.0, 1.0]]}, "finger3joint1": {"matrix": [[0.7672668099403381, -0.6170220375061035, 0.1748868077993393, -1.4151849746704102], [0.47834715247154236, 0.7322314977645874, 0.4847894310951233, -0.7076464891433716], [-0.42718344926834106, -0.288306325674057, 0.8569676876068115, 0.05590933561325073], [0.0, 0.0, 0.0, 1.0]]}, "finger3joint2": {"matrix": [[0.6526799201965332, -0.3201003670692444, -0.6866910457611084, -1.956425428390503], [0.5689404606819153, -0.39145293831825256, 0.723236620426178, -0.06534653902053833], [-0.5003155469894409, -0.8627283573150635, -0.07337544858455658, -0.19698768854141235], [0.0, 0.0, 0.0, 1.0]]}, "finger3joint3": {"matrix": [[0.7421649694442749, -0.13616232573986053, -0.656239926815033, -2.1635560989379883], [0.41908329725265503, -0.6698324084281921, 0.6129384636878967, -0.31864798069000244], [-0.5230299234390259, -0.7299208045005798, -0.44006282091140747, -0.7552421689033508], [0.0, 0.0, 0.0, 1.0]]}, "Bone.003": {"matrix": [[0.261249303817749, -0.5337380766868591, 0.804283857345581, -1.1232364177703857], [0.9104303121566772, -0.14060193300247192, -0.3890340328216553, -0.9992793798446655], [0.3207261562347412, 0.833879292011261, 0.44919925928115845, -0.030037790536880493], [0.0, 0.0, 0.0, 1.0]]}, "finger4joint1": {"matrix": [[0.22864729166030884, -0.9420713186264038, 0.2454012781381607, -1.3520066738128662], [0.8318688273429871, 0.3200111985206604, 0.45341652631759644, -1.0595440864562988], [-0.5056819915771484, 0.10046912729740143, 0.8568496704101562, 0.32737910747528076], [0.0, 0.0, 0.0, 1.0]]}, "finger4joint2": {"matrix": [[0.21168804168701172, -0.42338404059410095, -0.880871057510376, -2.2878220081329346], [0.8475862741470337, -0.3692171573638916, 0.38115042448043823, -0.741658091545105], [-0.48660579323768616, -0.8272994756698608, 0.2806956470012665, 0.4271810054779053], [0.0, 0.0, 0.0, 1.0]]}, "finger4joint3": {"matrix": [[0.2590128183364868, 0.6212038397789001, -0.7396065592765808, -2.464399814605713], [0.8696776032447815, -0.48312973976135254, -0.10122212767601013, -0.8956449031829834], [-0.4202055335044861, -0.6170015335083008, -0.6653841137886047, 0.082145094871521], [0.0, 0.0, 0.0, 1.0]]}}