{"root": {"matrix": [[0.3839103579521179, -0.9231458902359009, -0.020359404385089874, -5.960464477539063e-08], [0.37871605157852173, 0.17752991616725922, -0.9083266258239746, 0.0], [0.8421324491500854, 0.3410055637359619, 0.41776567697525024, 0.0], [0.0, 0.0, 0.0, 1.0]]}, "carpals": {"matrix": [[0.05520906671881676, -0.4030165374279022, -0.9135258197784424, -0.0330980122089386], [0.8940567970275879, -0.3873850703239441, 0.22493354976177216, 1.1323455572128296], [-0.44453808665275574, -0.8291623592376709, 0.3389325737953186, 2.191274642944336], [0.0, 0.0, 0.0, 1.0]]}, "metacarpals": {"matrix": [[-0.024918116629123688, -0.7951090335845947, -0.6059541702270508, -0.4256337881088257], [0.7883920073509216, -0.3883220851421356, 0.47712042927742004, 0.7550348043441772], [-0.614668071269989, -0.4658404290676117, 0.6365339159965515, 1.3836753368377686], [0.0, 0.0, 0.0, 1.0]]}, "finger5joint1": {"matrix": [[-0.11400995403528214, -0.7930547595024109, -0.5983858108520508, -0.625735878944397], [0.7633259892463684, -0.455434650182724, 0.4581623077392578, 0.19882366061210632], [-0.6358733177185059, -0.40452829003334045, 0.6572834253311157, 0.9638382196426392], [0.0, 0.0, 0.0, 1.0]]}, "finger5joint2": {"matrix": [[-0.4714941680431366, -0.7817214131355286, -0.40817180275917053, -1.463417887687683], [0.46333861351013184, 0.17422251403331757, -0.868886411190033, -0.28223931789398193], [0.7503400444984436, -0.5987964272499084, 0.2800569236278534, 0.5365462303161621], [0.0, 0.0, 0.0, 1.0]]}, "finger5joint3": {"matrix": [[-0.519223153591156, -0.5015541315078735, -0.6919899582862854, -2.0007221698760986], [0.5247097611427307, 0.45203983783721924, -0.7213455438613892, -0.1624900996685028], [0.6746010184288025, -0.7376331686973572, 0.0284609142690897, 0.12497241795063019], [0.0, 0.0, 0.0, 1.0]]}, "Bone": {"matrix": [[0.8300809860229492, -0.05990763381123543, -0.5544152855873108, -1.6670197248458862], [0.46368008852005005, 0.6264587640762329, 0.6265382170677185, 0.148756206035614], [0.30978384613990784, -0.7771487832069397, 0.5477895140647888, 0.656369149684906], [0.0, 0.0, 0.0, 1.0]]}, "finger1joint1": {"matrix": [[0.06919492781162262, -0.6138659715652466, -0.7863715887069702, -1.7168740034103394], [0.8520419001579285, -0.3736298978328705, 0.36664047837257385, 0.6700873970985413], [-0.5188800096511841, -0.6953911781311035, 0.4971863329410553, 0.009635478258132935], [0.0, 0.0, 0.0, 1.0]]}, "finger1joint2": {"matrix": [[0.317589670419693, -0.3629258871078491, -0.876025915145874, -2.0638179779052734], [0.7072594165802002, -0.5247031450271606, 0.4737834930419922, 0.4589199125766754], [-0.6316018104553223, -0.7700462341308594, 0.0900425985455513, -0.3833845257759094], [0.0, 0.0, 0.0, 1.0]]}, "finger1joint3": {"matrix": [[0.24033883213996887, 0.07045484334230423, -0.9681286811828613, -2.219398260116577], [0.7703758478164673, -0.6206299662590027, 0.1460806131362915, 0.23398829996585846], [-0.5905575752258301, -0.7809317708015442, -0.20343802869319916, -0.7134907245635986], [0.0, 0.0, 0.0, 1.0]]}, "Bone.001": {"matrix": [[0.6893374919891357, -0.536853015422821, -0.48641785979270935, -1.6670197248458862], [0.7187144756317139, 0.5910534262657166, 0.3662036657333374, 0.148756206035614], [0.0909014344215393, -0.6020333766937256, 0.7932794094085693, 0.6563690900802612], [0.0, 0.0, 0.0, 1.0]]}, "finger2joint1": {"matrix": [[0.4880851209163666, -0.7552492022514343, -0.4374599754810333, -2.007321834564209], [0.868583083152771, 0.37112540006637573, 0.32837361097335815, 0.5234153270721436], [-0.08565132319927216, -0.540244460105896, 0.8371375203132629, 0.2747499942779541], [0.0, 0.0, 0.0, 1.0]]}, "finger2joint2": {"matrix": [[0.45611655712127686, 0.44386428594589233, -0.7713247537612915, -2.6607251167297363], [0.8645076155662537, -0.4266490340232849, 0.26570117473602295, 0.844494104385376], [-0.2111496478319168, -0.7880069017410278, -0.5783255696296692, -0.19264191389083862], [0.0, 0.0, 0.0, 1.0]]}, "finger2joint3": {"matrix": [[0.5710999369621277, 0.6605479121208191, 0.48736125230789185, -2.4922268390655518], [0.7826444506645203, -0.25906094908714294, -0.5659990310668945, 0.6825311183929443], [-0.24761319160461426, 0.7046724557876587, -0.6649239659309387, -0.4917822778224945], [0.0, 0.0, 0.0, 1.0]]}, "Bone.002": {"matrix": [[0.1273355334997177, -0.9157679677009583, -0.38099145889282227, -1.6670198440551758], [0.9214194416999817, -0.03295475244522095, 0.38716959953308105, 0.14875619113445282], [-0.3671129047870636, -0.40035319328308105, 0.8396100401878357, 0.6563690900802612], [0.0, 0.0, 0.0, 1.0]]}, "finger3joint1": {"matrix": [[0.2504284381866455, -0.5114009976387024, -0.8220428228378296, -2.053025245666504], [0.9091375470161438, -0.16765621304512024, 0.3812616765499115, 0.13486544787883759], [-0.33279818296432495, -0.8428285717964172, 0.42294806241989136, 0.48761624097824097], [0.0, 0.0, 0.0, 1.0]]}, "finger3joint2": {"matrix": [[0.19811247289180756, 0.19148002564907074, -0.9612942934036255, -2.5016167163848877], [0.8557066321372986, -0.5120924115180969, 0.07434837520122528, -0.012199491262435913], [-0.47803518176078796, -0.8373150825500488, -0.265302449464798, -0.2516974210739136], [0.0, 0.0, 0.0, 1.0]]}, "finger3joint3": {"matrix": [[0.3661990165710449, 0.5221916437149048, -0.7702038288116455, -2.377713680267334], [0.8045416474342346, -0.593562662601471, -0.01990526355803013, -0.34356433153152466], [-0.4675585627555847, -0.6123718619346619, -0.6374867558479309, -0.7935075163841248], [0.0, 0.0, 0.0, 1.0]]}, "Bone.003": {"matrix": [[-0.5911121964454651, -0.690544843673706, 0.4168141186237335, -1.6670197248458862], [0.8065887093544006, -0.5066861510276794, 0.3044402301311493, 0.148756206035614], [0.0009644730598665774, 0.5161558985710144, 0.8564939498901367, 0.6563690900802612], [0.0, 0.0, 0.0, 1.0]]}, "finger4joint1": {"matrix": [[-0.1298236846923828, -0.6243576407432556, -0.7702745199203491, -1.9630005359649658], [0.709174633026123, -0.6014019846916199, 0.36794960498809814, -0.06841933727264404], [-0.692976713180542, -0.498490571975708, 0.5208550095558167, 0.8776035308837891], [0.0, 0.0, 0.0, 1.0]]}, "finger4joint2": {"matrix": [[-0.15895169973373413, 0.21500486135482788, -0.9635905623435974, -2.583211898803711], [0.7021750807762146, -0.6614811420440674, -0.2634247839450836, -0.6658273935317993], [-0.6940345168113708, -0.7184813022613525, -0.04582735523581505, 0.382423460483551], [0.0, 0.0, 0.0, 1.0]]}, "finger4joint3": {"matrix": [[-0.1621609777212143, 0.6955981254577637, -0.6998904347419739, -2.4935414791107178], [0.7585092782974243, -0.36580556631088257, -0.5393048524856567, -0.9417067170143127], [-0.6311631202697754, -0.6183278560638428, -0.46829819679260254, 0.08277158439159393], [0.0, 0.0, 0.0, 1.0]]}}