{"root": {"matrix": [[0.533225953578949, -0.7126474976539612, -0.4558548033237457, -5.960464477539063e-08], [-0.8362500071525574, -0.36256563663482666, -0.41137823462486267, -2.9802322387695312e-08], [0.12789031863212585, 0.6005660891532898, -0.7892809510231018, 0.0], [0.0, 0.0, 0.0, 1.0]]}, "carpals": {"matrix": [[0.5250840187072754, -0.5531204342842102, -0.6467954516410828, 0.5595757365226746], [0.8249476552009583, 0.5175809860229492, 0.2270921915769577, -2.1997931003570557], [0.20915977656841278, -0.652815043926239, 0.7280690670013428, 0.965800404548645], [0.0, 0.0, 0.0, 1.0]]}, "metacarpals": {"matrix": [[0.45089325308799744, -0.8784460425376892, 0.15820126235485077, 0.020839691162109375], [0.7335889935493469, 0.4656793475151062, 0.49496421217918396, -1.6956722736358643], [-0.5084704756736755, -0.10712137818336487, 0.8543902039527893, 0.32996252179145813], [0.0, 0.0, 0.0, 1.0]]}, "finger5joint1": {"matrix": [[0.2702012360095978, -0.9313251972198486, -0.24418120086193085, -0.6246575713157654], [0.8537636399269104, 0.1145319789648056, 0.5079070925712585, -1.762255311012268], [-0.4450601637363434, -0.34571027755737305, 0.826078474521637, 0.006582379341125488], [0.0, 0.0, 0.0, 1.0]]}, "finger5joint2": {"matrix": [[-0.2765287756919861, -0.7196698188781738, -0.6368725895881653, -1.6083906888961792], [0.5323622822761536, 0.43701931834220886, -0.7249854207038879, -1.6412782669067383], [0.8000760674476624, -0.5395264029502869, 0.2622767388820648, -0.3585818409919739], [0.0, 0.0, 0.0, 1.0]]}, "finger5joint3": {"matrix": [[-0.30702242255210876, -0.30601003766059875, -0.90116286277771, -2.1030449867248535], [0.6099379658699036, 0.663597822189331, -0.4331430494785309, -1.3408995866775513], [0.7305561304092407, -0.6826383471488953, -0.017092255875468254, -0.7294172048568726], [0.0, 0.0, 0.0, 1.0]]}, "Bone": {"matrix": [[0.9209849238395691, 0.26735594868659973, 0.28338542580604553, -1.3506584167480469], [-0.3869493007659912, 0.7123851180076599, 0.5854718685150146, -0.9686175584793091], [-0.04535011574625969, -0.6488667130470276, 0.7595493197441101, 0.1627163589000702], [0.0, 0.0, 0.0, 1.0]]}, "finger1joint1": {"matrix": [[0.5780940651893616, -0.8147003650665283, 0.0455012284219265, -1.1281681060791016], [0.6773476004600525, 0.5102301239967346, 0.5299670100212097, -0.3757794201374054], [-0.4549804627895355, -0.2755507826805115, 0.8467965722084045, -0.37726253271102905], [0.0, 0.0, 0.0, 1.0]]}, "finger1joint2": {"matrix": [[0.5529692769050598, -0.8326510190963745, -0.03028361313045025, -1.5886189937591553], [0.4734917879104614, 0.28412675857543945, 0.8337128758430481, -0.0874084085226059], [-0.6855876445770264, -0.4753568172454834, 0.551366925239563, -0.5329978466033936], [0.0, 0.0, 0.0, 1.0]]}, "finger1joint3": {"matrix": [[0.5772327184677124, -0.6952788829803467, -0.4282400608062744, -1.9455629587173462], [0.544745922088623, -0.06280780583620071, 0.8362456560134888, 0.034392062574625015], [-0.6083208918571472, -0.7159905433654785, 0.3424956202507019, -0.7367755174636841], [0.0, 0.0, 0.0, 1.0]]}, "Bone.001": {"matrix": [[0.9837133884429932, -0.0012664117384701967, 0.179738849401474, -1.3506584167480469], [-0.051222916692495346, 0.956534743309021, 0.2870837450027466, -0.9686175584793091], [-0.17228995263576508, -0.29161491990089417, 0.940891444683075, 0.1627163141965866], [0.0, 0.0, 0.0, 1.0]]}, "finger2joint1": {"matrix": [[0.8718894124031067, -0.3673303425312042, 0.3238471746444702, -1.3514611721038818], [0.3454958498477936, 0.9300851821899414, 0.12479463964700699, -0.362285852432251], [-0.3470463156700134, 0.0030807515140622854, 0.9378427863121033, -0.022133613005280495], [0.0, 0.0, 0.0, 1.0]]}, "finger2joint2": {"matrix": [[0.8014248013496399, -0.4944722354412079, 0.33647483587265015, -1.669256567955017], [0.41517218947410583, 0.8648863434791565, 0.2821404039859772, 0.44237640500068665], [-0.4305231273174286, -0.08641932159662247, 0.898432731628418, -0.01946830376982689], [0.0, 0.0, 0.0, 1.0]]}, "finger2joint3": {"matrix": [[0.7061289548873901, -0.6586841344833374, 0.2598399817943573, -1.8569663763046265], [0.4847505986690521, 0.7171751856803894, 0.5006756782531738, 0.7707014679908752], [-0.5161378979682922, -0.22758406400680542, 0.825715959072113, -0.052274495363235474], [0.0, 0.0, 0.0, 1.0]]}, "Bone.002": {"matrix": [[0.7012609243392944, -0.6601833701133728, 0.26905569434165955, -1.3506584167480469], [0.6257297992706299, 0.7508357167243958, 0.21144165098667145, -0.9686175584793091], [-0.34160688519477844, 0.020080413669347763, 0.9396283626556396, 0.1627163141965866], [0.0, 0.0, 0.0, 1.0]]}, "finger3joint1": {"matrix": [[0.8653640151023865, -0.49838492274284363, 0.05251254513859749, -1.628932237625122], [0.38810572028160095, 0.7327747344970703, 0.5589408278465271, -0.6521327495574951], [-0.3170475959777832, -0.46330690383911133, 0.8275430202484131, 0.17118041217327118], [0.0, 0.0, 0.0, 1.0]]}, "finger3joint2": {"matrix": [[0.7729746103286743, -0.23273856937885284, -0.5902057886123657, -2.0661065578460693], [0.47711247205734253, -0.39993739128112793, 0.7825685739517212, -0.009356260299682617], [-0.4181792736053467, -0.8865002989768982, -0.19809897243976593, -0.23522382974624634], [0.0, 0.0, 0.0, 1.0]]}, "finger3joint3": {"matrix": [[0.8487053513526917, 0.02784990333020687, -0.5281321406364441, -2.2167069911956787], [0.31827929615974426, -0.8244243860244751, 0.4679983854293823, -0.2681478261947632], [-0.4223713278770447, -0.56528639793396, -0.7085574865341187, -0.8088607788085938], [0.0, 0.0, 0.0, 1.0]]}, "Bone.003": {"matrix": [[0.27341532707214355, -0.6794215440750122, 0.6809040904045105, -1.3506584167480469], [0.9177424907684326, -0.027748316526412964, -0.39620494842529297, -0.9686175584793091], [0.2880842387676239, 0.7332232594490051, 0.6159473657608032, 0.16271629929542542], [0.0, 0.0, 0.0, 1.0]]}, "finger4joint1": {"matrix": [[0.37877246737480164, -0.9246060848236084, 0.04043298959732056, -1.641871690750122], [0.7624316811561584, 0.33650511503219604, 0.5526859164237976, -0.980510950088501], [-0.5246227383613586, -0.17851491272449493, 0.83240807056427, 0.4769900441169739], [0.0, 0.0, 0.0, 1.0]]}, "finger4joint2": {"matrix": [[0.35818812251091003, 0.05924434959888458, -0.9317677021026611, -2.5603373050689697], [0.7804752588272095, -0.5667135119438171, 0.2639952600002289, -0.6462406516075134], [-0.5124051570892334, -0.8217819929122925, -0.24922892451286316, 0.29966065287590027], [0.0, 0.0, 0.0, 1.0]]}, "finger4joint3": {"matrix": [[0.36561575531959534, 0.8030058145523071, -0.4706447124481201, -2.5356287956237793], [0.8209369778633118, -0.5164967775344849, -0.24350126087665558, -0.8825957775115967], [-0.4386194348335266, -0.29734188318252563, -0.8480569124221802, -0.0430741012096405], [0.0, 0.0, 0.0, 1.0]]}}