{"root": {"matrix": [[0.4308605194091797, -0.8669307231903076, -0.2505801022052765, 0.0], [-0.8764182329177856, -0.3358170986175537, -0.3451346158981323, -2.9802322387695312e-08], [0.21505863964557648, 0.3683178126811981, -0.9044842720031738, 2.9802322387695312e-08], [0.0, 0.0, 0.0, 1.0]]}, "carpals": {"matrix": [[0.3686917722225189, -0.5792686939239502, -0.7269896268844604, 0.15398573875427246], [0.8558285236358643, 0.5167800784111023, 0.022259429097175598, -2.271898031234741], [0.36279967427253723, -0.6303855180740356, 0.6862874031066895, 0.9485528469085693], [0.0, 0.0, 0.0, 1.0]]}, "metacarpals": {"matrix": [[0.5188773274421692, -0.8526651263237, 0.061059292405843735, -0.41021859645843506], [0.8327683210372925, 0.5203130841255188, 0.18913190066814423, -1.7685574293136597], [-0.19303612411022186, -0.04728806018829346, 0.9800513982772827, 0.33456116914749146], [0.0, 0.0, 0.0, 1.0]]}, "finger5joint1": {"matrix": [[0.6891245245933533, -0.723169207572937, 0.04618948698043823, -1.0129714012145996], [0.7111261487007141, 0.6871488094329834, 0.14874723553657532, -1.6955556869506836], [-0.13930845260620117, -0.06965884566307068, 0.9877958297729492, -0.06171480566263199], [0.0, 0.0, 0.0, 1.0]]}, "finger5joint2": {"matrix": [[0.09500862658023834, -0.45155832171440125, -0.8871685266494751, -1.7768349647521973], [0.024720439687371254, 0.8919950127601624, -0.4513678550720215, -0.9697394371032715], [0.9951692819595337, 0.020952705293893814, 0.09590992331504822, -0.13529349863529205], [0.0, 0.0, 0.0, 1.0]]}, "finger5joint3": {"matrix": [[0.10113591700792313, -0.27754390239715576, -0.9553744792938232, -2.0872068405151367], [0.13269701600074768, 0.9554809331893921, -0.2635277509689331, -0.35663995146751404], [0.9859830737113953, -0.10012322664260864, 0.13346269726753235, -0.12089197337627411], [0.0, 0.0, 0.0, 1.0]]}, "Bone": {"matrix": [[0.9143234491348267, 0.3532920777797699, 0.19798246026039124, -1.741465449333191], [-0.3995448052883148, 0.8667603135108948, 0.2984797954559326, -0.9562042951583862], [-0.06615275144577026, -0.35201001167297363, 0.9336555004119873, 0.2607313394546509], [0.0, 0.0, 0.0, 1.0]]}, "finger1joint1": {"matrix": [[0.6257616877555847, -0.7251535058021545, -0.2873576283454895, -1.4474602937698364], [0.7627175450325012, 0.4916984438896179, 0.4201121926307678, -0.23489704728126526], [-0.16335251927375793, -0.48206302523612976, 0.860773503780365, -0.03220701217651367], [0.0, 0.0, 0.0, 1.0]]}, "finger1joint2": {"matrix": [[0.6979143619537354, -0.5636658668518066, -0.44181013107299805, -1.8573013544082642], [0.588607668876648, 0.10001291334629059, 0.8022083044052124, 0.04300025850534439], [-0.4079907536506653, -0.8199257254600525, 0.40157854557037354, -0.3046586215496063], [0.0, 0.0, 0.0, 1.0]]}, "finger1joint3": {"matrix": [[0.6697896718978882, -0.2663510739803314, -0.6931368708610535, -2.098935604095459], [0.662756085395813, -0.20652444660663605, 0.719792902469635, 0.08587414771318436], [-0.334867388010025, -0.9414907097816467, 0.03819780796766281, -0.6561472415924072], [0.0, 0.0, 0.0, 1.0]]}, "Bone.001": {"matrix": [[0.9964961409568787, 0.04702858254313469, 0.06916194409132004, -1.7414655685424805], [-0.04459796100854874, 0.9983459115028381, -0.03627782687544823, -0.9562042951583862], [-0.07075357437133789, 0.0330662801861763, 0.9969455003738403, 0.2607313394546509], [0.0, 0.0, 0.0, 1.0]]}, "finger2joint1": {"matrix": [[0.9806952476501465, -0.1955401599407196, -0.0007390646496787667, -1.7116549015045166], [0.1953483670949936, 0.979887068271637, -0.04074186831712723, -0.3233691453933716], [0.008690960705280304, 0.03981102257966995, 0.9991693496704102, 0.2816915214061737], [0.0, 0.0, 0.0, 1.0]]}, "finger2joint2": {"matrix": [[0.9548484683036804, -0.2969737648963928, -0.008416392840445042, -1.8808262348175049], [0.28608641028404236, 0.911464512348175, 0.2956121265888214, 0.5243790149688721], [-0.08011773973703384, -0.28467264771461487, 0.9552708864212036, 0.3161340057849884], [0.0, 0.0, 0.0, 1.0]]}, "finger2joint3": {"matrix": [[0.9113919138908386, -0.36920279264450073, -0.1818069964647293, -1.9935622215270996], [0.36117517948150635, 0.5058053731918335, 0.7833982706069946, 0.8703859448432922], [-0.1972738355398178, -0.7796472907066345, 0.5943340063095093, 0.20806758105754852], [0.0, 0.0, 0.0, 1.0]]}, "Bone.002": {"matrix": [[0.7458357214927673, -0.6473808884620667, 0.15692968666553497, -1.741465449333191], [0.664718747138977, 0.7386338114738464, -0.11211014539003372, -0.9562042951583862], [-0.04333554953336716, 0.1879298985004425, 0.9812259674072266, 0.2607313394546509], [0.0, 0.0, 0.0, 1.0]]}, "finger3joint1": {"matrix": [[0.8623543381690979, -0.4012347459793091, -0.30879703164100647, -2.014343023300171], [0.506194531917572, 0.6704866886138916, 0.5424153208732605, -0.644862711429596], [-0.010591543279588223, -0.6240656971931458, 0.7813000679016113, 0.3399456739425659], [0.0, 0.0, 0.0, 1.0]]}, "finger3joint2": {"matrix": [[0.7993829846382141, 0.09611157327890396, -0.5930845737457275, -2.3662989139556885], [0.5844175815582275, -0.3534735143184662, 0.7304192781448364, -0.056724175810813904], [-0.13943791389465332, -0.9304938912391663, -0.3387300372123718, -0.20747321844100952], [0.0, 0.0, 0.0, 1.0]]}, "finger3joint3": {"matrix": [[0.8915043473243713, 0.296459436416626, -0.34253719449043274, -2.3041069507598877], [0.4349971115589142, -0.7713288068771362, 0.4645741581916809, -0.28544992208480835], [-0.12648136913776398, -0.5631727576255798, -0.8166020512580872, -0.809577465057373], [0.0, 0.0, 0.0, 1.0]]}, "Bone.003": {"matrix": [[0.24939973652362823, -0.763029158115387, 0.5963104963302612, -1.741465449333191], [0.7633252143859863, -0.22403496503829956, -0.6059229969978333, -0.9562042355537415], [0.5959314107894897, 0.6062959432601929, 0.5265653133392334, 0.2607313394546509], [0.0, 0.0, 0.0, 1.0]]}, "finger4joint1": {"matrix": [[0.5134766101837158, -0.7393911480903625, -0.4354792833328247, -2.068514585494995], [0.834936797618866, 0.31337007880210876, 0.4524148106575012, -1.0522300004959106], [-0.19804534316062927, -0.5959023833274841, 0.7782533168792725, 0.5206015706062317], [0.0, 0.0, 0.0, 1.0]]}, "finger4joint2": {"matrix": [[0.48788753151893616, 0.6140823364257812, -0.6203775405883789, -2.802995443344116], [0.8504812717437744, -0.49446552991867065, 0.17940133810043335, -0.740941047668457], [-0.19658812880516052, -0.6151473522186279, -0.7635093927383423, -0.07134339213371277], [0.0, 0.0, 0.0, 1.0]]}, "finger4joint3": {"matrix": [[0.44417569041252136, 0.8314170837402344, 0.33384621143341064, -2.546884775161743], [0.8859249353408813, -0.3520231544971466, -0.30201980471611023, -0.9471642971038818], [-0.13358280062675476, 0.4299127459526062, -0.8929336071014404, -0.3278985619544983], [0.0, 0.0, 0.0, 1.0]]}}