{"root": {"matrix": [[0.6544325947761536, -0.6344954371452332, -0.4112584888935089, 0.0], [-0.7538571953773499, -0.5054697394371033, -0.4197614789009094, 0.0], [0.058457981795072556, 0.5847356915473938, -0.8091148138046265, 0.0], [0.0, 0.0, 0.0, 1.0]]}, "carpals": {"matrix": [[0.12996722757816315, -0.7649194598197937, -0.6308776140213013, 0.9051640033721924], [0.7826420068740845, 0.4697897136211395, -0.40837326645851135, -2.152398109436035], [0.6087526082992554, -0.44067633152008057, 0.659715473651886, 0.7955158948898315], [0.0, 0.0, 0.0, 1.0]]}, "metacarpals": {"matrix": [[0.12536755204200745, -0.9839972853660583, -0.12661805748939514, 0.16013705730438232], [0.8790218830108643, 0.16934357583522797, -0.4456937313079834, -1.6948257684707642], [0.460003525018692, -0.05542459338903427, 0.8861854672431946, 0.36629974842071533], [0.0, 0.0, 0.0, 1.0]]}, "finger5joint1": {"matrix": [[-0.14865148067474365, -0.8779047727584839, -0.45517653226852417, -0.3713112473487854], [0.8615992069244385, 0.11092335730791092, -0.49532052874565125, -1.5690808296203613], [0.4853340983390808, -0.46581006050109863, 0.7399132251739502, -0.11059215664863586], [0.0, 0.0, 0.0, 1.0]]}, "finger5joint2": {"matrix": [[-0.4652358293533325, -0.8851833939552307, -0.002315135672688484, -1.2986176013946533], [-0.5019366145133972, 0.2659607231616974, -0.8229969143867493, -1.4519155025482178], [0.7291191816329956, -0.3817257881164551, -0.5680407881736755, -0.6026142835617065], [0.0, 0.0, 0.0, 1.0]]}, "finger5joint3": {"matrix": [[-0.5450044870376587, -0.8138093948364258, -0.20170193910598755, -1.9070351123809814], [-0.4288417100906372, 0.47729286551475525, -0.7669978141784668, -1.2691113948822021], [0.7204611301422119, -0.3315192461013794, -0.6091225743293762, -0.864987850189209], [0.0, 0.0, 0.0, 1.0]]}, "Bone": {"matrix": [[0.9986925721168518, -0.02154431864619255, -0.04635423421859741, -1.3761558532714844], [0.006772673688828945, 0.9546144008636475, -0.2977670431137085, -1.4304335117340088], [0.05066569894552231, 0.2970639169216156, 0.9535123705863953, 0.27976658940315247], [0.0, 0.0, 0.0, 1.0]]}, "finger1joint1": {"matrix": [[0.3341917097568512, -0.8467990159988403, -0.4138199985027313, -1.3940846920013428], [0.7899096012115479, 0.49116310477256775, -0.36715298891067505, -0.6360151767730713], [0.5141581296920776, -0.2041810154914856, 0.8330374360084534, 0.5269795060157776], [0.0, 0.0, 0.0, 1.0]]}, "finger1joint2": {"matrix": [[0.46118292212486267, -0.6307305693626404, -0.6240905523300171, -1.8726773262023926], [0.8542026281356812, 0.5059206485748291, 0.11992479115724564, -0.35842037200927734], [0.2401001751422882, -0.5884072184562683, 0.7720937728881836, 0.41158080101013184], [0.0, 0.0, 0.0, 1.0]]}, "finger1joint3": {"matrix": [[0.4184359014034271, -0.14326685667037964, -0.8968755602836609, -2.1430611610412598], [0.8428173065185547, 0.42926040291786194, 0.32464492321014404, -0.1415405124425888], [0.33848243951797485, -0.8917454481124878, 0.30036571621894836, 0.1593402922153473], [0.0, 0.0, 0.0, 1.0]]}, "Bone.001": {"matrix": [[0.9196444153785706, -0.392029732465744, -0.023802930489182472, -1.3761558532714844], [0.2941613793373108, 0.7276819348335266, -0.6196350455284119, -1.4304333925247192], [0.2602364718914032, 0.5628421306610107, 0.7845288515090942, 0.2797665596008301], [0.0, 0.0, 0.0, 1.0]]}, "finger2joint1": {"matrix": [[0.24979551136493683, -0.9379820823669434, -0.24039871990680695, -1.6246570348739624], [0.8606692552566528, 0.3288363218307495, -0.38873469829559326, -0.9691677093505859], [0.4436781406402588, -0.10979969054460526, 0.8894343972206116, 0.6365430355072021], [0.0, 0.0, 0.0, 1.0]]}, "finger2joint2": {"matrix": [[0.18509137630462646, -0.20327110588550568, -0.961468517780304, -2.4361512660980225], [0.9191058874130249, 0.38209742307662964, 0.09615406394004822, -0.684675395488739], [0.3478294610977173, -0.9014888405799866, 0.2575506269931793, 0.5415499210357666], [0.0, 0.0, 0.0, 1.0]]}, "finger2joint3": {"matrix": [[0.24571989476680756, 0.6484910845756531, -0.720472514629364, -2.5133161544799805], [0.944573163986206, 0.006755558308213949, 0.32823076844215393, -0.5396248698234558], [0.21772202849388123, -0.7611920833587646, -0.6108874678611755, 0.1993299424648285], [0.0, 0.0, 0.0, 1.0]]}, "Bone.002": {"matrix": [[0.3860843777656555, -0.9181414246559143, 0.08919050544500351, -1.3761558532714844], [0.7279435396194458, 0.2438553124666214, -0.6408061385154724, -1.4304335117340088], [0.5666012763977051, 0.31233087182044983, 0.7625040411949158, 0.27976658940315247], [0.0, 0.0, 0.0, 1.0]]}, "finger3joint1": {"matrix": [[0.28167814016342163, -0.6095389723777771, -0.7410259246826172, -1.7631618976593018], [0.8241075277328491, 0.5492346882820129, -0.1385202258825302, -1.327646017074585], [0.4914308488368988, -0.5716670751571655, 0.6570330858230591, 0.4114171266555786], [0.0, 0.0, 0.0, 1.0]]}, "finger3joint2": {"matrix": [[0.2102845162153244, -0.010011933743953705, -0.9775888919830322, -2.297837972640991], [0.9053314924240112, 0.3794057071208954, 0.19085575640201569, -0.845867395401001], [0.3689921498298645, -0.9251761436462402, 0.08884715288877487, -0.09003865718841553], [0.0, 0.0, 0.0, 1.0]]}, "finger3joint3": {"matrix": [[0.37092581391334534, 0.2971353232860565, -0.8798434138298035, -2.304316520690918], [0.878036379814148, 0.19633403420448303, 0.43646854162216187, -0.6003614664077759], [0.3024336099624634, -0.9344321489334106, -0.1880704015493393, -0.688701868057251], [0.0, 0.0, 0.0, 1.0]]}, "Bone.003": {"matrix": [[-0.1664953976869583, -0.6489524245262146, 0.7423880100250244, -1.3761558532714844], [0.26644158363342285, -0.7544985413551331, -0.5997837781906128, -1.4304335117340088], [0.9493619203567505, 0.09794174879789352, 0.29852861166000366, 0.27976658940315247], [0.0, 0.0, 0.0, 1.0]]}, "finger4joint1": {"matrix": [[0.463321328163147, -0.8814170360565186, -0.09185271710157394, -1.6543095111846924], [0.7659976482391357, 0.45044490694999695, -0.45863550901412964, -1.7538261413574219], [0.4456239938735962, 0.14213652908802032, 0.8838644027709961, 0.321746289730072], [0.0, 0.0, 0.0, 1.0]]}, "finger4joint2": {"matrix": [[0.44113457202911377, 0.04255872964859009, -0.896431028842926, -2.5298728942871094], [0.767122745513916, 0.5005092620849609, 0.4012637436389923, -1.3063726425170898], [0.46574950218200684, -0.8646842837333679, 0.18814411759376526, 0.46293890476226807], [0.0, 0.0, 0.0, 1.0]]}, "finger4joint3": {"matrix": [[0.44913628697395325, 0.7428784370422363, -0.4963947534561157, -2.5121235847473145], [0.7169101238250732, 0.03192431479692459, 0.6964338421821594, -1.0976289510726929], [0.5332129597663879, -0.6686643362045288, -0.5182390213012695, 0.1023111641407013], [0.0, 0.0, 0.0, 1.0]]}}