{"root": {"matrix": [[0.2841002643108368, -0.827707827091217, 0.48392850160598755, 0.0], [0.7399818897247314, -0.13166172802448273, -0.6596149802207947, 0.0], [0.6096833944320679, 0.5454951524734497, 0.5750836133956909, 0.0], [0.0, 0.0, 0.0, 1.0]]}, "carpals": {"matrix": [[-0.6690636277198792, -0.4590785503387451, -0.5844659805297852, -0.22209489345550537], [0.736565351486206, -0.5144741535186768, -0.43907594680786133, 1.6187351942062378], [-0.09912226349115372, -0.7242671251296997, 0.6823573708534241, 1.848068118095398], [0.0, 0.0, 0.0, 1.0]]}, "metacarpals": {"matrix": [[-0.8391056656837463, -0.543713390827179, -0.01664946787059307, -0.6692346334457397], [0.5068811774253845, -0.7704219222068787, -0.3866799771785736, 1.1176403760910034], [0.1974160373210907, -0.332904577255249, 0.9220634698867798, 1.1426362991333008], [0.0, 0.0, 0.0, 1.0]]}, "finger5joint1": {"matrix": [[-0.8430967926979065, -0.4944101572036743, -0.2115328162908554, -0.8254318833351135], [0.38140249252319336, -0.2724500596523285, -0.8833475708961487, 0.7481116652488708], [0.37910398840904236, -0.8254266381263733, 0.4182710647583008, 0.5387111902236938], [0.0, 0.0, 0.0, 1.0]]}, "finger5joint2": {"matrix": [[-0.3236394226551056, -0.756014883518219, 0.5689449310302734, -1.3476636409759521], [-0.8850870728492737, 0.029330534860491753, -0.4645000100135803, 0.46033018827438354], [0.3344815969467163, -0.6538962125778198, -0.6786317825317383, -0.3331640660762787], [0.0, 0.0, 0.0, 1.0]]}, "finger5joint3": {"matrix": [[-0.423633873462677, -0.8126562833786011, 0.40015432238578796, -1.8672990798950195], [-0.8515626788139343, 0.20667973160743713, -0.4817925989627838, 0.480490118265152], [0.3088281452655792, -0.5448600649833679, -0.7795844674110413, -0.7826098799705505], [0.0, 0.0, 0.0, 1.0]]}, "Bone": {"matrix": [[0.4070134162902832, -0.9043288826942444, -0.12856586277484894, -1.5181219577789307], [0.8693787455558777, 0.426710844039917, -0.24919529259204865, -0.08520206809043884], [0.28021490573883057, -0.010346522554755211, 0.9598813056945801, 0.6228798627853394], [0.0, 0.0, 0.0, 1.0]]}, "finger1joint1": {"matrix": [[-0.6306545734405518, -0.6329284906387329, -0.4490836560726166, -2.27069354057312], [0.6671963930130005, -0.14662081003189087, -0.7303088903427124, 0.26990142464637756], [0.39638838171958923, -0.7601996064186096, 0.5147547721862793, 0.6142696142196655], [0.0, 0.0, 0.0, 1.0]]}, "finger1joint2": {"matrix": [[-0.4511967897415161, 0.3477195203304291, -0.8218956589698792, -2.628411054611206], [0.8606622815132141, 0.4130629003047943, -0.2977237403392792, 0.18703454732894897], [0.23597025871276855, -0.8417065739631653, -0.48564162850379944, 0.18462122976779938], [0.0, 0.0, 0.0, 1.0]]}, "finger1joint3": {"matrix": [[-0.5445643663406372, 0.8347985744476318, -0.08099877089262009, -2.479349374771118], [0.8103495240211487, 0.548590362071991, 0.20586946606636047, 0.36410778760910034], [0.21629470586776733, 0.046471789479255676, -0.9752213358879089, -0.17620451748371124], [0.0, 0.0, 0.0, 1.0]]}, "Bone.001": {"matrix": [[0.058897022157907486, -0.9762564897537231, 0.20845657587051392, -1.5181221961975098], [0.926642656326294, -0.024203332141041756, -0.37516313791275024, -0.08520206063985825], [0.3713007867336273, 0.2152608335018158, 0.9032154083251953, 0.6228798627853394], [0.0, 0.0, 0.0, 1.0]]}, "finger2joint1": {"matrix": [[-0.7480069994926453, -0.5829676985740662, -0.31722837686538696, -2.1369552612304688], [0.6195950508117676, -0.442059189081192, -0.6486026048660278, -0.10054415464401245], [0.23788070678710938, -0.6817124485969543, 0.6918674111366272, 0.7593302130699158], [0.0, 0.0, 0.0, 1.0]]}, "finger2joint2": {"matrix": [[-0.7651309370994568, 0.26293644309043884, -0.5877404808998108, -2.6413087844848633], [0.6343570947647095, 0.4642040431499481, -0.6181468367576599, -0.48299121856689453], [0.11029823869466782, -0.8458006381988525, -0.5219723582267761, 0.16954736411571503], [0.0, 0.0, 0.0, 1.0]]}, "finger2joint3": {"matrix": [[-0.6743260025978088, 0.736583411693573, -0.052240122109651566, -2.541494131088257], [0.7360924482345581, 0.6761327385902405, 0.03181379660964012, -0.30677172541618347], [0.058754805475473404, -0.01700083166360855, -0.9981274008750916, -0.15153244137763977], [0.0, 0.0, 0.0, 1.0]]}, "Bone.002": {"matrix": [[-0.6417784094810486, -0.7128298878669739, 0.2828316390514374, -1.5181220769882202], [0.6530994772911072, -0.7013353109359741, -0.2856391966342926, -0.08520206809043884], [0.40197205543518066, 0.0014002170646563172, 0.9156507253646851, 0.6228798627853394], [0.0, 0.0, 0.0, 1.0]]}, "finger3joint1": {"matrix": [[-0.7800495624542236, -0.5117608904838562, -0.3600323796272278, -1.818587064743042], [0.5807743072509766, -0.3780292868614197, -0.7209681272506714, -0.38082194328308105], [0.23286063969135284, -0.7714883089065552, 0.592099130153656, 0.6234700083732605], [0.0, 0.0, 0.0, 1.0]]}, "finger3joint2": {"matrix": [[-0.8365956544876099, -0.03175137937068939, -0.5468997955322266, -2.2674942016601562], [0.541218638420105, 0.1066208928823471, -0.8340950012207031, -0.712422251701355], [0.08479474484920502, -0.9937924742698669, -0.07201409339904785, -0.053265273571014404], [0.0, 0.0, 0.0, 1.0]]}, "finger3joint3": {"matrix": [[-0.7332428693771362, 0.24698196351528168, -0.633525550365448, -2.2880401611328125], [0.6783897876739502, 0.3291361629962921, -0.6568536758422852, -0.6434299945831299], [0.04628527909517288, -0.9114105105400085, -0.4088866710662842, -0.6963288187980652], [0.0, 0.0, 0.0, 1.0]]}, "Bone.003": {"matrix": [[-0.6428380012512207, 0.30378714203834534, 0.7031873464584351, -1.5181221961975098], [-0.07849818468093872, -0.9392896890640259, 0.3340253233909607, -0.08520209789276123], [0.761969268321991, 0.15952526032924652, 0.6276578307151794, 0.6228798627853394], [0.0, 0.0, 0.0, 1.0]]}, "finger4joint1": {"matrix": [[-0.7342557311058044, -0.673072338104248, 0.08855347335338593, -1.3879132270812988], [0.6368215680122375, -0.7280844449996948, -0.25367531180381775, -0.48779982328414917], [0.23521634936332703, -0.1298697590827942, 0.9632272124290466, 0.6912554502487183], [0.0, 0.0, 0.0, 1.0]]}, "finger4joint2": {"matrix": [[-0.7476447224617004, -0.41377341747283936, -0.5194404125213623, -2.0565154552459717], [0.6149469017982483, -0.13603705167770386, -0.7767457365989685, -1.211049199104309], [0.25073370337486267, -0.9001582860946655, 0.35615622997283936, 0.562248170375824], [0.0, 0.0, 0.0, 1.0]]}, "finger4joint3": {"matrix": [[-0.7029828429222107, 0.02030474878847599, -0.7109164595603943, -2.2290852069854736], [0.635423481464386, 0.46692219376564026, -0.6149961948394775, -1.2677850723266602], [0.31945544481277466, -0.8840650916099548, -0.34114041924476624, 0.18682557344436646], [0.0, 0.0, 0.0, 1.0]]}}