{"root": {"matrix": [[0.4799041748046875, -0.6196088790893555, 0.6211093068122864, -5.960464477539063e-08], [0.856601893901825, 0.17797812819480896, -0.4843108355998993, 1.4901161193847656e-08], [0.18953949213027954, 0.7644662261009216, 0.6161705851554871, 0.0], [0.0, 0.0, 0.0, 1.0]]}, "carpals": {"matrix": [[-0.583891749382019, -0.691672682762146, -0.42503997683525085, 0.4089784026145935], [0.8117331862449646, -0.5055551528930664, -0.2924089729785919, 2.165839910507202], [-0.012629837729036808, -0.515754222869873, 0.8566433191299438, 1.1076366901397705], [0.0, 0.0, 0.0, 1.0]]}, "metacarpals": {"matrix": [[-0.828141987323761, -0.5504860877990723, 0.10557270795106888, -0.26470667123794556], [0.47631898522377014, -0.7904302477836609, -0.38514938950538635, 1.6734322309494019], [0.2954673171043396, -0.26867207884788513, 0.916795551776886, 0.6052953004837036], [0.0, 0.0, 0.0, 1.0]]}, "finger5joint1": {"matrix": [[-0.6537978649139404, -0.7537652850151062, -0.06622632592916489, -0.4769708514213562], [0.5398070812225342, -0.4032958745956421, -0.7388914823532104, 1.2972183227539062], [0.5302420854568481, -0.5188350677490234, 0.6705619096755981, 0.02298802137374878], [0.0, 0.0, 0.0, 1.0]]}, "finger5joint2": {"matrix": [[-0.04352518916130066, -0.8150288462638855, 0.5777826309204102, -1.2731523513793945], [-0.7461305856704712, -0.35807424783706665, -0.5613123774528503, 0.8712280988693237], [0.6643751263618469, -0.4555325210094452, -0.5925329923629761, -0.5250431299209595], [0.0, 0.0, 0.0, 1.0]]}, "finger5joint3": {"matrix": [[-0.1511654555797577, -0.9005820155143738, 0.4075539708137512, -1.8333501815795898], [-0.7442610859870911, -0.16764627397060394, -0.6465057730674744, 0.6251110434532166], [0.6505566239356995, -0.4010559320449829, -0.644926130771637, -0.8381465673446655], [0.0, 0.0, 0.0, 1.0]]}, "Bone": {"matrix": [[0.40503716468811035, -0.9142798185348511, -0.006085637491196394, -1.1241681575775146], [0.8842241764068604, 0.3933981657028198, -0.2517642676830292, 0.43935123085975647], [0.23257702589035034, 0.09659289568662643, 0.9677693247795105, 0.18582355976104736], [0.0, 0.0, 0.0, 1.0]]}, "finger1joint1": {"matrix": [[-0.6327587962150574, -0.6419077515602112, 0.4330940842628479, -1.88502037525177], [0.6609063148498535, -0.7391381859779358, -0.1299128234386444, 0.7667322754859924], [0.4035085141658783, 0.20403121411800385, 0.8919371962547302, 0.2662069797515869], [0.0, 0.0, 0.0, 1.0]]}, "finger1joint2": {"matrix": [[-0.7216067314147949, -0.280330628156662, -0.6330073475837708, -2.2478129863739014], [0.683727502822876, -0.145105242729187, -0.7151650190353394, 0.3489874005317688], [0.10862997174263, -0.9488725066184998, 0.2963787615299225, 0.3815210163593292], [0.0, 0.0, 0.0, 1.0]]}, "finger1joint3": {"matrix": [[-0.7712305188179016, 0.5234197974205017, -0.36226388812065125, -2.3679862022399902], [0.612646222114563, 0.7648486495018005, -0.19917592406272888, 0.2867831587791443], [0.1728244423866272, -0.37555018067359924, -0.9105457663536072, -0.02524501085281372], [0.0, 0.0, 0.0, 1.0]]}, "Bone.001": {"matrix": [[0.06812810897827148, -0.9427900910377502, 0.3263511061668396, -1.1241681575775146], [0.92892986536026, -0.05937992408871651, -0.3654627203941345, 0.43935123085975647], [0.36393335461616516, 0.3280556797981262, 0.8717405796051025, 0.18582358956336975], [0.0, 0.0, 0.0, 1.0]]}, "finger2joint1": {"matrix": [[-0.5256397128105164, -0.5510827898979187, -0.6480819582939148, -1.721787452697754], [0.6041205525398254, 0.2945581078529358, -0.7404549717903137, 0.40171125531196594], [0.5989499092102051, -0.7807323336601257, 0.17808911204338074, 0.3937727212905884], [0.0, 0.0, 0.0, 1.0]]}, "finger2joint2": {"matrix": [[-0.5111716985702515, -0.11305025219917297, -0.8520110249519348, -2.1985559463500977], [0.6941143274307251, 0.5303078293800354, -0.4868046045303345, 0.6565478444099426], [0.506861686706543, -0.8402338624000549, -0.1926085203886032, -0.2816770076751709], [0.0, 0.0, 0.0, 1.0]]}, "finger2joint3": {"matrix": [[-0.4425767958164215, 0.15714283287525177, -0.882854163646698, -2.241472005844116], [0.7910608053207397, 0.5320778489112854, -0.3018536865711212, 0.8578614592552185], [0.4223131239414215, -0.8319849371910095, -0.35979482531547546, -0.6006436347961426], [0.0, 0.0, 0.0, 1.0]]}, "Bone.002": {"matrix": [[-0.6136831641197205, -0.6816937327384949, 0.39835450053215027, -1.1241681575775146], [0.6300587058067322, -0.7268807291984558, -0.2732587158679962, 0.4393512010574341], [0.47583508491516113, 0.08329252153635025, 0.8755816221237183, 0.18582358956336975], [0.0, 0.0, 0.0, 1.0]]}, "finger3joint1": {"matrix": [[-0.7680768370628357, -0.639315128326416, 0.03652261570096016, -1.4115090370178223], [0.552390456199646, -0.6903361082077026, -0.46722671389579773, 0.13296368718147278], [0.3239181339740753, -0.33869123458862305, 0.8833827972412109, 0.2209322154521942], [0.0, 0.0, 0.0, 1.0]]}, "finger3joint2": {"matrix": [[-0.8603354096412659, -0.34406402707099915, -0.3760886788368225, -1.9723044633865356], [0.4539874196052551, -0.18173159658908844, -0.872278094291687, -0.47258642315864563], [0.23177245259284973, -0.9211912155151367, 0.31255096197128296, -0.0761614441871643], [0.0, 0.0, 0.0, 1.0]]}, "finger3joint3": {"matrix": [[-0.8008342981338501, -0.03931623697280884, -0.5975937843322754, -2.194941282272339], [0.5846244692802429, 0.16514314711093903, -0.7943185567855835, -0.5901813507080078], [0.12991824746131897, -0.9854856133460999, -0.10926701128482819, -0.6722462177276611], [0.0, 0.0, 0.0, 1.0]]}, "Bone.003": {"matrix": [[-0.5458805561065674, 0.35444650053977966, 0.7591981887817383, -1.1241682767868042], [-0.10035473853349686, -0.927249014377594, 0.3607467710971832, 0.43935123085975647], [0.8318312168121338, 0.1207355335354805, 0.5417376160621643, 0.18582357466220856], [0.0, 0.0, 0.0, 1.0]]}, "finger4joint1": {"matrix": [[-0.6974906325340271, -0.6776711940765381, 0.23295514285564423, -0.9722455739974976], [0.6394652724266052, -0.7353254556655884, -0.224455788731575, 0.041914284229278564], [0.3234052062034607, -0.0075890799053013325, 0.9462299942970276, 0.23757317662239075], [0.0, 0.0, 0.0, 1.0]]}, "finger4joint2": {"matrix": [[-0.7082131505012512, -0.7050991058349609, -0.035619791597127914, -1.645416259765625], [0.6179876327514648, -0.5947420001029968, -0.5141720175743103, -0.6885278820991516], [0.3413577675819397, -0.3861560523509979, 0.8569469451904297, 0.2300344854593277], [0.0, 0.0, 0.0, 1.0]]}, "finger4joint3": {"matrix": [[-0.6465528607368469, -0.7185525894165039, -0.2562243938446045, -1.9394872188568115], [0.6727426052093506, -0.3786790668964386, -0.6356250047683716, -0.9365726113319397], [0.35970330238342285, -0.5833384394645691, 0.7282372713088989, 0.06898313760757446], [0.0, 0.0, 0.0, 1.0]]}}