{"root": {"matrix": [[0.42069196701049805, -0.5950778722763062, 0.6847631335258484, 0.0], [0.8542936444282532, 0.005853875074535608, -0.5197577476501465, 4.656612873077393e-10], [0.3052878975868225, 0.8036467432975769, 0.5108338594436646, 0.0], [0.0, 0.0, 0.0, 1.0]]}, "carpals": {"matrix": [[-0.6593528985977173, -0.6741776466369629, -0.3327731192111969, 0.2919265925884247], [0.7144774198532104, -0.42408812046051025, -0.5564810037612915, 1.9961270093917847], [0.23404201865196228, -0.6046762466430664, 0.7613085508346558, 1.4195919036865234], [0.0, 0.0, 0.0, 1.0]]}, "metacarpals": {"matrix": [[-0.8281295299530029, -0.4923035204410553, 0.2680269181728363, -0.36471837759017944], [0.242037832736969, -0.7453431487083435, -0.6211932897567749, 1.583067774772644], [0.5055878162384033, -0.4495558440685272, 0.7363967895507812, 0.8306408524513245], [0.0, 0.0, 0.0, 1.0]]}, "finger5joint1": {"matrix": [[-0.687341570854187, -0.7132368683815002, 0.1373111605644226, -0.6106102466583252], [0.2339438945055008, -0.39636504650115967, -0.8877864480018616, 1.3707927465438843], [0.6876276135444641, -0.5780894160270691, 0.43929561972618103, 0.1824500858783722], [0.0, 0.0, 0.0, 1.0]]}, "finger5joint2": {"matrix": [[0.17428168654441833, -0.7147380709648132, 0.6773290634155273, -1.3639825582504272], [-0.8850404620170593, -0.4152328372001648, -0.2104392647743225, 0.9521233439445496], [0.4316583275794983, -0.5627879500389099, -0.7049399614334106, -0.42816978693008423], [0.0, 0.0, 0.0, 1.0]]}, "finger5joint3": {"matrix": [[0.06924066692590714, -0.8436527252197266, 0.532404899597168, -1.8552470207214355], [-0.907005786895752, -0.27545708417892456, -0.3185332119464874, 0.6667192578315735], [0.41538625955581665, -0.4608389437198639, -0.7842711210250854, -0.814993679523468], [0.0, 0.0, 0.0, 1.0]]}, "Bone": {"matrix": [[0.3340267241001129, -0.9304953813552856, 0.15034694969654083, -1.133340835571289], [0.8236165642738342, 0.21057206392288208, -0.5266070365905762, 0.419380247592926], [0.45834654569625854, 0.29972919821739197, 0.8367081880569458, 0.12875939905643463], [0.0, 0.0, 0.0, 1.0]]}, "finger1joint1": {"matrix": [[-0.2611578404903412, -0.9478961825370789, -0.18245331943035126, -1.9076876640319824], [0.44427597522735596, 0.04977301135659218, -0.8945061564445496, 0.594615638256073], [0.8569803237915039, -0.31466686725616455, 0.4081289768218994, 0.3781903386116028], [0.0, 0.0, 0.0, 1.0]]}, "finger1joint2": {"matrix": [[-0.17419731616973877, -0.057710420340299606, -0.9830181002616882, -2.443418025970459], [0.6944347023963928, 0.7005732655525208, -0.16418705880641937, 0.6227463483810425], [0.6981515884399414, -0.7112429141998291, -0.08196178078651428, 0.20034745335578918], [0.0, 0.0, 0.0, 1.0]]}, "finger1joint3": {"matrix": [[-0.27061983942985535, 0.8405962586402893, -0.46921488642692566, -2.4681575298309326], [0.6480648517608643, 0.5194941163063049, 0.5569000840187073, 0.92307049036026], [0.7118825912475586, -0.15337355434894562, -0.6853463053703308, -0.10455070436000824], [0.0, 0.0, 0.0, 1.0]]}, "Bone.001": {"matrix": [[0.014791721478104591, -0.8785749077796936, 0.4773750305175781, -1.133340835571289], [0.7780857086181641, -0.2897353768348694, -0.5573471188545227, 0.41938021779060364], [0.6279836893081665, 0.3796829283237457, 0.6793209910392761, 0.12875939905643463], [0.0, 0.0, 0.0, 1.0]]}, "finger2joint1": {"matrix": [[-0.7321363091468811, -0.423425555229187, -0.5335604548454285, -1.690255045890808], [0.3411419689655304, 0.45006194710731506, -0.8252673149108887, 0.23572170734405518], [0.5895746946334839, -0.7862281799316406, -0.18505844473838806, 0.3694342374801636], [0.0, 0.0, 0.0, 1.0]]}, "finger2joint2": {"matrix": [[-0.7149739861488342, -0.26923567056655884, -0.6452317833900452, -2.0565812587738037], [0.45524337887763977, 0.5211513638496399, -0.721910297870636, 0.6250923275947571], [0.5306276082992554, -0.8098846077919006, -0.2500418722629547, -0.3107702434062958], [0.0, 0.0, 0.0, 1.0]]}, "finger2joint3": {"matrix": [[-0.6806038022041321, -0.018420759588479996, -0.7324198484420776, -2.158787488937378], [0.5746853351593018, 0.6066479086875916, -0.5492857098579407, 0.822929859161377], [0.45443931221961975, -0.7947570085525513, -0.4023006856441498, -0.618215799331665], [0.0, 0.0, 0.0, 1.0]]}, "Bone.002": {"matrix": [[-0.6095078587532043, -0.5815361142158508, 0.5388094782829285, -1.133340835571289], [0.36435818672180176, -0.8090970516204834, -0.46109098196029663, 0.41938018798828125], [0.704090416431427, -0.08471883833408356, 0.7050384879112244, 0.12875939905643463], [0.0, 0.0, 0.0, 1.0]]}, "finger3joint1": {"matrix": [[-0.7734236717224121, -0.5460606217384338, 0.3219214975833893, -1.3784642219543457], [0.31402021646499634, -0.7712133526802063, -0.5537338852882385, 0.07833772897720337], [0.5506426692008972, -0.32718098163604736, 0.7679486870765686, 0.093049556016922], [0.0, 0.0, 0.0, 1.0]]}, "finger3joint2": {"matrix": [[-0.8619366884231567, -0.5010297298431396, -0.07767945528030396, -1.857458472251892], [0.2093650996685028, -0.21218539774417877, -0.9545384049415588, -0.5981563329696655], [0.46176987886428833, -0.839015007019043, 0.2877885699272156, -0.19394749402999878], [0.0, 0.0, 0.0, 1.0]]}, "finger3joint3": {"matrix": [[-0.860380232334137, -0.08018671721220016, -0.5033047795295715, -2.1816649436950684], [0.3561137318611145, 0.6118804812431335, -0.7062472701072693, -0.7354574203491211], [0.3645941913127899, -0.7868750095367432, -0.4978942573070526, -0.7368576526641846], [0.0, 0.0, 0.0, 1.0]]}, "Bone.003": {"matrix": [[-0.41596895456314087, 0.46591973304748535, 0.7809535264968872, -1.133340835571289], [-0.4211312532424927, -0.8598364591598511, 0.2886689305305481, 0.41938021779060364], [0.8059889078140259, -0.20880664885044098, 0.5538786053657532, 0.12875939905643463], [0.0, 0.0, 0.0, 1.0]]}, "finger4joint1": {"matrix": [[-0.5946509838104248, -0.6392782330513, 0.4875583052635193, -0.9336386322975159], [0.5524729490280151, -0.7654823064804077, -0.3298637866973877, 0.050837576389312744], [0.5840921998023987, 0.0732090100646019, 0.8083788752555847, 0.03926079720258713], [0.0, 0.0, 0.0, 1.0]]}, "finger4joint2": {"matrix": [[-0.5996232032775879, -0.772091805934906, 0.2105366438627243, -1.5686713457107544], [0.5283077359199524, -0.5795047283172607, -0.6205359101295471, -0.7095611095428467], [0.6011178493499756, -0.2608596086502075, 0.7553868293762207, 0.11198362708091736], [0.0, 0.0, 0.0, 1.0]]}, "finger4joint3": {"matrix": [[-0.5363825559616089, -0.8432709574699402, -0.03445738926529884, -1.8906822204589844], [0.583672046661377, -0.3411494493484497, -0.7368470430374146, -0.9512510299682617], [0.6096068024635315, -0.4153438210487366, 0.6751805543899536, 0.0031887590885162354], [0.0, 0.0, 0.0, 1.0]]}}