{"root": {"matrix": [[0.46432557702064514, -0.40360674262046814, -0.7883548736572266, 0.0], [-0.6519139409065247, -0.7582810521125793, 0.004245575517416, 0.0], [-0.5995081663131714, 0.5119681358337402, -0.6152061820030212, 0.0], [0.0, 0.0, 0.0, 1.0]]}, "carpals": {"matrix": [[0.2141420841217041, -0.8525105714797974, -0.47683197259902954, 0.7436351776123047], [0.9733558297157288, 0.22720587253570557, 0.03091457113623619, -2.2169814109802246], [0.08198399096727371, -0.47074732184410095, 0.8784504532814026, -0.7854839563369751], [0.0, 0.0, 0.0, 1.0]]}, "metacarpals": {"matrix": [[0.027326110750436783, -0.7231552004814148, 0.6901447176933289, -0.08670485019683838], [0.9066284894943237, 0.30872759222984314, 0.2875966429710388, -1.9956843852996826], [-0.42104372382164, 0.6178459525108337, 0.664069414138794, -1.2439889907836914], [0.0, 0.0, 0.0, 1.0]]}, "finger5joint1": {"matrix": [[0.5319389700889587, -0.7247546315193176, 0.43791720271110535, -0.7880854606628418], [0.6595808267593384, 0.6789469122886658, 0.3224654495716095, -2.096893072128296], [-0.5310309529304504, 0.11730977892875671, 0.8391925692558289, -1.0907011032104492], [0.0, 0.0, 0.0, 1.0]]}, "finger5joint2": {"matrix": [[0.4289925992488861, -0.6421186327934265, -0.6353334784507751, -1.5536235570907593], [0.3122503459453583, 0.7653965353965759, -0.562731921672821, -1.3797402381896973], [0.8476228713989258, 0.043024737387895584, 0.528851330280304, -0.9667900800704956], [0.0, 0.0, 0.0, 1.0]]}, "finger5joint3": {"matrix": [[0.4014981687068939, -0.5511786341667175, -0.7314375638961792, -1.9949743747711182], [0.412845641374588, 0.8218113780021667, -0.3926626443862915, -0.8536564111709595], [0.8175311088562012, -0.14431755244731903, 0.5575075745582581, -0.937217652797699], [0.0, 0.0, 0.0, 1.0]]}, "Bone": {"matrix": [[0.6577078700065613, -0.203804612159729, 0.7251784801483154, -1.2157509326934814], [-0.18818461894989014, 0.8877220153808594, 0.42016181349754333, -1.5136749744415283], [-0.7293877601623535, -0.4128112196922302, 0.545508861541748, -0.27935990691185], [0.0, 0.0, 0.0, 1.0]]}, "finger1joint1": {"matrix": [[0.13620541989803314, -0.9249659180641174, 0.3548040986061096, -1.38535475730896], [0.866012692451477, 0.2850949764251709, 0.41078299283981323, -0.7749236822128296], [-0.48111316561698914, 0.2513138949871063, 0.839863657951355, -0.6228963136672974], [0.0, 0.0, 0.0, 1.0]]}, "finger1joint2": {"matrix": [[0.040187422186136246, -0.6011325716972351, -0.7981381416320801, -1.908125400543213], [0.693949818611145, -0.557918906211853, 0.4551483690738678, -0.6137940883636475], [-0.7189009189605713, -0.5721589922904968, 0.39473438262939453, -0.4808592200279236], [0.0, 0.0, 0.0, 1.0]]}, "finger1joint3": {"matrix": [[-0.018822472542524338, -0.15433207154273987, -0.9878396987915039, -2.165821075439453], [0.7564750909805298, -0.6482289433479309, 0.0868600457906723, -0.8529647588729858], [-0.6537516117095947, -0.7456410527229309, 0.12894953787326813, -0.7261343002319336], [0.0, 0.0, 0.0, 1.0]]}, "Bone.001": {"matrix": [[0.6306122541427612, -0.16764523088932037, 0.757775068283081, -1.2157509326934814], [0.17417196929454803, 0.9820558428764343, 0.07231957465410233, -1.5136749744415283], [-0.7563014626502991, 0.08637754619121552, 0.648495614528656, -0.27935993671417236], [0.0, 0.0, 0.0, 1.0]]}, "finger2joint1": {"matrix": [[0.717067301273346, -0.3742940425872803, 0.5879781246185303, -1.3220185041427612], [0.34430569410324097, 0.9236857295036316, 0.168100968003273, -0.8911657929420471], [-0.6060261726379395, 0.08190450072288513, 0.7912164330482483, -0.22460661828517914], [0.0, 0.0, 0.0, 1.0]]}, "finger2joint2": {"matrix": [[0.6228634715080261, -0.5206906199455261, 0.5838854312896729, -1.645838737487793], [0.4094112515449524, 0.8529291152954102, 0.3238734304904938, -0.09204007685184479], [-0.6666508316993713, 0.037320323288440704, 0.7444350123405457, -0.15374702215194702], [0.0, 0.0, 0.0, 1.0]]}, "finger2joint3": {"matrix": [[0.5043510794639587, -0.7157635688781738, 0.48302409052848816, -1.843501329421997], [0.47395047545433044, 0.6970521211624146, 0.5380417704582214, 0.23174583911895752], [-0.7218036651611328, -0.04243246465921402, 0.6907954812049866, -0.13957960903644562], [0.0, 0.0, 0.0, 1.0]]}, "Bone.002": {"matrix": [[0.3231085240840912, -0.46779635548591614, 0.8226587176322937, -1.215751051902771], [0.8084316849708557, 0.5883432626724243, 0.017034685239195824, -1.5136749744415283], [-0.49197453260421753, 0.6595592498779297, 0.5682801604270935, -0.27935993671417236], [0.0, 0.0, 0.0, 1.0]]}, "finger3joint1": {"matrix": [[0.4724089205265045, -0.010744258761405945, 0.8813139200210571, -1.4129319190979004], [0.26126202940940857, 0.9566925168037415, -0.1283804476261139, -1.265682339668274], [-0.8417670726776123, 0.2909017503261566, 0.4547571837902069, -0.0013490915298461914], [0.0, 0.0, 0.0, 1.0]]}, "finger3joint2": {"matrix": [[0.43021801114082336, -0.9013896584510803, -0.049082253128290176, -1.4223566055297852], [0.41403084993362427, 0.14871026575565338, 0.8980332016944885, -0.42648935317993164], [-0.8021787405014038, -0.4066717028617859, 0.43718084692955017, 0.2538245618343353], [0.0, 0.0, 0.0, 1.0]]}, "finger3joint3": {"matrix": [[0.3870859742164612, -0.6208503246307373, -0.6816959381103516, -2.0056281089782715], [0.263978511095047, -0.6337630152702332, 0.7270898818969727, -0.33026182651519775], [-0.883447527885437, -0.4613993465900421, -0.08142982423305511, -0.009324684739112854], [0.0, 0.0, 0.0, 1.0]]}, "Bone.003": {"matrix": [[0.4179297387599945, -0.03588782250881195, 0.9077702760696411, -1.215751051902771], [0.8514821529388428, -0.3328826427459717, -0.4051753878593445, -1.5136749744415283], [0.31672176718711853, 0.9422850012779236, -0.10856363922357559, -0.27935993671417236], [0.0, 0.0, 0.0, 1.0]]}, "finger4joint1": {"matrix": [[0.46505481004714966, -0.512983500957489, 0.7215065956115723, -1.231133222579956], [0.5136198997497559, 0.8201572895050049, 0.2520639896392822, -1.6563549041748047], [-0.7210536003112793, 0.2533564567565918, 0.6448966264724731, 0.12452173233032227], [0.0, 0.0, 0.0, 1.0]]}, "finger4joint2": {"matrix": [[0.4670190215110779, -0.809653103351593, -0.35546427965164185, -1.7407100200653076], [0.537057101726532, -0.05963577702641487, 0.8414349555969238, -0.8416442275047302], [-0.7024688124656677, -0.5838708877563477, 0.4069788157939911, 0.37619566917419434], [0.0, 0.0, 0.0, 1.0]]}, "finger4joint3": {"matrix": [[0.5378556847572327, -0.3643103539943695, -0.7602558135986328, -2.0783863067626953], [0.5277889370918274, -0.557694137096405, 0.6406369209289551, -0.8665161728858948], [-0.6573808789253235, -0.7458248734474182, -0.10768015682697296, 0.13268478214740753], [0.0, 0.0, 0.0, 1.0]]}}