{"root": {"matrix": [[0.5188015103340149, -0.6319866180419922, 0.575706422328949, -5.960464477539063e-08], [0.715417742729187, -0.047700390219688416, -0.6970667839050293, 0.0], [0.4679983854293823, 0.7735098600387573, 0.4273873567581177, 5.960464477539063e-08], [0.0, 0.0, 0.0, 1.0]]}, "carpals": {"matrix": [[-0.5654377937316895, -0.7533025145530701, -0.3358795940876007, 0.48993271589279175], [0.8232935070991516, -0.4909640848636627, -0.2848542332649231, 1.649577260017395], [0.04967667534947395, -0.43759483098983765, 0.8977988362312317, 1.7674405574798584], [0.0, 0.0, 0.0, 1.0]]}, "metacarpals": {"matrix": [[-0.7846624851226807, -0.6195051670074463, 0.022755039855837822, -0.24377936124801636], [0.5445225834846497, -0.7063053250312805, -0.45235809683799744, 1.1713812351226807], [0.29631030559539795, -0.34255775809288025, 0.8915458917617798, 1.3412258625030518], [0.0, 0.0, 0.0, 1.0]]}, "finger5joint1": {"matrix": [[-0.6498374342918396, -0.7152705788612366, -0.2570970356464386, -0.4689912796020508], [0.5070613026618958, -0.15598554909229279, -0.8476775884628296, 0.8588548302650452], [0.5662155747413635, -0.6812165379524231, 0.4640513062477112, 0.7269933223724365], [0.0, 0.0, 0.0, 1.0]]}, "finger5joint2": {"matrix": [[-0.3898807466030121, -0.9135674238204956, 0.11570116877555847, -1.2245118618011475], [-0.8136900663375854, 0.2829461991786957, -0.5077890157699585, 0.6940916776657104], [0.4311624765396118, -0.29212188720703125, -0.8536762595176697, 0.00744318962097168], [0.0, 0.0, 0.0, 1.0]]}, "finger5joint3": {"matrix": [[-0.47924041748046875, -0.8164671063423157, -0.32203927636146545, -1.8524386882781982], [-0.7545265555381775, 0.5706928968429565, -0.3240354657173157, 0.8885704874992371], [0.4483500123023987, 0.08769655227661133, -0.8895453810691833, -0.1933424174785614], [0.0, 0.0, 0.0, 1.0]]}, "Bone": {"matrix": [[0.4866976737976074, -0.8702471256256104, -0.07612526416778564, -1.2109990119934082], [0.8176328539848328, 0.4844820499420166, -0.3110522925853729, 0.0686425268650055], [0.30757367610931396, 0.08914603292942047, 0.9473389387130737, 0.8063981533050537], [0.0, 0.0, 0.0, 1.0]]}, "finger1joint1": {"matrix": [[-0.6732000708580017, -0.6793277263641357, -0.29208773374557495, -1.935207724571228], [0.6347406506538391, -0.3282332718372345, -0.6995477676391602, 0.4718225300312042], [0.37934935092926025, -0.6563355326652527, 0.6521636843681335, 0.8805843591690063], [0.0, 0.0, 0.0, 1.0]]}, "finger1joint2": {"matrix": [[-0.5385841131210327, -0.05726176127791405, -0.8406235575675964, -2.3191492557525635], [0.8240209817886353, 0.17240482568740845, -0.5396906137466431, 0.28631219267845154], [0.17583124339580536, -0.9833602905273438, -0.04566952586174011, 0.509637713432312], [0.0, 0.0, 0.0, 1.0]]}, "finger1joint3": {"matrix": [[-0.6184824109077454, 0.4553041458129883, -0.6404509544372559, -2.343696355819702], [0.7582457661628723, 0.5597260594367981, -0.3343203663825989, 0.3602192997932434], [0.20625974237918854, -0.692390501499176, -0.6914130449295044, 0.08808732032775879], [0.0, 0.0, 0.0, 1.0]]}, "Bone.001": {"matrix": [[0.15100549161434174, -0.9573939442634583, 0.24615801870822906, -1.2109988927841187], [0.8905819058418274, 0.023685656487941742, -0.45420554280281067, 0.06864255666732788], [0.42902326583862305, 0.2878115475177765, 0.8562144637107849, 0.8063980937004089], [0.0, 0.0, 0.0, 1.0]]}, "finger2joint1": {"matrix": [[-0.7016380429267883, -0.6926082968711853, -0.1673240214586258, -1.8178753852844238], [0.6381479501724243, -0.5063537359237671, -0.5799766182899475, 0.08365648984909058], [0.3169715702533722, -0.513711154460907, 0.7972638010978699, 0.9888371825218201], [0.0, 0.0, 0.0, 1.0]]}, "finger2joint2": {"matrix": [[-0.7429192662239075, 0.033762600272893906, -0.6685287952423096, -2.4170846939086914], [0.6405981183052063, 0.32557690143585205, -0.6954377293586731, -0.3544148802757263], [0.19417786598205566, -0.9449123740196228, -0.2635054886341095, 0.5444005131721497], [0.0, 0.0, 0.0, 1.0]]}, "finger2joint3": {"matrix": [[-0.6714172959327698, 0.44541794061660767, -0.5922847390174866, -2.4042677879333496], [0.7332731485366821, 0.5149944424629211, -0.44394928216934204, -0.23082055151462555], [0.10728048533201218, -0.7323819398880005, -0.6723892092704773, 0.18569625914096832], [0.0, 0.0, 0.0, 1.0]]}, "Bone.002": {"matrix": [[-0.5632105469703674, -0.7586914896965027, 0.3273846209049225, -1.2109990119934082], [0.6618916392326355, -0.6514031291007996, -0.37090885639190674, 0.06864257156848907], [0.49466490745544434, 0.007793454919010401, 0.8690487146377563, 0.8063982129096985], [0.0, 0.0, 0.0, 1.0]]}, "finger3joint1": {"matrix": [[-0.67521733045578, -0.7339602112770081, 0.07337383180856705, -1.5307949781417847], [0.6485269665718079, -0.6381093859672546, -0.4150051474571228, -0.20593047142028809], [0.3514179587364197, -0.23263368010520935, 0.9068554639816284, 0.8096831440925598], [0.0, 0.0, 0.0, 1.0]]}, "finger3joint2": {"matrix": [[-0.7851099371910095, -0.32628166675567627, -0.5264430642127991, -2.1746113300323486], [0.5550735592842102, 0.006403799168765545, -0.8317766785621643, -0.7656681537628174], [0.27476486563682556, -0.9452507495880127, 0.17608274519443512, 0.6056212186813354], [0.0, 0.0, 0.0, 1.0]]}, "finger3joint3": {"matrix": [[-0.7006076574325562, 0.5471323132514954, -0.45803365111351013, -2.385741710662842], [0.6866680383682251, 0.6914984583854675, -0.2243143618106842, -0.7615244388580322], [0.19400006532669067, -0.4716735780239105, -0.860167384147644, -0.006031930446624756], [0.0, 0.0, 0.0, 1.0]]}, "Bone.003": {"matrix": [[-0.5899934768676758, 0.2473086416721344, 0.7685999274253845, -1.2109988927841187], [-0.09284691512584686, -0.9664013981819153, 0.23968282341957092, 0.06864255666732788], [0.8020517230033875, 0.07004915177822113, 0.5931323766708374, 0.8063981533050537], [0.0, 0.0, 0.0, 1.0]]}, "finger4joint1": {"matrix": [[-0.7205086946487427, -0.6934139132499695, 0.006622121669352055, -1.1049976348876953], [0.6117061972618103, -0.6400480270385742, -0.4649234414100647, -0.34557580947875977], [0.3266230523586273, -0.3309306204319, 0.8853259086608887, 0.8364225625991821], [0.0, 0.0, 0.0, 1.0]]}, "finger4joint2": {"matrix": [[-0.7359522581100464, -0.5677855014801025, -0.36877256631851196, -1.7938066720962524], [0.5877816677093506, -0.2655252516269684, -0.7642046809196472, -0.9813733696937561], [0.33598607778549194, -0.7791760563850403, 0.5291480422019958, 0.5076895952224731], [0.0, 0.0, 0.0, 1.0]]}, "finger4joint3": {"matrix": [[-0.6807337999343872, -0.4861880838871002, -0.5479251742362976, -2.030608892440796], [0.6189355850219727, 0.01833793893456459, -0.7852274775505066, -1.0921140909194946], [0.39181622862815857, -0.873661458492279, 0.28843602538108826, 0.1827242076396942], [0.0, 0.0, 0.0, 1.0]]}}