{"root": {"matrix": [[0.5427271723747253, -0.6343145370483398, 0.550538182258606, 0.0], [0.7859548330307007, 0.15240615606307983, -0.5992056131362915, 0.0], [0.29617947340011597, 0.7579033374786377, 0.5812574625015259, 0.0], [0.0, 0.0, 0.0, 1.0]]}, "carpals": {"matrix": [[-0.4391114115715027, -0.7614485025405884, -0.47684070467948914, 0.544590950012207], [0.8602160811424255, -0.5094797015190125, 0.021415812894701958, 1.9939604997634888], [-0.25924769043922424, -0.4007820785045624, 0.8787286877632141, 1.3463016748428345], [0.0, 0.0, 0.0, 1.0]]}, "metacarpals": {"matrix": [[-0.6885768175125122, -0.6533522605895996, -0.3146306574344635, -0.19705522060394287], [0.7050525546073914, -0.7046555280685425, -0.07975846529006958, 1.4977302551269531], [-0.1695958375930786, -0.27675092220306396, 0.9458572268486023, 0.9559423327445984], [0.0, 0.0, 0.0, 1.0]]}, "finger5joint1": {"matrix": [[-0.5383946895599365, -0.7925946712493896, -0.28622445464134216, -0.3196529150009155], [0.8405373096466064, -0.5293698310852051, -0.11517179012298584, 1.0047025680541992], [-0.060234010219573975, -0.30259016156196594, 0.951215386390686, 0.43867236375808716], [0.0, 0.0, 0.0, 1.0]]}, "finger5joint2": {"matrix": [[-0.23584547638893127, -0.9717211127281189, -0.011581595987081528, -1.156848669052124], [-0.1004149466753006, 0.03622235730290413, -0.9942859411239624, 0.44554388523101807], [0.9665884971618652, -0.2333347499370575, -0.10611820220947266, 0.11905475705862045], [0.0, 0.0, 0.0, 1.0]]}, "finger5joint3": {"matrix": [[-0.32453396916389465, -0.9228243827819824, -0.2075381577014923, -1.8247467279434204], [-0.04170232266187668, 0.23316071927547455, -0.9715434312820435, 0.47044074535369873], [0.9449540376663208, -0.3066439926624298, -0.1141524538397789, -0.04132440686225891], [0.0, 0.0, 0.0, 1.0]]}, "Bone": {"matrix": [[0.563390851020813, -0.7285726070404053, -0.389579713344574, -1.2171196937561035], [0.8092933297157288, 0.5815407633781433, 0.08279172331094742, 0.39756739139556885], [0.16623665392398834, -0.36192837357521057, 0.9172638058662415, 0.5238572955131531], [0.0, 0.0, 0.0, 1.0]]}, "finger1joint1": {"matrix": [[-0.26057252287864685, -0.553280770778656, -0.7911902666091919, -1.823428750038147], [0.913514256477356, 0.12387765944004059, -0.38748660683631897, 0.8815184831619263], [0.3123997151851654, -0.8237320184707642, 0.4731508493423462, 0.2226649671792984], [0.0, 0.0, 0.0, 1.0]]}, "finger1joint2": {"matrix": [[0.0038021907676011324, -0.23885387182235718, -0.9710479378700256, -2.1361310482025146], [0.9854498505592346, 0.16590160131454468, -0.03694896772503853, 0.9515314102172852], [0.169923797249794, -0.9567785859107971, 0.2360093891620636, -0.2428905963897705], [0.0, 0.0, 0.0, 1.0]]}, "finger1joint3": {"matrix": [[-0.08579804003238678, 0.19872698187828064, -0.9762919545173645, -2.238523483276367], [0.9698881506919861, 0.24084389209747314, -0.03621063753962517, 1.0226507186889648], [0.22793793678283691, -0.9500008821487427, -0.21340680122375488, -0.6530457735061646], [0.0, 0.0, 0.0, 1.0]]}, "Bone.001": {"matrix": [[0.23357504606246948, -0.9675567746162415, -0.09631267189979553, -1.2171194553375244], [0.962072491645813, 0.24432824552059174, -0.12132570892572403, 0.39756739139556885], [0.14092141389846802, -0.06432104110717773, 0.9879289865493774, 0.5238572955131531], [0.0, 0.0, 0.0, 1.0]]}, "finger2joint1": {"matrix": [[-0.5367628335952759, -0.4933554530143738, -0.6844601035118103, -1.8304381370544434], [0.8415836095809937, -0.3709297478199005, -0.39261677861213684, 0.5524431467056274], [-0.060186926275491714, -0.7867725491523743, 0.6143013834953308, 0.4830852150917053], [0.0, 0.0, 0.0, 1.0]]}, "finger2joint2": {"matrix": [[-0.5136193633079529, -0.17922712862491608, -0.8390902876853943, -2.2572641372680664], [0.8372582197189331, -0.3185117840766907, -0.4444645643234253, 0.23153361678123474], [-0.1876000463962555, -0.9308208227157593, 0.3136533498764038, -0.19759023189544678], [0.0, 0.0, 0.0, 1.0]]}, "finger2joint3": {"matrix": [[-0.45374321937561035, 0.2780342102050781, -0.8466484546661377, -2.3253014087677], [0.8315430283546448, -0.20948785543441772, -0.5144421458244324, 0.11062131822109222], [-0.3203951120376587, -0.9374494552612305, -0.13614365458488464, -0.5509450435638428], [0.0, 0.0, 0.0, 1.0]]}, "Bone.002": {"matrix": [[-0.5057352185249329, -0.862677276134491, -0.004414643160998821, -1.2171194553375244], [0.8617330193519592, -0.504927396774292, -0.04964360222220421, 0.39756742119789124], [0.04059737175703049, -0.028910642489790916, 0.9987571835517883, 0.5238572955131531], [0.0, 0.0, 0.0, 1.0]]}, "finger3joint1": {"matrix": [[-0.6201643943786621, -0.7817941904067993, 0.06475841999053955, -1.5807467699050903], [0.7722622752189636, -0.5939204096794128, 0.22554299235343933, 0.18473541736602783], [-0.13786680996418, 0.18988433480262756, 0.9720784425735474, 0.5116711854934692], [0.0, 0.0, 0.0, 1.0]]}, "finger3joint2": {"matrix": [[-0.7380210161209106, -0.19245365262031555, -0.6467505097389221, -2.266522169113159], [0.659296452999115, -0.4097931683063507, -0.6303949356079102, -0.3362405300140381], [-0.14371205866336823, -0.891645073890686, 0.42932018637657166, 0.6782342195510864], [0.0, 0.0, 0.0, 1.0]]}, "finger3joint3": {"matrix": [[-0.6273769736289978, 0.5633886456489563, -0.537578821182251, -2.391055107116699], [0.7347620725631714, 0.19962827861309052, -0.648284912109375, -0.6014096736907959], [-0.25792038440704346, -0.8017117381095886, -0.5391987562179565, 0.10126824676990509], [0.0, 0.0, 0.0, 1.0]]}, "Bone.003": {"matrix": [[-0.7837187051773071, -0.007471431978046894, 0.6210706830024719, -1.217119574546814], [0.28884294629096985, -0.8896104097366333, 0.3537839651107788, 0.39756742119789124], [0.5498678088188171, 0.45665907859802246, 0.6993624567985535, 0.5238573551177979], [0.0, 0.0, 0.0, 1.0]]}, "finger4joint1": {"matrix": [[-0.6708307266235352, -0.6673783659934998, -0.3234064280986786, -1.2203218936920166], [0.7226556539535522, -0.6862180829048157, -0.08290594071149826, 0.016263127326965332], [-0.16659767925739288, -0.28932732343673706, 0.942621111869812, 0.7195902466773987], [0.0, 0.0, 0.0, 1.0]]}, "finger4joint2": {"matrix": [[-0.6920727491378784, -0.47560080885887146, -0.5429903864860535, -1.8832683563232422], [0.7049996852874756, -0.6068479418754578, -0.36702960729599, -0.6653978824615479], [-0.15495295822620392, -0.6368193626403809, 0.7552816271781921, 0.4321843385696411], [0.0, 0.0, 0.0, 1.0]]}, "finger4joint3": {"matrix": [[-0.6421251893043518, -0.355815589427948, -0.6790212392807007, -2.0816237926483154], [0.7582979798316956, -0.424814909696579, -0.4944857656955719, -0.9184916019439697], [-0.11251255124807358, -0.8324224352836609, 0.5425989031791687, 0.1665906459093094], [0.0, 0.0, 0.0, 1.0]]}}