{"root": {"matrix": [[0.536142885684967, -0.6165911555290222, 0.5765120387077332, -5.960464477539063e-08], [0.7999140024185181, 0.1529773473739624, -0.5802891850471497, 0.0], [0.26960793137550354, 0.7722780108451843, 0.5752375721931458, 0.0], [0.0, 0.0, 0.0, 1.0]]}, "carpals": {"matrix": [[-0.4554457664489746, -0.7638595104217529, -0.4572608470916748, 0.5441285371780396], [0.853380560874939, -0.5208977460861206, 0.020172739401459694, 2.023961067199707], [-0.2535952925682068, -0.3810299038887024, 0.8891037106513977, 1.3009576797485352], [0.0, 0.0, 0.0, 1.0]]}, "metacarpals": {"matrix": [[-0.7036012411117554, -0.6437736749649048, -0.30083292722702026, -0.19986605644226074], [0.6938737630844116, -0.7137380838394165, -0.09548318386077881, 1.5166099071502686], [-0.15324632823467255, -0.27592208981513977, 0.9488847851753235, 0.9298368692398071], [0.0, 0.0, 0.0, 1.0]]}, "finger5joint1": {"matrix": [[-0.4103662967681885, -0.8540414571762085, -0.3197065591812134, -0.32003724575042725], [0.9101269245147705, -0.3615853488445282, -0.2022991180419922, 1.0268291234970093], [0.05717064440250397, -0.3739902377128601, 0.9256687164306641, 0.40892571210861206], [0.0, 0.0, 0.0, 1.0]]}, "finger5joint2": {"matrix": [[-0.23116719722747803, -0.9193240404129028, -0.3184402287006378, -1.222137451171875], [-0.19993460178375244, 0.36520856618881226, -0.9092021584510803, 0.6448965072631836], [0.9521488547325134, -0.14651036262512207, -0.2682289481163025, 0.013890191912651062], [0.0, 0.0, 0.0, 1.0]]}, "finger5joint3": {"matrix": [[-0.2980978786945343, -0.8122504353523254, -0.5013841986656189, -1.8540210723876953], [-0.11460734903812408, 0.551922082901001, -0.825982391834259, 0.8959171772003174], [0.9476298093795776, -0.18876120448112488, -0.2576166093349457, -0.08681150525808334], [0.0, 0.0, 0.0, 1.0]]}, "Bone": {"matrix": [[0.5504743456840515, -0.7437992095947266, -0.3791310787200928, -1.2049754858016968], [0.8178371787071228, 0.571659505367279, 0.06593675911426544, 0.40226656198501587], [0.16769012808799744, -0.34636399149894714, 0.922990620136261, 0.4990459084510803], [0.0, 0.0, 0.0, 1.0]]}, "finger1joint1": {"matrix": [[-0.27077624201774597, -0.5731812119483948, -0.7733972072601318, -1.82395601272583], [0.9060828685760498, 0.11957598477602005, -0.40585124492645264, 0.8779944777488708], [0.32510608434677124, -0.8106569051742554, 0.4869714677333832, 0.21080605685710907], [0.0, 0.0, 0.0, 1.0]]}, "finger1joint2": {"matrix": [[-0.01093418337404728, -0.2404332160949707, -0.9706039428710938, -2.1479055881500244], [0.9840500950813293, 0.16976894438266754, -0.053139813244342804, 0.9455763101577759], [0.17755497992038727, -0.9557040333747864, 0.23474213480949402, -0.24735966324806213], [0.0, 0.0, 0.0, 1.0]]}, "finger1joint3": {"matrix": [[-0.10034576803445816, 0.23355166614055634, -0.9671525359153748, -2.2509753704071045], [0.9667149782180786, 0.2528277337551117, -0.039246391505002975, 1.0183534622192383], [0.23535694181919098, -0.9388991594314575, -0.2511480152606964, -0.6570543050765991], [0.0, 0.0, 0.0, 1.0]]}, "Bone.001": {"matrix": [[0.21759679913520813, -0.9726501107215881, -0.08125898241996765, -1.2049753665924072], [0.9647188186645508, 0.2269694209098816, -0.13342507183551788, 0.40226656198501587], [0.14821919798851013, -0.04935913905501366, 0.987721860408783, 0.4990459084510803], [0.0, 0.0, 0.0, 1.0]]}, "finger2joint1": {"matrix": [[-0.6098918914794922, -0.7915257215499878, -0.03896867856383324, -1.8215223550796509], [0.7803975343704224, -0.6084186434745789, 0.1442432999610901, 0.5461387634277344], [-0.13788153231143951, 0.05756185203790665, 0.9887744784355164, 0.4677579402923584], [0.0, 0.0, 0.0, 1.0]]}, "finger2joint2": {"matrix": [[-0.6727501153945923, -0.036674268543720245, -0.7389600276947021, -2.506310224533081], [0.705496609210968, -0.3326888978481293, -0.6257734298706055, 0.019766002893447876], [-0.22289402782917023, -0.9423230886459351, 0.2496902048587799, 0.5175575017929077], [0.0, 0.0, 0.0, 1.0]]}, "finger2joint3": {"matrix": [[-0.6037794947624207, 0.6914419531822205, -0.39668363332748413, -2.5202322006225586], [0.7157559394836426, 0.25117501616477966, -0.6516165733337402, -0.10652816295623779], [-0.3509180545806885, -0.6773616671562195, -0.6465581059455872, 0.15983623266220093], [0.0, 0.0, 0.0, 1.0]]}, "Bone.002": {"matrix": [[-0.5209741592407227, -0.8535200953483582, 0.0094338683411479, -1.2049754858016968], [0.851716160774231, -0.5205378532409668, -0.060165178030729294, 0.40226656198501587], [0.05626291409134865, -0.023309409618377686, 0.9981437921524048, 0.49904587864875793], [0.0, 0.0, 0.0, 1.0]]}, "finger3joint1": {"matrix": [[-0.6360349059104919, -0.7583933472633362, 0.1424739807844162, -1.5647428035736084], [0.7620072364807129, -0.5881671905517578, 0.27093249559402466, 0.18285462260246277], [-0.12167483568191528, 0.2808888256549835, 0.9519960880279541, 0.4892207086086273], [0.0, 0.0, 0.0, 1.0]]}, "finger3joint2": {"matrix": [[-0.7529943585395813, -0.16364239156246185, -0.6373541355133057, -2.2299914360046387], [0.6483271718025208, -0.35019293427467346, -0.6760450005531311, -0.33307474851608276], [-0.1125672236084938, -0.9222721457481384, 0.3697873055934906, 0.7356112003326416], [0.0, 0.0, 0.0, 1.0]]}, "finger3joint3": {"matrix": [[-0.6422690749168396, 0.39360085129737854, -0.6576993465423584, -2.335880994796753], [0.7345963716506958, 0.0711871087551117, -0.6747596263885498, -0.5596777200698853], [-0.2187662124633789, -0.9165210127830505, -0.3348589837551117, 0.1388271301984787], [0.0, 0.0, 0.0, 1.0]]}, "Bone.003": {"matrix": [[-0.7817272543907166, 0.014850392937660217, 0.6234434247016907, -1.2049754858016968], [0.26846277713775635, -0.8943253755569458, 0.3579244315624237, 0.40226656198501587], [0.5628766417503357, 0.4471707046031952, 0.695131778717041, 0.4990459084510803], [0.0, 0.0, 0.0, 1.0]]}, "finger4joint1": {"matrix": [[-0.6775126457214355, -0.6734253764152527, -0.2957606017589569, -1.1986101865768433], [0.7207057476043701, -0.6881119608879089, -0.08417264372110367, 0.01894134283065796], [-0.14683237671852112, -0.27018439769744873, 0.951546311378479, 0.6907119750976562], [0.0, 0.0, 0.0, 1.0]]}, "finger4joint2": {"matrix": [[-0.6983563899993896, -0.4920150339603424, -0.51982581615448, -1.8675634860992432], [0.7029827833175659, -0.6080586910247803, -0.36888957023620605, -0.6646008491516113], [-0.13458538055419922, -0.6230451464653015, 0.7705200910568237, 0.4223218560218811], [0.0, 0.0, 0.0, 1.0]]}, "finger4joint3": {"matrix": [[-0.6473608613014221, -0.3784785866737366, -0.6615718007087708, -2.0727646350860596], [0.7564161419868469, -0.42560651898384094, -0.49668243527412415, -0.9181995987892151], [-0.0935855582356453, -0.8219565749168396, 0.5618085861206055, 0.16247287392616272], [0.0, 0.0, 0.0, 1.0]]}}