{"root": {"matrix": [[0.5456783771514893, -0.6090685129165649, 0.5755611658096313, -5.960464477539063e-08], [0.7846300005912781, 0.13016945123672485, -0.6061449646949768, 0.0], [0.29426339268684387, 0.7823627591133118, 0.5489240288734436, -5.960464477539063e-08], [0.0, 0.0, 0.0, 1.0]]}, "carpals": {"matrix": [[-0.4513320028781891, -0.7639403343200684, -0.46118783950805664, 0.5731629133224487], [0.856788694858551, -0.5154396295547485, 0.015327918343245983, 1.9699788093566895], [-0.24942408502101898, -0.38822251558303833, 0.8871700167655945, 1.3695448637008667], [0.0, 0.0, 0.0, 1.0]]}, "metacarpals": {"matrix": [[-0.6737074851989746, -0.6579371690750122, -0.33650651574134827, -0.17091023921966553], [0.7165066599845886, -0.6930397152900696, -0.07946109026670456, 1.467943787574768], [-0.1809319406747818, -0.2946426272392273, 0.9383224844932556, 0.9914184212684631], [0.0, 0.0, 0.0, 1.0]]}, "finger5joint1": {"matrix": [[-0.33456847071647644, -0.8609944581985474, -0.3830822706222534, -0.2897346019744873], [0.938936173915863, -0.2698846757411957, -0.21345041692256927, 0.9794126749038696], [0.08039162307977676, -0.43110352754592896, 0.8987138867378235, 0.4690268933773041], [0.0, 0.0, 0.0, 1.0]]}, "finger5joint2": {"matrix": [[-0.23047120869159698, -0.936453104019165, -0.26445749402046204, -1.1991791725158691], [-0.23909099400043488, 0.3179394006729126, -0.9174692034721375, 0.6943410038948059], [0.9432486891746521, -0.14822067320346832, -0.297173410654068, 0.013664163649082184], [0.0, 0.0, 0.0, 1.0]]}, "finger5joint3": {"matrix": [[-0.3019770383834839, -0.8412339091300964, -0.4484803080558777, -1.8428362607955933], [-0.1574907898902893, 0.5080013871192932, -0.8468358516693115, 0.9128718376159668], [0.9402159452438354, -0.18509337306022644, -0.2858913242816925, -0.08821309357881546], [0.0, 0.0, 0.0, 1.0]]}, "Bone": {"matrix": [[0.572050929069519, -0.7113776206970215, -0.4082881808280945, -1.1981329917907715], [0.7996031641960144, 0.5945718288421631, 0.08437381684780121, 0.38591641187667847], [0.18273495137691498, -0.37473466992378235, 0.9089453220367432, 0.5313994884490967], [0.0, 0.0, 0.0, 1.0]]}, "finger1joint1": {"matrix": [[-0.24515853822231293, -0.5560930967330933, -0.7941394448280334, -1.7901325225830078], [0.9184503555297852, 0.12904086709022522, -0.3738946318626404, 0.8807117342948914], [0.3103967010974884, -0.8210412263870239, 0.4791085422039032, 0.21954995393753052], [0.0, 0.0, 0.0, 1.0]]}, "finger1joint2": {"matrix": [[0.019435329362750053, -0.27939003705978394, -0.959980845451355, -2.104424476623535], [0.9859091639518738, 0.16491541266441345, -0.028036078438162804, 0.9536427855491638], [0.1661486178636551, -0.9459090232849121, 0.2786584794521332, -0.2444847822189331], [0.0, 0.0, 0.0, 1.0]]}, "finger1joint3": {"matrix": [[-0.06764790415763855, 0.15866950154304504, -0.9850113987922668, -2.224194049835205], [0.9712836146354675, 0.2361924946308136, -0.028658129274845123, 1.0243393182754517], [0.22810514271259308, -0.9586641192436218, -0.1700909435749054, -0.6499804258346558], [0.0, 0.0, 0.0, 1.0]]}, "Bone.001": {"matrix": [[0.24527135491371155, -0.9620195627212524, -0.11983300745487213, -1.1981329917907715], [0.9576206207275391, 0.2596740126609802, -0.12462711334228516, 0.3859163522720337], [0.15101122856140137, -0.08418703824281693, 0.9849405288696289, 0.5313995480537415], [0.0, 0.0, 0.0, 1.0]]}, "finger2joint1": {"matrix": [[-0.32464006543159485, -0.6228740215301514, -0.7117838859558105, -1.8079413175582886], [0.9232219457626343, -0.04509729892015457, -0.38161134719848633, 0.5505195260047913], [0.20559632778167725, -0.7810209393501282, 0.5896915793418884, 0.47803473472595215], [0.0, 0.0, 0.0, 1.0]]}, "finger2joint2": {"matrix": [[-0.3124646246433258, -0.12543374300003052, -0.9416112899780273, -2.346820116043091], [0.9466598033905029, 0.0410538949072361, -0.3196086287498474, 0.5115036368370056], [0.07874657213687897, -0.9912520051002502, 0.10591532289981842, -0.19766470789909363], [0.0, 0.0, 0.0, 1.0]]}, "finger2joint3": {"matrix": [[-0.23939552903175354, 0.4531133472919464, -0.8587069511413574, -2.394436836242676], [0.9698671102523804, 0.07038350403308868, -0.23324604332447052, 0.5270882844924927], [-0.04524806886911392, -0.8886698484420776, -0.4563091993331909, -0.5739603042602539], [0.0, 0.0, 0.0, 1.0]]}, "Bone.002": {"matrix": [[-0.4931221604347229, -0.8695377707481384, -0.027097566053271294, -1.1981329917907715], [0.8692945241928101, -0.4912875294685364, -0.05443817377090454, 0.3859163522720337], [0.03402339294552803, -0.05040031671524048, 0.9981493353843689, 0.5313994884490967], [0.0, 0.0, 0.0, 1.0]]}, "finger3joint1": {"matrix": [[-0.6049769520759583, -0.7919749021530151, 0.0823303610086441, -1.5646519660949707], [0.7824875712394714, -0.5722024440765381, 0.24555595219135284, 0.1788337528705597], [-0.14736448228359222, 0.2129782885313034, 0.9658797979354858, 0.5101552605628967], [0.0, 0.0, 0.0, 1.0]]}, "finger3joint2": {"matrix": [[-0.7253276705741882, -0.18236203491687775, -0.6638098359107971, -2.2593576908111572], [0.6720430254936218, -0.3965546488761902, -0.6253820061683655, -0.32309162616729736], [-0.14919085800647736, -0.8997156620025635, 0.41018739342689514, 0.6969759464263916], [0.0, 0.0, 0.0, 1.0]]}, "finger3joint3": {"matrix": [[-0.6115108132362366, 0.5213012099266052, -0.5952303409576416, -2.3773603439331055], [0.747124969959259, 0.13275763392448425, -0.651290774345398, -0.579694390296936], [-0.2604972720146179, -0.842983067035675, -0.47065985202789307, 0.11478762328624725], [0.0, 0.0, 0.0, 1.0]]}, "Bone.003": {"matrix": [[-0.7910374999046326, -0.031242508441209793, 0.6109691262245178, -1.198132872581482], [0.29832568764686584, -0.8916023373603821, 0.3406568467617035, 0.3859163820743561], [0.5340985655784607, 0.45174020528793335, 0.7146113514900208, 0.5313995480537415], [0.0, 0.0, 0.0, 1.0]]}, "finger4joint1": {"matrix": [[-0.6564038991928101, -0.6757723093032837, -0.33535826206207275, -1.2115240097045898], [0.7331079244613647, -0.6762698292732239, -0.07219235599040985, 0.0037583112716674805], [-0.17800703644752502, -0.29324114322662354, 0.9393203854560852, 0.7250241041183472], [0.0, 0.0, 0.0, 1.0]]}, "finger4joint2": {"matrix": [[-0.6780756115913391, -0.47876572608947754, -0.5576703548431396, -1.8828085660934448], [0.7158822417259216, -0.6020988821983337, -0.35353824496269226, -0.668020486831665], [-0.16651064157485962, -0.6389520764350891, 0.7510087490081787, 0.43373042345046997], [0.0, 0.0, 0.0, 1.0]]}, "finger4joint3": {"matrix": [[-0.62770015001297, -0.353680282831192, -0.6934710144996643, -2.082484006881714], [0.7685495615005493, -0.423217236995697, -0.4798108637332916, -0.9191335439682007], [-0.12378919869661331, -0.8341444134712219, 0.5374746322631836, 0.1672472208738327], [0.0, 0.0, 0.0, 1.0]]}}