{"root": {"matrix": [[0.5018534660339355, -0.6666417121887207, 0.551118791103363, 0.0], [0.5621738433837891, -0.23283891379833221, -0.7935657501220703, 0.0], [0.6573460102081299, 0.7080782651901245, 0.25791746377944946, 5.960464477539063e-08], [0.0, 0.0, 0.0, 1.0]]}, "carpals": {"matrix": [[-0.5183208584785461, -0.8036714792251587, -0.29232752323150635, 0.42044851183891296], [0.7843524217605591, -0.31053629517555237, -0.5369901657104492, 1.1326526403427124], [0.3407854735851288, -0.5076209306716919, 0.7913190722465515, 2.1506526470184326], [0.0, 0.0, 0.0, 1.0]]}, "metacarpals": {"matrix": [[-0.9179894328117371, -0.3923375904560089, -0.05802002176642418, -0.36232268810272217], [0.2735118865966797, -0.5203269720077515, -0.8089814782142639, 0.8301922082901001], [0.2872046232223511, -0.758505642414093, 0.5849635601043701, 1.6562328338623047], [0.0, 0.0, 0.0, 1.0]]}, "finger5joint1": {"matrix": [[-0.6342014670372009, -0.7681370377540588, -0.0880545899271965, -0.4012746214866638], [0.3543087840080261, -0.18750958144664764, -0.9161360859870911, 0.8180542588233948], [0.6872072219848633, -0.6122132539749146, 0.3910765051841736, 0.9323474168777466], [0.0, 0.0, 0.0, 1.0]]}, "finger5joint2": {"matrix": [[-0.07886247336864471, -0.8806946277618408, 0.4670726954936981, -1.2126364707946777], [-0.9202851057052612, -0.11579328775405884, -0.3737203776836395, 0.6199930906295776], [0.383217453956604, -0.45931246876716614, -0.8013588190078735, 0.2856834828853607], [0.0, 0.0, 0.0, 1.0]]}, "finger5joint3": {"matrix": [[-0.18632979691028595, -0.9405245184898376, 0.2840670347213745, -1.8179686069488525], [-0.9050992727279663, 0.05184667930006981, -0.4220271110534668, 0.5404042601585388], [0.3821989595890045, -0.3357449769973755, -0.8609289526939392, -0.03001810610294342], [0.0, 0.0, 0.0, 1.0]]}, "Bone": {"matrix": [[0.24931742250919342, -0.9493030309677124, -0.19147931039333344, -0.9748706221580505], [0.6228600144386292, 0.30858907103538513, -0.7189005613327026, 0.017817318439483643], [0.7415429353713989, 0.05996978282928467, 0.6682195067405701, 0.4719950258731842], [0.0, 0.0, 0.0, 1.0]]}, "finger1joint1": {"matrix": [[-0.4935981035232544, -0.7480250597000122, -0.4436430335044861, -1.7648688554763794], [0.26719415187835693, 0.35501185059547424, -0.8958647847175598, 0.2746213674545288], [0.827627956867218, -0.5607358813285828, 0.024634769186377525, 0.5219011306762695], [0.0, 0.0, 0.0, 1.0]]}, "finger1joint2": {"matrix": [[-0.32003021240234375, -0.27440863847732544, -0.9067967534065247, -2.187636375427246], [0.5201056599617004, 0.749121904373169, -0.4102517366409302, 0.47526633739471436], [0.7918779850006104, -0.6029229760169983, -0.09702004492282867, 0.2049853503704071], [0.0, 0.0, 0.0, 1.0]]}, "finger1joint3": {"matrix": [[-0.3999350965023041, 0.3854488432407379, -0.8315532803535461, -2.3052709102630615], [0.4480492174625397, 0.8736954927444458, 0.18949410319328308, 0.7964025735855103], [0.7995648384094238, -0.2967914640903473, -0.5221213698387146, -0.05347781628370285], [0.0, 0.0, 0.0, 1.0]]}, "Bone.001": {"matrix": [[-0.11096459627151489, -0.9802064299583435, 0.16395682096481323, -0.9748705625534058], [0.6011402606964111, -0.1975734531879425, -0.7743351459503174, 0.017817333340644836], [0.7914019227027893, 0.012637359090149403, 0.6111652255058289, 0.4719949960708618], [0.0, 0.0, 0.0, 1.0]]}, "finger2joint1": {"matrix": [[-0.8604263067245483, -0.4980704188346863, -0.10766612738370895, -1.5962073802947998], [0.35399749875068665, -0.4322574734687805, -0.8293606638908386, -0.10742124915122986], [0.36654067039489746, -0.7517172694206238, 0.5482414364814758, 0.4800056219100952], [0.0, 0.0, 0.0, 1.0]]}, "finger2joint2": {"matrix": [[-0.8882953524589539, -0.3237573504447937, -0.3257487416267395, -2.0271124839782715], [0.38857972621917725, -0.15172044932842255, -0.9088380336761475, -0.4813883602619171], [0.24482043087482452, -0.9338958859443665, 0.26057812571525574, -0.17034181952476501], [0.0, 0.0, 0.0, 1.0]]}, "finger2joint3": {"matrix": [[-0.8868836164474487, -0.12235422432422638, -0.44549572467803955, -2.1500160694122314], [0.4482559561729431, 0.005497034173458815, -0.8938882350921631, -0.5389838814735413], [0.11182007193565369, -0.9924710392951965, 0.04997081309556961, -0.5248640775680542], [0.0, 0.0, 0.0, 1.0]]}, "Bone.002": {"matrix": [[-0.7655626535415649, -0.6033653616905212, 0.2233019918203354, -0.9748705625534058], [0.30522656440734863, -0.6461616158485413, -0.6995083093643188, 0.017817318439483643], [0.5663484334945679, -0.46735966205596924, 0.6788402795791626, 0.4719950556755066], [0.0, 0.0, 0.0, 1.0]]}, "finger3joint1": {"matrix": [[-0.3866529166698456, -0.7660173773765564, 0.5135335922241211, -1.2291951179504395], [0.7138735055923462, -0.6011351346969604, -0.3591952621936798, -0.25454628467559814], [0.583853006362915, 0.22771427035331726, 0.7792699337005615, 0.2749982476234436], [0.0, 0.0, 0.0, 1.0]]}, "finger3joint2": {"matrix": [[-0.5225398540496826, -0.7183749079704285, -0.4592268764972687, -1.901131272315979], [0.6232296228408813, 0.04573705047369003, -0.7807003259658813, -0.7818509340286255], [0.5818393230438232, -0.6941506266593933, 0.42381325364112854, 0.474744975566864], [0.0, 0.0, 0.0, 1.0]]}, "finger3joint3": {"matrix": [[-0.4728615880012512, 0.48629191517829895, -0.7347937226295471, -2.3659777641296387], [0.7471306324005127, 0.6633626818656921, -0.04178214073181152, -0.752255380153656], [0.4671165645122528, -0.5687441825866699, -0.6770021915435791, 0.025573790073394775], [0.0, 0.0, 0.0, 1.0]]}, "Bone.003": {"matrix": [[-0.7012157440185547, 0.4145670235157013, 0.5800262093544006, -0.9748705625534058], [-0.5051411390304565, -0.8630149364471436, 0.00614534318447113, 0.01781734824180603], [0.5031189918518066, -0.28868600726127625, 0.8145744204521179, 0.4719950258731842], [0.0, 0.0, 0.0, 1.0]]}, "finger4joint1": {"matrix": [[-0.5400110483169556, -0.7868149876594543, 0.29884734749794006, -0.797179102897644], [0.6335065960884094, -0.613744854927063, -0.4711543321609497, -0.35208767652511597], [0.55412757396698, -0.06510666012763977, 0.8298815488815308, 0.3482585847377777], [0.0, 0.0, 0.0, 1.0]]}, "finger4joint2": {"matrix": [[-0.5520339012145996, -0.8294191956520081, -0.08556754887104034, -1.5787688493728638], [0.6100549101829529, -0.33180010318756104, -0.7195425033569336, -0.961756706237793], [0.5684112310409546, -0.4494127035140991, 0.6891563534736633, 0.2835842967033386], [0.0, 0.0, 0.0, 1.0]]}, "finger4joint3": {"matrix": [[-0.47986602783203125, -0.7563045620918274, -0.4446699619293213, -1.924688696861267], [0.6459851861000061, 0.03837515041232109, -0.7623845338821411, -1.1001380681991577], [0.5936594009399414, -0.6530926823616028, 0.4701468348503113, 0.09615093469619751], [0.0, 0.0, 0.0, 1.0]]}}