{"root": {"matrix": [[0.5572362542152405, -0.537359893321991, 0.6330340504646301, 0.0], [0.7991910576820374, 0.14018280804157257, -0.5845018625259399, 0.0], [0.22534741461277008, 0.8316208124160767, 0.5075681209564209, 0.0], [0.0, 0.0, 0.0, 1.0]]}, "carpals": {"matrix": [[-0.6095398664474487, -0.695751428604126, -0.3799878656864166, 0.66302889585495], [0.7916944622993469, -0.5590280294418335, -0.24638858437538147, 2.0102763175964355], [-0.04099862277507782, -0.45101797580718994, 0.8915725946426392, 1.266557216644287], [0.0, 0.0, 0.0, 1.0]]}, "metacarpals": {"matrix": [[-0.7466546893119812, -0.6651898622512817, -0.005380658432841301, -0.01462864875793457], [0.5980145931243896, -0.6676657199859619, -0.4433969557285309, 1.465786337852478], [0.291350781917572, -0.3342821002006531, 0.8963090777397156, 0.8272684812545776], [0.0, 0.0, 0.0, 1.0]]}, "finger5joint1": {"matrix": [[-0.5781742334365845, -0.8158526420593262, -0.009929297491908073, -0.2610064744949341], [0.7000718116760254, -0.4897991716861725, -0.5196114778518677, 1.1622381210327148], [0.41906318068504333, -0.3073771595954895, 0.8543448448181152, 0.21666942536830902], [0.0, 0.0, 0.0, 1.0]]}, "finger5joint2": {"matrix": [[0.03686689957976341, -0.9812560081481934, 0.18914690613746643, -1.1227691173553467], [-0.5104866027832031, -0.18120859563350677, -0.8405751585960388, 0.6448767781257629], [0.8590947985649109, -0.06556745618581772, -0.507598876953125, -0.10800456255674362], [0.0, 0.0, 0.0, 1.0]]}, "finger5joint3": {"matrix": [[-0.06536909937858582, -0.9944091439247131, -0.08292447775602341, -1.7972209453582764], [-0.47811922430992126, 0.10415496677160263, -0.8720971345901489, 0.5203257203102112], [0.8758586645126343, -0.01736028678715229, -0.48225483298301697, -0.15307137370109558], [0.0, 0.0, 0.0, 1.0]]}, "Bone": {"matrix": [[0.5399187207221985, -0.836376965045929, -0.09466275572776794, -1.0531747341156006], [0.7871018052101135, 0.5415340065956116, -0.29531583189964294, 0.42337483167648315], [0.2982584536075592, 0.08493739366531372, 0.9506983160972595, 0.3053613305091858], [0.0, 0.0, 0.0, 1.0]]}, "finger1joint1": {"matrix": [[0.04764058068394661, -0.9986591935157776, 0.020246000960469246, -1.7491974830627441], [0.8046043515205383, 0.02635691873729229, -0.59322589635849, 0.874032735824585], [0.5918969511985779, 0.04455173388123512, 0.8047812581062317, 0.3760451376438141], [0.0, 0.0, 0.0, 1.0]]}, "finger1joint2": {"matrix": [[0.05917830765247345, -0.3489404618740082, -0.9352744221687317, -2.3136179447174072], [0.946322500705719, 0.3178475499153137, -0.05870779603719711, 0.8889291286468506], [0.3177601993083954, -0.8815970420837402, 0.34901994466781616, 0.401224821805954], [0.0, 0.0, 0.0, 1.0]]}, "finger1joint3": {"matrix": [[-0.02308245375752449, 0.8269526362419128, -0.5617973208427429, -2.463202953338623], [0.9232104420661926, 0.23325248062610626, 0.30541086196899414, 1.0251851081848145], [0.38360095024108887, -0.5116075873374939, -0.7688353061676025, 0.023298680782318115], [0.0, 0.0, 0.0, 1.0]]}, "Bone.001": {"matrix": [[0.20996621251106262, -0.9532424807548523, 0.2173534631729126, -1.0531748533248901], [0.8832340836524963, 0.08959202468395233, -0.46029403805732727, 0.42337483167648315], [0.4192987382411957, 0.2886202931404114, 0.8607476949691772, 0.3053613007068634], [0.0, 0.0, 0.0, 1.0]]}, "finger2joint1": {"matrix": [[-0.486416220664978, -0.4456416368484497, -0.7515333294868469, -1.6574194431304932], [0.6724503040313721, 0.3582482635974884, -0.6476638913154602, 0.4801657497882843], [0.5578616261482239, -0.8204032182693481, 0.12541420757770538, 0.4883130192756653], [0.0, 0.0, 0.0, 1.0]]}, "finger2joint2": {"matrix": [[-0.45318207144737244, -0.2893977463245392, -0.843133807182312, -2.042965888977051], [0.7590550184249878, 0.3706519305706024, -0.535212516784668, 0.7901037931442261], [0.46739861369132996, -0.8825337290763855, 0.05169606953859329, -0.22145795822143555], [0.0, 0.0, 0.0, 1.0]]}, "finger2joint3": {"matrix": [[-0.4062231481075287, -0.030909432098269463, -0.913250744342804, -2.1528260707855225], [0.8413246870040894, 0.3773621916770935, -0.38700157403945923, 0.9308093190193176], [0.3565884232521057, -0.9255495667457581, -0.1272883415222168, -0.5564823150634766], [0.0, 0.0, 0.0, 1.0]]}, "Bone.002": {"matrix": [[-0.5176088809967041, -0.7998284697532654, 0.3038997948169708, -1.0531749725341797], [0.7026757001876831, -0.6000249981880188, -0.3823830783367157, 0.42337483167648315], [0.4881884753704071, 0.015618206933140755, 0.87259840965271, 0.3053613007068634], [0.0, 0.0, 0.0, 1.0]]}, "finger3joint1": {"matrix": [[-0.6757855415344238, -0.5299465656280518, 0.5123184323310852, -1.390310525894165], [0.6609037518501282, -0.7433959245681763, 0.10280480235815048, 0.17045825719833374], [0.32637453079223633, 0.4080672264099121, 0.8526198863983154, 0.31194451451301575], [0.0, 0.0, 0.0, 1.0]]}, "finger3joint2": {"matrix": [[-0.7704394459724426, -0.5391253232955933, -0.34024494886398315, -1.8551697731018066], [0.5305497050285339, -0.24630729854106903, -0.8110793828964233, -0.4816349148750305], [0.35346871614456177, -0.8054044246673584, 0.47579777240753174, 0.6698935031890869], [0.0, 0.0, 0.0, 1.0]]}, "finger3joint3": {"matrix": [[-0.7280362844467163, -0.011542461812496185, -0.6854411363601685, -2.2040271759033203], [0.6465054750442505, 0.3210097849369049, -0.6920862197875977, -0.6410155296325684], [0.2280218005180359, -0.947005569934845, -0.2262445092201233, 0.1487322300672531], [0.0, 0.0, 0.0, 1.0]]}, "Bone.003": {"matrix": [[-0.5933516025543213, 0.18341830372810364, 0.7837674021720886, -1.0531748533248901], [-0.045370228588581085, -0.9797655940055847, 0.1949383020401001, 0.42337480187416077], [0.8036636710166931, 0.08010727167129517, 0.5896672606468201, 0.3053613007068634], [0.0, 0.0, 0.0, 1.0]]}, "finger4joint1": {"matrix": [[-0.7018730640411377, -0.6909078359603882, 0.17326276004314423, -0.9745581746101379], [0.6457339525222778, -0.7198443412780762, -0.2546597719192505, 0.0034282803535461426], [0.3006688058376312, -0.06685720384120941, 0.9513822197914124, 0.33969682455062866], [0.0, 0.0, 0.0, 1.0]]}, "finger4joint2": {"matrix": [[-0.714049756526947, -0.6935452818870544, -0.0955367162823677, -1.6608777046203613], [0.6240251660346985, -0.5686475038528442, -0.5359405279159546, -0.7116356492042542], [0.3173724412918091, -0.44230562448501587, 0.8388326168060303, 0.27328363060951233], [0.0, 0.0, 0.0, 1.0]]}, "finger4joint3": {"matrix": [[-0.6524525284767151, -0.6911840438842773, -0.31075650453567505, -1.950129508972168], [0.6769078969955444, -0.3471597731113434, -0.6490573883056641, -0.948797345161438], [0.34073606133461, -0.6338328719139099, 0.6943734884262085, 0.08881436288356781], [0.0, 0.0, 0.0, 1.0]]}}