{"root": {"matrix": [[0.08256055414676666, -0.9743448495864868, 0.20937006175518036, -5.960464477539063e-08], [0.2825915217399597, -0.1785758137702942, -0.9424716234207153, 1.4901161193847656e-08], [0.9556808471679688, 0.1369771659374237, 0.26059821248054504, 0.0], [0.0, 0.0, 0.0, 1.0]]}, "carpals": {"matrix": [[-0.21136580407619476, -0.3898546099662781, -0.8962910771369934, -0.7905348539352417], [0.9414398074150085, -0.32767853140830994, -0.07948443293571472, 0.5702390670776367], [-0.26270779967308044, -0.8606043457984924, 0.4362846910953522, 2.266024589538574], [0.0, 0.0, 0.0, 1.0]]}, "metacarpals": {"matrix": [[-0.22464202344417572, -0.6964049935340881, -0.6815832853317261, -1.1702507734298706], [0.9279888868331909, -0.36627790331840515, 0.06838852912187576, 0.2510821521282196], [-0.2972748875617981, -0.6171388030052185, 0.7285375595092773, 1.4278011322021484], [0.0, 0.0, 0.0, 1.0]]}, "finger5joint1": {"matrix": [[0.10895134508609772, -0.6152014136314392, -0.7808050513267517, -1.247869610786438], [0.9721654653549194, 0.22984594106674194, -0.045443858951330185, -0.14890442788600922], [0.20742210745811462, -0.754120409488678, 0.623119592666626, 0.8280838131904602], [0.0, 0.0, 0.0, 1.0]]}, "finger5joint2": {"matrix": [[-0.7223310470581055, -0.3220314383506775, -0.6119911074638367, -1.8976898193359375], [-0.10198865830898285, 0.9248893857002258, -0.36630263924598694, 0.0938754677772522], [0.6839851140975952, -0.2021753340959549, -0.7009198665618896, 0.031527332961559296], [0.0, 0.0, 0.0, 1.0]]}, "finger5joint3": {"matrix": [[-0.7144468426704407, -0.12531588971614838, -0.6883755922317505, -2.1190333366394043], [0.005121971480548382, 0.9828672409057617, -0.18424290418624878, 0.7295844554901123], [0.6996705532073975, -0.13515734672546387, -0.7015644907951355, -0.10743485391139984], [0.0, 0.0, 0.0, 1.0]]}, "Bone": {"matrix": [[0.708465576171875, -0.2257690280675888, -0.6686587929725647, -2.2575325965881348], [0.49811026453971863, 0.8311514854431152, 0.24713018536567688, -0.32077938318252563], [0.4999624192714691, -0.5081489682197571, 0.7013000845909119, 0.46427619457244873], [0.0, 0.0, 0.0, 1.0]]}, "finger1joint1": {"matrix": [[-0.15051741898059845, -0.4302443861961365, -0.8900752663612366, -2.4454145431518555], [0.9686223864555359, -0.2442970871925354, -0.045711882412433624, 0.3708946108818054], [-0.19777540862560272, -0.8690271973609924, 0.45351535081863403, 0.041400909423828125], [0.0, 0.0, 0.0, 1.0]]}, "finger1joint2": {"matrix": [[0.1362549513578415, 0.4770020544528961, -0.8682761192321777, -2.688579559326172], [0.9412379264831543, -0.3357401192188263, -0.036739885807037354, 0.2328231930732727], [-0.30904003977775574, -0.8122484087944031, -0.4947185516357422, -0.4497544765472412], [0.0, 0.0, 0.0, 1.0]]}, "finger1joint3": {"matrix": [[0.030029499903321266, 0.8103868365287781, -0.5851249098777771, -2.4840965270996094], [0.9443583488464355, -0.21482986211776733, -0.24906928837299347, 0.08889693021774292], [-0.3275447189807892, -0.5450881719589233, -0.7717466950416565, -0.7979519367218018], [0.0, 0.0, 0.0, 1.0]]}, "Bone.001": {"matrix": [[0.5062119960784912, -0.6762890815734863, -0.5351468920707703, -2.2575323581695557], [0.7753687500953674, 0.6285651922225952, -0.0609007254242897, -0.32077935338020325], [0.3775613009929657, -0.384107381105423, 0.8425607085227966, 0.46427619457244873], [0.0, 0.0, 0.0, 1.0]]}, "finger2joint1": {"matrix": [[-0.11027849465608597, -0.012570272199809551, -0.9938210844993591, -2.686221122741699], [0.9817746877670288, -0.15709508955478668, -0.10695473849773407, 0.07765784859657288], [-0.1547798067331314, -0.9875032901763916, 0.02966543845832348, 0.2207968831062317], [0.0, 0.0, 0.0, 1.0]]}, "finger2joint2": {"matrix": [[-0.018647875636816025, 0.9975964426994324, 0.0667334720492363, -2.697096347808838], [0.969211220741272, 0.03442687168717384, -0.24381223320960999, -0.05825280398130417], [-0.24552352726459503, 0.060132209211587906, -0.9675235152244568, -0.6335406303405762], [0.0, 0.0, 0.0, 1.0]]}, "finger2joint3": {"matrix": [[0.0900091603398323, 0.2633056938648224, 0.9605041146278381, -2.318392038345337], [0.9846461415290833, 0.12130608409643173, -0.12552553415298462, -0.04518379643559456], [-0.14956648647785187, 0.9570550918579102, -0.2483443170785904, -0.6107134222984314], [0.0, 0.0, 0.0, 1.0]]}, "Bone.002": {"matrix": [[-0.10035698115825653, -0.8942492008209229, -0.4361726641654968, -2.2575323581695557], [0.9948960542678833, -0.09482263028621674, -0.034503936767578125, -0.32077935338020325], [-0.010503772646188736, -0.43740904331207275, 0.8992010951042175, 0.46427619457244873], [0.0, 0.0, 0.0, 1.0]]}, "finger3joint1": {"matrix": [[-0.056494295597076416, -0.4182305932044983, -0.906582236289978, -2.634467363357544], [0.9953136444091797, -0.09497008472681046, -0.018211377784609795, -0.3607480525970459], [-0.07848149538040161, -0.9033622741699219, 0.4216359257698059, 0.2799038290977478], [0.0, 0.0, 0.0, 1.0]]}, "finger3joint2": {"matrix": [[-0.08670317381620407, 0.7297855615615845, -0.6781559586524963, -3.0013318061828613], [0.9677228927612305, -0.09999328851699829, -0.23133070766925812, -0.4440540671348572], [-0.23663266003131866, -0.6763240694999695, -0.6975603103637695, -0.512508749961853], [0.0, 0.0, 0.0, 1.0]]}, "finger3joint3": {"matrix": [[0.0648890882730484, 0.987698495388031, -0.1422710418701172, -2.529101610183716], [0.9866729974746704, -0.08482328802347183, -0.1388581544160843, -0.5087577104568481], [-0.14921772480010986, -0.13136474788188934, -0.9800392389297485, -0.9501448273658752], [0.0, 0.0, 0.0, 1.0]]}, "Bone.003": {"matrix": [[-0.7617518901824951, -0.5391618013381958, 0.3592192828655243, -2.2575321197509766], [0.5968294143676758, -0.7997045516967773, 0.0653245598077774, -0.32077938318252563], [0.25204890966415405, 0.2641536593437195, 0.9309639930725098, 0.46427619457244873], [0.0, 0.0, 0.0, 1.0]]}, "finger4joint1": {"matrix": [[-0.22550174593925476, -0.1811627894639969, -0.9572505354881287, -2.4886274337768555], [0.9254445433616638, -0.34690001606941223, -0.15235716104507446, -0.6635482311248779], [-0.3044686019420624, -0.9202391505241394, 0.2458827644586563, 0.577497661113739], [0.0, 0.0, 0.0, 1.0]]}, "finger4joint2": {"matrix": [[-0.2480378895998001, 0.44340628385543823, -0.8613173961639404, -2.6685872077941895], [0.9141346216201782, -0.1871843785047531, -0.35961049795150757, -1.008144497871399], [-0.3206785321235657, -0.8765571713447571, -0.3589041829109192, -0.336630254983902], [0.0, 0.0, 0.0, 1.0]]}, "finger4joint3": {"matrix": [[-0.2714114785194397, 0.6705341935157776, -0.6904485821723938, -2.483659029006958], [0.9316931366920471, 0.003100117202848196, -0.36323273181915283, -1.086212158203125], [-0.24141928553581238, -0.7418718934059143, -0.6255735158920288, -0.7022097110748291], [0.0, 0.0, 0.0, 1.0]]}}