{"root": {"matrix": [[0.5312959551811218, -0.6557011604309082, 0.5364518761634827, -5.960464477539063e-08], [0.606556236743927, -0.14765846729278564, -0.7812083959579468, 0.0], [0.5914509296417236, 0.7404410243034363, 0.31926923990249634, 0.0], [0.0, 0.0, 0.0, 1.0]]}, "carpals": {"matrix": [[-0.7147607207298279, -0.5664613246917725, -0.4101686477661133, 0.4993896186351776], [0.6808059811592102, -0.42933493852615356, -0.593442976474762, 1.3150089979171753], [0.16006290912628174, -0.703415036201477, 0.6925221085548401, 2.0264124870300293], [0.0, 0.0, 0.0, 1.0]]}, "metacarpals": {"matrix": [[-0.8390237092971802, -0.5332468152046204, 0.10810521990060806, -0.05234032869338989], [0.27771416306495667, -0.590569794178009, -0.757695198059082, 0.8968392610549927], [0.4678823947906494, -0.6057018637657166, 0.6435922384262085, 1.3412902355194092], [0.0, 0.0, 0.0, 1.0]]}, "finger5joint1": {"matrix": [[-0.5079345107078552, -0.8611170649528503, -0.02189854346215725, -0.2538990378379822], [0.3359517753124237, -0.17462573945522308, -0.9255496263504028, 0.8227812051773071], [0.7931827306747437, -0.4774753749370575, 0.3779922127723694, 0.6487845778465271], [0.0, 0.0, 0.0, 1.0]]}, "finger5joint2": {"matrix": [[0.00031786816543899477, -0.9276752471923828, 0.37338677048683167, -1.163473129272461], [-0.9295769929885864, -0.13791470229625702, -0.3418564796447754, 0.6383288502693176], [0.3686273694038391, -0.34698301553726196, -0.8623898029327393, 0.14444059133529663], [0.0, 0.0, 0.0, 1.0]]}, "finger5joint3": {"matrix": [[-0.10684395581483841, -0.984468936920166, 0.13929985463619232, -1.80109703540802], [-0.9181557893753052, 0.043928783386945724, -0.3937763571739197, 0.5435351729393005], [0.3815414011478424, -0.16997148096561432, -0.9085897207260132, -0.0940530002117157], [0.0, 0.0, 0.0, 1.0]]}, "Bone": {"matrix": [[0.3861723244190216, -0.9224039912223816, -0.006450226996093988, -0.8848865628242493], [0.6883168816566467, 0.29281094670295715, -0.6636878252029419, -0.02520410716533661], [0.6140769720077515, 0.2518582344055176, 0.7479816675186157, 0.39562147855758667], [0.0, 0.0, 0.0, 1.0]]}, "finger1joint1": {"matrix": [[-0.7502063512802124, -0.6350991725921631, 0.18395426869392395, -1.652499794960022], [0.3258111774921417, -0.5971636176109314, -0.732968270778656, 0.2184695303440094], [0.575358510017395, -0.4899430572986603, 0.654918372631073, 0.6052148342132568], [0.0, 0.0, 0.0, 1.0]]}, "finger1joint2": {"matrix": [[-0.7577375769615173, -0.6049227714538574, -0.24474889039993286, -2.011444091796875], [0.5453763008117676, -0.3811004161834717, -0.7465434074401855, -0.11903440952301025], [0.35832729935646057, -0.6991642117500305, 0.6186846494674683, 0.3283096253871918], [0.0, 0.0, 0.0, 1.0]]}, "finger1joint3": {"matrix": [[-0.7559227347373962, 0.2139255851507187, -0.6187216639518738, -2.2707645893096924], [0.48058009147644043, 0.82310551404953, -0.3025558888912201, -0.28240588307380676], [0.4445488750934601, -0.5260542035102844, -0.7250124216079712, 0.02858942747116089], [0.0, 0.0, 0.0, 1.0]]}, "Bone.001": {"matrix": [[0.04772409051656723, -0.9432288408279419, 0.32869645953178406, -0.8848866820335388], [0.6634247899055481, -0.2160722017288208, -0.7163659334182739, -0.025204092264175415], [0.746719241142273, 0.2522534132003784, 0.6154496073722839, 0.39562153816223145], [0.0, 0.0, 0.0, 1.0]]}, "finger2joint1": {"matrix": [[-0.6550955176353455, -0.6033602952957153, 0.45475906133651733, -1.4827840328216553], [0.44812119007110596, -0.7948797345161438, -0.4090885519981384, -0.1621687412261963], [0.6083066463470459, -0.0642048716545105, 0.7911006808280945, 0.5555208325386047], [0.0, 0.0, 0.0, 1.0]]}, "finger2joint2": {"matrix": [[-0.7461849451065063, -0.5772711038589478, -0.3316109776496887, -2.0047805309295654], [0.41028234362602234, -0.006476229522377253, -0.9119354486465454, -0.8498581647872925], [0.5242865681648254, -0.8165265917778015, 0.24167665839195251, 0.4999740719795227], [0.0, 0.0, 0.0, 1.0]]}, "finger2joint3": {"matrix": [[-0.7748368382453918, 0.03458476439118385, -0.6312141418457031, -2.22392201423645], [0.4866638481616974, 0.6699130535125732, -0.5606911182403564, -0.8523164987564087], [0.4034673869609833, -0.741633415222168, -0.5359044671058655, 0.19000717997550964], [0.0, 0.0, 0.0, 1.0]]}, "Bone.002": {"matrix": [[-0.6286484599113464, -0.6676287651062012, 0.39883917570114136, -0.884886622428894], [0.3360517919063568, -0.6957030892372131, -0.6348751187324524, -0.025204062461853027], [0.7013346552848816, -0.26508253812789917, 0.6617104411125183, 0.39562153816223145], [0.0, 0.0, 0.0, 1.0]]}, "finger3joint1": {"matrix": [[-0.5752108693122864, -0.806738555431366, -0.13529658317565918, -1.1662988662719727], [0.42281678318977356, -0.15163451433181763, -0.8934388160705566, -0.3184499144554138], [0.7002561092376709, -0.5711212158203125, 0.4283244013786316, 0.283886581659317], [0.0, 0.0, 0.0, 1.0]]}, "finger3joint2": {"matrix": [[-0.6898508071899414, -0.4280664920806885, -0.5838361978530884, -1.8739551305770874], [0.4278574585914612, 0.4094729423522949, -0.8057729005813599, -0.45146089792251587], [0.583989679813385, -0.8056616187095642, -0.09932374209165573, -0.21709048748016357], [0.0, 0.0, 0.0, 1.0]]}, "finger3joint3": {"matrix": [[-0.6022226214408875, -0.1323624551296234, -0.7872787714004517, -2.1509482860565186], [0.57704758644104, 0.6092998385429382, -0.5438472032546997, -0.18649904429912567], [0.551673948764801, -0.7818143963813782, -0.29055458307266235, -0.7384181618690491], [0.0, 0.0, 0.0, 1.0]]}, "Bone.003": {"matrix": [[-0.5483757853507996, 0.3720502555370331, 0.7489074468612671, -0.8848866820335388], [-0.4752522110939026, -0.8755412697792053, 0.08696454763412476, -0.025204122066497803], [0.688054621219635, -0.30823075771331787, 0.6569433212280273, 0.39562153816223145], [0.0, 0.0, 0.0, 1.0]]}, "finger4joint1": {"matrix": [[-0.4730828106403351, -0.8050689101219177, 0.35784947872161865, -0.7254186272621155], [0.5978104472160339, -0.5916963219642639, -0.5408492088317871, -0.4004781246185303], [0.6471593379974365, -0.04194023087620735, 0.7612000107765198, 0.2635078430175781], [0.0, 0.0, 0.0, 1.0]]}, "finger4joint2": {"matrix": [[-0.48441481590270996, -0.8720180988311768, -0.07018637657165527, -1.5251412391662598], [0.5735344290733337, -0.255971759557724, -0.7781622409820557, -0.9882450103759766], [0.6606060266494751, -0.41720759868621826, 0.6241291165351868, 0.22184613347053528], [0.0, 0.0, 0.0, 1.0]]}, "finger4joint3": {"matrix": [[-0.4091721773147583, -0.8477839827537537, -0.3374016582965851, -1.8888275623321533], [0.6041492223739624, 0.02539348416030407, -0.7964663505554199, -1.0950013399124146], [0.6837993860244751, -0.5297328233718872, 0.5017979145050049, 0.047844335436820984], [0.0, 0.0, 0.0, 1.0]]}}