{"root": {"matrix": [[0.4209232032299042, -0.5496509671211243, 0.7216006517410278, 0.0], [0.9046416878700256, 0.19588340818881989, -0.3784879744052887, 0.0], [0.06668676435947418, 0.8121044039726257, 0.5796890258789062, 0.0], [0.0, 0.0, 0.0, 1.0]]}, "carpals": {"matrix": [[-0.6726711988449097, -0.6661353707313538, -0.3221440315246582, 0.3327726423740387], [0.7381930351257324, -0.6340553164482117, -0.23031428456306458, 2.280109405517578], [-0.05083663761615753, -0.3927302956581116, 0.918247401714325, 0.880539059638977], [0.0, 0.0, 0.0, 1.0]]}, "metacarpals": {"matrix": [[-0.866416871547699, -0.48460355401039124, 0.12033646553754807, -0.31603914499282837], [0.4157645106315613, -0.8336284160614014, -0.3635977506637573, 1.6625432968139648], [0.27651673555374146, -0.26499560475349426, 0.9237508177757263, 0.4980221390724182], [0.0, 0.0, 0.0, 1.0]]}, "finger5joint1": {"matrix": [[-0.7635882496833801, -0.6400319337844849, -0.08539200574159622, -0.49006372690200806], [0.38275155425071716, -0.3421461284160614, -0.8581591248512268, 1.263437032699585], [0.5200328230857849, -0.6879642009735107, 0.5062320828437805, -0.08172309398651123], [0.0, 0.0, 0.0, 1.0]]}, "finger5joint2": {"matrix": [[-0.22122478485107422, -0.9464628100395203, 0.23508934676647186, -1.166111707687378], [-0.8542547821998596, 0.07178428769111633, -0.5148741602897644, 0.9020375609397888], [0.4704337418079376, -0.31472906470298767, -0.8244011402130127, -0.8084005117416382], [0.0, 0.0, 0.0, 1.0]]}, "finger5joint3": {"matrix": [[-0.3212216794490814, -0.9092748761177063, -0.2646414339542389, -1.8166487216949463], [-0.8141753673553467, 0.40788984298706055, -0.4132116436958313, 0.9513774514198303], [0.4836677312850952, 0.08273215591907501, -0.8713325262069702, -1.0247248411178589], [0.0, 0.0, 0.0, 1.0]]}, "Bone": {"matrix": [[0.3330235779285431, -0.9429164528846741, -0.0019107044208794832, -1.0726399421691895], [0.9155711531639099, 0.32384902238845825, -0.2384345382452011, 0.3610179126262665], [0.22544261813163757, 0.07765498757362366, 0.9711565971374512, 0.08429041504859924], [0.0, 0.0, 0.0, 1.0]]}, "finger1joint1": {"matrix": [[-0.7922631502151489, -0.5677040815353394, -0.22367598116397858, -1.8573232889175415], [0.516047477722168, -0.42779088020324707, -0.7420846819877625, 0.6305210590362549], [0.3255980312824249, -0.7033538818359375, 0.6318853497505188, 0.1489139348268509], [0.0, 0.0, 0.0, 1.0]]}, "finger1joint2": {"matrix": [[-0.6750307679176331, -0.13675279915332794, -0.7250047922134399, -2.1781773567199707], [0.7259294390678406, 0.052380457520484924, -0.6857715249061584, 0.38874292373657227], [0.13175727427005768, -0.9892193078994751, 0.06391450762748718, -0.24860641360282898], [0.0, 0.0, 0.0, 1.0]]}, "finger1joint3": {"matrix": [[-0.7395098209381104, 0.15646691620349884, -0.6547084450721741, -2.2368009090423584], [0.6503341794013977, 0.417121559381485, -0.634881854057312, 0.4111975431442261], [0.17375503480434418, -0.8952807188034058, -0.41022124886512756, -0.67266845703125], [0.0, 0.0, 0.0, 1.0]]}, "Bone.001": {"matrix": [[-0.008300786837935448, -0.9405146837234497, 0.33965107798576355, -1.0726399421691895], [0.9362390637397766, -0.1266254484653473, -0.3277531564235687, 0.36101794242858887], [0.35126516222953796, 0.31527408957481384, 0.8815978169441223, 0.08429042994976044], [0.0, 0.0, 0.0, 1.0]]}, "finger2joint1": {"matrix": [[-0.8016999959945679, -0.44045180082321167, 0.4040779173374176, -1.6688166856765747], [0.5243385434150696, -0.8427734971046448, 0.1216619536280632, 0.28075212240219116], [0.28696000576019287, 0.30941012501716614, 0.9065975546836853, 0.28413745760917664], [0.0, 0.0, 0.0, 1.0]]}, "finger2joint2": {"matrix": [[-0.8721430897712708, -0.46115216612815857, -0.16341616213321686, -2.049873113632202], [0.43248069286346436, -0.5704985857009888, -0.6982058882713318, -0.448372483253479], [0.2287505567073822, -0.6796098351478577, 0.6969959735870361, 0.5518233776092529], [0.0, 0.0, 0.0, 1.0]]}, "finger2joint3": {"matrix": [[-0.9011667370796204, 0.03653324767947197, -0.43192994594573975, -2.2249338626861572], [0.42483705282211304, 0.27234044671058655, -0.8633329272270203, -0.6649431586265564], [0.08609169721603394, -0.9615070223808289, -0.2609448730945587, 0.29383230209350586], [0.0, 0.0, 0.0, 1.0]]}, "Bone.002": {"matrix": [[-0.6670781970024109, -0.6256917715072632, 0.40437135100364685, -1.0726399421691895], [0.5878156423568726, -0.7755259275436401, -0.23028701543807983, 0.3610179126262665], [0.4576892852783203, 0.084076426923275, 0.8851280212402344, 0.08429040759801865], [0.0, 0.0, 0.0, 1.0]]}, "finger3joint1": {"matrix": [[-0.47076430916786194, -0.881544291973114, -0.035502392798662186, -1.3363752365112305], [0.7601144909858704, -0.3848317861557007, -0.5235745906829834, 0.0341259241104126], [0.44789189100265503, -0.2734660804271698, 0.8512397408485413, 0.11972948163747787], [0.0, 0.0, 0.0, 1.0]]}, "finger3joint2": {"matrix": [[-0.6024976372718811, -0.27231061458587646, -0.7502288222312927, -2.109649658203125], [0.70943284034729, 0.2479274719953537, -0.6597248911857605, -0.3034413754940033], [0.36565253138542175, -0.9297196865081787, 0.043810490518808365, -0.12014991044998169], [0.0, 0.0, 0.0, 1.0]]}, "finger3joint3": {"matrix": [[-0.4805136024951935, 0.2817695140838623, -0.8304892182350159, -2.285856246948242], [0.8216862678527832, 0.47560539841651917, -0.3140558898448944, -0.1430124044418335], [0.3064938485622406, -0.8333098888397217, -0.4600609540939331, -0.7217532396316528], [0.0, 0.0, 0.0, 1.0]]}, "Bone.003": {"matrix": [[-0.5494823455810547, 0.4219750165939331, 0.7211143970489502, -1.0726399421691895], [-0.1304444670677185, -0.8958319425582886, 0.4248168170452118, 0.3610179126262665], [0.8252594470977783, 0.13936400413513184, 0.5472882390022278, 0.08429041504859924], [0.0, 0.0, 0.0, 1.0]]}, "finger4joint1": {"matrix": [[-0.6446777582168579, -0.7214184999465942, 0.25287455320358276, -0.8917731046676636], [0.6955039501190186, -0.690801739692688, -0.19765333831310272, -0.022953033447265625], [0.31727710366249084, 0.048452556133270264, 0.9470941424369812, 0.1440245360136032], [0.0, 0.0, 0.0, 1.0]]}, "finger4joint2": {"matrix": [[-0.6560421586036682, -0.7538618445396423, -0.03606167063117027, -1.6084007024765015], [0.6755393743515015, -0.565234363079071, -0.4734513759613037, -0.7091671824455261], [0.33653372526168823, -0.3349652588367462, 0.880081295967102, 0.19215531647205353], [0.0, 0.0, 0.0, 1.0]]}, "finger4joint3": {"matrix": [[-0.5905081629753113, -0.7611495852470398, -0.2682364881038666, -1.9228086471557617], [0.7270404100418091, -0.35746246576309204, -0.5862016081809998, -0.9449054598808289], [0.3503027856349945, -0.5411758422851562, 0.7644713521003723, 0.05245375633239746], [0.0, 0.0, 0.0, 1.0]]}}