{"root": {"matrix": [[0.5426283478736877, -0.6778433322906494, 0.49606743454933167, -5.960464477539063e-08], [0.7831262946128845, 0.1946890950202942, -0.590600848197937, 0.0], [0.3037559688091278, 0.708960235118866, 0.6364807486534119, -5.960464477539063e-08], [0.0, 0.0, 0.0, 1.0]]}, "carpals": {"matrix": [[-0.4680377244949341, -0.679393470287323, -0.5651237368583679, 0.5078847408294678], [0.831159234046936, -0.5556617975234985, -0.02035088650882244, 2.0279836654663086], [-0.3001914322376251, -0.4792327880859375, 0.8247549533843994, 1.3093208074569702], [0.0, 0.0, 0.0, 1.0]]}, "metacarpals": {"matrix": [[-0.699833869934082, -0.6656318306922913, -0.2591648995876312, -0.1538405418395996], [0.7015218734741211, -0.7088098526000977, -0.07386135309934616, 1.4867722988128662], [-0.13453415036201477, -0.23350046575069427, 0.9630045890808105, 0.8425509929656982], [0.0, 0.0, 0.0, 1.0]]}, "finger5joint1": {"matrix": [[-0.5483703017234802, -0.8086378574371338, -0.21305982768535614, -0.30428725481033325], [0.834833562374115, -0.5441313982009888, -0.08350961655378342, 0.9895675182342529], [-0.04840347543358803, -0.22366361320018768, 0.9734635949134827, 0.33675676584243774], [0.0, 0.0, 0.0, 1.0]]}, "finger5joint2": {"matrix": [[-0.21811874210834503, -0.9753451943397522, -0.03354254364967346, -1.1584290266036987], [-0.06867317855358124, 0.04962451756000519, -0.9964041113853455, 0.41481661796569824], [0.9735028147697449, -0.21503083407878876, -0.0778040736913681, 0.10050708055496216], [0.0, 0.0, 0.0, 1.0]]}, "finger5joint3": {"matrix": [[-0.3060409724712372, -0.9122181534767151, -0.2723897397518158, -1.8288180828094482], [-0.00877975020557642, 0.28881070017814636, -0.9573457837104797, 0.44892531633377075], [0.9519776105880737, -0.29059550166130066, -0.09639690071344376, -0.04729115962982178], [0.0, 0.0, 0.0, 1.0]]}, "Bone": {"matrix": [[0.5690488815307617, -0.7504157423973083, -0.33624279499053955, -1.1930766105651855], [0.8123387098312378, 0.5764734148979187, 0.0882275253534317, 0.38012343645095825], [0.1276276558637619, -0.3233488202095032, 0.9376333951950073, 0.4779919385910034], [0.0, 0.0, 0.0, 1.0]]}, "finger1joint1": {"matrix": [[-0.5292291641235352, -0.5225489139556885, -0.6684749722480774, -1.8175632953643799], [0.8484198451042175, -0.31661736965179443, -0.42418983578681946, 0.859857439994812], [0.010009150952100754, -0.791641116142273, 0.6109041571617126, 0.20890502631664276], [0.0, 0.0, 0.0, 1.0]]}, "finger1joint2": {"matrix": [[-0.29002004861831665, -0.2664940655231476, -0.9191675782203674, -2.112896680831909], [0.943444013595581, -0.24081845581531525, -0.2278592437505722, 0.6809121966362], [-0.16062942147254944, -0.9332669377326965, 0.3212645351886749, -0.23851338028907776], [0.0, 0.0, 0.0, 1.0]]}, "finger1joint3": {"matrix": [[-0.37164273858070374, 0.12917940318584442, -0.9193443655967712, -2.2271382808685303], [0.9237139821052551, -0.04766303673386574, -0.3801061511039734, 0.577677309513092], [-0.09292066842317581, -0.9904749989509583, -0.10161110758781433, -0.63858962059021], [0.0, 0.0, 0.0, 1.0]]}, "Bone.001": {"matrix": [[0.23775723576545715, -0.9705560207366943, -0.03862839937210083, -1.193076491355896], [0.9638423919677734, 0.24066588282585144, -0.11440076678991318, 0.38012343645095825], [0.1203288659453392, -0.010032002814114094, 0.9926832318305969, 0.4779919385910034], [0.0, 0.0, 0.0, 1.0]]}, "finger2joint1": {"matrix": [[-0.6055282950401306, -0.7913841009140015, -0.08394194394350052, -1.8082959651947021], [0.7858536839485168, -0.6112504601478577, 0.09384330362081528, 0.5326775908470154], [-0.12557563185691833, -0.009141217917203903, 0.9920417666435242, 0.47163280844688416], [0.0, 0.0, 0.0, 1.0]]}, "finger2joint2": {"matrix": [[-0.6642542481422424, -0.12665575742721558, -0.7366982102394104, -2.4929614067077637], [0.7153084874153137, -0.39383625984191895, -0.5772578120231628, 0.003854885697364807], [-0.21702544391155243, -0.9104124903678894, 0.3522054851055145, 0.463724285364151], [0.0, 0.0, 0.0, 1.0]]}, "finger2joint3": {"matrix": [[-0.6058966517448425, 0.7353848814964294, -0.3034762740135193, -2.541041851043701], [0.7141150832176208, 0.33463039994239807, -0.6148673295974731, -0.14565181732177734], [-0.3506118059158325, -0.5892632603645325, -0.7279009819030762, 0.11811676621437073], [0.0, 0.0, 0.0, 1.0]]}, "Bone.002": {"matrix": [[-0.5057369470596313, -0.8610285520553589, 0.0534752793610096, -1.193076491355896], [0.8603388071060181, -0.5079611539840698, -0.042339298874139786, 0.38012343645095825], [0.0636187419295311, 0.024594435468316078, 0.9976710677146912, 0.4779919385910034], [0.0, 0.0, 0.0, 1.0]]}, "finger3joint1": {"matrix": [[-0.2738037109375, -0.7874462008476257, -0.5522315502166748, -1.5560088157653809], [0.9542120099067688, -0.15049245953559875, -0.2585180401802063, 0.1660127341747284], [0.12046235054731369, -0.5977290868759155, 0.7925961017608643, 0.4883587062358856], [0.0, 0.0, 0.0, 1.0]]}, "finger3joint2": {"matrix": [[-0.3732406198978424, -0.0645492672920227, -0.925486147403717, -2.246742010116577], [0.9277125000953674, -0.03285720571875572, -0.37184661626815796, 0.034003522247076035], [-0.006406454835087061, -0.9973733425140381, 0.072146937251091, -0.035958170890808105], [0.0, 0.0, 0.0, 1.0]]}, "finger3joint3": {"matrix": [[-0.21502795815467834, 0.2895967364311218, -0.9326823949813843, -2.28851056098938], [0.9742430448532104, -0.0028137771878391504, -0.22548311948776245, 0.012742271646857262], [-0.06792356073856354, -0.957144558429718, -0.2815324366092682, -0.6813387870788574], [0.0, 0.0, 0.0, 1.0]]}, "Bone.003": {"matrix": [[-0.7517094016075134, 0.02222091145813465, 0.6591197848320007, -1.1930766105651855], [0.290283739566803, -0.8862606883049011, 0.360939621925354, 0.38012346625328064], [0.592172384262085, 0.4626535475254059, 0.6597601175308228, 0.4779919385910034], [0.0, 0.0, 0.0, 1.0]]}, "finger4joint1": {"matrix": [[-0.6755109429359436, -0.6854591965675354, -0.27171701192855835, -1.1835522651672363], [0.7257809042930603, -0.6831412315368652, -0.08099348843097687, 0.0002548694610595703], [-0.13010333478450775, -0.2519190013408661, 0.9589627981185913, 0.676294207572937], [0.0, 0.0, 0.0, 1.0]]}, "finger4joint2": {"matrix": [[-0.6961671710014343, -0.5098057985305786, -0.5054192543029785, -1.8644593954086304], [0.7082310318946838, -0.6027836799621582, -0.36750563979148865, -0.6783496737480164], [-0.11730193346738815, -0.6137990355491638, 0.780698835849762, 0.426048219203949], [0.0, 0.0, 0.0, 1.0]]}, "finger4joint3": {"matrix": [[-0.6439113020896912, -0.367600679397583, -0.6710047125816345, -2.077080488204956], [0.7611868977546692, -0.39637789130210876, -0.5133018493652344, -0.9297482371330261], [-0.07728128135204315, -0.8412810564041138, 0.535045325756073, 0.17005541920661926], [0.0, 0.0, 0.0, 1.0]]}}