{"root": {"matrix": [[0.31012940406799316, -0.7910706996917725, 0.5272825956344604, 0.0], [0.8107179999351501, -0.06961802393198013, -0.5812827348709106, 0.0], [0.49654415249824524, 0.6077503561973572, 0.619744598865509, 0.0], [0.0, 0.0, 0.0, 1.0]]}, "carpals": {"matrix": [[-0.5501495003700256, -0.7166120409965515, -0.42872193455696106, -0.13224369287490845], [0.8334120512008667, -0.5034735798835754, -0.22790035605430603, 1.8306257724761963], [-0.05253402143716812, -0.4826812148094177, 0.8742188811302185, 1.6481220722198486], [0.0, 0.0, 0.0, 1.0]]}, "metacarpals": {"matrix": [[-0.9446360468864441, -0.2513028085231781, -0.21097253262996674, -0.8302196264266968], [0.3273446559906006, -0.7659457325935364, -0.5533285737037659, 1.3402457237243652], [-0.02254040353000164, -0.5917547941207886, 0.805802583694458, 1.1779932975769043], [0.0, 0.0, 0.0, 1.0]]}, "finger5joint1": {"matrix": [[-0.8901387453079224, -0.42721986770629883, -0.15854333341121674, -0.7210919260978699], [0.44967538118362427, -0.767173707485199, -0.4574236571788788, 1.0733275413513184], [0.0737902894616127, -0.47846347093582153, 0.8750013113021851, 0.5127711296081543], [0.0, 0.0, 0.0, 1.0]]}, "finger5joint2": {"matrix": [[-0.021615853533148766, -0.9343680739402771, 0.3556520640850067, -1.1723524332046509], [-0.3704885244369507, -0.32292115688323975, -0.8708959817886353, 0.26298320293426514], [0.9285852313041687, -0.1505899578332901, -0.3391925096511841, 0.007383398711681366], [0.0, 0.0, 0.0, 1.0]]}, "finger5joint3": {"matrix": [[-0.12829692661762238, -0.9835237860679626, 0.12735912203788757, -1.8145763874053955], [-0.35050612688064575, -0.07516400516033173, -0.9335391521453857, 0.041028186678886414], [0.9277309775352478, -0.16441017389297485, -0.3350878059864044, -0.09612235426902771], [0.0, 0.0, 0.0, 1.0]]}, "Bone": {"matrix": [[0.11930626630783081, -0.9273715615272522, -0.3546094298362732, -1.2225730419158936], [0.8513344526290894, 0.27933070063591003, -0.44407638907432556, 0.144391730427742], [0.5108770728111267, -0.2489100694656372, 0.8228293061256409, 0.2540998160839081], [0.0, 0.0, 0.0, 1.0]]}, "finger1joint1": {"matrix": [[-0.7234849333763123, -0.3762684464454651, -0.5787844061851501, -1.994320034980774], [0.45454859733581543, 0.3713643252849579, -0.8096134066581726, 0.3768472671508789], [0.5195719003677368, -0.8488287925720215, -0.09764410555362701, 0.04695993661880493], [0.0, 0.0, 0.0, 1.0]]}, "finger1joint2": {"matrix": [[-0.505245566368103, -0.1040753647685051, -0.8566767573356628, -2.2069790363311768], [0.6719393730163574, 0.5754582285881042, -0.466202974319458, 0.586734414100647], [0.5415019392967224, -0.8111818432807922, -0.2208152711391449, -0.4327796995639801], [0.0, 0.0, 0.0, 1.0]]}, "finger1joint3": {"matrix": [[-0.5852460861206055, 0.23521411418914795, -0.7759904861450195, -2.251594305038452], [0.5997044444084167, 0.7696729898452759, -0.21899306774139404, 0.8334238529205322], [0.5457487106323242, -0.5935297608375549, -0.5915069580078125, -0.7805200815200806], [0.0, 0.0, 0.0, 1.0]]}, "Bone.001": {"matrix": [[-0.2441619485616684, -0.9697316288948059, 0.0022655606735497713, -1.2225730419158936], [0.8369568586349487, -0.21191026270389557, -0.5045760869979858, 0.1443917602300644], [0.48978355526924133, -0.1213020384311676, 0.863364040851593, 0.25409984588623047], [0.0, 0.0, 0.0, 1.0]]}, "finger2joint1": {"matrix": [[-0.9010657072067261, -0.3808945417404175, -0.20736338198184967, -1.8372700214385986], [0.432375967502594, -0.7519209384918213, -0.49766021966934204, 0.010065317153930664], [0.033635251224040985, -0.5380834937095642, 0.8422199487686157, 0.17720848321914673], [0.0, 0.0, 0.0, 1.0]]}, "finger2joint2": {"matrix": [[-0.9087839126586914, -0.21375975012779236, -0.35835501551628113, -2.1668004989624023], [0.4067392647266388, -0.6455082297325134, -0.6464380025863647, -0.6404582262039185], [-0.09313864260911942, -0.7332294583320618, 0.6735721230506897, -0.2883138656616211], [0.0, 0.0, 0.0, 1.0]]}, "finger2joint3": {"matrix": [[-0.8916245698928833, 0.056541893631219864, -0.44923073053359985, -2.2479472160339355], [0.3861401677131653, -0.42314305901527405, -0.8196617960929871, -0.8855038285255432], [-0.23643405735492706, -0.9042966961860657, 0.3554517924785614, -0.5666598081588745], [0.0, 0.0, 0.0, 1.0]]}, "Bone.002": {"matrix": [[-0.8511699438095093, -0.5225303173065186, 0.049715060740709305, -1.2225730419158936], [0.4599820077419281, -0.7881841659545898, -0.4088791608810425, 0.1443917453289032], [0.2528364658355713, -0.3251574635505676, 0.9112332463264465, 0.25409984588623047], [0.0, 0.0, 0.0, 1.0]]}, "finger3joint1": {"matrix": [[-0.3624742329120636, -0.9228041172027588, -0.13055609166622162, -1.4428247213363647], [0.8009248375892639, -0.23679424822330475, -0.5499525666236877, -0.18783578276634216], [0.4765835404396057, -0.3039090633392334, 0.8249285817146301, 0.11704269051551819], [0.0, 0.0, 0.0, 1.0]]}, "finger3joint2": {"matrix": [[-0.4984891712665558, -0.11704306304454803, -0.85895836353302, -2.252291440963745], [0.7741299867630005, 0.38585323095321655, -0.5018365979194641, -0.3955473303794861], [0.39016830921173096, -0.9151054620742798, -0.101736880838871, -0.14954078197479248], [0.0, 0.0, 0.0, 1.0]]}, "finger3joint3": {"matrix": [[-0.35212838649749756, 0.4111894965171814, -0.8407905101776123, -2.3280277252197266], [0.8656731843948364, 0.48461025953292847, -0.12555000185966492, -0.14586929976940155], [0.3558308184146881, -0.7720596194267273, -0.5266005396842957, -0.7416874170303345], [0.0, 0.0, 0.0, 1.0]]}, "Bone.003": {"matrix": [[-0.810230553150177, 0.42720407247543335, 0.4012766480445862, -1.2225730419158936], [-0.31843188405036926, -0.8956347107887268, 0.3105473220348358, 0.14439177513122559], [0.4920644462108612, 0.12383568286895752, 0.8617059588432312, 0.2540998160839081], [0.0, 0.0, 0.0, 1.0]]}, "finger4joint1": {"matrix": [[-0.6246604919433594, -0.7575315237045288, 0.18959127366542816, -1.0394649505615234], [0.77115398645401, -0.6366413831710815, -0.002989196451380849, -0.23949474096298218], [0.12296613305807114, 0.144336998462677, 0.9818583130836487, 0.30717819929122925], [0.0, 0.0, 0.0, 1.0]]}, "finger4joint2": {"matrix": [[-0.6380837559700012, -0.6648087501525879, -0.388430118560791, -1.7919659614562988], [0.7561559677124023, -0.44593507051467896, -0.47892555594444275, -0.8719081878662109], [0.1451793760061264, -0.5993083715438843, 0.7872433066368103, 0.4505566358566284], [0.0, 0.0, 0.0, 1.0]]}, "finger4joint3": {"matrix": [[-0.5748617649078369, -0.3877303898334503, -0.7205543518066406, -2.069232940673828], [0.7975324988365173, -0.06859738379716873, -0.599362850189209, -1.0578911304473877], [0.18296311795711517, -0.9192165732383728, 0.348661869764328, 0.20060740411281586], [0.0, 0.0, 0.0, 1.0]]}}