{"root": {"matrix": [[0.09897419810295105, -0.9432363510131836, 0.31703197956085205, -5.960464477539063e-08], [0.17238454520702362, -0.29752692580223083, -0.9390214681625366, 0.0], [0.9800447225570679, 0.1475902795791626, 0.1331518143415451, 0.0], [0.0, 0.0, 0.0, 1.0]]}, "carpals": {"matrix": [[-0.7872267365455627, 0.0015416512032970786, -0.6166614890098572, -0.7350702881813049], [0.6166070699691772, -0.01155292522162199, -0.7871861457824707, 0.20418968796730042], [-0.008337651379406452, -0.9999318718910217, 0.00814407505095005, 2.345839500427246], [0.0, 0.0, 0.0, 1.0]]}, "metacarpals": {"matrix": [[-0.8998975157737732, -0.4013404846191406, 0.17061671614646912, -0.7335687279701233], [0.09983847290277481, -0.5704376101493835, -0.8152503371238708, 0.1929371953010559], [0.4245191812515259, -0.7166076898574829, 0.5534044504165649, 1.3719120025634766], [0.0, 0.0, 0.0, 1.0]]}, "finger5joint1": {"matrix": [[-0.8012652397155762, -0.595360279083252, 0.059329211711883545, -0.8748865723609924], [-0.01386342104524374, -0.08066011965274811, -0.9966451525688171, 0.1852552592754364], [0.5981485247612, -0.7993995547294617, 0.05637622997164726, 0.6608247756958008], [0.0, 0.0, 0.0, 1.0]]}, "finger5joint2": {"matrix": [[0.10759300738573074, -0.5900932550430298, 0.8001331686973572, -1.503749132156372], [-0.9920733571052551, -0.11627253144979477, 0.047652631998062134, 0.10005620121955872], [0.06491383165121078, -0.7989178895950317, -0.5979261994361877, -0.18355882167816162], [0.0, 0.0, 0.0, 1.0]]}, "finger5joint3": {"matrix": [[0.007820204831659794, -0.7382564544677734, 0.67447429895401, -1.9093409776687622], [-0.9997076988220215, -0.021195873618125916, -0.011609257198870182, 0.020138010382652283], [0.022866517305374146, -0.6741864085197449, -0.7382067441940308, -0.7326830625534058], [0.0, 0.0, 0.0, 1.0]]}, "Bone": {"matrix": [[0.24163788557052612, -0.9696601629257202, 0.037015169858932495, -1.3601726293563843], [0.645891547203064, 0.1322532445192337, -0.7518863081932068, -0.6976742148399353], [0.7241788506507874, 0.205592080950737, 0.6582525372505188, 0.25308841466903687], [0.0, 0.0, 0.0, 1.0]]}, "finger1joint1": {"matrix": [[-0.8364813327789307, -0.544596254825592, -0.06094130128622055, -2.16711163520813], [0.15522095561027527, -0.1288122683763504, -0.9794455766677856, -0.5876147747039795], [0.5255524516105652, -0.8287472128868103, 0.19228167831897736, 0.4241796135902405], [0.0, 0.0, 0.0, 1.0]]}, "finger1joint2": {"matrix": [[-0.7671483755111694, 0.24160607159137726, -0.5942304134368896, -2.4749059677124023], [0.44859522581100464, 0.8642292618751526, -0.2277500033378601, -0.6604166030883789], [0.45852556824684143, -0.4412868320941925, -0.771375298500061, -0.04421037435531616], [0.0, 0.0, 0.0, 1.0]]}, "finger1joint3": {"matrix": [[-0.831728458404541, 0.4948311746120453, -0.2517336905002594, -2.371333360671997], [0.39121437072753906, 0.8440999984741211, 0.36666929721832275, -0.28993576765060425], [0.3939279019832611, 0.2064875066280365, -0.895646870136261, -0.23338276147842407], [0.0, 0.0, 0.0, 1.0]]}, "Bone.001": {"matrix": [[-0.09807774424552917, -0.9179036021232605, 0.3844911754131317, -1.3601725101470947], [0.5590981841087341, -0.3704405725002289, -0.7417430877685547, -0.6976742744445801], [0.823279857635498, 0.14221979677677155, 0.5495300889015198, 0.25308844447135925], [0.0, 0.0, 0.0, 1.0]]}, "finger2joint1": {"matrix": [[-0.8463975191116333, -0.3972761332988739, 0.3546583950519562, -1.942016839981079], [0.18810489773750305, -0.84605473279953, -0.49880632758140564, -0.9324904680252075], [0.49822431802749634, -0.3554755747318268, 0.7908281683921814, 0.3432392477989197], [0.0, 0.0, 0.0, 1.0]]}, "finger2joint2": {"matrix": [[-0.9079940319061279, -0.29326069355010986, -0.29924046993255615, -2.285719633102417], [0.15611188113689423, 0.42597997188568115, -0.891162097454071, -1.6644537448883057], [0.3888133764266968, -0.8558847308158875, -0.3410058319568634, 0.03569996356964111], [0.0, 0.0, 0.0, 1.0]]}, "finger2joint3": {"matrix": [[-0.9052436947822571, 0.3732590079307556, -0.20300573110580444, -2.3970463275909424], [0.28293970227241516, 0.8859962821006775, 0.36736276745796204, -1.5027447938919067], [0.3169838786125183, 0.275114506483078, -0.9076523184776306, -0.28920793533325195], [0.0, 0.0, 0.0, 1.0]]}, "Bone.002": {"matrix": [[-0.7163559794425964, -0.5423067808151245, 0.4390186369419098, -1.3601726293563843], [0.15405084192752838, -0.7366076707839966, -0.6585419178009033, -0.6976742744445801], [0.6805163025856018, -0.40411922335624695, 0.6112159490585327, 0.25308844447135925], [0.0, 0.0, 0.0, 1.0]]}, "finger3joint1": {"matrix": [[-0.750598669052124, -0.657300591468811, 0.06750979274511337, -1.5887603759765625], [0.22686156630516052, -0.3523176610469818, -0.9079680442810059, -1.0081617832183838], [0.6205929517745972, -0.6662040948867798, 0.4135652184486389, 0.08274811506271362], [0.0, 0.0, 0.0, 1.0]]}, "finger3joint2": {"matrix": [[-0.847136378288269, -0.19949930906295776, -0.49250367283821106, -2.165332555770874], [0.20334799587726593, 0.734583854675293, -0.6473300457000732, -1.3172082901000977], [0.4909272789955139, -0.6485261917114258, -0.5817249417304993, -0.5016338229179382], [0.0, 0.0, 0.0, 1.0]]}, "finger3joint3": {"matrix": [[-0.7610904574394226, 0.266975075006485, -0.5911560654640198, -2.294424295425415], [0.34550151228904724, 0.9381804466247559, -0.021123051643371582, -0.8418735265731812], [0.5489718317985535, -0.22032177448272705, -0.8062803149223328, -0.9212823510169983], [0.0, 0.0, 0.0, 1.0]]}, "Bone.003": {"matrix": [[-0.5208390355110168, 0.5128777623176575, 0.6824097037315369, -1.3601727485656738], [-0.6305323839187622, -0.770017683506012, 0.0974765345454216, -0.6976742744445801], [0.5754609704017639, -0.3795119524002075, 0.7244412302970886, 0.25308844447135925], [0.0, 0.0, 0.0, 1.0]]}, "finger4joint1": {"matrix": [[-0.700739324092865, -0.695343554019928, 0.15956643223762512, -1.1403433084487915], [0.28917258977890015, -0.4813053607940674, -0.8274805545806885, -1.0277187824249268], [0.6521836519241333, -0.5337059497833252, 0.5383437871932983, 0.09042224287986755], [0.0, 0.0, 0.0, 1.0]]}, "finger4joint2": {"matrix": [[-0.7132826447486877, -0.5424256920814514, -0.4438488483428955, -1.831068992614746], [0.26203083992004395, 0.3809727728366852, -0.8866788148880005, -1.505827784538269], [0.6500518321990967, -0.7487546801567078, -0.12960906326770782, -0.4397393465042114], [0.0, 0.0, 0.0, 1.0]]}, "finger4joint3": {"matrix": [[-0.6591548323631287, -0.4180448055267334, -0.6251024007797241, -2.0572946071624756], [0.2423979938030243, 0.6687659621238708, -0.7028478384017944, -1.346938133239746], [0.7118691802024841, -0.6148090958595276, -0.33948710560798645, -0.7520171403884888], [0.0, 0.0, 0.0, 1.0]]}}