{"root": {"matrix": [[0.4512559473514557, -0.5668063163757324, 0.68927401304245, -5.960464477539063e-08], [0.8383244872093201, 0.0044794343411922455, -0.5451532006263733, 4.656612873077393e-10], [0.30590876936912537, 0.8238388895988464, 0.47718894481658936, 5.960464477539063e-08], [0.0, 0.0, 0.0, 1.0]]}, "carpals": {"matrix": [[-0.6727045774459839, -0.6918615102767944, -0.26228973269462585, 0.38821175694465637], [0.7017971873283386, -0.4843117296695709, -0.5224200487136841, 1.9615230560302734], [0.23441238701343536, -0.5355085730552673, 0.8113452792167664, 1.4445431232452393], [0.0, 0.0, 0.0, 1.0]]}, "metacarpals": {"matrix": [[-0.784087061882019, -0.5108681917190552, 0.3524497449398041, -0.2856571674346924], [0.2501052916049957, -0.7797994613647461, -0.57389897108078, 1.4898064136505127], [0.5680269598960876, -0.3618372082710266, 0.739201545715332, 0.9229609966278076], [0.0, 0.0, 0.0, 1.0]]}, "finger5joint1": {"matrix": [[-0.8001936674118042, -0.5924965739250183, 0.09293824434280396, -0.5845999717712402], [0.002313623670488596, -0.1580120176076889, -0.9874343872070312, 1.2369972467422485], [0.5997370481491089, -0.7899237871170044, 0.1278110146522522, 0.31271880865097046], [0.0, 0.0, 0.0, 1.0]]}, "finger5joint2": {"matrix": [[-0.03080662526190281, -0.8663179874420166, 0.4985411763191223, -1.2104377746582031], [-0.9974516034126282, -0.005465542431920767, -0.07113400846719742, 1.0700935125350952], [0.06434949487447739, -0.4994620382785797, -0.8639423251152039, -0.5216558575630188], [0.0, 0.0, 0.0, 1.0]]}, "finger5joint3": {"matrix": [[-0.13894735276699066, -0.9370319247245789, 0.3204123377799988, -1.8058885335922241], [-0.9881701469421387, 0.10998473316431046, -0.10687685757875443, 1.0663368701934814], [0.06490661203861237, -0.3314720690250397, -0.9412294626235962, -0.8649535775184631], [0.0, 0.0, 0.0, 1.0]]}, "Bone": {"matrix": [[0.35196444392204285, -0.9041918516159058, 0.24198733270168304, -1.0832643508911133], [0.8547806739807129, 0.20514635741710663, -0.4767228960990906, 0.27232295274734497], [0.38140612840652466, 0.3746357560157776, 0.8450900316238403, 0.35803255438804626], [0.0, 0.0, 0.0, 1.0]]}, "finger1joint1": {"matrix": [[-0.5638119578361511, -0.7385882139205933, -0.36959877610206604, -1.8357213735580444], [0.38404399156570435, 0.16172964870929718, -0.9090398550033569, 0.44304323196411133], [0.7311813831329346, -0.6544697284698486, 0.19246535003185272, 0.6697998046875], [0.0, 0.0, 0.0, 1.0]]}, "finger1joint2": {"matrix": [[-0.4096280336380005, -0.14656193554401398, -0.9004022479057312, -2.2531557083129883], [0.6392605900764465, 0.6580234169960022, -0.39793333411216736, 0.5344493389129639], [0.650807797908783, -0.7385963797569275, -0.17585350573062897, 0.2999076843261719], [0.0, 0.0, 0.0, 1.0]]}, "finger1joint3": {"matrix": [[-0.4930543899536133, 0.4152655005455017, -0.7644944190979004, -2.3159842491149902], [0.5711005926132202, 0.8173850178718567, 0.0756688043475151, 0.8165331482887268], [0.6563090682029724, -0.3992944359779358, -0.6401735544204712, -0.016716405749320984], [0.0, 0.0, 0.0, 1.0]]}, "Bone.001": {"matrix": [[0.05124334618449211, -0.8311159014701843, 0.5537328720092773, -1.0832642316818237], [0.8112278580665588, -0.288747102022171, -0.5084626078605652, 0.27232295274734497], [0.5824801921844482, 0.4752589762210846, 0.659428060054779, 0.35803255438804626], [0.0, 0.0, 0.0, 1.0]]}, "finger2joint1": {"matrix": [[-0.5021677017211914, -0.859807550907135, -0.09251053631305695, -1.6100947856903076], [0.426416277885437, -0.1531294882297516, -0.8914708495140076, 0.08929087966680527], [0.7523273825645447, -0.48711585998535156, 0.4435327351093292, 0.6592915058135986], [0.0, 0.0, 0.0, 1.0]]}, "finger2joint2": {"matrix": [[-0.5671570301055908, -0.2754705846309662, -0.7761755585670471, -2.353956699371338], [0.49137237668037415, 0.643138587474823, -0.5873038172721863, -0.04318894445896149], [0.6609735488891602, -0.7144847512245178, -0.2294018417596817, 0.237863689661026], [0.0, 0.0, 0.0, 1.0]]}, "finger2joint3": {"matrix": [[-0.52337247133255, 0.5890717506408691, -0.6156908869743347, -2.4585297107696533], [0.6123945713043213, 0.7624483704566956, 0.20891410112380981, 0.2009570598602295], [0.5924980640411377, -0.2677059769630432, -0.7597889304161072, -0.03336644172668457], [0.0, 0.0, 0.0, 1.0]]}, "Bone.002": {"matrix": [[-0.5514950752258301, -0.5640489459037781, 0.6145743727684021, -1.0832643508911133], [0.38802921772003174, -0.8256449699401855, -0.4095650613307953, 0.27232295274734497], [0.7384351491928101, 0.012599761597812176, 0.6742066740989685, 0.35803258419036865], [0.0, 0.0, 0.0, 1.0]]}, "finger3joint1": {"matrix": [[-0.7274699807167053, -0.6857592463493347, 0.0228367131203413, -1.321016550064087], [0.3256688714027405, -0.37438926100730896, -0.8682006597518921, -0.07569471001625061], [0.6039266586303711, -0.624152660369873, 0.4956873655319214, 0.3633435368537903], [0.0, 0.0, 0.0, 1.0]]}, "finger3joint2": {"matrix": [[-0.8270832896232605, -0.3853258788585663, -0.4092150628566742, -1.9225521087646484], [0.2958042025566101, 0.32067322731018066, -0.8998158574104309, -0.40410202741622925], [0.47794684767723083, -0.8652701377868652, -0.1512424647808075, -0.18415170907974243], [0.0, 0.0, 0.0, 1.0]]}, "finger3joint3": {"matrix": [[-0.7645737528800964, -0.06885936856269836, -0.6408471465110779, -2.171888589859009], [0.4584487974643707, 0.6407808661460876, -0.6158120632171631, -0.19660072028636932], [0.4530472159385681, -0.7646294236183167, -0.45835572481155396, -0.7440508604049683], [0.0, 0.0, 0.0, 1.0]]}, "Bone.003": {"matrix": [[-0.3274614214897156, 0.4683826267719269, 0.8206013441085815, -1.0832643508911133], [-0.38610371947288513, -0.8589980602264404, 0.3362235128879547, 0.27232295274734497], [0.8623762130737305, -0.20673702657222748, 0.46213299036026, 0.35803261399269104], [0.0, 0.0, 0.0, 1.0]]}, "finger4joint1": {"matrix": [[-0.5881624221801758, -0.6841779351234436, 0.4312366545200348, -0.8825063705444336], [0.4964105486869812, -0.7263656258583069, -0.4753621518611908, -0.0958603024482727], [0.6384680271148682, -0.06551974266767502, 0.7668542861938477, 0.2694210708141327], [0.0, 0.0, 0.0, 1.0]]}, "finger4joint2": {"matrix": [[-0.5952544212341309, -0.7941845059394836, 0.1222398653626442, -1.562140703201294], [0.4703575670719147, -0.4677225649356842, -0.7483307719230652, -0.817402184009552], [0.6514872908592224, -0.3879508078098297, 0.6519648432731628, 0.20433644950389862], [0.0, 0.0, 0.0, 1.0]]}, "finger4joint3": {"matrix": [[-0.5289011597633362, -0.8365187048912048, -0.1431763768196106, -1.8933656215667725], [0.5185061097145081, -0.18494489789009094, -0.8348331451416016, -1.0124717950820923], [0.6718739867210388, -0.5157821774482727, 0.5315578579902649, 0.042536571621894836], [0.0, 0.0, 0.0, 1.0]]}}