{"root": {"matrix": [[0.43956342339515686, -0.6558922529220581, -0.6136687994003296, 0.0], [-0.8614447116851807, -0.501311719417572, -0.08123786002397537, 0.0], [-0.25435614585876465, 0.5643509030342102, -0.7853732109069824, 0.0], [0.0, 0.0, 0.0, 1.0]]}, "carpals": {"matrix": [[0.6028382778167725, -0.7524795532226562, -0.26525530219078064, 0.42105576395988464], [0.7977674603462219, 0.5633296966552734, 0.21500323712825775, -2.4296934604644775], [-0.012359376065433025, -0.34122434258461, 0.9399005174636841, 0.06547263264656067], [0.0, 0.0, 0.0, 1.0]]}, "metacarpals": {"matrix": [[0.26870208978652954, -0.62547767162323, 0.732513964176178, -0.3118547797203064], [0.41809308528900146, 0.7608432173728943, 0.4963017702102661, -1.8810138702392578], [-0.8677540421485901, 0.17290163040161133, 0.46594810485839844, -0.26687777042388916], [0.0, 0.0, 0.0, 1.0]]}, "finger5joint1": {"matrix": [[0.3195139169692993, -0.6196361184120178, 0.7169113159179688, -1.0172760486602783], [0.4085680842399597, 0.7727167010307312, 0.4857783913612366, -1.7243473529815674], [-0.8549752831459045, 0.1376940757036209, 0.5000573396682739, -0.20762299001216888], [0.0, 0.0, 0.0, 1.0]]}, "finger5joint2": {"matrix": [[0.7385534644126892, -0.5095845460891724, -0.4414317011833191, -1.6717804670333862], [0.4303162097930908, 0.8603388071060181, -0.2732110023498535, -0.9081479907035828], [0.5190051198005676, 0.011825756169855595, 0.8546890616416931, -0.062180548906326294], [0.0, 0.0, 0.0, 1.0]]}, "finger5joint3": {"matrix": [[0.710933268070221, -0.44630351662635803, -0.5434948205947876, -2.022036075592041], [0.5231400728225708, 0.8521067500114441, -0.015419975854456425, -0.31680700182914734], [0.46999773383140564, -0.2733614444732666, 0.8392705917358398, -0.05405230075120926], [0.0, 0.0, 0.0, 1.0]]}, "Bone": {"matrix": [[0.5952573418617249, 0.04056835547089577, 0.8025102615356445, -1.28839910030365], [-0.7263460755348206, 0.4542832672595978, 0.5157982110977173, -0.6931263208389282], [-0.34364181756973267, -0.8899329900741577, 0.29988211393356323, 0.0030696988105773926], [0.0, 0.0, 0.0, 1.0]]}, "finger1joint1": {"matrix": [[0.36432674527168274, -0.8115253448486328, 0.45682868361473083, -1.254638671875], [0.32914823293685913, 0.5710922479629517, 0.7520071268081665, -0.3150773346424103], [-0.8711643218994141, -0.12361208349466324, 0.4751763343811035, -0.7375215291976929], [0.0, 0.0, 0.0, 1.0]]}, "finger1joint2": {"matrix": [[0.2240999937057495, -0.8131647109985352, -0.5371613502502441, -1.7132949829101562], [0.07307692617177963, -0.5356072783470154, 0.8412991762161255, 0.007691621780395508], [-0.9718224406242371, -0.2277892827987671, -0.06060613691806793, -0.8073844909667969], [0.0, 0.0, 0.0, 1.0]]}, "finger1joint3": {"matrix": [[0.1982288360595703, -0.40751317143440247, -0.891424834728241, -2.0618855953216553], [0.17750249803066254, -0.879509449005127, 0.4415377974510193, -0.2219144105911255], [-0.9639492630958557, -0.2457556277513504, -0.10200966149568558, -0.9050339460372925], [0.0, 0.0, 0.0, 1.0]]}, "Bone.001": {"matrix": [[0.6640984416007996, 0.09354611486196518, 0.7417696118354797, -1.28839910030365], [-0.46362313628196716, 0.8298751711845398, 0.31041964888572693, -0.6931263208389282], [-0.5865375995635986, -0.5500508546829224, 0.5944890975952148, 0.003069669008255005], [0.0, 0.0, 0.0, 1.0]]}, "finger2joint1": {"matrix": [[0.3668050169944763, -0.3088476061820984, 0.8775346279144287, -1.2291017770767212], [0.2654240131378174, 0.9388195872306824, 0.21947096288204193, -0.1670820116996765], [-0.8916298151016235, 0.15241563320159912, 0.42633941769599915, -0.34559857845306396], [0.0, 0.0, 0.0, 1.0]]}, "finger2joint2": {"matrix": [[0.2547011077404022, -0.6045418977737427, 0.7547557353973389, -1.4963009357452393], [0.327813059091568, 0.7882599234580994, 0.520753800868988, 0.6451367735862732], [-0.909761369228363, 0.11478210985660553, 0.39894744753837585, -0.21373634040355682], [0.0, 0.0, 0.0, 1.0]]}, "finger2joint3": {"matrix": [[0.11521558463573456, -0.9368793368339539, 0.33012455701828003, -1.7257949113845825], [0.368210107088089, 0.34894275665283203, 0.861777126789093, 0.9443732500076294], [-0.9225758910179138, 0.022264955565333366, 0.3851720988750458, -0.17016316950321198], [0.0, 0.0, 0.0, 1.0]]}, "Bone.002": {"matrix": [[0.5294768810272217, -0.30652356147766113, 0.7910104393959045, -1.28839910030365], [0.24150370061397552, 0.9483198523521423, 0.20582769811153412, -0.6931262612342834], [-0.8132220506668091, 0.08205090463161469, 0.5761401057243347, 0.0030696801841259003], [0.0, 0.0, 0.0, 1.0]]}, "finger3joint1": {"matrix": [[0.6469816565513611, -0.021709835156798363, 0.76219642162323, -1.4176018238067627], [-0.38012629747390747, 0.8573418855667114, 0.3470858633518219, -0.29339995980262756], [-0.6609981656074524, -0.5142892599105835, 0.5464320182800293, 0.03765493631362915], [0.0, 0.0, 0.0, 1.0]]}, "finger3joint2": {"matrix": [[0.6053484678268433, -0.7162157297134399, 0.3472581207752228, -1.436645269393921], [-0.25295382738113403, 0.2405540645122528, 0.9370954632759094, 0.45864447951316833], [-0.7546969056129456, -0.6551096439361572, -0.03555057942867279, -0.4134700894355774], [0.0, 0.0, 0.0, 1.0]]}, "finger3joint3": {"matrix": [[0.5020406246185303, -0.8626807928085327, 0.06113191321492195, -1.9000942707061768], [-0.3946864604949951, -0.16564661264419556, 0.9037607312202454, 0.6143022775650024], [-0.7695307731628418, -0.47785261273384094, -0.4236498773097992, -0.8373786211013794], [0.0, 0.0, 0.0, 1.0]]}, "Bone.003": {"matrix": [[0.6216127276420593, -0.13396649062633514, 0.7717840671539307, -1.28839910030365], [0.7597946524620056, 0.3427915871143341, -0.5524542927742004, -0.6931262612342834], [-0.19055069983005524, 0.9298100471496582, 0.3148707449436188, 0.003069669008255005], [0.0, 0.0, 0.0, 1.0]]}, "finger4joint1": {"matrix": [[0.26142269372940063, -0.9652230739593506, -0.0015493613900616765, -1.3458195924758911], [0.42022648453712463, 0.11236944049596786, 0.9004344940185547, -0.5461992025375366], [-0.8689462542533875, -0.23604515194892883, 0.43498826026916504, 0.4016043543815613], [0.0, 0.0, 0.0, 1.0]]}, "finger4joint2": {"matrix": [[0.23914934694766998, -0.29669463634490967, -0.9245429635047913, -2.3046326637268066], [0.4400010406970978, -0.8156849145889282, 0.37557506561279297, -0.43457597494125366], [-0.8655669689178467, -0.49661850929260254, -0.0645245909690857, 0.16712675988674164], [0.0, 0.0, 0.0, 1.0]]}, "finger4joint3": {"matrix": [[0.27648380398750305, 0.5291358828544617, -0.8022291660308838, -2.428373098373413], [0.5007414221763611, -0.7918169498443604, -0.34969043731689453, -0.7747679352760315], [-0.820252537727356, -0.30502569675445557, -0.48388493061065674, -0.03999438136816025], [0.0, 0.0, 0.0, 1.0]]}}