{"root": {"matrix": [[0.22828401625156403, -0.7879542112350464, 0.571851909160614, 5.960464477539063e-08], [0.7956017851829529, -0.18756632506847382, -0.5760526657104492, -1.4901161193847656e-08], [0.5611633658409119, 0.5864700078964233, 0.5840793251991272, 0.0], [0.0, 0.0, 0.0, 1.0]]}, "carpals": {"matrix": [[-0.7943131923675537, -0.5284785032272339, -0.2996276915073395, -0.3192952871322632], [0.5567136406898499, -0.4357821047306061, -0.7072225213050842, 1.680403232574463], [0.2431795597076416, -0.7285630106925964, 0.6403587460517883, 1.7774367332458496], [0.0, 0.0, 0.0, 1.0]]}, "metacarpals": {"matrix": [[-0.8533156514167786, -0.19020497798919678, 0.48546290397644043, -0.8340301513671875], [-0.1756156086921692, -0.7718331813812256, -0.6110913157463074, 1.2559540271759033], [0.4909290671348572, -0.6067086458206177, 0.6252143383026123, 1.0678209066390991], [0.0, 0.0, 0.0, 1.0]]}, "finger5joint1": {"matrix": [[-0.6937477588653564, -0.5691043734550476, 0.44140011072158813, -0.9925503730773926], [-0.15645316243171692, -0.47915181517601013, -0.8636757135391235, 1.0976901054382324], [0.703019380569458, -0.6682314872741699, 0.24337229132652283, 0.37825673818588257], [0.0, 0.0, 0.0, 1.0]]}, "finger5joint2": {"matrix": [[0.5323618054389954, -0.497839093208313, 0.6846506595611572, -1.5936795473098755], [-0.8002883791923523, -0.5596030950546265, 0.21536584198474884, 0.5915752649307251], [0.27591511607170105, -0.6625705361366272, -0.696326494216919, -0.3275775909423828], [0.0, 0.0, 0.0, 1.0]]}, "finger5joint3": {"matrix": [[0.44505709409713745, -0.6697671413421631, 0.594420313835144, -1.9358617067337036], [-0.859673023223877, -0.5054329037666321, 0.07415800541639328, 0.2069404572248459], [0.25077101588249207, -0.5440117120742798, -0.8007275462150574, -0.7829855680465698], [0.0, 0.0, 0.0, 1.0]]}, "Bone": {"matrix": [[0.014370022341609001, -0.9394139647483826, 0.34248313307762146, -1.1309928894042969], [0.7843260765075684, -0.2018556147813797, -0.5865890383720398, 0.05090814828872681], [0.6201820373535156, 0.27704787254333496, 0.7339062094688416, 0.12058018147945404], [0.0, 0.0, 0.0, 1.0]]}, "finger1joint1": {"matrix": [[-0.7487456798553467, -0.4251546859741211, 0.5085501670837402, -1.9127614498138428], [-0.018696224316954613, -0.7533582448959351, -0.6573443412780762, -0.11707362532615662], [0.6625935435295105, -0.5016916394233704, 0.5561249256134033, 0.3511360287666321], [0.0, 0.0, 0.0, 1.0]]}, "finger1joint2": {"matrix": [[-0.8593711853027344, -0.3109152317047119, -0.4059715270996094, -2.1530497074127197], [0.19739608466625214, 0.5306719541549683, -0.8242705464363098, -0.5428553819656372], [0.4717160165309906, -0.7884914875030518, -0.39467063546180725, 0.06759077310562134], [0.0, 0.0, 0.0, 1.0]]}, "finger1joint3": {"matrix": [[-0.8840788006782532, 0.25725629925727844, -0.39015886187553406, -2.2863340377807617], [0.09330251067876816, 0.9152064919471741, 0.39203518629074097, -0.3153650164604187], [0.4579295217990875, 0.31018710136413574, -0.8331171870231628, -0.2704225480556488], [0.0, 0.0, 0.0, 1.0]]}, "Bone.001": {"matrix": [[-0.26400697231292725, -0.706902027130127, 0.6561932563781738, -1.1309927701950073], [0.5948042869567871, -0.6548872590065002, -0.4661869406700134, 0.050908178091049194], [0.7592810988426208, 0.2672300338745117, 0.5933631658554077, 0.12058021128177643], [0.0, 0.0, 0.0, 1.0]]}, "finger2joint1": {"matrix": [[-0.833446204662323, -0.40825772285461426, 0.3724147379398346, -1.579086422920227], [-0.06453198939561844, -0.5974141955375671, -0.7993320226669312, -0.3642141819000244], [0.5488194227218628, -0.6902328729629517, 0.47156694531440735, 0.2899729609489441], [0.0, 0.0, 0.0, 1.0]]}, "finger2joint2": {"matrix": [[-0.8977854251861572, -0.4402294158935547, -0.013388569466769695, -1.9322903156280518], [-0.04414699599146843, 0.12019414454698563, -0.9917682409286499, -0.8810663819313049], [0.43821489810943604, -0.8898038864135742, -0.1273432821035385, -0.30718129873275757], [0.0, 0.0, 0.0, 1.0]]}, "finger2joint3": {"matrix": [[-0.9375421404838562, -0.23018646240234375, -0.2608228921890259, -2.0994086265563965], [0.058725446462631226, 0.6342806220054626, -0.7708690762519836, -0.8354387283325195], [0.34287863969802856, -0.7380392551422119, -0.5811469554901123, -0.6449654698371887], [0.0, 0.0, 0.0, 1.0]]}, "Bone.002": {"matrix": [[-0.692419707775116, -0.2456498146057129, 0.6783884763717651, -1.1309928894042969], [-0.023030191659927368, -0.9322496652603149, -0.36108171939849854, 0.050908178091049194], [0.7211272120475769, -0.265643447637558, 0.6398506164550781, 0.12058021128177643], [0.0, 0.0, 0.0, 1.0]]}, "finger3joint1": {"matrix": [[-0.6418942809104919, -0.7616941928863525, -0.08828164637088776, -1.2345367670059204], [0.0037126566749066114, 0.11204258352518082, -0.993696391582489, -0.3420444130897522], [0.7667841911315918, -0.6381756663322449, -0.06909151375293732, 0.008608877658843994], [0.0, 0.0, 0.0, 1.0]]}, "finger3joint2": {"matrix": [[-0.7503458261489868, -0.38099732995033264, -0.5402056574821472, -1.90268075466156], [0.059927940368652344, 0.7746281623840332, -0.6295710802078247, -0.2437627613544464], [0.6583234667778015, -0.5047693848609924, -0.5584065318107605, -0.5511870384216309], [0.0, 0.0, 0.0, 1.0]]}, "finger3joint3": {"matrix": [[-0.6667823195457458, -0.09663952142000198, -0.7389600872993469, -2.149216890335083], [0.20330342650413513, 0.9303610920906067, -0.30511608719825745, 0.25748389959335327], [0.7169861197471619, -0.35367918014526367, -0.6007010340690613, -0.8778133988380432], [0.0, 0.0, 0.0, 1.0]]}, "Bone.003": {"matrix": [[-0.223418727517128, 0.7460666298866272, 0.6272707581520081, -1.1309928894042969], [-0.6892536878585815, -0.5759607553482056, 0.4395434260368347, 0.050908163189888], [0.6892120242118835, -0.33414649963378906, 0.642909586429596, 0.12058021873235703], [0.0, 0.0, 0.0, 1.0]]}, "finger4joint1": {"matrix": [[-0.42518556118011475, -0.6866936087608337, 0.5896344780921936, -0.8112142086029053], [0.5343785285949707, -0.7162474989891052, -0.44880807399749756, -0.19595980644226074], [0.7305180430412292, 0.12426143139600754, 0.6714925169944763, -0.022641465067863464], [0.0, 0.0, 0.0, 1.0]]}, "finger4joint2": {"matrix": [[-0.42934975028038025, -0.8870988488197327, 0.16945204138755798, -1.4933475255966187], [0.5090532302856445, -0.39268624782562256, -0.7659385800361633, -0.907450795173645], [0.7460048198699951, -0.242595374584198, 0.6201804876327515, 0.10079474002122879], [0.0, 0.0, 0.0, 1.0]]}, "finger4joint3": {"matrix": [[-0.3565555810928345, -0.9131630659103394, -0.19748647511005402, -1.8633235692977905], [0.5510838031768799, -0.034871380776166916, -0.8337206840515137, -1.071225643157959], [0.7544364333152771, -0.4060993790626526, 0.515663206577301, -0.0003827810287475586], [0.0, 0.0, 0.0, 1.0]]}}