{"root": {"matrix": [[0.4458417594432831, -0.8871813416481018, 0.11888831108808517, 0.0], [-0.35723820328712463, -0.2981417775154114, -0.8851510286331177, 0.0], [0.8207350373268127, 0.3521658182144165, -0.4498591721057892, 0.0], [0.0, 0.0, 0.0, 1.0]]}, "carpals": {"matrix": [[-0.21060508489608765, -0.41085973381996155, -0.8870397210121155, 0.12650573253631592], [0.9182742238044739, 0.2280716747045517, -0.32365942001342773, -1.0001965761184692], [0.33528754115104675, -0.8827101588249207, 0.32924890518188477, 2.251352548599243], [0.0, 0.0, 0.0, 1.0]]}, "metacarpals": {"matrix": [[-0.1811339408159256, -0.7451689839363098, -0.6418048739433289, -0.27366912364959717], [0.9213234186172485, 0.09971252828836441, -0.37579289078712463, -0.7780561447143555], [0.34402546286582947, -0.659378707408905, 0.6684803366661072, 1.3915979862213135], [0.0, 0.0, 0.0, 1.0]]}, "finger5joint1": {"matrix": [[-0.3019457161426544, -0.7671582102775574, -0.5659476518630981, -0.40311378240585327], [0.922299861907959, -0.08485520631074905, -0.37704411149024963, -0.7282249331474304], [0.24122920632362366, -0.6358203887939453, 0.7331717014312744, 0.6799551248550415], [0.0, 0.0, 0.0, 1.0]]}, "finger5joint2": {"matrix": [[-0.23340146243572235, -0.9723799824714661, -0.0004187102895230055, -1.2134418487548828], [-0.46256065368652344, 0.11140751093626022, -0.8795598745346069, -0.8178550601005554], [0.855313241481781, -0.20509672164916992, -0.47578784823417664, 0.008355677127838135], [0.0, 0.0, 0.0, 1.0]]}, "finger5joint3": {"matrix": [[-0.32278043031692505, -0.8446279764175415, -0.4271015524864197, -1.8817927837371826], [-0.40101203322410583, 0.5307933688163757, -0.7466238737106323, -0.7412808537483215], [0.8573222756385803, -0.06972243636846542, -0.510036051273346, -0.13261449337005615], [0.0, 0.0, 0.0, 1.0]]}, "Bone": {"matrix": [[0.759823739528656, -0.19789032638072968, -0.6192794442176819, -1.4370847940444946], [0.07593792676925659, 0.9730428457260132, -0.21776334941387177, -0.6223772764205933], [0.6456787586212158, 0.11843521893024445, 0.7543684840202332, 0.36212483048439026], [0.0, 0.0, 0.0, 1.0]]}, "finger1joint1": {"matrix": [[0.252494752407074, -0.7081419825553894, -0.659379243850708, -1.6017667055130005], [0.5786377787590027, 0.6566868424415588, -0.48367398977279663, 0.1873769760131836], [0.7755157947540283, -0.259416401386261, 0.5755677223205566, 0.460685133934021], [0.0, 0.0, 0.0, 1.0]]}, "finger1joint2": {"matrix": [[0.4553707540035248, -0.48044243454933167, -0.7495414018630981, -2.001993179321289], [0.6851702332496643, 0.7266964912414551, -0.04953620210289955, 0.5585221648216248], [0.5684885382652283, -0.49100595712661743, 0.6601012945175171, 0.31406861543655396], [0.0, 0.0, 0.0, 1.0]]}, "finger1joint3": {"matrix": [[0.39443913102149963, 0.11319439113140106, -0.9119235277175903, -2.207951068878174], [0.6495069265365601, 0.6676695942878723, 0.36381039023399353, 0.870045006275177], [0.6500450968742371, -0.735801637172699, 0.18983465433120728, 0.10358244180679321], [0.0, 0.0, 0.0, 1.0]]}, "Bone.001": {"matrix": [[0.5694150924682617, -0.6537175178527832, -0.4984169602394104, -1.4370849132537842], [0.3744036853313446, 0.7460089325904846, -0.5507197380065918, -0.6223772168159485], [0.7318388223648071, 0.12697920203208923, 0.6695430874824524, 0.36212486028671265], [0.0, 0.0, 0.0, 1.0]]}, "finger2joint1": {"matrix": [[-0.0725494772195816, -0.9889516830444336, -0.12927024066448212, -1.8514654636383057], [0.909740149974823, -0.01249347347766161, -0.4149895906448364, -0.14949436485767365], [0.40878987312316895, -0.14770956337451935, 0.9005956053733826, 0.442614883184433], [0.0, 0.0, 0.0, 1.0]]}, "finger2joint2": {"matrix": [[-0.14942675828933716, 0.1570555418729782, -0.976219654083252, -2.7070560455322266], [0.9393242001533508, 0.33086341619491577, -0.09054958075284958, -0.16030308604240417], [0.3087743818759918, -0.9305173754692078, -0.19696584343910217, 0.31482410430908203], [0.0, 0.0, 0.0, 1.0]]}, "finger2joint3": {"matrix": [[-0.04259698465466499, 0.9613385200500488, -0.27205386757850647, -2.647435426712036], [0.9753827452659607, 0.09898455440998077, 0.19705381989479065, -0.03470189869403839], [0.2163648158311844, -0.2569628953933716, -0.9418896436691284, -0.03841555118560791], [0.0, 0.0, 0.0, 1.0]]}, "Bone.002": {"matrix": [[-0.039902474731206894, -0.9175943732261658, -0.3955099284648895, -1.437084674835205], [0.7971430420875549, 0.2094295620918274, -0.5663056373596191, -0.6223772168159485], [0.6024706363677979, -0.3378748893737793, 0.7230972051620483, 0.36212486028671265], [0.0, 0.0, 0.0, 1.0]]}, "finger3joint1": {"matrix": [[0.2012481540441513, -0.5820475220680237, -0.7878575921058655, -1.8238600492477417], [0.6884397268295288, 0.6562083959579468, -0.3089357018470764, -0.5341005325317383], [0.6968142986297607, -0.4802194833755493, 0.5327653884887695, 0.219707190990448], [0.0, 0.0, 0.0, 1.0]]}, "finger3joint2": {"matrix": [[0.13709144294261932, 0.05265304073691368, -0.9891579747200012, -2.334421157836914], [0.7949997782707214, 0.5898561477661133, 0.14158032834529877, 0.04151332378387451], [0.590915858745575, -0.8057896494865417, 0.03900523483753204, -0.2015325427055359], [0.0, 0.0, 0.0, 1.0]]}, "finger3joint3": {"matrix": [[0.303921103477478, 0.3673327565193176, -0.8790326118469238, -2.3003504276275635], [0.7881413698196411, 0.4214169383049011, 0.4485987424850464, 0.4231976270675659], [0.5352244973182678, -0.8291406631469727, -0.1614324301481247, -0.7229430675506592], [0.0, 0.0, 0.0, 1.0]]}, "Bone.003": {"matrix": [[-0.7115122079849243, -0.5741429328918457, 0.40510496497154236, -1.4370847940444946], [0.33503493666648865, -0.7839623093605042, -0.5226418972015381, -0.6223772168159485], [0.6176583766937256, -0.23614193499088287, 0.7501567006111145, 0.36212486028671265], [0.0, 0.0, 0.0, 1.0]]}, "finger4joint1": {"matrix": [[-0.4317418038845062, -0.8930997848510742, 0.12637755274772644, -1.6831735372543335], [0.8708850741386414, -0.44921913743019104, -0.1994016021490097, -0.9583985805511475], [0.23485709726810455, 0.02397029474377632, 0.9717342257499695, 0.2609098255634308], [0.0, 0.0, 0.0, 1.0]]}, "finger4joint2": {"matrix": [[-0.4495800733566284, 0.03052482008934021, -0.8927179574966431, -2.570342540740967], [0.8563457727432251, 0.298993855714798, -0.4210393726825714, -1.4046345949172974], [0.2540653645992279, -0.9537665247917175, -0.16056154668331146, 0.28472092747688293], [0.0, 0.0, 0.0, 1.0]]}, "finger4joint3": {"matrix": [[-0.4374539852142334, 0.8590739965438843, -0.2657541334629059, -2.5576117038726807], [0.8345950841903687, 0.4978983998298645, 0.23568566143512726, -1.279935359954834], [0.33479034900665283, -0.11869551241397858, -0.9347869157791138, -0.11305969953536987], [0.0, 0.0, 0.0, 1.0]]}}