{"root": {"matrix": [[0.45374900102615356, -0.7652853727340698, -0.45656344294548035, 0.0], [-0.8597972393035889, -0.241306871175766, -0.4500218629837036, -1.4901161193847656e-08], [0.23422318696975708, 0.596748948097229, -0.7674830555915833, 0.0], [0.0, 0.0, 0.0, 1.0]]}, "carpals": {"matrix": [[0.547874927520752, -0.5991939902305603, -0.5837802886962891, 0.3283975124359131], [0.833234429359436, 0.4530223309993744, 0.31700271368026733, -2.130009889602661], [0.07451946288347244, -0.6601038575172424, 0.7474687695503235, 1.200082540512085], [0.0, 0.0, 0.0, 1.0]]}, "metacarpals": {"matrix": [[0.5356082916259766, -0.8054652214050293, 0.2536717653274536, -0.25521373748779297], [0.6386783123016357, 0.5828981995582581, 0.502314031124115, -1.6887688636779785], [-0.5524613261222839, -0.10702896118164062, 0.8266384601593018, 0.557145357131958], [0.0, 0.0, 0.0, 1.0]]}, "finger5joint1": {"matrix": [[0.2232753336429596, -0.9134925603866577, -0.3401166498661041, -0.9132013916969299], [0.8348427414894104, -0.0009088636725209653, 0.5504873991012573, -1.6748285293579102], [-0.5031753182411194, -0.4068542718887329, 0.7624198794364929, 0.2529529631137848], [0.0, 0.0, 0.0, 1.0]]}, "finger5joint2": {"matrix": [[-0.3943493664264679, -0.4115826189517975, -0.8216372728347778, -1.8780981302261353], [0.6286504864692688, 0.5313267111778259, -0.5678819417953491, -1.675788402557373], [0.6702885031700134, -0.7404666543006897, 0.049213312566280365, -0.17679595947265625], [0.0, 0.0, 0.0, 1.0]]}, "finger5joint3": {"matrix": [[-0.3852153420448303, -0.15589812397956848, -0.9095627069473267, -2.1609933376312256], [0.7058138847351074, 0.5851883888244629, -0.399225115776062, -1.3105889558792114], [0.5945042371749878, -0.7957698702812195, -0.11538845300674438, -0.6857446432113647], [0.0, 0.0, 0.0, 1.0]]}, "Bone": {"matrix": [[0.8541558980941772, 0.34670767188072205, 0.3875710368156433, -1.5127686262130737], [-0.5176180601119995, 0.638361930847168, 0.5697062611579895, -0.7787029147148132], [-0.04988904669880867, -0.6872318387031555, 0.7247229218482971, 0.3900434076786041], [0.0, 0.0, 0.0, 1.0]]}, "finger1joint1": {"matrix": [[0.6509343385696411, -0.7580377459526062, -0.04077988862991333, -1.2242428064346313], [0.5649003982543945, 0.44779977202415466, 0.6930819153785706, -0.24746599793434143], [-0.5071210861206055, -0.47418755292892456, 0.719704270362854, -0.18186244368553162], [0.0, 0.0, 0.0, 1.0]]}, "finger1joint2": {"matrix": [[0.6474719047546387, -0.7588589787483215, -0.07009287923574448, -1.6526693105697632], [0.3179935812950134, 0.18543727695941925, 0.9297810196876526, 0.005620710551738739], [-0.6925749778747559, -0.6242963671684265, 0.3613778054714203, -0.4498630166053772], [0.0, 0.0, 0.0, 1.0]]}, "finger1joint3": {"matrix": [[0.6644467115402222, -0.60455322265625, -0.4393470585346222, -1.9779796600341797], [0.40350207686424255, -0.2046239972114563, 0.8918042182922363, 0.08511462062597275], [-0.629044234752655, -0.7698339819908142, 0.1079767644405365, -0.7174885869026184], [0.0, 0.0, 0.0, 1.0]]}, "Bone.001": {"matrix": [[0.9604508280754089, 0.1269555687904358, 0.24782288074493408, -1.5127686262130737], [-0.2001192420721054, 0.933569610118866, 0.29732078313827515, -0.778702974319458], [-0.19361333549022675, -0.3351561427116394, 0.9220542311668396, 0.3900434076786041], [0.0, 0.0, 0.0, 1.0]]}, "finger2joint1": {"matrix": [[0.9225829839706421, -0.3836778998374939, 0.04039377719163895, -1.4322936534881592], [0.2833203077316284, 0.7448626756668091, 0.6040767431259155, -0.18692845106124878], [-0.26185867190361023, -0.5458666682243347, 0.7959015965461731, 0.1775934100151062], [0.0, 0.0, 0.0, 1.0]]}, "finger2joint2": {"matrix": [[0.8764091730117798, -0.4769309163093567, -0.06666102260351181, -1.7642321586608887], [0.2924768328666687, 0.4171868562698364, 0.8604719638824463, 0.4574887752532959], [-0.3825756013393402, -0.773622453212738, 0.5051178336143494, -0.2946625351905823], [0.0, 0.0, 0.0, 1.0]]}, "finger2joint3": {"matrix": [[0.8183498382568359, -0.49983203411102295, -0.2836743891239166, -1.9452829360961914], [0.26033347845077515, -0.1176554262638092, 0.9583231210708618, 0.6158596873283386], [-0.5123764872550964, -0.858093798160553, 0.03383977338671684, -0.5883423089981079], [0.0, 0.0, 0.0, 1.0]]}, "Bone.002": {"matrix": [[0.7729229927062988, -0.5447720885276794, 0.3252895474433899, -1.5127686262130737], [0.5028504133224487, 0.8385823965072632, 0.20957264304161072, -0.778702974319458], [-0.38695141673088074, 0.001588494167663157, 0.922098696231842, 0.3900434076786041], [0.0, 0.0, 0.0, 1.0]]}, "finger3joint1": {"matrix": [[0.8532993793487549, 0.11001725494861603, 0.5096825957298279, -1.7423956394195557], [0.017416933551430702, 0.9709277153015137, -0.23873770236968994, -0.42523208260536194], [-0.5211303234100342, 0.21259188652038574, 0.8265759944915771, 0.3907129764556885], [0.0, 0.0, 0.0, 1.0]]}, "finger3joint2": {"matrix": [[0.839538037776947, -0.5408239364624023, 0.05181976407766342, -1.6458903551101685], [0.17997132241725922, 0.36682766675949097, 0.9127143025398254, 0.4264478087425232], [-0.5126267075538635, -0.7569324970245361, 0.40529876947402954, 0.5771946310997009], [0.0, 0.0, 0.0, 1.0]]}, "finger3joint3": {"matrix": [[0.7909865975379944, -0.5686601996421814, -0.22575606405735016, -1.9958468675613403], [0.041897501796483994, -0.3177734315395355, 0.9472402930259705, 0.6638147234916687], [-0.610397219657898, -0.7587132453918457, -0.2275291085243225, 0.08739854395389557], [0.0, 0.0, 0.0, 1.0]]}, "Bone.003": {"matrix": [[0.41088899970054626, -0.6535640954971313, 0.6356289386749268, -1.5127686262130737], [0.879837155342102, 0.10159633308649063, -0.46428918838500977, -0.7787029147148132], [0.23886528611183167, 0.7500213980674744, 0.6167749166488647, 0.3900434076786041], [0.0, 0.0, 0.0, 1.0]]}, "finger4joint1": {"matrix": [[0.5295587778091431, -0.8106407523155212, -0.24985776841640472, -1.7928988933563232], [0.6397138237953186, 0.18820716440677643, 0.7452138662338257, -0.7351568341255188], [-0.5570757985115051, -0.5544722080230713, 0.618245005607605, 0.7115171551704407], [0.0, 0.0, 0.0, 1.0]]}, "finger4joint2": {"matrix": [[0.5059135556221008, 0.16818809509277344, -0.8460283279418945, -2.598155975341797], [0.6581308245658875, -0.7092825174331665, 0.2525498569011688, -0.5481995344161987], [-0.5575973391532898, -0.6845660209655762, -0.4695255756378174, 0.16072720289230347], [0.0, 0.0, 0.0, 1.0]]}, "finger4joint3": {"matrix": [[0.5025037527084351, 0.7834867238998413, -0.3655656576156616, -2.5280110836029053], [0.7110477089881897, -0.6150460243225098, -0.34077686071395874, -0.8440148830413818], [-0.49183389544487, -0.0886930376291275, -0.8661597371101379, -0.12477988004684448], [0.0, 0.0, 0.0, 1.0]]}}