{"root": {"matrix": [[0.23595452308654785, -0.9383956789970398, -0.2524658739566803, 0.0], [-0.6990343332290649, 0.01656719483435154, -0.7148961424827576, 0.0], [0.6750380396842957, 0.34516531229019165, -0.6520617604255676, 0.0], [0.0, 0.0, 0.0, 1.0]]}, "carpals": {"matrix": [[0.6605290174484253, -0.10855274647474289, -0.7429115176200867, -0.3565281629562378], [0.6853256821632385, 0.491302490234375, 0.537540853023529, -1.4842585325241089], [0.30664291977882385, -0.8641977906227112, 0.398913711309433, 1.9377433061599731], [0.0, 0.0, 0.0, 1.0]]}, "metacarpals": {"matrix": [[0.6156254410743713, -0.7829755544662476, 0.0891873836517334, -0.4622577428817749], [0.5161319375038147, 0.48614129424095154, 0.7051766514778137, -1.0057328939437866], [-0.595493733882904, -0.3880922794342041, 0.7033998966217041, 1.0960198640823364], [0.0, 0.0, 0.0, 1.0]]}, "finger5joint1": {"matrix": [[0.42359450459480286, -0.7474286556243896, -0.5117791295051575, -1.0537879467010498], [0.6929755210876465, -0.09648185223340988, 0.7144758701324463, -1.1089571714401245], [-0.5833971500396729, -0.6572986245155334, 0.4770808219909668, 0.689680278301239], [0.0, 0.0, 0.0, 1.0]]}, "finger5joint2": {"matrix": [[-0.5737995505332947, -0.43418970704078674, -0.6944299340248108, -1.8432762622833252], [0.7386355400085449, 0.09193197637796402, -0.6678064465522766, -1.210868239402771], [0.3537953197956085, -0.8961178064346313, 0.2679574191570282, -0.004606008529663086], [0.0, 0.0, 0.0, 1.0]]}, "finger5joint3": {"matrix": [[-0.5727222561836243, -0.20562797784805298, -0.7935400605201721, -2.141709804534912], [0.7796325087547302, 0.1624867469072342, -0.604789674282074, -1.1476801633834839], [0.253301739692688, -0.9650464057922363, 0.067254438996315, -0.6205391883850098], [0.0, 0.0, 0.0, 1.0]]}, "Bone": {"matrix": [[0.8582881689071655, 0.454545259475708, 0.2381802201271057, -1.6847001314163208], [-0.45845866203308105, 0.47066187858581543, 0.7538518905639648, -0.24673135578632355], [0.23055744171142578, -0.7562180161476135, 0.6123539805412292, 0.49010011553764343], [0.0, 0.0, 0.0, 1.0]]}, "finger1joint1": {"matrix": [[0.758795976638794, -0.6500013470649719, 0.04155291989445686, -1.3064332008361816], [0.4475414454936981, 0.5666739344596863, 0.6917997598648071, 0.14494767785072327], [-0.47321775555610657, -0.5063382983207703, 0.7208927869796753, -0.13921520113945007], [0.0, 0.0, 0.0, 1.0]]}, "finger1joint2": {"matrix": [[0.7229626774787903, -0.6874542832374573, 0.06878548860549927, -1.673799753189087], [0.20424361526966095, 0.3077750504016876, 0.929278552532196, 0.46521955728530884], [-0.660007119178772, -0.6577848792076111, 0.36291831731796265, -0.42538657784461975], [0.0, 0.0, 0.0, 1.0]]}, "finger1joint3": {"matrix": [[0.7509433031082153, -0.5935726761817932, -0.2894055247306824, -1.9685001373291016], [0.2858748137950897, -0.10285185277462006, 0.952731192111969, 0.5971575975418091], [-0.5952812433242798, -0.7981810569763184, 0.0924517884850502, -0.7073681354522705], [0.0, 0.0, 0.0, 1.0]]}, "Bone.001": {"matrix": [[0.9831749200820923, 0.1688077747821808, 0.06979016214609146, -1.6847002506256104], [-0.17990651726722717, 0.8287090063095093, 0.5299760103225708, -0.24673134088516235], [0.03162837773561478, -0.5336148142814636, 0.8451358675956726, 0.49010008573532104], [0.0, 0.0, 0.0, 1.0]]}, "finger2joint1": {"matrix": [[0.7113779187202454, -0.5404399633407593, -0.4492947459220886, -1.577695608139038], [0.4361705780029297, -0.16178321838378906, 0.885201096534729, 0.27857375144958496], [-0.55108642578125, -0.8256819844245911, 0.12063519656658173, 0.1518504023551941], [0.0, 0.0, 0.0, 1.0]]}, "finger2joint2": {"matrix": [[0.6980542540550232, -0.34631994366645813, -0.6267237067222595, -2.0452566146850586], [0.33607518672943115, -0.6144022941589355, 0.7138367295265198, 0.1386071741580963], [-0.6322764754295349, -0.7089232802391052, -0.31249651312828064, -0.5624874830245972], [0.0, 0.0, 0.0, 1.0]]}, "finger2joint3": {"matrix": [[0.7069141268730164, -0.06567588448524475, -0.7042434215545654, -2.176725387573242], [0.19825023412704468, -0.9373690485954285, 0.28641852736473083, -0.09463003277778625], [-0.6789469122886658, -0.342089980840683, -0.6496193408966064, -0.831606388092041], [0.0, 0.0, 0.0, 1.0]]}, "Bone.002": {"matrix": [[0.8211913108825684, -0.5512478947639465, 0.14754848182201385, -1.6847000122070312], [0.4405597150325775, 0.7767618894577026, 0.4500530958175659, -0.24673137068748474], [-0.36270081996917725, -0.3045756220817566, 0.8807279467582703, 0.49010008573532104], [0.0, 0.0, 0.0, 1.0]]}, "finger3joint1": {"matrix": [[0.912296712398529, -0.014265151694417, 0.40928131341934204, -1.9170565605163574], [0.03182325139641762, 0.9988404512405396, -0.03612052649259567, 0.08068156242370605], [-0.4082915782928467, 0.045977503061294556, 0.9116929173469543, 0.36171838641166687], [0.0, 0.0, 0.0, 1.0]]}, "finger3joint2": {"matrix": [[0.8819912672042847, -0.416642427444458, -0.22022825479507446, -1.9295697212219238], [0.19073894619941711, -0.11172724515199661, 0.9752616882324219, 0.9568459391593933], [-0.4309409260749817, -0.9021785259246826, -0.019072236493229866, 0.4020490050315857], [0.0, 0.0, 0.0, 1.0]]}, "finger3joint3": {"matrix": [[0.8846920132637024, 0.05636332184076309, -0.46275603771209717, -2.1991708278656006], [0.01823701150715351, -0.9960883855819702, -0.08645794540643692, 0.8845494985580444], [-0.4658190608024597, 0.06804905831813812, -0.8822596073150635, -0.18173295259475708], [0.0, 0.0, 0.0, 1.0]]}, "Bone.003": {"matrix": [[0.34410232305526733, -0.7812764644622803, 0.5207692980766296, -1.6847000122070312], [0.9359071254730225, 0.24091671407222748, -0.25697600841522217, -0.24673135578632355], [0.07530751824378967, 0.575817883014679, 0.8141023516654968, 0.49010008573532104], [0.0, 0.0, 0.0, 1.0]]}, "finger4joint1": {"matrix": [[0.4711224138736725, -0.6530582904815674, -0.5929235219955444, -2.0195703506469727], [0.5280131101608276, -0.329660028219223, 0.782640278339386, -0.14346975088119507], [-0.7065730094909668, -0.6817910671234131, 0.18951332569122314, 0.7369068264961243], [0.0, 0.0, 0.0, 1.0]]}, "finger4joint2": {"matrix": [[0.44449111819267273, 0.39658892154693604, -0.8032089471817017, -2.6682915687561035], [0.5353319048881531, -0.836527943611145, -0.11679094284772873, -0.4709405303001404], [-0.7182247638702393, -0.378071129322052, -0.5841361880302429, 0.059643521904945374], [0.0, 0.0, 0.0, 1.0]]}, "finger4joint3": {"matrix": [[0.4216880202293396, 0.719244122505188, -0.5521475076675415, -2.5028891563415527], [0.6046673059463501, -0.6768279075622559, -0.41985800862312317, -0.819825291633606], [-0.6756892204284668, -0.15681664645671844, -0.7203139662742615, -0.09803591668605804], [0.0, 0.0, 0.0, 1.0]]}}