{"root": {"matrix": [[0.436326265335083, -0.8905717134475708, -0.12845799326896667, 0.0], [-0.42518529295921326, -0.07824939489364624, -0.9017175436019897, 0.0], [0.7929922938346863, 0.4480614960193634, -0.41280031204223633, -2.9802322387695312e-08], [0.0, 0.0, 0.0, 1.0]]}, "carpals": {"matrix": [[0.3220776319503784, -0.564527690410614, -0.7599830627441406, 0.129476398229599], [0.9410228133201599, 0.10301820188760757, 0.32227784395217896, -0.9367604851722717], [-0.10364250093698502, -0.8189600110054016, 0.5644134879112244, 2.278311014175415], [0.0, 0.0, 0.0, 1.0]]}, "metacarpals": {"matrix": [[0.5322992205619812, -0.8270320296287537, -0.18076325953006744, -0.42037010192871094], [0.6930052638053894, 0.30306190252304077, 0.6541382670402527, -0.8364213705062866], [-0.48621079325675964, -0.4734671711921692, 0.7344574332237244, 1.4806487560272217], [0.0, 0.0, 0.0, 1.0]]}, "finger5joint1": {"matrix": [[0.5561784505844116, -0.8286200165748596, -0.06367206573486328, -0.9113720059394836], [0.6823223233222961, 0.4115542471408844, 0.6042011976242065, -1.0541630983352661], [-0.47444862127304077, -0.379488468170166, 0.7942838072776794, 0.993636965751648], [0.0, 0.0, 0.0, 1.0]]}, "finger5joint2": {"matrix": [[-0.1267845779657364, -0.4719444811344147, -0.8724640607833862, -1.7866203784942627], [0.6962974667549133, 0.584092378616333, -0.4171395003795624, -0.6194497346878052], [0.7064667344093323, -0.6603813171386719, 0.2545599043369293, 0.5927938222885132], [0.0, 0.0, 0.0, 1.0]]}, "finger5joint3": {"matrix": [[-0.1220635250210762, -0.2158263474702835, -0.9687718749046326, -2.11100435256958], [0.7696893215179443, 0.5956697463989258, -0.22968509793281555, -0.21798256039619446], [0.6266406178474426, -0.7736896276473999, 0.09340977668762207, 0.1388906091451645], [0.0, 0.0, 0.0, 1.0]]}, "Bone": {"matrix": [[0.9116154909133911, 0.40918460488319397, -0.039049264043569565, -1.7115966081619263], [-0.24660354852676392, 0.620449960231781, 0.7444651126861572, -0.36325758695602417], [0.32885175943374634, -0.6690362691879272, 0.6665183901786804, 0.7414351105690002], [0.0, 0.0, 0.0, 1.0]]}, "finger1joint1": {"matrix": [[0.8199061751365662, -0.5362558364868164, 0.20045751333236694, -1.371078372001648], [0.5189337134361267, 0.8440264463424683, 0.13537690043449402, 0.153073251247406], [-0.2417880892753601, -0.006972005125135183, 0.9703039526939392, 0.18467141687870026], [0.0, 0.0, 0.0, 1.0]]}, "finger1joint2": {"matrix": [[0.7305042147636414, -0.6293997168540955, 0.26498934626579285, -1.6741584539413452], [0.4360916018486023, 0.7285457253456116, 0.5282471179962158, 0.6300987005233765], [-0.525535523891449, -0.27032703161239624, 0.8066818714141846, 0.18073099851608276], [0.0, 0.0, 0.0, 1.0]]}, "finger1joint3": {"matrix": [[0.7761812806129456, -0.624261200428009, -0.08854632824659348, -1.943971872329712], [0.46032342314720154, 0.46509087085723877, 0.7561696767807007, 0.9424141645431519], [-0.4308653771877289, -0.6276846528053284, 0.648357093334198, 0.0648462325334549], [0.0, 0.0, 0.0, 1.0]]}, "Bone.001": {"matrix": [[0.9849264621734619, 0.01648470014333725, -0.17218543589115143, -1.7115967273712158], [0.06745265424251556, 0.8800361156463623, 0.4700917601585388, -0.36325764656066895], [0.1592787802219391, -0.4746200740337372, 0.8656591773033142, 0.741435170173645], [0.0, 0.0, 0.0, 1.0]]}, "finger2joint1": {"matrix": [[0.6350836157798767, -0.3346226215362549, -0.6962012052536011, -1.701147198677063], [0.6352390646934509, -0.28653672337532043, 0.7171943187713623, 0.19458290934562683], [-0.4394766092300415, -0.8977328538894653, 0.030590763315558434, 0.4405812919139862], [0.0, 0.0, 0.0, 1.0]]}, "finger2joint2": {"matrix": [[0.663830041885376, -0.2979618012905121, -0.6859651803970337, -1.9906457662582397], [0.5377169847488403, -0.44733038544654846, 0.7146717309951782, -0.053314030170440674], [-0.5197979807853699, -0.8432758450508118, -0.1367320865392685, -0.33609139919281006], [0.0, 0.0, 0.0, 1.0]]}, "finger2joint3": {"matrix": [[0.6838935613632202, -0.21996793150901794, -0.6956316232681274, -2.103756904602051], [0.4168374240398407, -0.664718508720398, 0.6199963688850403, -0.22312799096107483], [-0.5987786054611206, -0.7139770984649658, -0.3629057705402374, -0.6562126874923706], [0.0, 0.0, 0.0, 1.0]]}, "Bone.002": {"matrix": [[0.7200446724891663, -0.6891100406646729, -0.08162608742713928, -1.7115967273712158], [0.6545587778091431, 0.6354215741157532, 0.40962421894073486, -0.36325758695602417], [-0.23040908575057983, -0.34837663173675537, 0.9085952043533325, 0.7414351105690002], [0.0, 0.0, 0.0, 1.0]]}, "finger3joint1": {"matrix": [[0.9927278757095337, -0.06841406226158142, 0.09904944896697998, -2.002063512802124], [0.05770594999194145, 0.9925603270530701, 0.10720938444137573, -0.09542101621627808], [-0.10564728081226349, -0.10071378946304321, 0.9892902970314026, 0.5945909023284912], [0.0, 0.0, 0.0, 1.0]]}, "finger3joint2": {"matrix": [[0.9648218154907227, -0.19508330523967743, -0.17624177038669586, -2.062075138092041], [0.2097230851650238, 0.1668546199798584, 0.96341872215271, 0.775234580039978], [-0.15854020416736603, -0.9664893746376038, 0.20189878344535828, 0.5062466263771057], [0.0, 0.0, 0.0, 1.0]]}, "finger3joint3": {"matrix": [[0.9698350429534912, 0.02346833422780037, -0.24262936413288116, -2.188309669494629], [0.05274023488163948, -0.9919803142547607, 0.11486228555440903, 0.8832029104232788], [-0.23798803985118866, -0.12419412285089493, -0.9632951021194458, -0.11914964765310287], [0.0, 0.0, 0.0, 1.0]]}, "Bone.003": {"matrix": [[0.08230271935462952, -0.8816421031951904, 0.4646863341331482, -1.7115967273712158], [0.9843071103096008, -0.0011199504369869828, -0.17645974457263947, -0.36325758695602417], [0.15609502792358398, 0.4719172716140747, 0.8677144646644592, 0.741435170173645], [0.0, 0.0, 0.0, 1.0]]}, "finger4joint1": {"matrix": [[0.47445428371429443, -0.5890931487083435, -0.6541116237640381, -2.0894856452941895], [0.6942734122276306, -0.2064094990491867, 0.6894774436950684, -0.36373764276504517], [-0.5411812663078308, -0.7812580466270447, 0.3110601305961609, 0.943708062171936], [0.0, 0.0, 0.0, 1.0]]}, "finger4joint2": {"matrix": [[0.44810622930526733, 0.3301258683204651, -0.8307932019233704, -2.674666404724121], [0.7025437951087952, -0.704734742641449, 0.09889698773622513, -0.5687763690948486], [-0.5528403520584106, -0.6279853582382202, -0.5477239489555359, 0.16763833165168762], [0.0, 0.0, 0.0, 1.0]]}, "finger4joint3": {"matrix": [[0.43121856451034546, 0.8064769506454468, -0.40453073382377625, -2.5369834899902344], [0.7571719288825989, -0.5672922134399414, -0.32383596897125244, -0.862695038318634], [-0.49065327644348145, -0.16665545105934143, -0.8552688956260681, -0.09427106380462646], [0.0, 0.0, 0.0, 1.0]]}}