{"root": {"matrix": [[0.5581074357032776, -0.7755778431892395, 0.2949492633342743, 0.0], [0.5178458094596863, 0.04781809449195862, -0.8541365265846252, 0.0], [0.6483454704284668, 0.6294381618499756, 0.4283173084259033, 5.960464477539063e-08], [0.0, 0.0, 0.0, 1.0]]}, "carpals": {"matrix": [[-0.2772853374481201, -0.6509939432144165, -0.7066253423690796, 0.46983712911605835], [0.9287736415863037, -0.36988943815231323, -0.023689402267336845, 1.3139272928237915], [-0.24595150351524353, -0.6628637313842773, 0.7071910500526428, 2.0341665744781494], [0.0, 0.0, 0.0, 1.0]]}, "metacarpals": {"matrix": [[-0.3189682066440582, -0.834401547908783, -0.449480801820755, -0.16422700881958008], [0.9314510822296143, -0.3635978102684021, 0.013979011215269566, 0.9536572694778442], [-0.17509426176548004, -0.4142104685306549, 0.8931804895401001, 1.388541340827942], [0.0, 0.0, 0.0, 1.0]]}, "finger5joint1": {"matrix": [[-0.3109826445579529, -0.8233362436294556, -0.47477030754089355, -0.3995247483253479], [0.9434298276901245, -0.32787662744522095, -0.04936608672142029, 0.5769748687744141], [-0.11502110958099365, -0.4632643759250641, 0.8787239789962769, 0.8154616951942444], [0.0, 0.0, 0.0, 1.0]]}, "finger5joint2": {"matrix": [[-0.4177066385746002, -0.8658657073974609, 0.2753123342990875, -1.269192099571228], [-0.0654691681265831, -0.27354225516319275, -0.959629237651825, 0.23064790666103363], [0.9062198996543884, -0.418867826461792, 0.05757276713848114, 0.32612836360931396], [0.0, 0.0, 0.0, 1.0]]}, "finger5joint3": {"matrix": [[-0.5112364292144775, -0.8549606204032898, 0.08762902021408081, -1.864331841468811], [-0.03778856620192528, -0.0795007199048996, -0.9961181879043579, 0.04263271763920784], [0.858608603477478, -0.5125632286071777, 0.008335827849805355, 0.038225844502449036], [0.0, 0.0, 0.0, 1.0]]}, "Bone": {"matrix": [[0.8101062774658203, -0.3775339424610138, -0.4485483467578888, -1.4669595956802368], [0.5006083250045776, 0.843643844127655, 0.19405227899551392, 0.38598012924194336], [0.30515366792678833, -0.3817499279975891, 0.8724378943443298, 0.7418438196182251], [0.0, 0.0, 0.0, 1.0]]}, "finger1joint1": {"matrix": [[0.20828716456890106, -0.9752688407897949, -0.07393771409988403, -1.7811384201049805], [0.9684536457061768, 0.2162230759859085, -0.12387540191411972, 1.0880502462387085], [0.13679885864257812, -0.04580347239971161, 0.9895392060279846, 0.42415621876716614], [0.0, 0.0, 0.0, 1.0]]}, "finger1joint2": {"matrix": [[0.24037174880504608, -0.3477838337421417, -0.9062380790710449, -2.3323395252227783], [0.9556641578674316, -0.07879527658224106, 0.28372064232826233, 1.2102546691894531], [-0.1700807809829712, -0.9342576861381531, 0.3134244978427887, 0.39826908707618713], [0.0, 0.0, 0.0, 1.0]]}, "finger1joint3": {"matrix": [[0.1599549800157547, 0.8777614831924438, -0.4516069293022156, -2.481428623199463], [0.9817281365394592, -0.18922774493694305, -0.02007160149514675, 1.1764764785766602], [-0.10307468473911285, -0.44014474749565125, -0.8919910192489624, -0.002231806516647339], [0.0, 0.0, 0.0, 1.0]]}, "Bone.001": {"matrix": [[0.5757178664207458, -0.7703304886817932, -0.2741158604621887, -1.4669594764709473], [0.7756683826446533, 0.6205935478210449, -0.11490005999803543, 0.38598012924194336], [0.2586255669593811, -0.14647288620471954, 0.9548078775405884, 0.7418438196182251], [0.0, 0.0, 0.0, 1.0]]}, "finger2joint1": {"matrix": [[-0.020296325907111168, -0.25075703859329224, -0.9678370952606201, -1.9552594423294067], [0.9569933414459229, 0.2753337025642395, -0.09140513837337494, 0.779364287853241], [0.289398729801178, -0.9280688762664795, 0.234384685754776, 0.6489970684051514], [0.0, 0.0, 0.0, 1.0]]}, "finger2joint2": {"matrix": [[0.04663810878992081, -0.11615390330553055, -0.9921354651451111, -2.172201633453369], [0.9823060631752014, 0.1856813281774521, 0.024437513202428818, 1.017568826675415], [0.18138261139392853, -0.9757203459739685, 0.12275863438844681, -0.1539207398891449], [0.0, 0.0, 0.0, 1.0]]}, "finger2joint3": {"matrix": [[0.12147016078233719, 0.10366899520158768, -0.9871662855148315, -2.2162954807281494], [0.9909814596176147, 0.04401803016662598, 0.12656229734420776, 1.0880565643310547], [0.0565737746655941, -0.9936370849609375, -0.09738704562187195, -0.5243201851844788], [0.0, 0.0, 0.0, 1.0]]}, "Bone.002": {"matrix": [[-0.12022466957569122, -0.9791470766067505, -0.16375812888145447, -1.4669594764709473], [0.990402102470398, -0.10696739703416824, -0.08753105252981186, 0.38598012924194336], [0.06818906962871552, -0.1727096140384674, 0.9826094508171082, 0.7418438196182251], [0.0, 0.0, 0.0, 1.0]]}, "finger3joint1": {"matrix": [[0.4067932069301605, -0.9000298380851746, -0.15641361474990845, -1.8796799182891846], [0.9063991904258728, 0.41899919509887695, -0.05366985872387886, 0.3408922851085663], [0.11384161561727524, -0.11994045227766037, 0.9862322807312012, 0.6690449118614197], [0.0, 0.0, 0.0, 1.0]]}, "finger3joint2": {"matrix": [[0.26511824131011963, 0.3237573802471161, -0.9082363247871399, -2.6691694259643555], [0.9626404047012329, -0.03504827246069908, 0.2685055732727051, 0.7084306478500366], [0.05509854853153229, -0.9454907178878784, -0.3209536075592041, 0.5638354420661926], [0.0, 0.0, 0.0, 1.0]]}, "finger3joint3": {"matrix": [[0.42980721592903137, 0.8566533923149109, -0.28532499074935913, -2.459672212600708], [0.9008368849754333, -0.3853856921195984, 0.19992737472057343, 0.6857515573501587], [0.061308249831199646, -0.3429618179798126, -0.9373463988304138, -0.04797297716140747], [0.0, 0.0, 0.0, 1.0]]}, "Bone.003": {"matrix": [[-0.6720407009124756, -0.4256502687931061, 0.6059561967849731, -1.4669595956802368], [0.5590378642082214, -0.8282617926597595, 0.0381980761885643, 0.38598009943962097], [0.48563146591186523, 0.36442315578460693, 0.7945802211761475, 0.7418437600135803], [0.0, 0.0, 0.0, 1.0]]}, "finger4joint1": {"matrix": [[-0.6478216052055359, -0.5550133585929871, -0.5218110084533691, -1.6494016647338867], [0.6635378003120422, -0.747595489025116, -0.028609227389097214, 0.030971050262451172], [-0.3742249608039856, -0.36477503180503845, 0.8525810837745667, 0.8980426788330078], [0.0, 0.0, 0.0, 1.0]]}, "finger4joint2": {"matrix": [[-0.6703293919563293, -0.1573840230703354, -0.7251814007759094, -2.2007291316986084], [0.6455499529838562, -0.6056191325187683, -0.4652854800224304, -0.7116597890853882], [-0.365955114364624, -0.7800354957580566, 0.5075637698173523, 0.5356900691986084], [0.0, 0.0, 0.0, 1.0]]}, "finger4joint3": {"matrix": [[-0.6442463397979736, 0.11552473157644272, -0.7560423612594604, -2.2663681507110596], [0.7003955841064453, -0.3079828917980194, -0.6438884735107422, -0.9642410278320312], [-0.3072330355644226, -0.9443517923355103, 0.11750398576259613, 0.21036624908447266], [0.0, 0.0, 0.0, 1.0]]}}