{"root": {"matrix": [[0.42193150520324707, -0.4117871820926666, -0.8077160120010376, 0.0], [-0.7940011024475098, -0.5978901386260986, -0.10995272547006607, -5.960464477539063e-08], [-0.43764838576316833, 0.6877198815345764, -0.5792281627655029, 0.0], [0.0, 0.0, 0.0, 1.0]]}, "carpals": {"matrix": [[0.802099883556366, -0.5941433310508728, -0.060243964195251465, 0.6419316530227661], [0.5858913660049438, 0.7633804678916931, 0.2719949185848236, -2.368475914001465], [-0.11561492085456848, -0.25346359610557556, 0.9604108929634094, -0.2514585554599762], [0.0, 0.0, 0.0, 1.0]]}, "metacarpals": {"matrix": [[0.09577684104442596, -0.7149794697761536, 0.6925539970397949, 0.0632396936416626], [0.44827669858932495, 0.6521865129470825, 0.6113104224205017, -1.6249477863311768], [-0.888748824596405, 0.2519064247608185, 0.3829730153083801, -0.4983305335044861], [0.0, 0.0, 0.0, 1.0]]}, "finger5joint1": {"matrix": [[-0.16306111216545105, -0.8369937539100647, 0.5223527550697327, -0.6464771032333374], [0.6791083812713623, 0.2888408899307251, 0.6748202443122864, -1.582895278930664], [-0.7156972885131836, 0.4647711217403412, 0.5213107466697693, -0.35617297887802124], [0.0, 0.0, 0.0, 1.0]]}, "finger5joint2": {"matrix": [[0.5619685053825378, -0.7046176195144653, -0.43324920535087585, -1.530570387840271], [0.65668785572052, 0.6985334753990173, -0.2842734754085541, -1.2778007984161377], [0.5029432773590088, -0.12475686520338058, 0.8552680015563965, 0.1347518414258957], [0.0, 0.0, 0.0, 1.0]]}, "finger5joint3": {"matrix": [[0.5167306065559387, -0.49962469935417175, -0.6952439546585083, -2.014878749847412], [0.7336819171905518, 0.6769412755966187, 0.05882713943719864, -0.7976741790771484], [0.4412479102611542, -0.5404859781265259, 0.7163621187210083, 0.049002066254615784], [0.0, 0.0, 0.0, 1.0]]}, "Bone": {"matrix": [[0.6600293517112732, -0.13622066378593445, 0.7387862205505371, -1.0530418157577515], [-0.6244516968727112, 0.4472324848175049, 0.6403458714485168, -0.6067036390304565], [-0.41763749718666077, -0.8839834928512573, 0.21012331545352936, -0.10503464937210083], [0.0, 0.0, 0.0, 1.0]]}, "finger1joint1": {"matrix": [[0.2031092494726181, -0.9087875485420227, 0.36448827385902405, -1.16640305519104], [0.37519416213035583, 0.41606926918029785, 0.8283208012580872, -0.2345222532749176], [-0.9044201374053955, -0.03148583695292473, 0.4254792630672455, -0.8406748175621033], [0.0, 0.0, 0.0, 1.0]]}, "finger1joint2": {"matrix": [[0.10062900930643082, -0.8277530074119568, -0.5519952774047852, -1.680030107498169], [0.09679343551397324, -0.5440346002578735, 0.8334608674049377, 0.0006310790777206421], [-0.9902043342590332, -0.13729988038539886, 0.02537529543042183, -0.8584699034690857], [0.0, 0.0, 0.0, 1.0]]}, "finger1joint3": {"matrix": [[0.07450912892818451, -0.48307377099990845, -0.872403621673584, -2.034874200820923], [0.2005964070558548, -0.8496925830841064, 0.48763027787208557, -0.23258763551712036], [-0.9768364429473877, -0.21133390069007874, 0.033592917025089264, -0.9173281788825989], [0.0, 0.0, 0.0, 1.0]]}, "Bone.001": {"matrix": [[0.6572481989860535, -0.10505630820989609, 0.7463161945343018, -1.0530418157577515], [-0.3561914563179016, 0.8293715715408325, 0.4304300546646118, -0.6067035794258118], [-0.664192795753479, -0.5487309098243713, 0.5076828002929688, -0.1050347089767456], [0.0, 0.0, 0.0, 1.0]]}, "finger2joint1": {"matrix": [[0.27350157499313354, -0.8685640096664429, -0.4132714867591858, -1.1196353435516357], [0.3522375822067261, -0.30936747789382935, 0.8833006620407104, -0.08097851276397705], [-0.8950559496879578, -0.3871539235115051, 0.22132833302021027, -0.45286622643470764], [0.0, 0.0, 0.0, 1.0]]}, "finger2joint2": {"matrix": [[0.2308516800403595, -0.5336371064186096, -0.8135961890220642, -1.87107253074646], [0.23967605829238892, -0.7792282104492188, 0.5791013836860657, -0.3486275374889374], [-0.943007230758667, -0.32868602871894836, -0.05198616907000542, -0.7878119945526123], [0.0, 0.0, 0.0, 1.0]]}, "finger2joint3": {"matrix": [[0.239888995885849, -0.31263402104377747, -0.9190827012062073, -2.0736498832702637], [0.09600937366485596, -0.9344454407691956, 0.34291908144950867, -0.6444353461265564], [-0.9660409092903137, -0.17050302028656006, -0.19414746761322021, -0.9125866293907166], [0.0, 0.0, 0.0, 1.0]]}, "Bone.002": {"matrix": [[0.38601815700531006, -0.4429006576538086, 0.8092150092124939, -1.0530418157577515], [0.31625449657440186, 0.8875831961631775, 0.3349311053752899, -0.6067036390304565], [-0.8665869235992432, 0.12662836909294128, 0.48269256949424744, -0.10503468662500381], [0.0, 0.0, 0.0, 1.0]]}, "finger3joint1": {"matrix": [[0.35562407970428467, -0.13010185956954956, 0.9255295991897583, -1.2397289276123047], [0.05074981227517128, 0.9914909601211548, 0.11987413465976715, -0.2325783371925354], [-0.9332502484321594, 0.004340227227658033, 0.35920068621635437, -0.051659565418958664], [0.0, 0.0, 0.0, 1.0]]}, "finger3joint2": {"matrix": [[0.2944030165672302, -0.7685958743095398, 0.5679675936698914, -1.3538520336151123], [0.20219936966896057, 0.6309469938278198, 0.749013364315033, 0.6371392011642456], [-0.9340461492538452, -0.10566913336515427, 0.3411622643470764, -0.04785238951444626], [0.0, 0.0, 0.0, 1.0]]}, "finger3joint3": {"matrix": [[0.15619759261608124, -0.9716495871543884, 0.17748086154460907, -1.8511950969696045], [0.10441390424966812, 0.1949225664138794, 0.9752448797225952, 1.045412540435791], [-0.9821913838386536, -0.1337994486093521, 0.13190008699893951, -0.11622880399227142], [0.0, 0.0, 0.0, 1.0]]}, "Bone.003": {"matrix": [[0.4654955565929413, -0.07842180877923965, 0.8815690279006958, -1.053041934967041], [0.8479537963867188, 0.3248724341392517, -0.4188459515571594, -0.6067036390304565], [-0.25355082750320435, 0.9425007700920105, 0.21772480010986328, -0.10503467917442322], [0.0, 0.0, 0.0, 1.0]]}, "finger4joint1": {"matrix": [[0.0881611555814743, -0.9958679676055908, -0.021783046424388885, -1.0866549015045166], [0.4492051601409912, 0.020229356363415718, 0.8931992650032043, -0.46745696663856506], [-0.889068067073822, -0.0885305404663086, 0.44913250207901, 0.29893946647644043], [0.0, 0.0, 0.0, 1.0]]}, "finger4joint2": {"matrix": [[0.06487247347831726, -0.5317865610122681, -0.8443899750709534, -2.075909376144409], [0.46671485900878906, -0.7317518591880798, 0.49670499563217163, -0.4473619759082794], [-0.8820251226425171, -0.4263118803501129, 0.20072218775749207, 0.2109968662261963], [0.0, 0.0, 0.0, 1.0]]}, "finger4joint3": {"matrix": [[0.12119854241609573, 0.19552718102931976, -0.9731802344322205, -2.2976980209350586], [0.5186108946800232, -0.8484294414520264, -0.10587571561336517, -0.7525485754013062], [-0.8463764786720276, -0.49187004566192627, -0.20423093438148499, 0.03319801390171051], [0.0, 0.0, 0.0, 1.0]]}}