{"root": {"matrix": [[0.39429327845573425, -0.6884821057319641, -0.608707845211029, 0.0], [-0.8924170136451721, -0.44497179985046387, -0.07477958500385284, 0.0], [-0.21937347948551178, 0.5727062821388245, -0.7898625135421753, 0.0], [0.0, 0.0, 0.0, 1.0]]}, "carpals": {"matrix": [[0.7971563935279846, -0.5401086211204529, -0.26985952258110046, 0.2862212657928467], [0.6024824976921082, 0.7407804131507874, 0.29708391427993774, -2.4453163146972656], [0.0394490621984005, -0.39940810203552246, 0.9159239530563354, 0.15326812863349915], [0.0, 0.0, 0.0, 1.0]]}, "metacarpals": {"matrix": [[0.25764986872673035, -0.6887533068656921, 0.6776690483093262, -0.23984122276306152], [0.4539583921432495, 0.7054092288017273, 0.5443521738052368, -1.7238006591796875], [-0.8529584407806396, 0.16738122701644897, 0.49441397190093994, -0.23575295507907867], [0.0, 0.0, 0.0, 1.0]]}, "finger5joint1": {"matrix": [[0.24715560674667358, -0.7066076397895813, 0.6630381941795349, -0.9568713903427124], [0.5058465003967285, 0.6777141690254211, 0.5336875915527344, -1.6248281002044678], [-0.826458215713501, 0.20349165797233582, 0.5249359011650085, -0.19395451247692108], [0.0, 0.0, 0.0, 1.0]]}, "finger5joint2": {"matrix": [[0.7161797881126404, -0.495663583278656, -0.49132847785949707, -1.7032413482666016], [0.4431121051311493, 0.8668333888053894, -0.22858430445194244, -0.9089773893356323], [0.539201021194458, -0.05400615930557251, 0.8404434323310852, 0.020988069474697113], [0.0, 0.0, 0.0, 1.0]]}, "finger5joint3": {"matrix": [[0.6927379965782166, -0.3895675539970398, -0.6069190502166748, -2.043928623199463], [0.5340099930763245, 0.8426887392997742, 0.06861656159162521, -0.3131723999977112], [0.48471319675445557, -0.3716343343257904, 0.7917957901954651, -0.016132250428199768], [0.0, 0.0, 0.0, 1.0]]}, "Bone": {"matrix": [[0.6604753136634827, 0.028031980618834496, 0.7503242492675781, -1.3151763677597046], [-0.6703022122383118, 0.4722958505153656, 0.5723907947540283, -0.6224609613418579], [-0.3383297026157379, -0.8809941411018372, 0.3307296633720398, 0.025575697422027588], [0.0, 0.0, 0.0, 1.0]]}, "finger1joint1": {"matrix": [[0.36006757616996765, -0.8530064225196838, 0.3777978718280792, -1.2918485403060913], [0.37282660603523254, 0.5027845501899719, 0.779876708984375, -0.2294221818447113], [-0.8551908731460571, -0.13995535671710968, 0.49905991554260254, -0.7075768113136292], [0.0, 0.0, 0.0, 1.0]]}, "finger1joint2": {"matrix": [[0.24493508040905, -0.7384476661682129, -0.6282529830932617, -1.7739492654800415], [0.10755360871553421, -0.6232966780662537, 0.7745534777641296, 0.05474075675010681], [-0.9635553359985352, -0.2572862505912781, -0.07324463874101639, -0.7866765260696411], [0.0, 0.0, 0.0, 1.0]]}, "finger1joint3": {"matrix": [[0.20697644352912903, -0.3275010585784912, -0.9219022393226624, -2.0905096530914307], [0.20823612809181213, -0.9059678316116333, 0.3685915172100067, -0.21245628595352173], [-0.9559280872344971, -0.2682630717754364, -0.11931655555963516, -0.8969709277153015], [0.0, 0.0, 0.0, 1.0]]}, "Bone.001": {"matrix": [[0.714592456817627, 0.04163520783185959, 0.6983007192611694, -1.3151763677597046], [-0.3985324800014496, 0.8446217179298401, 0.3574710786342621, -0.6224609613418579], [-0.5749166011810303, -0.5337417721748352, 0.6201534271240234, 0.025575608015060425], [0.0, 0.0, 0.0, 1.0]]}, "finger2joint1": {"matrix": [[0.42430898547172546, -0.8008852601051331, -0.4225451946258545, -1.2887846231460571], [0.3468405306339264, -0.28730276226997375, 0.8928372263908386, -0.0870690643787384], [-0.836458683013916, -0.5253947973251343, 0.15587428212165833, -0.3127545416355133], [0.0, 0.0, 0.0, 1.0]]}, "finger2joint2": {"matrix": [[0.3873704969882965, -0.5105980634689331, -0.7676154971122742, -1.9816696643829346], [0.23543837666511536, -0.7502257227897644, 0.6178427934646606, -0.33562877774238586], [-0.8913543820381165, -0.4200602173805237, -0.17040103673934937, -0.7672993540763855], [0.0, 0.0, 0.0, 1.0]]}, "finger2joint3": {"matrix": [[0.3932785987854004, -0.0966288223862648, -0.9143273830413818, -2.1755008697509766], [0.0916815772652626, -0.9853835701942444, 0.1435731202363968, -0.6204266548156738], [-0.9148366451263428, -0.14029115438461304, -0.3786713182926178, -0.9267610907554626], [0.0, 0.0, 0.0, 1.0]]}, "Bone.002": {"matrix": [[0.5301514863967896, -0.3834875822067261, 0.7562252283096313, -1.3151763677597046], [0.2976924180984497, 0.9192842245101929, 0.2574789822101593, -0.6224609613418579], [-0.7939260005950928, 0.08861960470676422, 0.6015213131904602, 0.025575630366802216], [0.0, 0.0, 0.0, 1.0]]}, "finger3joint1": {"matrix": [[0.47473782300949097, 0.09360244125127792, 0.8751357197761536, -1.4768202304840088], [-0.0036862834822386503, 0.9945312142372131, -0.10437286645174026, -0.23497343063354492], [-0.8801195621490479, 0.046323660761117935, 0.4724867045879364, 0.0629296749830246], [0.0, 0.0, 0.0, 1.0]]}, "finger3joint2": {"matrix": [[0.4492550492286682, -0.7226892113685608, 0.5252525210380554, -1.3947138786315918], [0.1576695293188095, 0.642829954624176, 0.7496063113212585, 0.6374109983444214], [-0.8793805837631226, -0.2539481818675995, 0.4027406871318817, 0.10356393456459045], [0.0, 0.0, 0.0, 1.0]]}, "finger3joint3": {"matrix": [[0.31811168789863586, -0.9372544288635254, 0.1426854431629181, -1.862351894378662], [0.061063699424266815, 0.17044703662395477, 0.9834727644920349, 1.0533735752105713], [-0.9460846185684204, -0.3041413426399231, 0.11145336180925369, -0.06076093018054962], [0.0, 0.0, 0.0, 1.0]]}, "Bone.003": {"matrix": [[0.563751220703125, -0.18592257797718048, 0.8047468066215515, -1.3151763677597046], [0.8101747632026672, 0.31396517157554626, -0.4950175881385803, -0.6224609613418579], [-0.16062749922275543, 0.9310523867607117, 0.32762813568115234, 0.025575608015060425], [0.0, 0.0, 0.0, 1.0]]}, "finger4joint1": {"matrix": [[0.2502578794956207, -0.9579405784606934, -0.14043036103248596, -1.3948664665222168], [0.45552778244018555, -0.0114875053986907, 0.8901471495628357, -0.4878893494606018], [-0.8543214797973633, -0.2867363393306732, 0.4334937334060669, 0.42464280128479004], [0.0, 0.0, 0.0, 1.0]]}, "finger4joint2": {"matrix": [[0.22547467052936554, -0.3646908104419708, -0.903416633605957, -2.3464455604553223], [0.4722486138343811, -0.7701587677001953, 0.4287611246109009, -0.49930062890052795], [-0.8521396517753601, -0.5233121514320374, -0.0014265592908486724, 0.13981066644191742], [0.0, 0.0, 0.0, 1.0]]}, "finger4joint3": {"matrix": [[0.2682011127471924, 0.7082152366638184, -0.653069019317627, -2.498544454574585], [0.5283114910125732, -0.675001323223114, -0.5150336027145386, -0.8205052614212036], [-0.8055772185325623, -0.20689131319522858, -0.5551944971084595, -0.07844340801239014], [0.0, 0.0, 0.0, 1.0]]}}