{"root": {"matrix": [[0.19166730344295502, -0.9598248600959778, 0.20493879914283752, 0.0], [-0.0967879667878151, -0.2262771725654602, -0.9692423343658447, 0.0], [0.9766758680343628, 0.1659364402294159, -0.13626950979232788, 0.0], [0.0, 0.0, 0.0, 1.0]]}, "carpals": {"matrix": [[-0.5679092407226562, -0.5477188229560852, -0.6143963932991028, -0.529082179069519], [0.7667050957679749, -0.08049705624580383, -0.6369327306747437, -0.3313989043235779], [0.29940319061279297, -0.8327808976173401, 0.46565377712249756, 2.3864686489105225], [0.0, 0.0, 0.0, 1.0]]}, "metacarpals": {"matrix": [[-0.9040823578834534, -0.33853858709335327, -0.2608189880847931, -1.0625569820404053], [0.3459574282169342, -0.22146837413311005, -0.9117373824119568, -0.40980252623558044], [0.25089529156684875, -0.9145179986953735, 0.31734541058540344, 1.5753450393676758], [0.0, 0.0, 0.0, 1.0]]}, "finger5joint1": {"matrix": [[-0.95107501745224, -0.20893138647079468, -0.22760431468486786, -0.9898226261138916], [0.3087685704231262, -0.6168549656867981, -0.7239832282066345, -0.221832275390625], [0.010864160023629665, -0.7588396072387695, 0.6511867046356201, 0.8788884878158569], [0.0, 0.0, 0.0, 1.0]]}, "finger5joint2": {"matrix": [[-0.022299274802207947, -0.9158065319061279, 0.4009994566440582, -1.2105110883712769], [-0.5977862477302551, -0.30928483605384827, -0.7395904660224915, -0.873399019241333], [0.8013448715209961, -0.25620415806770325, -0.5405600666999817, 0.0773472785949707], [0.0, 0.0, 0.0, 1.0]]}, "finger5joint3": {"matrix": [[-0.12974005937576294, -0.9874953031539917, 0.0895548090338707, -1.8399770259857178], [-0.5824208855628967, 0.002800924004986882, -0.8128822445869446, -1.0859814882278442], [0.8024665713310242, -0.15762177109718323, -0.5755015015602112, -0.09875081479549408], [0.0, 0.0, 0.0, 1.0]]}, "Bone": {"matrix": [[0.21565839648246765, -0.8944754004478455, -0.3916696310043335, -1.5911095142364502], [0.348552405834198, 0.44520002603530884, -0.8248078227043152, -0.7555761337280273], [0.9121416807174683, 0.041359513998031616, 0.40778249502182007, 0.1475285142660141], [0.0, 0.0, 0.0, 1.0]]}, "finger1joint1": {"matrix": [[-0.859642505645752, -0.3936077654361725, -0.32571083307266235, -2.3354809284210205], [0.3432977497577667, 0.02712184563279152, -0.9388348460197449, -0.38508620858192444], [0.37836670875549316, -0.9188780784606934, 0.11180943250656128, 0.18194735050201416], [0.0, 0.0, 0.0, 1.0]]}, "finger1joint2": {"matrix": [[-0.7116138935089111, 0.5121546983718872, -0.4809397757053375, -2.5579395294189453], [0.6122207641601562, 0.7878538370132446, -0.06687266379594803, -0.3697575032711029], [0.34466126561164856, -0.34202873706817627, -0.8741994500160217, -0.33738261461257935], [0.0, 0.0, 0.0, 1.0]]}, "finger1joint3": {"matrix": [[-0.7749694585800171, 0.4030136466026306, 0.48682883381843567, -2.3383872509002686], [0.5729824900627136, 0.12300901114940643, 0.8102837800979614, -0.0320175401866436], [0.2666712701320648, 0.9068894386291504, -0.32624784111976624, -0.4840046763420105], [0.0, 0.0, 0.0, 1.0]]}, "Bone.001": {"matrix": [[-0.14744685590267181, -0.9881356954574585, -0.04297633469104767, -1.5911097526550293], [0.37876906991004944, -0.01627332903444767, -0.9253479838371277, -0.7555761337280273], [0.9136701822280884, -0.152717724442482, 0.3766745328903198, 0.1475285142660141], [0.0, 0.0, 0.0, 1.0]]}, "finger2joint1": {"matrix": [[-0.8170521259307861, -0.12496033310890198, -0.5628591179847717, -2.217472791671753], [0.29510244727134705, 0.7480310201644897, -0.5944441556930542, -0.7658915519714355], [0.4953181743621826, -0.6517928838729858, -0.5743044018745422, 0.050723254680633545], [0.0, 0.0, 0.0, 1.0]]}, "finger2joint2": {"matrix": [[-0.7694787383079529, 0.035415541380643845, -0.6376895904541016, -2.3255820274353027], [0.41520512104034424, 0.7864131331443787, -0.4573388993740082, -0.11873330175876617], [0.4852907657623291, -0.6166843771934509, -0.6198329329490662, -0.5131746530532837], [0.0, 0.0, 0.0, 1.0]]}, "finger2joint3": {"matrix": [[-0.700260579586029, 0.2785753309726715, -0.6572903394699097, -2.3121378421783447], [0.541857123374939, 0.8068561553955078, -0.23531606793403625, 0.1798020303249359], [0.46478572487831116, -0.5209399461746216, -0.7159576416015625, -0.747278094291687], [0.0, 0.0, 0.0, 1.0]]}, "Bone.002": {"matrix": [[-0.7939803004264832, -0.6077582240104675, 0.015003384090960026, -1.5911096334457397], [0.27465546131134033, -0.3806103467941284, -0.8830062747001648, -0.7555761337280273], [0.5423649549484253, -0.6969687342643738, 0.4691210091114044, 0.1475284993648529], [0.0, 0.0, 0.0, 1.0]]}, "finger3joint1": {"matrix": [[-0.8661474585533142, -0.4535796642303467, 0.2098904699087143, -1.8472859859466553], [0.3636748194694519, -0.8600535988807678, -0.3578384518623352, -0.9160071611404419], [0.3428255617618561, -0.23360908031463623, 0.9098885655403137, -0.14625079929828644], [0.0, 0.0, 0.0, 1.0]]}, "finger3joint2": {"matrix": [[-0.9344539642333984, -0.13867342472076416, -0.32797154784202576, -2.245157480239868], [0.23671019077301025, 0.4461628794670105, -0.8630799651145935, -1.670430302619934], [0.2660152316093445, -0.8841425180435181, -0.384093314409256, -0.3511683940887451], [0.0, 0.0, 0.0, 1.0]]}, "finger3joint3": {"matrix": [[-0.8717060685157776, 0.3495273292064667, -0.34345167875289917, -2.334890604019165], [0.40031856298446655, 0.9121663570404053, -0.08773559331893921, -1.3817272186279297], [0.28261932730674744, -0.21396972239017487, -0.9350631237030029, -0.9232795834541321], [0.0, 0.0, 0.0, 1.0]]}, "Bone.003": {"matrix": [[-0.8345745205879211, 0.3295650780200958, 0.4414431154727936, -1.5911096334457397], [-0.4877401888370514, -0.814574658870697, -0.31397080421447754, -0.7555761337280273], [0.25611454248428345, -0.47734177112579346, 0.8405652642250061, 0.1475285142660141], [0.0, 0.0, 0.0, 1.0]]}, "finger4joint1": {"matrix": [[-0.5721023082733154, -0.799988329410553, -0.1808791309595108, -1.4498515129089355], [0.4390288293361664, -0.11241596192121506, -0.8914123773574829, -1.1047186851501465], [0.6927860975265503, -0.589390218257904, 0.4155312776565552, -0.05706942081451416], [0.0, 0.0, 0.0, 1.0]]}, "finger4joint2": {"matrix": [[-0.5936763286590576, -0.1870078146457672, -0.7826724052429199, -2.2445271015167236], [0.41904130578041077, 0.7584975361824036, -0.4990847706794739, -1.2163881063461304], [0.6869880557060242, -0.6242667436599731, -0.37193799018859863, -0.6425455808639526], [0.0, 0.0, 0.0, 1.0]]}, "finger4joint3": {"matrix": [[-0.5645632147789001, 0.29309940338134766, -0.7715961933135986, -2.322521209716797], [0.361796110868454, 0.9281102418899536, 0.08783320337533951, -0.9000469446182251], [0.7418704032897949, -0.22957302629947662, -0.6300190687179565, -0.9029040336608887], [0.0, 0.0, 0.0, 1.0]]}}