{"root": {"matrix": [[0.21875637769699097, -0.9081219434738159, 0.3570156693458557, -5.960464477539063e-08], [0.7683718204498291, -0.06520720571279526, -0.6366732120513916, 0.0], [0.6014569997787476, 0.41359710693359375, 0.6835107207298279, 0.0], [0.0, 0.0, 0.0, 1.0]]}, "carpals": {"matrix": [[-0.8320066928863525, -0.23744754493236542, -0.5013813376426697, -0.4343106746673584], [0.5515710115432739, -0.45090800523757935, -0.7017487287521362, 1.7454057931900024], [-0.05944829806685448, -0.8604070544242859, 0.5061277151107788, 1.6881701946258545], [0.0, 0.0, 0.0, 1.0]]}, "metacarpals": {"matrix": [[-0.8554553389549255, -0.3512660264968872, 0.38053664565086365, -0.6655831336975098], [-0.023605624213814735, -0.7075899243354797, -0.7062287926673889, 1.3062241077423096], [0.5173381567001343, -0.6131299734115601, 0.5970197319984436, 0.8501389622688293], [0.0, 0.0, 0.0, 1.0]]}, "finger5joint1": {"matrix": [[-0.7202746272087097, -0.5934407711029053, 0.35921069979667664, -0.8724772334098816], [0.02820020169019699, -0.5424479842185974, -0.8396158218383789, 1.1970857381820679], [0.6931154131889343, -0.5946241021156311, 0.4074466824531555, 0.16387492418289185], [0.0, 0.0, 0.0, 1.0]]}, "finger5joint2": {"matrix": [[0.43563035130500793, -0.5861722230911255, 0.6831015348434448, -1.4993122816085815], [-0.7947396636009216, -0.6067917346954346, -0.013866154477000237, 0.6241129636764526], [0.42262837290763855, -0.5368472933769226, -0.7301915287971497, -0.46421006321907043], [0.0, 0.0, 0.0, 1.0]]}, "finger5joint3": {"matrix": [[0.3407343626022339, -0.7570041418075562, 0.5575340390205383, -1.9022090435028076], [-0.8459421396255493, -0.5056143403053284, -0.1695157289505005, 0.20704372227191925], [0.4102213978767395, -0.41388165950775146, -0.8126621246337891, -0.8332040309906006], [0.0, 0.0, 0.0, 1.0]]}, "Bone": {"matrix": [[0.18145735561847687, -0.9515613913536072, 0.24820151925086975, -1.214007019996643], [0.7526127696037292, -0.02807570807635784, -0.6578643918037415, 0.2014797478914261], [0.6329667568206787, 0.30617403984069824, 0.7110626697540283, -0.1071271151304245], [0.0, 0.0, 0.0, 1.0]]}, "finger1joint1": {"matrix": [[-0.7436656355857849, -0.1662038117647171, 0.6475628018379211, -2.0058844089508057], [0.09071828424930573, -0.9847332835197449, -0.1485607922077179, 0.17811545729637146], [0.6623680591583252, -0.051733676344156265, 0.7473899722099304, 0.14766715466976166], [0.0, 0.0, 0.0, 1.0]]}, "finger1joint2": {"matrix": [[-0.9020358920097351, -0.3859020173549652, -0.19341884553432465, -2.0998194217681885], [0.15131786465644836, 0.13696086406707764, -0.9789506793022156, -0.3784344494342804], [0.40426987409591675, -0.9123163223266602, -0.06514966487884521, 0.11842840909957886], [0.0, 0.0, 0.0, 1.0]]}, "finger1joint3": {"matrix": [[-0.9022184014320374, 0.19792526960372925, -0.3831809163093567, -2.265249252319336], [0.046271536499261856, 0.9277692437171936, 0.37027430534362793, -0.3197215795516968], [0.4287901222705841, 0.31633782386779785, -0.8462086319923401, -0.2726666033267975], [0.0, 0.0, 0.0, 1.0]]}, "Bone.001": {"matrix": [[-0.1232379600405693, -0.8091863989830017, 0.5744819045066833, -1.2140069007873535], [0.6155820488929749, -0.516393780708313, -0.59531170129776, 0.20147976279258728], [0.7783769965171814, 0.28027579188346863, 0.5617599487304688, -0.1071271002292633], [0.0, 0.0, 0.0, 1.0]]}, "finger2joint1": {"matrix": [[-0.8131812214851379, -0.39385437965393066, -0.4285029172897339, -1.726936936378479], [0.08034519106149673, 0.6532307267189026, -0.752883791923523, -0.1258537769317627], [0.5764378905296326, -0.6466591358184814, -0.49955061078071594, 0.0705350935459137], [0.0, 0.0, 0.0, 1.0]]}, "finger2joint2": {"matrix": [[-0.8023730516433716, -0.24795544147491455, -0.5428770184516907, -2.0676796436309814], [0.20831948518753052, 0.7360457181930542, -0.6440802812576294, 0.43928804993629456], [0.559285581111908, -0.6298844814300537, -0.5389292240142822, -0.4889214038848877], [0.0, 0.0, 0.0, 1.0]]}, "finger2joint3": {"matrix": [[-0.773779034614563, -0.01192791573703289, -0.6333431005477905, -2.1618077754974365], [0.34807878732681274, 0.8273444771766663, -0.4408423900604248, 0.7187031507492065], [0.5292512774467468, -0.5615679621696472, -0.6360298991203308, -0.7280359268188477], [0.0, 0.0, 0.0, 1.0]]}, "Bone.002": {"matrix": [[-0.6615718603134155, -0.4253789484500885, 0.6175558567047119, -1.2140069007873535], [0.09045799821615219, -0.8627942204475403, -0.4973965883255005, 0.20147976279258728], [0.7444057464599609, -0.2732006013393402, 0.6092792749404907, -0.1071271151304245], [0.0, 0.0, 0.0, 1.0]]}, "finger3joint1": {"matrix": [[-0.7168645262718201, -0.3345120847225189, 0.6117244958877563, -1.3933085203170776], [0.23400448262691498, -0.941929042339325, -0.2408556491136551, -0.16219669580459595], [0.6567702889442444, -0.02951449528336525, 0.7535127401351929, -0.22228389978408813], [0.0, 0.0, 0.0, 1.0]]}, "finger3joint2": {"matrix": [[-0.7839239835739136, -0.6077574491500854, 0.12686209380626678, -1.6867361068725586], [0.0912855714559555, -0.3149426281452179, -0.9447105526924133, -0.9884394407272339], [0.614109218120575, -0.7290003895759583, 0.3023706376552582, -0.24817344546318054], [0.0, 0.0, 0.0, 1.0]]}, "finger3joint3": {"matrix": [[-0.8232676982879639, -0.4337660074234009, -0.36616554856300354, -2.0800042152404785], [0.2331123799085617, 0.32980847358703613, -0.9148141145706177, -1.192232608795166], [0.5175798535346985, -0.8384946584701538, -0.1704043298959732, -0.7198953032493591], [0.0, 0.0, 0.0, 1.0]]}, "Bone.003": {"matrix": [[-0.3280162811279297, 0.6131551861763, 0.7186417579650879, -1.2140069007873535], [-0.6511451601982117, -0.6978961229324341, 0.2982463240623474, 0.2014797329902649], [0.6844085454940796, -0.3701104521751404, 0.6281743049621582, -0.1071271002292633], [0.0, 0.0, 0.0, 1.0]]}, "finger4joint1": {"matrix": [[-0.5754490494728088, -0.6979128122329712, 0.42635172605514526, -0.9511966109275818], [0.3411156237125397, -0.6786261796951294, -0.6504662036895752, -0.09765201807022095], [0.7433022856712341, -0.22887484729290009, 0.6285838484764099, -0.26576364040374756], [0.0, 0.0, 0.0, 1.0]]}, "finger4joint2": {"matrix": [[-0.5829558968544006, -0.7677753567695618, -0.26586276292800903, -1.6444746255874634], [0.31284549832344055, 0.08988213539123535, -0.9455413818359375, -0.7717714905738831], [0.7498598098754883, -0.634382963180542, 0.1877978891134262, -0.493118554353714], [0.0, 0.0, 0.0, 1.0]]}, "finger4joint3": {"matrix": [[-0.5131644606590271, -0.6200724840164185, -0.5934407711029053, -1.964685320854187], [0.3180896043777466, 0.5047875642776489, -0.8025012016296387, -0.7342850565910339], [0.7971705198287964, -0.6005825400352478, -0.06180029734969139, -0.7576961517333984], [0.0, 0.0, 0.0, 1.0]]}}