{"root": {"matrix": [[0.11428849399089813, -0.9562920331954956, 0.26915356516838074, -5.960464477539063e-08], [-0.18177345395088196, -0.2864845097064972, -0.9406833052635193, -2.9802322387695312e-08], [0.9766762852668762, 0.05858428031206131, -0.20657046139240265, 3.725290298461914e-09], [0.0, 0.0, 0.0, 1.0]]}, "carpals": {"matrix": [[-0.36503979563713074, -0.41948962211608887, -0.8311282396316528, -0.7078337073326111], [0.927992045879364, -0.0923440083861351, -0.3609752058982849, -0.5857340693473816], [0.07467588037252426, -0.9030508399009705, 0.4229922592639923, 2.289295196533203], [0.0, 0.0, 0.0, 1.0]]}, "metacarpals": {"matrix": [[-0.37544679641723633, -0.6387130618095398, -0.6716287136077881, -1.1164140701293945], [0.9095661044120789, -0.11464164406061172, -0.39943283796310425, -0.6756765842437744], [0.17812660336494446, -0.7608565092086792, 0.6239935755729675, 1.4097291231155396], [0.0, 0.0, 0.0, 1.0]]}, "finger5joint1": {"matrix": [[-0.30716732144355774, -0.48075708746910095, -0.8212920427322388, -1.1387437582015991], [0.8153772950172424, 0.31206023693084717, -0.4876249134540558, -0.7363829612731934], [0.49072200059890747, -0.8194452524185181, 0.29614368081092834, 0.6875857710838318], [0.0, 0.0, 0.0, 1.0]]}, "finger5joint2": {"matrix": [[-0.7920807003974915, -0.5223995447158813, 0.31576311588287354, -1.6465541124343872], [-0.5253875851631165, 0.3200892210006714, -0.7883592247962952, -0.40676239132881165], [0.31076616048812866, -0.7903420925140381, -0.527999222278595, -0.17797160148620605], [0.0, 0.0, 0.0, 1.0]]}, "finger5joint3": {"matrix": [[-0.8535677790641785, -0.48886874318122864, 0.1800798624753952, -2.00561785697937], [-0.4490082859992981, 0.5150012373924255, -0.7301812767982483, -0.18675383925437927], [0.2642214894294739, -0.7041165232658386, -0.659095048904419, -0.7212013602256775], [0.0, 0.0, 0.0, 1.0]]}, "Bone": {"matrix": [[0.6275395154953003, -0.3645017147064209, -0.6879915595054626, -2.1136224269866943], [0.2871254086494446, 0.9297052621841431, -0.2306664139032364, -0.8546640276908875], [0.7237076759338379, -0.05278734117746353, 0.6880845427513123, 0.22182080149650574], [0.0, 0.0, 0.0, 1.0]]}, "finger1joint1": {"matrix": [[-0.3077560365200043, -0.4163566529750824, -0.855530858039856, -2.4169561862945557], [0.9063173532485962, 0.14541222155094147, -0.39679211378097534, -0.08097480982542038], [0.28961190581321716, -0.8974975943565369, 0.33259981870651245, 0.17789176106452942], [0.0, 0.0, 0.0, 1.0]]}, "finger1joint2": {"matrix": [[-0.02428094670176506, 0.9025867581367493, -0.42982247471809387, -2.6522719860076904], [0.9809985160827637, 0.10429707169532776, 0.16359683871269226, 0.001209024339914322], [0.19248975813388824, -0.4176830053329468, -0.8879686594009399, -0.3293544054031372], [0.0, 0.0, 0.0, 1.0]]}, "finger1joint3": {"matrix": [[-0.10078231990337372, 0.19878003001213074, 0.9748482704162598, -2.265347957611084], [0.9880327582359314, -0.0950002670288086, 0.12151671200990677, 0.04591946303844452], [0.11676616221666336, 0.9754287004470825, -0.1868268996477127, -0.50840824842453], [0.0, 0.0, 0.0, 1.0]]}, "Bone.001": {"matrix": [[0.3814442753791809, -0.7745888233184814, -0.5044919848442078, -2.1136224269866943], [0.5553896427154541, 0.6283083558082581, -0.5447666049003601, -0.8546640276908875], [0.738946795463562, -0.07239134609699249, 0.669863224029541, 0.22182080149650574], [0.0, 0.0, 0.0, 1.0]]}, "finger2joint1": {"matrix": [[-0.20395854115486145, -0.07484684139490128, -0.97611403465271, -2.604621648788452], [0.7021955251693726, 0.6835678815841675, -0.19913829863071442, -0.4563896656036377], [0.6821452975273132, -0.7260388135910034, -0.08686234802007675, 0.17593315243721008], [0.0, 0.0, 0.0, 1.0]]}, "finger2joint2": {"matrix": [[-0.11880968511104584, 0.46549758315086365, -0.8770381808280945, -2.669375419616699], [0.7765202522277832, 0.5940331220626831, 0.21009677648544312, 0.1349983513355255], [0.6187896132469177, -0.6560763120651245, -0.4320450723171234, -0.4521986246109009], [0.0, 0.0, 0.0, 1.0]]}, "finger2joint3": {"matrix": [[0.014210089109838009, 0.6614483594894409, -0.7498558759689331, -2.4926648139953613], [0.8176300525665283, 0.4239937961101532, 0.389499694108963, 0.36050310730934143], [0.575568437576294, -0.6186395287513733, -0.5347949862480164, -0.7012560367584229], [0.0, 0.0, 0.0, 1.0]]}, "Bone.002": {"matrix": [[-0.2587939500808716, -0.874547004699707, -0.4101133644580841, -2.1136224269866943], [0.8446836471557617, 0.0010521666845306754, -0.5352646708488464, -0.8546640276908875], [0.46854591369628906, -0.48493921756744385, 0.7384432554244995, 0.22182080149650574], [0.0, 0.0, 0.0, 1.0]]}, "finger3joint1": {"matrix": [[-0.311224102973938, -0.5850399732589722, -0.7489109039306641, -2.482253074645996], [0.9152371883392334, 0.027675507590174675, -0.40196385979652405, -0.8542205095291138], [0.2558917701244354, -0.8105318546295166, 0.5268370509147644, 0.01741403341293335], [0.0, 0.0, 0.0, 1.0]]}, "finger3joint2": {"matrix": [[-0.3705269992351532, 0.7358758449554443, -0.5667418837547302, -2.995439052581787], [0.9229947924613953, 0.3599548935890198, -0.13606268167495728, -0.8299441337585449], [0.10387662053108215, -0.5735146403312683, -0.8125824928283691, -0.6935694813728333], [0.0, 0.0, 0.0, 1.0]]}, "finger3joint3": {"matrix": [[-0.23297187685966492, 0.9574543237686157, 0.17030933499336243, -2.519268274307251], [0.9494370222091675, 0.1860353648662567, 0.252903550863266, -0.5970243811607361], [0.210460364818573, 0.22061724960803986, -0.9523833990097046, -1.064679503440857], [0.0, 0.0, 0.0, 1.0]]}, "Bone.003": {"matrix": [[-0.8433598875999451, -0.39948487281799316, 0.35938242077827454, -2.1136226654052734], [0.2763018310070038, -0.8960096836090088, -0.3475973308086395, -0.8546640872955322], [0.4608701467514038, -0.1938517987728119, 0.8660370111465454, 0.22182080149650574], [0.0, 0.0, 0.0, 1.0]]}, "finger4joint1": {"matrix": [[-0.44750773906707764, -0.5097373127937317, -0.7347817420959473, -2.2848494052886963], [0.8917489647865295, -0.19258421659469604, -0.40950557589530945, -1.2387111186981201], [0.06723322719335556, -0.8384979367256165, 0.5407407879829407, 0.1387321949005127], [0.0, 0.0, 0.0, 1.0]]}, "finger4joint2": {"matrix": [[-0.4731801748275757, 0.5585196018218994, -0.6812899112701416, -2.791201591491699], [0.8790259957313538, 0.3506155014038086, -0.32308149337768555, -1.4300163984298706], [0.05842379108071327, -0.7517474889755249, -0.6568576693534851, -0.6941972374916077], [0.0, 0.0, 0.0, 1.0]]}, "finger4joint3": {"matrix": [[-0.507952868938446, 0.8607179522514343, -0.033883046358823776, -2.5582640171051025], [0.8514703512191772, 0.5076688528060913, 0.1314162164926529, -1.283787727355957], [0.13031399250030518, 0.0379028245806694, -0.9907478094100952, -1.007723331451416], [0.0, 0.0, 0.0, 1.0]]}}