{"root": {"matrix": [[0.4631495475769043, -0.718090295791626, 0.5194600820541382, -5.960464477539063e-08], [0.4747435450553894, -0.29392409324645996, -0.829594612121582, 0.0], [0.7484056949615479, 0.6308366656303406, 0.20477788150310516, 0.0], [0.0, 0.0, 0.0, 1.0]]}, "carpals": {"matrix": [[-0.7324970364570618, -0.5066810250282288, -0.4546670615673065, 0.286121129989624], [0.635979413986206, -0.27105796337127686, -0.7225355505943298, 0.8791907429695129], [0.2428540736436844, -0.818414032459259, 0.5207878351211548, 2.2869505882263184], [0.0, 0.0, 0.0, 1.0]]}, "metacarpals": {"matrix": [[-0.8415118455886841, -0.5376826524734497, 0.05248668044805527, -0.20738321542739868], [0.20337507128715515, -0.40529951453208923, -0.8912748098373413, 0.6151819229125977], [0.500495970249176, -0.7393438220024109, 0.4504155218601227, 1.4898204803466797], [0.0, 0.0, 0.0, 1.0]]}, "finger5joint1": {"matrix": [[-0.695034384727478, -0.7187700867652893, -0.017217813059687614, -0.3881570100784302], [0.16219744086265564, -0.13342085480690002, -0.9776966571807861, 0.7148460745811462], [0.7004420757293701, -0.6823253631591797, 0.20931465923786163, 0.7947933673858643], [0.0, 0.0, 0.0, 1.0]]}, "finger5joint2": {"matrix": [[0.0028669959865510464, -0.9453492164611816, 0.32604584097862244, -1.1473740339279175], [-0.9757554531097412, -0.07399838417768478, -0.205973818898201, 0.5739172697067261], [0.21884401142597198, -0.31755030155181885, -0.922642171382904, 0.07407200336456299], [0.0, 0.0, 0.0, 1.0]]}, "finger5joint3": {"matrix": [[-0.10335348546504974, -0.9945257902145386, 0.015356439165771008, -1.7971456050872803], [-0.9655762314796448, 0.09661591798067093, -0.24151095747947693, 0.5230556726455688], [0.23870518803596497, -0.039788540452718735, -0.9702762961387634, -0.14419147372245789], [0.0, 0.0, 0.0, 1.0]]}, "Bone": {"matrix": [[0.3948582708835602, -0.9166929721832275, -0.06132488325238228, -1.0468549728393555], [0.5057563781738281, 0.2726047933101654, -0.8184723258018494, -0.017603188753128052], [0.7670052647590637, 0.2921653091907501, 0.5712634921073914, 0.33549946546554565], [0.0, 0.0, 0.0, 1.0]]}, "finger1joint1": {"matrix": [[-0.6355761885643005, -0.6350924372673035, -0.4389764368534088, -1.8097156286239624], [0.20736654102802277, 0.4072682857513428, -0.8894557356834412, 0.2092551738023758], [0.7436679005622864, -0.656345784664154, -0.12715306878089905, 0.5786358118057251], [0.0, 0.0, 0.0, 1.0]]}, "finger1joint2": {"matrix": [[-0.45891764760017395, -0.1730612814426422, -0.8714609742164612, -2.168656349182129], [0.46013444662094116, 0.7927680015563965, -0.39974385499954224, 0.43943434953689575], [0.760046660900116, -0.5844386219978333, -0.28418365120887756, 0.20768339931964874], [0.0, 0.0, 0.0, 1.0]]}, "finger1joint3": {"matrix": [[-0.5381540656089783, 0.2107255607843399, -0.8160789012908936, -2.242844581604004], [0.3878898322582245, 0.9215331673622131, -0.017833782359957695, 0.7792810201644897], [0.7482858896255493, -0.3261459767818451, -0.5776649117469788, -0.04285581409931183], [0.0, 0.0, 0.0, 1.0]]}, "Bone.001": {"matrix": [[0.05129483714699745, -0.9599257111549377, 0.27551981806755066, -1.0468549728393555], [0.4678950905799866, -0.2206312119960785, -0.8558012843132019, -0.017603158950805664], [0.8822939991950989, 0.17281265556812286, 0.4378271996974945, 0.33549946546554565], [0.0, 0.0, 0.0, 1.0]]}, "finger2joint1": {"matrix": [[-0.580191969871521, -0.7722058892250061, 0.2589883506298065, -1.6553361415863037], [0.32301414012908936, -0.5100598931312561, -0.7971829175949097, -0.15745773911476135], [0.7476890087127686, -0.378862202167511, 0.5453660488128662, 0.44504258036613464], [0.0, 0.0, 0.0, 1.0]]}, "finger2joint2": {"matrix": [[-0.6690874099731445, -0.381062388420105, -0.6380541920661926, -2.32340931892395], [0.34784701466560364, 0.5981213450431824, -0.7219786643981934, -0.5987354516983032], [0.6567529439926147, -0.7050119638442993, -0.2676439881324768, 0.11727035045623779], [0.0, 0.0, 0.0, 1.0]]}, "finger2joint3": {"matrix": [[-0.6486724019050598, 0.5808819532394409, -0.49173152446746826, -2.468066930770874], [0.47726455330848694, 0.8137534856796265, 0.3316981792449951, -0.37167879939079285], [0.5928258895874023, -0.01952264830470085, -0.8050937056541443, -0.1503637731075287], [0.0, 0.0, 0.0, 1.0]]}, "Bone.002": {"matrix": [[-0.6368948817253113, -0.6881623268127441, 0.34755900502204895, -1.046855092048645], [0.19494175910949707, -0.5799193978309631, -0.7910064458847046, -0.017603173851966858], [0.7458971738815308, -0.43603405356407166, 0.5034991502761841, 0.33549946546554565], [0.0, 0.0, 0.0, 1.0]]}, "finger3joint1": {"matrix": [[-0.7828355431556702, -0.5002186894416809, 0.3700670599937439, -1.3369224071502686], [0.24042105674743652, -0.7917207479476929, -0.561583399772644, -0.2620450258255005], [0.5739045739173889, -0.3506554663181305, 0.7400500774383545, 0.1517067402601242], [0.0, 0.0, 0.0, 1.0]]}, "finger3joint2": {"matrix": [[-0.8658420443534851, -0.5002451539039612, 0.008492092601954937, -1.775705099105835], [0.13380979001522064, -0.2478908896446228, -0.9595025777816772, -0.9565279483795166], [0.48209184408187866, -0.8296411633491516, 0.28157198429107666, -0.15588176250457764], [0.0, 0.0, 0.0, 1.0]]}, "finger3joint3": {"matrix": [[-0.8786771297454834, -0.3739089369773865, -0.2968473732471466, -2.0994038581848145], [0.28079208731651306, 0.09811665117740631, -0.9547402262687683, -1.1169331073760986], [0.3861118257045746, -0.9222607612609863, 0.01877778396010399, -0.6927261352539062], [0.0, 0.0, 0.0, 1.0]]}, "Bone.003": {"matrix": [[-0.5920469164848328, 0.34344837069511414, 0.7290565967559814, -1.046855092048645], [-0.5939472913742065, -0.7973989248275757, -0.10668500512838364, -0.017603158950805664], [0.5447081327438354, -0.4961837828159332, 0.6760876774787903, 0.33549946546554565], [0.0, 0.0, 0.0, 1.0]]}, "finger4joint1": {"matrix": [[-0.6501383781433105, -0.7579687237739563, 0.05294400826096535, -0.8996464014053345], [0.31148430705070496, -0.32943031191825867, -0.8913208842277527, -0.35938379168510437], [0.6930349469184875, -0.562990665435791, 0.4502706527709961, 0.12282544374465942], [0.0, 0.0, 0.0, 1.0]]}, "finger4joint2": {"matrix": [[-0.6661989092826843, -0.7081412076950073, -0.2339111864566803, -1.6525814533233643], [0.28658121824264526, 0.046482350677251816, -0.9569275975227356, -0.6866263747215271], [0.6885128021240234, -0.7045386433601379, 0.17197352647781372, -0.4364263713359833], [0.0, 0.0, 0.0, 1.0]]}, "finger4joint3": {"matrix": [[-0.6015349626541138, -0.6628418564796448, -0.4458651840686798, -1.947920799255371], [0.2956932485103607, 0.33374252915382385, -0.8950872421264648, -0.6672403216362], [0.7421056628227234, -0.6702656149864197, -0.0047598714008927345, -0.7302632331848145], [0.0, 0.0, 0.0, 1.0]]}}