{"root": {"matrix": [[0.5091407299041748, -0.5497422814369202, 0.6622379422187805, 0.0], [0.8381944298744202, 0.1419651061296463, -0.5265700817108154, 0.0], [0.19546322524547577, 0.8231824636459351, 0.5330711007118225, 0.0], [0.0, 0.0, 0.0, 1.0]]}, "carpals": {"matrix": [[-0.6041945219039917, -0.6950328946113586, -0.38971519470214844, 0.5388587713241577], [0.7939913272857666, -0.48382604122161865, -0.36808955669403076, 2.09371280670166], [0.06728003174066544, -0.5318281650543213, 0.8441752791404724, 1.1878480911254883], [0.0, 0.0, 0.0, 1.0]]}, "metacarpals": {"matrix": [[-0.7988724708557129, -0.5996764302253723, 0.046804316341876984, -0.13809895515441895], [0.46572592854499817, -0.6659142971038818, -0.5828012824058533, 1.622469186782837], [0.38065993785858154, -0.4437859058380127, 0.8112655878067017, 0.6698506474494934], [0.0, 0.0, 0.0, 1.0]]}, "finger5joint1": {"matrix": [[-0.6602309942245483, -0.742814838886261, 0.11099904775619507, -0.35939496755599976], [0.5782276391983032, -0.5970340967178345, -0.5560601949691772, 1.4004789590835571], [0.47932013869285583, -0.30294543504714966, 0.8236965537071228, 0.01607459783554077], [0.0, 0.0, 0.0, 1.0]]}, "finger5joint2": {"matrix": [[0.2549726366996765, -0.9538289308547974, 0.15874037146568298, -1.1440098285675049], [-0.5059821009635925, -0.2715074419975281, -0.8186973929405212, 0.7698484063148499], [0.8239967226982117, 0.12842583656311035, -0.5518475770950317, -0.3039182722568512], [0.0, 0.0, 0.0, 1.0]]}, "finger5joint3": {"matrix": [[0.1556863635778427, -0.987617015838623, -0.019329704344272614, -1.799609899520874], [-0.4832755923271179, -0.059086874127388, -0.8734717965126038, 0.5832318067550659], [0.8615137338638306, 0.14532943069934845, -0.486490398645401, -0.2156466841697693], [0.0, 0.0, 0.0, 1.0]]}, "Bone": {"matrix": [[0.4629499614238739, -0.884610652923584, -0.05604524165391922, -1.0743603706359863], [0.7767336964607239, 0.43533122539520264, -0.4551607072353363, 0.5827921032905579], [0.4270382523536682, 0.1671845018863678, 0.8886435627937317, -0.023022353649139404], [0.0, 0.0, 0.0, 1.0]]}, "finger1joint1": {"matrix": [[-0.7130267024040222, -0.6457036733627319, -0.2732387185096741, -1.8105225563049316], [0.5360753536224365, -0.25088614225387573, -0.8060267567634583, 0.9450693726539612], [0.45190271735191345, -0.7211952209472656, 0.5250344276428223, 0.1161065399646759], [0.0, 0.0, 0.0, 1.0]]}, "finger1joint2": {"matrix": [[-0.5829229354858398, -0.13794714212417603, -0.8007316589355469, -2.17546010017395], [0.7609317898750305, 0.2528960108757019, -0.5975167751312256, 0.8032739758491516], [0.284927636384964, -0.9576085209846497, -0.0424504317343235, -0.2914973497390747], [0.0, 0.0, 0.0, 1.0]]}, "finger1joint3": {"matrix": [[-0.6555631160736084, 0.18771496415138245, -0.7314368486404419, -2.234595775604248], [0.6867144107818604, 0.5510913133621216, -0.47404810786247253, 0.9116863012313843], [0.3141026794910431, -0.8130567669868469, -0.49018168449401855, -0.7020084261894226], [0.0, 0.0, 0.0, 1.0]]}, "Bone.001": {"matrix": [[0.12634272873401642, -0.9546006917953491, 0.269767701625824, -1.0743603706359863], [0.8187767863273621, -0.053178612142801285, -0.5716435313224792, 0.5827921032905579], [0.5600372552871704, 0.2931026518344879, 0.7748863101005554, -0.023022353649139404], [0.0, 0.0, 0.0, 1.0]]}, "finger2joint1": {"matrix": [[-0.6980507373809814, -0.7000770568847656, -0.1503891497850418, -1.6794660091400146], [0.5676836371421814, -0.41306447982788086, -0.7121185064315796, 0.5490830540657043], [0.43641749024391174, -0.5824683308601379, 0.6857624053955078, 0.16277062892913818], [0.0, 0.0, 0.0, 1.0]]}, "finger2joint2": {"matrix": [[-0.7416024208068848, -0.27328765392303467, -0.6126495003700256, -2.285137176513672], [0.5913731455802917, 0.16482748091220856, -0.7893728613853455, 0.19172072410583496], [0.31670743227005005, -0.9477053284645081, 0.03937864676117897, -0.34115126729011536], [0.0, 0.0, 0.0, 1.0]]}, "finger2joint3": {"matrix": [[-0.710325300693512, 0.44126778841018677, -0.54837965965271, -2.3888814449310303], [0.674527108669281, 0.6493624448776245, -0.351199746131897, 0.25429201126098633], [0.20112410187721252, -0.6193632483482361, -0.7589057683944702, -0.7009156942367554], [0.0, 0.0, 0.0, 1.0]]}, "Bone.002": {"matrix": [[-0.5793088674545288, -0.736915111541748, 0.34836333990097046, -1.0743604898452759], [0.5586861968040466, -0.6701763868331909, -0.4886033236980438, 0.5827921032905579], [0.5935242176055908, -0.08842634409666061, 0.7999435067176819, -0.023022353649139404], [0.0, 0.0, 0.0, 1.0]]}, "finger3joint1": {"matrix": [[-0.7341800928115845, -0.37208086252212524, 0.5679217576980591, -1.3849775791168213], [0.5286776423454285, -0.8381246328353882, 0.13433919847011566, 0.3003060221672058], [0.4260043799877167, 0.39887675642967224, 0.8120452761650085, -0.060294926166534424], [0.0, 0.0, 0.0, 1.0]]}, "finger3joint2": {"matrix": [[-0.8052496910095215, -0.547257125377655, 0.2282152622938156, -1.711359977722168], [0.38388583064079285, -0.7745152115821838, -0.5027502775192261, -0.43488138914108276], [0.4518900215625763, -0.31723088026046753, 0.833762526512146, 0.2895923852920532], [0.0, 0.0, 0.0, 1.0]]}, "finger3joint3": {"matrix": [[-0.8583054542541504, -0.47837117314338684, -0.18566767871379852, -2.065479278564453], [0.4240570068359375, -0.4575025737285614, -0.781579852104187, -0.9360549449920654], [0.28894197940826416, -0.7495679259300232, 0.5955336689949036, 0.08431853353977203], [0.0, 0.0, 0.0, 1.0]]}, "Bone.003": {"matrix": [[-0.5782467126846313, 0.2794203758239746, 0.7665212154388428, -1.0743603706359863], [-0.2347567081451416, -0.9567737579345703, 0.17167769372463226, 0.5827921032905579], [0.7813577055931091, -0.08067392557859421, 0.618847131729126, -0.023022349923849106], [0.0, 0.0, 0.0, 1.0]]}, "finger4joint1": {"matrix": [[-0.6809245347976685, -0.7298693060874939, 0.06026671454310417, -0.9545953869819641], [0.577838659286499, -0.5859959125518799, -0.5680766105651855, 0.17270028591156006], [0.4499378800392151, -0.3519929051399231, 0.8207659125328064, -0.05760073661804199], [0.0, 0.0, 0.0, 1.0]]}, "finger4joint2": {"matrix": [[-0.6961857080459595, -0.6781603097915649, -0.23542183637619019, -1.6796176433563232], [0.5531765222549438, -0.2977915406227112, -0.7780203223228455, -0.40940403938293457], [0.45751601457595825, -0.6718766093254089, 0.5824608206748962, -0.4072560667991638], [0.0, 0.0, 0.0, 1.0]]}, "finger4joint3": {"matrix": [[-0.633884847164154, -0.6260104775428772, -0.45420289039611816, -1.9624531269073486], [0.5873381495475769, -0.007532259449362755, -0.8093063831329346, -0.5336018204689026], [0.5032132267951965, -0.7797779440879822, 0.37245461344718933, -0.6874708533287048], [0.0, 0.0, 0.0, 1.0]]}}