{"root": {"matrix": [[0.447818398475647, -0.0748797133564949, 0.8909835815429688, -7.450580596923828e-09], [0.6594815254211426, 0.7005572319030762, -0.2725868821144104, 5.960464477539063e-08], [-0.6037737131118774, 0.7096567153930664, 0.3631041944026947, 0.0], [0.0, 0.0, 0.0, 1.0]]}, "carpals": {"matrix": [[-0.7104094624519348, -0.5641403198242188, 0.4207893908023834, 0.8392661213874817], [0.4521029591560364, -0.8240182399749756, -0.34146252274513245, 2.2077629566192627], [0.5393709540367126, -0.05233819782733917, 0.840440034866333, -0.7116174697875977], [0.0, 0.0, 0.0, 1.0]]}, "metacarpals": {"matrix": [[0.024928927421569824, -0.7160248160362244, 0.6976293921470642, 0.2897968292236328], [-0.2745964825153351, -0.6759081482887268, -0.6839186549186707, 1.4051743745803833], [0.9612362384796143, -0.17451734840869904, -0.21346759796142578, -0.7625946998596191], [0.0, 0.0, 0.0, 1.0]]}, "finger5joint1": {"matrix": [[0.07905413210391998, -0.9967900514602661, 0.01263826247304678, -0.41017282009124756], [-0.47324851155281067, -0.048684753477573395, -0.8795824646949768, 1.3489785194396973], [0.877374529838562, 0.06355349719524384, -0.47557833790779114, -0.9430365562438965], [0.0, 0.0, 0.0, 1.0]]}, "finger5joint2": {"matrix": [[-0.103814497590065, -0.8357017040252686, -0.5392813682556152, -1.4630544185638428], [-0.9105364680290222, -0.13830462098121643, 0.38960835337638855, 1.2975541353225708], [-0.40018177032470703, 0.5314823985099792, -0.7465792894363403, -0.8759068250656128], [0.0, 0.0, 0.0, 1.0]]}, "finger5joint3": {"matrix": [[-0.15153051912784576, -0.3368638753890991, -0.9292795062065125, -2.037461757659912], [-0.9395340085029602, -0.2430078685283661, 0.241293266415596, 1.2024924755096436], [-0.30710548162460327, 0.90965336561203, -0.279672235250473, -0.5106003284454346], [0.0, 0.0, 0.0, 1.0]]}, "Bone": {"matrix": [[0.6496856808662415, -0.20614449679851532, 0.7317189574241638, -0.8281166553497314], [0.6807703971862793, -0.2705955505371094, -0.6806830763816833, 0.34989404678344727], [0.3383190929889679, 0.940362811088562, -0.03546498343348503, -1.0350645780563354], [0.0, 0.0, 0.0, 1.0]]}, "finger1joint1": {"matrix": [[0.20734398066997528, -0.8229241967201233, 0.5289649367332458, -0.9996675848960876], [-0.16760961711406708, -0.562603771686554, -0.8095577359199524, 0.12470775842666626], [0.9638025164604187, 0.07919728010892868, -0.25458258390426636, -0.252506285905838], [0.0, 0.0, 0.0, 1.0]]}, "finger1joint2": {"matrix": [[0.052868377417325974, -0.9981602430343628, -0.029678286984562874, -1.464766502380371], [0.09811083227396011, 0.03476819396018982, -0.99456787109375, -0.1932637244462967], [0.993770182132721, 0.04966941475868225, 0.09976840764284134, -0.20774570107460022], [0.0, 0.0, 0.0, 1.0]]}, "finger1joint3": {"matrix": [[0.08617471158504486, -0.8433111906051636, -0.5304713249206543, -1.892661452293396], [-0.004458391107618809, 0.5321204662322998, -0.8466567993164062, -0.17835915088653564], [0.9962701201438904, 0.07532548904418945, 0.04209544509649277, -0.18645325303077698], [0.0, 0.0, 0.0, 1.0]]}, "Bone.001": {"matrix": [[0.6231022477149963, -0.1645973026752472, 0.7646247148513794, -0.8281166553497314], [0.46377232670783997, -0.7094510793685913, -0.5306543707847595, 0.34989404678344727], [0.6298083066940308, 0.6852638125419617, -0.36572495102882385, -1.0350645780563354], [0.0, 0.0, 0.0, 1.0]]}, "finger2joint1": {"matrix": [[0.4223194122314453, -0.6425403356552124, 0.6393651962280273, -0.9324521422386169], [0.014436066150665283, -0.7004958391189575, -0.713510274887085, -0.09981536865234375], [0.9063319563865662, 0.31055909395217896, -0.28655731678009033, -0.6006871461868286], [0.0, 0.0, 0.0, 1.0]]}, "finger2joint2": {"matrix": [[0.3015829920768738, -0.7822036743164062, 0.5451648235321045, -1.4883452653884888], [0.01690533198416233, -0.5673102736473083, -0.8233304023742676, -0.7058486342430115], [0.9532899856567383, 0.25751855969429016, -0.15786777436733246, -0.3320072591304779], [0.0, 0.0, 0.0, 1.0]]}, "finger2joint3": {"matrix": [[0.15994951128959656, -0.9242914915084839, 0.34655576944351196, -1.7852827310562134], [0.02522364631295204, -0.3471340239048004, -0.9374760985374451, -0.9212088584899902], [0.9868027567863464, 0.1586901694536209, -0.03220996633172035, -0.23424898087978363], [0.0, 0.0, 0.0, 1.0]]}, "Bone.002": {"matrix": [[0.31974390149116516, -0.45963746309280396, 0.8285511136054993, -0.8281166553497314], [-0.1539643555879593, -0.8880388736724854, -0.4332225024700165, 0.34989404678344727], [0.9349110722541809, 0.010952788405120373, -0.3547128438949585, -1.035064697265625], [0.0, 0.0, 0.0, 1.0]]}, "finger3joint1": {"matrix": [[0.09918512403964996, -0.7623287439346313, 0.6395443081855774, -1.0218584537506104], [-0.20717604458332062, -0.6444492936134338, -0.7360454797744751, -0.02442324161529541], [0.9732627868652344, -0.05949367582798004, -0.22185607254505157, -1.0304479598999023], [0.0, 0.0, 0.0, 1.0]]}, "finger3joint2": {"matrix": [[-0.04748935252428055, -0.8925800919532776, -0.4483807384967804, -1.6905591487884521], [-0.27776026725769043, 0.442983478307724, -0.8524169921875, -0.5897222757339478], [0.9594758749008179, 0.08406157046556473, -0.26896050572395325, -1.082634687423706], [0.0, 0.0, 0.0, 1.0]]}, "finger3joint3": {"matrix": [[-0.015636736527085304, 0.2268459051847458, -0.9738050103187561, -2.26813006401062], [-0.10813343524932861, 0.9678282737731934, 0.227190300822258, -0.3030763864517212], [0.9940133690834045, 0.10885357111692429, 0.009395849891006947, -1.0282400846481323], [0.0, 0.0, 0.0, 1.0]]}, "Bone.003": {"matrix": [[0.4230520725250244, -0.02682591788470745, 0.9057081341743469, -0.8281166553497314], [-0.7927568554878235, -0.49503880739212036, 0.35563045740127563, 0.34989404678344727], [0.4388205111026764, -0.8684566617012024, -0.23069354891777039, -1.0350645780563354], [0.0, 0.0, 0.0, 1.0]]}, "finger4joint1": {"matrix": [[0.27228009700775146, -0.6176599860191345, 0.7378070950508118, -0.8396148085594177], [-0.008978646248579025, -0.7683748006820679, -0.6399368047714233, 0.1377108097076416], [0.9621760249137878, 0.16761744022369385, -0.2147589772939682, -1.4073020219802856], [0.0, 0.0, 0.0, 1.0]]}, "finger4joint2": {"matrix": [[0.27224621176719666, -0.9620130658149719, 0.02030765265226364, -1.4531729221343994], [-0.038945458829402924, -0.0321037657558918, -0.9987252354621887, -0.6255612373352051], [0.9614389538764954, 0.2711082398891449, -0.046206310391426086, -1.240797758102417], [0.0, 0.0, 0.0, 1.0]]}, "finger4joint3": {"matrix": [[0.35094591975212097, -0.9017779231071472, -0.252255916595459, -1.8543928861618042], [-0.021527839824557304, 0.2615493834018707, -0.9649497270584106, -0.638950526714325], [0.9361480474472046, 0.3440757691860199, 0.07237622886896133, -1.1277285814285278], [0.0, 0.0, 0.0, 1.0]]}}