{"root": {"matrix": [[0.1083749309182167, -0.8907573223114014, 0.4413686692714691, 0.0], [0.5386006832122803, -0.32056179642677307, -0.7791979312896729, 0.0], [0.8355622291564941, 0.32216697931289673, 0.4450215697288513, -2.9802322387695312e-08], [0.0, 0.0, 0.0, 1.0]]}, "carpals": {"matrix": [[-0.9130384922027588, 0.05332149565219879, -0.40437278151512146, -0.676422119140625], [0.36975011229515076, -0.3103088438510895, -0.8757814764976501, 0.9918626546859741], [-0.17217832803726196, -0.9491390585899353, 0.26360824704170227, 2.154912233352661], [0.0, 0.0, 0.0, 1.0]]}, "metacarpals": {"matrix": [[-0.8277227282524109, -0.3185563385486603, 0.46194887161254883, -0.6244874000549316], [-0.21685121953487396, -0.5776887536048889, -0.7869250774383545, 0.6896237134933472], [0.5175426602363586, -0.7515299320220947, 0.4090867042541504, 1.2304565906524658], [0.0, 0.0, 0.0, 1.0]]}, "finger5joint1": {"matrix": [[-0.8347313404083252, -0.43048328161239624, 0.34337663650512695, -0.8510714173316956], [-0.46750348806381226, 0.22451873123645782, -0.8550038933753967, 0.7217198610305786], [0.29097044467926025, -0.8742282390594482, -0.3886653184890747, 0.5424855947494507], [0.0, 0.0, 0.0, 1.0]]}, "finger5joint2": {"matrix": [[0.23715315759181976, -0.7594653367996216, 0.6057806611061096, -1.305779218673706], [-0.846344530582428, 0.14461134374141693, 0.5126286149024963, 0.9588726758956909], [-0.4769265651702881, -0.6342704892158508, -0.6084744930267334, -0.38093751668930054], [0.0, 0.0, 0.0, 1.0]]}, "finger5joint3": {"matrix": [[0.13150529563426971, -0.8802684545516968, 0.45588740706443787, -1.8277863264083862], [-0.8560812473297119, 0.13103273510932922, 0.49995484948158264, 1.0582692623138428], [-0.4998307228088379, -0.456023246049881, -0.7363499402999878, -0.8168938755989075], [0.0, 0.0, 0.0, 1.0]]}, "Bone": {"matrix": [[0.14665734767913818, -0.9321167469024658, 0.33113422989845276, -1.1218421459197998], [0.601716935634613, -0.1816340833902359, -0.7777824997901917, -0.21230880916118622], [0.7851292490959167, 0.3133166432380676, 0.5342323780059814, 0.05710974335670471], [0.0, 0.0, 0.0, 1.0]]}, "finger1joint1": {"matrix": [[-0.7683916687965393, -0.5630505681037903, 0.3042173385620117, -1.897538185119629], [-0.16088074445724487, -0.2901472747325897, -0.9433619379997253, -0.3634624481201172], [0.619428277015686, -0.7738140821456909, 0.1323627531528473, 0.31784796714782715], [0.0, 0.0, 0.0, 1.0]]}, "finger1joint2": {"matrix": [[-0.8131117820739746, -0.3079220652580261, -0.493997186422348, -2.215762138366699], [0.13980732858181, 0.7204925417900085, -0.679223358631134, -0.5274474620819092], [0.5650691390037537, -0.6213487982749939, -0.5427910685539246, -0.1194949746131897], [0.0, 0.0, 0.0, 1.0]]}, "finger1joint3": {"matrix": [[-0.8471129536628723, 0.42896321415901184, -0.3136722147464752, -2.3477632999420166], [0.04377421736717224, 0.6445814967155457, 0.7632813453674316, -0.2185841202735901], [0.5296069383621216, 0.6328545808792114, -0.5648107528686523, -0.3858569860458374], [0.0, 0.0, 0.0, 1.0]]}, "Bone.001": {"matrix": [[-0.13937048614025116, -0.7517574429512024, 0.6445435285568237, -1.1218422651290894], [0.40861281752586365, -0.6365569829940796, -0.6540876030921936, -0.21230876445770264], [0.9020038843154907, 0.17220820486545563, 0.3958949148654938, 0.0571097657084465], [0.0, 0.0, 0.0, 1.0]]}, "finger2joint1": {"matrix": [[-0.5547549724578857, -0.7829990983009338, -0.2813522517681122, -1.5983691215515137], [-0.18707044422626495, 0.44688335061073303, -0.8748140931129456, -0.6158118844032288], [0.8107102513313293, -0.432674765586853, -0.39438676834106445, 0.16626974940299988], [0.0, 0.0, 0.0, 1.0]]}, "finger2joint2": {"matrix": [[-0.5949056148529053, -0.2437339425086975, -0.7659509181976318, -2.2757797241210938], [-0.0642438530921936, 0.9642871022224426, -0.25694915652275085, -0.22919119894504547], [0.8012239336967468, -0.10365280508995056, -0.5893181562423706, -0.20805838704109192], [0.0, 0.0, 0.0, 1.0]]}, "finger2joint3": {"matrix": [[-0.5480997562408447, 0.3977853059768677, -0.735767126083374, -2.368305206298828], [0.06999918818473816, 0.8983989357948303, 0.43356573581695557, 0.13686800003051758], [0.8334785103797913, 0.18613415956497192, -0.520256757736206, -0.24740669131278992], [0.0, 0.0, 0.0, 1.0]]}, "Bone.002": {"matrix": [[-0.6341924667358398, -0.3651563227176666, 0.6815134882926941, -1.1218422651290894], [-0.14072562754154205, -0.8122093677520752, -0.566137969493866, -0.21230876445770264], [0.7602604627609253, -0.45494675636291504, 0.46371009945869446, 0.057109758257865906], [0.0, 0.0, 0.0, 1.0]]}, "finger3joint1": {"matrix": [[-0.6219048500061035, -0.5811159610748291, 0.5249176621437073, -1.275759220123291], [0.034611187875270844, -0.690055787563324, -0.7229280471801758, -0.5546632409095764], [0.7823275923728943, -0.43142426013946533, 0.4492620527744293, -0.13465487957000732], [0.0, 0.0, 0.0, 1.0]]}, "finger3joint2": {"matrix": [[-0.7258574366569519, -0.6203588843345642, -0.29712918400764465, -1.7855033874511719], [-0.04691944643855095, 0.4756196141242981, -0.8783988952636719, -1.1599674224853516], [0.6862430572509766, -0.6236510276794434, -0.3743388056755066, -0.5130922794342041], [0.0, 0.0, 0.0, 1.0]]}, "finger3joint3": {"matrix": [[-0.6954257488250732, -0.06377407163381577, -0.7157624363899231, -2.1869256496429443], [0.12512001395225525, 0.9700933694839478, -0.20799961686134338, -0.852203369140625], [0.7076213955879211, -0.23420453071594238, -0.666648268699646, -0.9166445732116699], [0.0, 0.0, 0.0, 1.0]]}, "Bone.003": {"matrix": [[-0.24433377385139465, 0.6514186263084412, 0.7182998657226562, -1.1218421459197998], [-0.8164646625518799, -0.537838876247406, 0.21003516018390656, -0.21230879426002502], [0.5231503248214722, -0.5351477861404419, 0.6632724404335022, 0.0571097731590271], [0.0, 0.0, 0.0, 1.0]]}, "finger4joint1": {"matrix": [[-0.5516397356987, -0.7039836645126343, 0.447325736284256, -0.8426315784454346], [0.09044276177883148, -0.5836327075958252, -0.8069650530815125, -0.44283705949783325], [0.8291642665863037, -0.40469658374786377, 0.3856252431869507, -0.1722649335861206], [0.0, 0.0, 0.0, 1.0]]}, "finger4joint2": {"matrix": [[-0.5588914752006531, -0.8163728713989258, 0.14551740884780884, -1.5419400930404663], [0.06144080311059952, -0.21576747298240662, -0.9745097160339355, -1.0225938558578491], [0.8269612789154053, -0.5357043743133545, 0.1707492470741272, -0.574273943901062], [0.0, 0.0, 0.0, 1.0]]}, "finger4joint3": {"matrix": [[-0.49116405844688416, -0.8643897771835327, -0.10764669626951218, -1.8824188709259033], [0.09341319650411606, 0.07059911638498306, -0.9931210875511169, -1.1125824451446533], [0.8660435080528259, -0.4978409707546234, 0.04606971889734268, -0.7976964116096497], [0.0, 0.0, 0.0, 1.0]]}}