{"root": {"matrix": [[0.18940426409244537, -0.9581029415130615, 0.21485982835292816, -5.960464477539063e-08], [0.23891662061214447, -0.1672750562429428, -0.9565238356590271, 0.0], [0.9523890614509583, 0.232503280043602, 0.19722405076026917, 0.0], [0.0, 0.0, 0.0, 1.0]]}, "carpals": {"matrix": [[-0.1708873212337494, -0.47829562425613403, -0.861411988735199, -0.5336298942565918], [0.9678981304168701, -0.24503441154956818, -0.055957693606615067, 0.48411062359809875], [-0.18431107699871063, -0.8433214426040649, 0.5048147439956665, 2.35920786857605], [0.0, 0.0, 0.0, 1.0]]}, "metacarpals": {"matrix": [[-0.06060915067791939, -0.7442294955253601, -0.6651682257652283, -0.9994869232177734], [0.9846926331520081, -0.15368454158306122, 0.08222761005163193, 0.24544858932495117], [-0.1634221225976944, -0.6500024199485779, 0.7421520352363586, 1.5378178358078003], [0.0, 0.0, 0.0, 1.0]]}, "finger5joint1": {"matrix": [[0.1238737627863884, -0.658182680606842, -0.7425971627235413, -1.1399325132369995], [0.9837586283683777, 0.17942452430725098, 0.005073748994618654, -0.04885996878147125], [0.12990084290504456, -0.7311647534370422, 0.6697189211845398, 0.8902590870857239], [0.0, 0.0, 0.0, 1.0]]}, "finger5joint2": {"matrix": [[-0.6722784638404846, -0.4085034132003784, -0.617386519908905, -1.835152506828308], [-0.061598435044288635, 0.8619455099105835, -0.5032447576522827, 0.14066118001937866], [0.737730860710144, -0.30029022693634033, -0.6046305894851685, 0.11795000731945038], [0.0, 0.0, 0.0, 1.0]]}, "finger5joint3": {"matrix": [[-0.6724646687507629, -0.1339760720729828, -0.727901816368103, -2.115931510925293], [0.046937357634305954, 0.9737803936004639, -0.22259467840194702, 0.7331065535545349], [0.7386389970779419, -0.18385258316993713, -0.6485443711280823, -0.08844999223947525], [0.0, 0.0, 0.0, 1.0]]}, "Bone": {"matrix": [[0.7794914841651917, -0.07672806084156036, -0.6216956973075867, -2.161435842514038], [0.29642751812934875, 0.9194954633712769, 0.25818362832069397, 0.0055043697357177734], [0.551836371421814, -0.38553953170776367, 0.7394832372665405, 0.5229835510253906], [0.0, 0.0, 0.0, 1.0]]}, "finger1joint1": {"matrix": [[0.019953234121203423, -0.42280203104019165, -0.9060022234916687, -2.225287914276123], [0.997929036617279, -0.04700327292084694, 0.04391273483633995, 0.7706971764564514], [-0.06115134805440903, -0.9050020575523376, 0.42098864912986755, 0.20214229822158813], [0.0, 0.0, 0.0, 1.0]]}, "finger1joint2": {"matrix": [[0.30329710245132446, 0.15721245110034943, -0.9398376941680908, -2.4642465114593506], [0.937914252281189, -0.22346016764640808, 0.2652968168258667, 0.7441318035125732], [-0.16830824315547943, -0.961950957775116, -0.2152264565229416, -0.30934521555900574], [0.0, 0.0, 0.0, 1.0]]}, "finger1joint3": {"matrix": [[0.20058467984199524, 0.6039665937423706, -0.771355926990509, -2.3968522548675537], [0.9675230383872986, -0.24576129019260406, 0.05916683003306389, 0.6483381986618042], [-0.15383455157279968, -0.7581725716590881, -0.6336473226547241, -0.7217177748680115], [0.0, 0.0, 0.0, 1.0]]}, "Bone.001": {"matrix": [[0.6284821629524231, -0.5561293959617615, -0.5438106060028076, -2.161435842514038], [0.6182643175125122, 0.7814061045646667, -0.08457861095666885, 0.0055043697357177734], [0.4719736576080322, -0.2830624282360077, 0.8349347710609436, 0.5229835510253906], [0.0, 0.0, 0.0, 1.0]]}, "finger2joint1": {"matrix": [[0.17304876446723938, -0.25990408658981323, -0.9500019550323486, -2.5139572620391846], [0.9272056818008423, 0.36830294132232666, 0.06813500821590424, 0.5008248686790466], [0.33218008279800415, -0.8926377892494202, 0.3047190308570862, 0.34355491399765015], [0.0, 0.0, 0.0, 1.0]]}, "finger2joint2": {"matrix": [[0.2358848750591278, 0.9422576427459717, -0.23771534860134125, -2.7388129234313965], [0.9464322924613953, -0.16724562644958496, 0.27621516585350037, 0.8194618225097656], [0.22050915658473969, -0.29013654589653015, -0.9312335848808289, -0.4287097752094269], [0.0, 0.0, 0.0, 1.0]]}, "finger2joint3": {"matrix": [[0.36269333958625793, 0.42496025562286377, 0.8293744921684265, -2.3811163902282715], [0.8925119638442993, -0.41443270444869995, -0.1779543161392212, 0.7559726238250732], [0.2680965065956116, 0.8047693371772766, -0.5295941829681396, -0.5388503074645996], [0.0, 0.0, 0.0, 1.0]]}, "Bone.002": {"matrix": [[0.07118632644414902, -0.8940883278846741, -0.44219717383384705, -2.161435842514038], [0.989250898361206, 0.12005334347486496, -0.08348575979471207, 0.005504347383975983], [0.127731055021286, -0.43150073289871216, 0.8930237889289856, 0.5229835510253906], [0.0, 0.0, 0.0, 1.0]]}, "finger3joint1": {"matrix": [[0.1311272829771042, -0.4466266930103302, -0.8850592970848083, -2.5383028984069824], [0.9882544279098511, 0.1295635849237442, 0.08103470504283905, 0.05610804259777069], [0.0784793421626091, -0.8852894306182861, 0.4583702087402344, 0.34110164642333984], [0.0, 0.0, 0.0, 1.0]]}, "finger3joint2": {"matrix": [[0.0930899977684021, 0.6654696464538574, -0.7405972480773926, -2.9300756454467773], [0.9924116730690002, -0.1220308318734169, 0.015090206637978554, 0.16975882649421692], [-0.08033343404531479, -0.736382007598877, -0.671779453754425, -0.43545788526535034], [0.0, 0.0, 0.0, 1.0]]}, "finger3joint3": {"matrix": [[0.24920661747455597, 0.9378705620765686, -0.24144302308559418, -2.4994635581970215], [0.9684467315673828, -0.24202024936676025, 0.059474293142557144, 0.09079507738351822], [-0.002654759446159005, -0.24864625930786133, -0.968590497970581, -0.9119561910629272], [0.0, 0.0, 0.0, 1.0]]}, "Bone.003": {"matrix": [[-0.6503927707672119, -0.6697823405265808, 0.3583024740219116, -2.161435842514038], [0.677216112613678, -0.7249399423599243, -0.1258586347103119, 0.0055043697357177734], [0.34404581785202026, 0.16079063713550568, 0.9250830411911011, 0.5229834914207458], [0.0, 0.0, 0.0, 1.0]]}, "finger4joint1": {"matrix": [[-0.06183849275112152, -0.2337827980518341, -0.9703201055526733, -2.4485177993774414], [0.9833489656448364, -0.18071739375591278, -0.01912795938551426, -0.30521899461746216], [-0.1708817481994629, -0.9553462266921997, 0.24106550216674805, 0.5919015407562256], [0.0, 0.0, 0.0, 1.0]]}, "finger4joint2": {"matrix": [[-0.08590677380561829, 0.44575265049934387, -0.8910242319107056, -2.6807479858398438], [0.9783951640129089, -0.1310582160949707, -0.15989506244659424, -0.48473623394966125], [-0.18804949522018433, -0.8855099678039551, -0.42486339807510376, -0.3571002185344696], [0.0, 0.0, 0.0, 1.0]]}, "finger4joint3": {"matrix": [[-0.1096193790435791, 0.7330013513565063, -0.6713361740112305, -2.4948410987854004], [0.9881372451782227, 0.007280187215656042, -0.15339957177639008, -0.5393957495689392], [-0.10755441337823868, -0.680188000202179, -0.7251039743423462, -0.7264136075973511], [0.0, 0.0, 0.0, 1.0]]}}