{"root": {"matrix": [[0.19130754470825195, -0.9665045142173767, 0.171085923910141, -5.960464477539063e-08], [0.1909526288509369, -0.13432660698890686, -0.9723649024963379, 0.0], [0.9627764821052551, 0.21869003772735596, 0.15885882079601288, 1.4901161193847656e-08], [0.0, 0.0, 0.0, 1.0]]}, "carpals": {"matrix": [[-0.14359667897224426, -0.3352116346359253, -0.9311352968215942, -0.5326279401779175], [0.9703014492988586, -0.23276598751544952, -0.06584028899669647, 0.40967273712158203], [-0.19466599822044373, -0.9129363894462585, 0.3586808145046234, 2.3734912872314453], [0.0, 0.0, 0.0, 1.0]]}, "metacarpals": {"matrix": [[-0.047938406467437744, -0.7764900326728821, -0.6283031702041626, -0.8591220378875732], [0.9879964590072632, -0.12934012711048126, 0.0844629555940628, 0.18296006321907043], [-0.14684928953647614, -0.6167122721672058, 0.7733697891235352, 1.4842967987060547], [0.0, 0.0, 0.0, 1.0]]}, "finger5joint1": {"matrix": [[-0.42835330963134766, -0.565690815448761, -0.704632580280304, -1.0353660583496094], [0.7972065210342407, -0.6037065982818604, 3.57170392817352e-05, -0.09895515441894531], [-0.4254113435745239, -0.561722457408905, 0.7095721364021301, 0.8399858474731445], [0.0, 0.0, 0.0, 1.0]]}, "finger5joint2": {"matrix": [[-0.5317279696464539, -0.6998510956764221, -0.47694146633148193, -1.6328895092010498], [0.005309612490236759, 0.5603858232498169, -0.8282145261764526, -0.7366336584091187], [0.8468982577323914, -0.44291701912879944, -0.29425689578056335, 0.2466539442539215], [0.0, 0.0, 0.0, 1.0]]}, "finger5joint3": {"matrix": [[-0.5676730871200562, -0.20821988582611084, -0.7964867353439331, -2.113921642303467], [0.10319001227617264, 0.9418594241142273, -0.3197692930698395, -0.35146087408065796], [0.8167609572410583, -0.2637137770652771, -0.5131819248199463, -0.05777846276760101], [0.0, 0.0, 0.0, 1.0]]}, "Bone": {"matrix": [[0.810087263584137, -0.07564576715230942, -0.581408679485321, -2.0714385509490967], [0.2727848291397095, 0.926404595375061, 0.2595437169075012, -0.018975794315338135], [0.5189862251281738, -0.3688523769378662, 0.7711036205291748, 0.5214377641677856], [0.0, 0.0, 0.0, 1.0]]}, "finger1joint1": {"matrix": [[0.0370124988257885, -0.4791698753833771, -0.8769412636756897, -2.134389877319336], [0.9981608986854553, -0.024431535974144936, 0.05547842010855675, 0.7519667148590088], [-0.04800848290324211, -0.8773818612098694, 0.47738444805145264, 0.214483380317688], [0.0, 0.0, 0.0, 1.0]]}, "finger1joint2": {"matrix": [[0.31182247400283813, 0.09554798901081085, -0.9453238248825073, -2.4052064418792725], [0.9341623783111572, -0.21252453327178955, 0.28665998578071594, 0.7381585240364075], [-0.17351463437080383, -0.9724729657173157, -0.15552709996700287, -0.281393826007843], [0.0, 0.0, 0.0, 1.0]]}, "finger1joint3": {"matrix": [[0.21076713502407074, 0.5128214955329895, -0.8322205543518066, -2.3642466068267822], [0.9655553102493286, -0.24209678173065186, 0.09535316377878189, 0.6470527648925781], [-0.1525786817073822, -0.8236523270606995, -0.5461834073066711, -0.6982769966125488], [0.0, 0.0, 0.0, 1.0]]}, "Bone.001": {"matrix": [[0.6621636748313904, -0.5525190830230713, -0.5062228441238403, -2.0714385509490967], [0.5986887812614441, 0.7963448762893677, -0.08606036007404327, -0.018975794315338135], [0.4506780207157135, -0.24608376622200012, 0.8580976724624634, 0.5214377641677856], [0.0, 0.0, 0.0, 1.0]]}, "finger2joint1": {"matrix": [[0.26053452491760254, -0.21315354108810425, -0.9416406154632568, -2.4216713905334473], [0.798735499382019, 0.5954752564430237, 0.08620119094848633, 0.4858141541481018], [0.5423496961593628, -0.7745800614356995, 0.32539525628089905, 0.36544930934906006], [0.0, 0.0, 0.0, 1.0]]}, "finger2joint2": {"matrix": [[0.32609128952026367, 0.3343372941017151, -0.8842413425445557, -2.606081008911133], [0.8379144668579102, 0.33084172010421753, 0.4341001808643341, 1.0009889602661133], [0.4376799762248993, -0.8824748396873474, -0.1722612828016281, -0.304677814245224], [0.0, 0.0, 0.0, 1.0]]}, "finger2joint3": {"matrix": [[0.4399833083152771, 0.6614793539047241, -0.607338011264801, -2.479161024093628], [0.8281691670417786, -0.037400662899017334, 0.559228777885437, 1.1265819072723389], [0.3472035825252533, -0.7490299940109253, -0.5642722845077515, -0.6396797895431519], [0.0, 0.0, 0.0, 1.0]]}, "Bone.002": {"matrix": [[0.09724986553192139, -0.9104471802711487, -0.4020300507545471, -2.0714385509490967], [0.9856618046760559, 0.1440693736076355, -0.08783448487520218, -0.018975775688886642], [0.1378890424966812, -0.38772356510162354, 0.9114037156105042, 0.5214377641677856], [0.0, 0.0, 0.0, 1.0]]}, "finger3joint1": {"matrix": [[0.15577299892902374, -0.4986236095428467, -0.8527069091796875, -2.4552011489868164], [0.9841910600662231, 0.1519978642463684, 0.09091120213270187, 0.04175090789794922], [0.08427931368350983, -0.8533877730369568, 0.5144180655479431, 0.35800838470458984], [0.0, 0.0, 0.0, 1.0]]}, "finger3joint2": {"matrix": [[0.10792993754148483, 0.6182157397270203, -0.7785629630088806, -2.8925843238830566], [0.9915666580200195, -0.12345422059297562, 0.03942951560020447, 0.17508062720298767], [-0.07174073904752731, -0.7762526273727417, -0.626326322555542, -0.3905676603317261], [0.0, 0.0, 0.0, 1.0]]}, "finger3joint3": {"matrix": [[0.2678566873073578, 0.9165222644805908, -0.29705145955085754, -2.492549419403076], [0.9634512662887573, -0.25602713227272034, 0.0788155049085617, 0.09519582986831665], [-0.0038169047329574823, -0.3073060214519501, -0.9516028761863708, -0.8928653597831726], [0.0, 0.0, 0.0, 1.0]]}, "Bone.003": {"matrix": [[-0.6197853088378906, -0.6763237118721008, 0.3980606496334076, -2.0714383125305176], [0.6848319172859192, -0.7138187885284424, -0.1465197503566742, -0.018975794315338135], [0.3832380771636963, 0.18179379403591156, 0.9055823087692261, 0.5214377045631409], [0.0, 0.0, 0.0, 1.0]]}, "finger4joint1": {"matrix": [[-0.0495387427508831, -0.2944481074810028, -0.9543824195861816, -2.3613240718841553], [0.9867872595787048, -0.1620161086320877, -0.0012352734338492155, -0.324932336807251], [-0.15426139533519745, -0.9418336749076843, 0.29858386516571045, 0.5993582010269165], [0.0, 0.0, 0.0, 1.0]]}, "finger4joint2": {"matrix": [[-0.07469543069601059, 0.4149731993675232, -0.9067620635032654, -2.6538166999816895], [0.982606053352356, -0.12440106272697449, -0.13787449896335602, -0.4858725368976593], [-0.17001616954803467, -0.901288628578186, -0.3984629511833191, -0.3362208306789398], [0.0, 0.0, 0.0, 1.0]]}, "finger4joint3": {"matrix": [[-0.09565924108028412, 0.6974089741706848, -0.710260272026062, -2.4807467460632324], [0.9914577007293701, 0.0032012173905968666, -0.1303882747888565, -0.5377556085586548], [-0.08866003155708313, -0.7166659832000732, -0.6917576789855957, -0.7121149301528931], [0.0, 0.0, 0.0, 1.0]]}}