{"root": {"matrix": [[0.5128100514411926, -0.847298264503479, -0.13824419677257538, 0.0], [-0.7003899216651917, -0.3197823762893677, -0.6381168961524963, 0.0], [0.4964672327041626, 0.42405760288238525, -0.7574268579483032, 0.0], [0.0, 0.0, 0.0, 1.0]]}, "carpals": {"matrix": [[-0.07547623664140701, -0.6920811533927917, -0.7178626656532288, 0.3458995521068573], [0.8336939215660095, 0.3511544466018677, -0.4261978566646576, -1.8251806497573853], [0.5470443964004517, -0.6306456923484802, 0.55048006772995, 1.6229770183563232], [0.0, 0.0, 0.0, 1.0]]}, "metacarpals": {"matrix": [[-0.002137415809556842, -0.878110945224762, -0.47845208644866943, -0.32818329334259033], [0.815166711807251, 0.2756012976169586, -0.5094574093818665, -1.4831582307815552], [0.5792223811149597, -0.3911072015762329, 0.7152178287506104, 1.0087318420410156], [0.0, 0.0, 0.0, 1.0]]}, "finger5joint1": {"matrix": [[-0.36911827325820923, -0.7184711694717407, -0.5895342230796814, -0.6320996880531311], [0.8465276956558228, 0.0018988536903634667, -0.532340943813324, -1.259340763092041], [0.38359129428863525, -0.6955540776252747, 0.6075049042701721, 0.3896879255771637], [0.0, 0.0, 0.0, 1.0]]}, "finger5joint2": {"matrix": [[-0.5525428652763367, -0.7801550030708313, 0.2933492958545685, -1.391000747680664], [-0.5559506416320801, 0.08275467157363892, -0.8270851969718933, -1.2573349475860596], [0.6209788918495178, -0.6200879812240601, -0.4794536232948303, -0.3450065553188324], [0.0, 0.0, 0.0, 1.0]]}, "finger5joint3": {"matrix": [[-0.6382699012756348, -0.76168292760849, 0.11157938092947006, -1.9272286891937256], [-0.49941572546958923, 0.2994023859500885, -0.8129830956459045, -1.2004547119140625], [0.585828423500061, -0.5746272802352905, -0.5714964270591736, -0.7712147831916809], [0.0, 0.0, 0.0, 1.0]]}, "Bone": {"matrix": [[0.9045214056968689, -0.07188574969768524, -0.42032501101493835, -1.6991583108901978], [-0.10229513794183731, 0.9203281998634338, -0.37753331661224365, -1.0528682470321655], [0.4139763116836548, 0.3844844400882721, 0.8251031637191772, 0.3981049060821533], [0.0, 0.0, 0.0, 1.0]]}, "finger1joint1": {"matrix": [[0.15664242208003998, -0.5697477459907532, -0.8067529201507568, -1.7589807510375977], [0.7062290906906128, 0.6356373429298401, -0.3117777109146118, -0.2869824469089508], [0.6904371976852417, -0.5209147930145264, 0.5019403100013733, 0.7180680632591248], [0.0, 0.0, 0.0, 1.0]]}, "finger1joint2": {"matrix": [[0.4061901569366455, -0.3212662935256958, -0.8554514646530151, -2.0809898376464844], [0.7547633647918701, 0.6456781625747681, 0.11589518189430237, 0.07226604223251343], [0.515113353729248, -0.6927390098571777, 0.5047482848167419, 0.4236583113670349], [0.0, 0.0, 0.0, 1.0]]}, "finger1joint3": {"matrix": [[0.32897913455963135, 0.10603445023298264, -0.9383651614189148, -2.2187113761901855], [0.7384212613105774, 0.5905188322067261, 0.3256092369556427, 0.3490576148033142], [0.5886483788490295, -0.8000274896621704, 0.11597035825252533, 0.12669247388839722], [0.0, 0.0, 0.0, 1.0]]}, "Bone.001": {"matrix": [[0.770595908164978, -0.5285874009132385, -0.3560575544834137, -1.6991581916809082], [0.17132852971553802, 0.7099222540855408, -0.6831226348876953, -1.0528682470321655], [0.6138634085655212, 0.4654088616371155, 0.6376253962516785, 0.3981049358844757], [0.0, 0.0, 0.0, 1.0]]}, "finger2joint1": {"matrix": [[0.1661226600408554, -0.760830819606781, -0.6273272037506104, -2.0342211723327637], [0.7432226538658142, 0.5147066712379456, -0.42743030190467834, -0.6028600931167603], [0.6480919122695923, -0.3952380120754242, 0.6509712934494019, 0.693120002746582], [0.0, 0.0, 0.0, 1.0]]}, "finger2joint2": {"matrix": [[0.15389806032180786, 0.1830597072839737, -0.9709810614585876, -2.692453384399414], [0.8230296969413757, 0.5200150012969971, 0.2284867763519287, -0.15756215155124664], [0.5467517375946045, -0.834309995174408, -0.07063421607017517, 0.35118022561073303], [0.0, 0.0, 0.0, 1.0]]}, "finger2joint3": {"matrix": [[0.2600191533565521, 0.9092847108840942, -0.324947714805603, -2.6229608058929443], [0.8535123467445374, -0.05905657634139061, 0.5177146792411804, 0.039844077080488205], [0.45155999064445496, -0.4119628071784973, -0.7914417386054993, 0.03446243703365326], [0.0, 0.0, 0.0, 1.0]]}, "Bone.002": {"matrix": [[0.18928101658821106, -0.9509572982788086, -0.2446480542421341, -1.6991583108901978], [0.6285319328308105, 0.30875909328460693, -0.7138733267784119, -1.052868127822876], [0.7544006705284119, -0.018646398559212685, 0.6561493277549744, 0.3981049060821533], [0.0, 0.0, 0.0, 1.0]]}, "finger3joint1": {"matrix": [[0.10053527355194092, -0.46222320199012756, -0.8810460567474365, -2.0999960899353027], [0.7692788243293762, 0.5976884961128235, -0.22578388452529907, -0.9227231740951538], [0.6309539675712585, -0.6550708413124084, 0.4156672954559326, 0.3902451992034912], [0.0, 0.0, 0.0, 1.0]]}, "finger3joint2": {"matrix": [[0.0602843314409256, 0.21716473996639252, -0.9742715954780579, -2.5054500102996826], [0.8622812032699585, 0.48034873604774475, 0.16042417287826538, -0.3984418213367462], [0.5028288960456848, -0.8497672080993652, -0.15829965472221375, -0.18437081575393677], [0.0, 0.0, 0.0, 1.0]]}, "finger3joint3": {"matrix": [[0.2339625209569931, 0.5243499279022217, -0.8187297582626343, -2.364927053451538], [0.8457786440849304, 0.30554720759391785, 0.4373774826526642, -0.08761762082576752], [0.47949978709220886, -0.7947942614555359, -0.3719974458217621, -0.7342383861541748], [0.0, 0.0, 0.0, 1.0]]}, "Bone.003": {"matrix": [[-0.4944639205932617, -0.6840081214904785, 0.5363191366195679, -1.6991581916809082], [0.19412721693515778, -0.6883467435836792, -0.698922872543335, -1.052868127822876], [0.847242534160614, -0.24147814512252808, 0.47314727306365967, 0.3981049060821533], [0.0, 0.0, 0.0, 1.0]]}, "finger4joint1": {"matrix": [[-0.06780576705932617, -0.5636173486709595, -0.8232480883598328, -1.992337703704834], [0.8495627045631409, 0.4000219702720642, -0.3438389301300049, -1.3479070663452148], [0.5231112241744995, -0.7227153778076172, 0.45170456171035767, 0.2946026623249054], [0.0, 0.0, 0.0, 1.0]]}, "finger4joint2": {"matrix": [[-0.09659222513437271, 0.21974164247512817, -0.9707642197608948, -2.5522117614746094], [0.851711094379425, 0.5229311585426331, 0.03362391144037247, -0.9505415558815002], [0.5150316953659058, -0.8235630989074707, -0.23766760528087616, -0.4233131408691406], [0.0, 0.0, 0.0, 1.0]]}, "finger4joint3": {"matrix": [[-0.10031282901763916, 0.6456176042556763, -0.7570434808731079, -2.4605658054351807], [0.804710865020752, 0.5001176595687866, 0.3198782503604889, -0.7324463129043579], [0.5851301550865173, -0.5771133899688721, -0.5697039365768433, -0.7667907476425171], [0.0, 0.0, 0.0, 1.0]]}}