{"root": {"matrix": [[0.44212672114372253, -0.8486729264259338, 0.2903071641921997, -5.960464477539063e-08], [0.04212195426225662, -0.3036571145057678, -0.9518498182296753, -2.9802322387695312e-08], [0.8959630131721497, 0.4330665171146393, -0.09850724041461945, 2.9802322387695312e-08], [0.0, 0.0, 0.0, 1.0]]}, "carpals": {"matrix": [[-0.48816192150115967, -0.565266489982605, -0.664959728717804, 0.13652503490447998], [0.8300075531005859, -0.0651649758219719, -0.5539321303367615, -0.09495386481285095], [0.26978740096092224, -0.8223302364349365, 0.5009865164756775, 2.4611644744873047], [0.0, 0.0, 0.0, 1.0]]}, "metacarpals": {"matrix": [[-0.6476530432701111, -0.6177548766136169, -0.4460091292858124, -0.41404110193252563], [0.6548681259155273, -0.15209169685840607, -0.74028080701828, -0.15842416882514954], [0.38947802782058716, -0.7715223431587219, 0.5030505657196045, 1.660219669342041], [0.0, 0.0, 0.0, 1.0]]}, "finger5joint1": {"matrix": [[-0.5902941823005676, -0.6960827112197876, -0.4086824059486389, -0.4694603681564331], [0.643443763256073, -0.10007800906896591, -0.7589231729507446, -0.05559761822223663], [0.4873734712600708, -0.7109520435333252, 0.5069654583930969, 0.9446568489074707], [0.0, 0.0, 0.0, 1.0]]}, "finger5joint2": {"matrix": [[-0.29482248425483704, -0.9234237670898438, 0.24569794535636902, -1.2047133445739746], [-0.7753887176513672, 0.08092373609542847, -0.6262773871421814, -0.16130724549293518], [0.5584366321563721, -0.3751519024372101, -0.7398709654808044, 0.19369789958000183], [0.0, 0.0, 0.0, 1.0]]}, "finger5joint3": {"matrix": [[-0.3928191065788269, -0.9195700883865356, 0.009125830605626106, -1.8394148349761963], [-0.7287874221801758, 0.305238276720047, -0.612942099571228, -0.1056855246424675], [0.5608577132225037, -0.24742591381072998, -0.7900749444961548, -0.0641571581363678], [0.0, 0.0, 0.0, 1.0]]}, "Bone": {"matrix": [[0.5457819104194641, -0.6618747115135193, -0.5138517618179321, -1.378528118133545], [0.3134748935699463, 0.7299930453300476, -0.6073248982429504, -0.3958815336227417], [0.7770812511444092, 0.17038756608963013, 0.6058980822563171, 0.45565909147262573], [0.0, 0.0, 0.0, 1.0]]}, "finger1joint1": {"matrix": [[-0.44621536135673523, -0.8502621054649353, -0.2791879177093506, -1.92933189868927], [0.6209411025047302, -0.06949837505817413, -0.7807701230049133, 0.2116096317768097], [0.6444563269615173, -0.5217507481575012, 0.5589739084243774, 0.5974534749984741], [0.0, 0.0, 0.0, 1.0]]}, "finger1joint2": {"matrix": [[-0.3229316771030426, -0.12969040870666504, -0.937494158744812, -2.409881830215454], [0.8304334282875061, 0.4363236129283905, -0.3464130461215973, 0.17233066260814667], [0.45397746562957764, -0.8903941512107849, -0.03320338577032089, 0.3025713264942169], [0.0, 0.0, 0.0, 1.0]]}, "finger1joint3": {"matrix": [[-0.41123777627944946, 0.7958255410194397, -0.44446030259132385, -2.46547794342041], [0.7745123505592346, 0.5621757507324219, 0.28998130559921265, 0.3593754172325134], [0.4806395471096039, -0.22498869895935059, -0.8475643992424011, -0.07912600785493851], [0.0, 0.0, 0.0, 1.0]]}, "Bone.001": {"matrix": [[0.2250453233718872, -0.9452292323112488, -0.23642317950725555, -1.3785278797149658], [0.4680118262767792, 0.3176889717578888, -0.8246444463729858, -0.3958815336227417], [0.854587197303772, 0.07493368536233902, 0.5138728022575378, 0.4556591510772705], [0.0, 0.0, 0.0, 1.0]]}, "finger2joint1": {"matrix": [[-0.5406018495559692, -0.27227750420570374, -0.7959989309310913, -1.9776933193206787], [0.6663124561309814, 0.43905630707740784, -0.6027080416679382, -0.19450370967388153], [0.5135924220085144, -0.8562090992927551, -0.055932752788066864, 0.5031583905220032], [0.0, 0.0, 0.0, 1.0]]}, "finger2joint2": {"matrix": [[-0.48712605237960815, -0.10702848434448242, -0.8667484521865845, -2.213253974914551], [0.756121814250946, 0.4449491798877716, -0.4798957109451294, 0.18534539639949799], [0.43702179193496704, -0.8891369700431824, -0.13581976294517517, -0.2375900149345398], [0.0, 0.0, 0.0, 1.0]]}, "finger2joint3": {"matrix": [[-0.41677913069725037, 0.1549641191959381, -0.8957013487815857, -2.2538836002349854], [0.8420016169548035, 0.4371170997619629, -0.31616705656051636, 0.35425543785095215], [0.34253209829330444, -0.8859538435935974, -0.3126613199710846, -0.5751209855079651], [0.0, 0.0, 0.0, 1.0]]}, "Bone.002": {"matrix": [[-0.49407529830932617, -0.8570794463157654, -0.14595948159694672, -1.3785279989242554], [0.5698854923248291, -0.19247280061244965, -0.7988646626472473, -0.3958815038204193], [0.6565974950790405, -0.4778793752193451, 0.5835330486297607, 0.4556591510772705], [0.0, 0.0, 0.0, 1.0]]}, "finger3joint1": {"matrix": [[-0.5104665756225586, -0.7775893807411194, -0.36712178587913513, -1.7397955656051636], [0.6693528294563293, -0.09130602329969406, -0.7373127341270447, -0.4770107865333557], [0.5398064255714417, -0.6221073269844055, 0.5670901536941528, 0.2542281746864319], [0.0, 0.0, 0.0, 1.0]]}, "finger3joint2": {"matrix": [[-0.6123680472373962, 0.061019740998744965, -0.7882142663002014, -2.4218828678131104], [0.6745867133140564, 0.5602142214775085, -0.4807211756706238, -0.5571026802062988], [0.41223567724227905, -0.8260970115661621, -0.3842203617095947, -0.2914729118347168], [0.0, 0.0, 0.0, 1.0]]}, "finger3joint3": {"matrix": [[-0.46730542182922363, 0.5781581401824951, -0.6688486337661743, -2.3823978900909424], [0.7727717161178589, 0.6346250176429749, 0.008661343716084957, -0.19459913671016693], [0.4294760227203369, -0.5128198862075806, -0.7433478236198425, -0.8260239958763123], [0.0, 0.0, 0.0, 1.0]]}, "Bone.003": {"matrix": [[-0.8492497801780701, -0.08448632806539536, 0.5211876630783081, -1.3785279989242554], [-0.14858640730381012, -0.9089779853820801, -0.3894627094268799, -0.3958814740180969], [0.5066524744033813, -0.4081926941871643, 0.7593957185745239, 0.4556591510772705], [0.0, 0.0, 0.0, 1.0]]}, "finger4joint1": {"matrix": [[-0.5720036625862122, -0.7465218901634216, -0.3398769795894623, -1.4147405624389648], [0.6761512160301208, -0.19455675780773163, -0.7106102705001831, -0.7854871153831482], [0.46436113119125366, -0.6362799406051636, 0.6160488724708557, 0.28069984912872314], [0.0, 0.0, 0.0, 1.0]]}, "finger4joint2": {"matrix": [[-0.5954223275184631, -0.24581634998321533, -0.7648829817771912, -2.1563048362731934], [0.6576655507087708, 0.3977029025554657, -0.6397719979286194, -0.9787518978118896], [0.46146291494369507, -0.8839717507362366, -0.0751362144947052, -0.3513546288013458], [0.0, 0.0, 0.0, 1.0]]}, "finger4joint3": {"matrix": [[-0.5616747140884399, 0.13063423335552216, -0.8169795870780945, -2.2588255405426025], [0.631618320941925, 0.7055081129074097, -0.32142865657806396, -0.8128847479820251], [0.5343964099884033, -0.6965577006340027, -0.4787770211696625, -0.7200263738632202], [0.0, 0.0, 0.0, 1.0]]}}