{"root": {"matrix": [[0.32866668701171875, -0.9432822465896606, 0.04687022790312767, -5.960464477539063e-08], [0.16896246373653412, 0.009899810887873173, -0.9855727553367615, 9.313225746154785e-10], [0.929209291934967, 0.3318442404270172, 0.16263295710086823, 2.9802322387695312e-08], [0.0, 0.0, 0.0, 1.0]]}, "carpals": {"matrix": [[-0.02713174745440483, -0.5350662469863892, -0.8443741798400879, -0.18529826402664185], [0.9909685850143433, -0.125361829996109, 0.04759753867983818, 0.5025986433029175], [-0.13131994009017944, -0.835456907749176, 0.533635139465332, 2.4079129695892334], [0.0, 0.0, 0.0, 1.0]]}, "metacarpals": {"matrix": [[-0.01919371634721756, -0.7526305317878723, -0.6581630706787109, -0.7064496278762817], [0.9865785241127014, -0.12102115899324417, 0.1096203550696373, 0.3804969787597656], [-0.16215510666370392, -0.6472254991531372, 0.7448520064353943, 1.5941829681396484], [0.0, 0.0, 0.0, 1.0]]}, "finger5joint1": {"matrix": [[-0.42607736587524414, -0.5854991674423218, -0.6896727681159973, -0.8618380427360535], [0.7637805938720703, -0.6413758993148804, 0.0726364403963089, 0.09322899580001831], [-0.4848678708076477, -0.49581000208854675, 0.7204686999320984, 0.9468759298324585], [0.0, 0.0, 0.0, 1.0]]}, "finger5joint2": {"matrix": [[-0.6212221384048462, -0.6940270662307739, 0.36388030648231506, -1.4802844524383545], [0.0922415554523468, -0.5258839726448059, -0.8455396294593811, -0.5842386484146118], [0.7781863808631897, -0.49170297384262085, 0.3907087445259094, 0.42316555976867676], [0.0, 0.0, 0.0, 1.0]]}, "finger5joint3": {"matrix": [[-0.7023870944976807, -0.6836052536964417, 0.1983320415019989, -1.9573137760162354], [0.08915460109710693, -0.36093437671661377, -0.9283197522163391, -0.9456971883773804], [0.7061892747879028, -0.6343576312065125, 0.3144620358943939, 0.08520087599754333], [0.0, 0.0, 0.0, 1.0]]}, "Bone": {"matrix": [[0.7935659289360046, -0.03894273564219475, -0.6072365641593933, -1.8815147876739502], [0.262249231338501, 0.9223967790603638, 0.28356558084487915, 0.1915493607521057], [0.5490702390670776, -0.3842751681804657, 0.7421954274177551, 0.5836842656135559], [0.0, 0.0, 0.0, 1.0]]}, "finger1joint1": {"matrix": [[0.16419199109077454, -0.45352572202682495, -0.8759880661964417, -1.9139225482940674], [0.9761918783187866, 0.20230960845947266, 0.07823196798563004, 0.9591565132141113], [0.14174070954322815, -0.8679773807525635, 0.4759458303451538, 0.2638952136039734], [0.0, 0.0, 0.0, 1.0]]}, "finger1joint2": {"matrix": [[0.4321344196796417, -0.1908348798751831, -0.8813862204551697, -2.170245409011841], [0.901778519153595, 0.09950167685747147, 0.42058873176574707, 1.0734975337982178], [0.007436469197273254, -0.976565957069397, 0.21508906781673431, -0.2266668677330017], [0.0, 0.0, 0.0, 1.0]]}, "finger1joint3": {"matrix": [[0.3473608195781708, 0.23664866387844086, -0.9073795676231384, -2.2520532608032227], [0.9354758858680725, -0.020374251529574394, 0.3528028130531311, 1.116152286529541], [0.06500321626663208, -0.9713814854621887, -0.22845615446567535, -0.6453046202659607], [0.0, 0.0, 0.0, 1.0]]}, "Bone.001": {"matrix": [[0.6561102867126465, -0.523394763469696, -0.5436698794364929, -1.8815147876739502], [0.5903293490409851, 0.8047528266906738, -0.06232145428657532, 0.1915493607521057], [0.47013866901397705, -0.28005436062812805, 0.8369819521903992, 0.5836842656135559], [0.0, 0.0, 0.0, 1.0]]}, "finger2joint1": {"matrix": [[0.1368342787027359, -0.45558714866638184, -0.8796114921569824, -2.2132861614227295], [0.9903676509857178, 0.08189134299755096, 0.11164883524179459, 0.7016689777374268], [0.021166956052184105, -0.8864161968231201, 0.46240442991256714, 0.40616241097450256], [0.0, 0.0, 0.0, 1.0]]}, "finger2joint2": {"matrix": [[0.1757734715938568, 0.18391796946525574, -0.9670975208282471, -2.6074368953704834], [0.9791421890258789, -0.13435478508472443, 0.15241166949272156, 0.772517204284668], [-0.1019027903676033, -0.9737158417701721, -0.20369771122932434, -0.36071962118148804], [0.0, 0.0, 0.0, 1.0]]}, "finger2joint3": {"matrix": [[0.28141355514526367, 0.7567514777183533, -0.5900282263755798, -2.537618637084961], [0.9397090077400208, -0.3418353497982025, 0.009766402654349804, 0.7215139865875244], [-0.19430162012577057, -0.5572033524513245, -0.8073232173919678, -0.7303581833839417], [0.0, 0.0, 0.0, 1.0]]}, "Bone.002": {"matrix": [[0.11380822211503983, -0.8898270726203918, -0.44187700748443604, -1.8815147876739502], [0.9851600527763367, 0.15859375894069672, -0.06563309580087662, 0.19154934585094452], [0.1284812092781067, -0.42784979939460754, 0.8946713209152222, 0.5836842656135559], [0.0, 0.0, 0.0, 1.0]]}, "finger3joint1": {"matrix": [[0.054740726947784424, -0.6063735485076904, -0.793293297290802, -2.2565858364105225], [0.994091272354126, -0.0414862260222435, 0.10030758380889893, 0.2583982050418854], [-0.09373440593481064, -0.7940967082977295, 0.6005197167396545, 0.40334123373031616], [0.0, 0.0, 0.0, 1.0]]}, "finger3joint2": {"matrix": [[-0.011096779257059097, 0.4896301031112671, -0.8718595504760742, -2.788485527038574], [0.9703761339187622, -0.20517130196094513, -0.12757350504398346, 0.22200727462768555], [-0.2413441240787506, -0.8474473357200623, -0.47284847497940063, -0.29322564601898193], [0.0, 0.0, 0.0, 1.0]]}, "finger3joint3": {"matrix": [[0.15998321771621704, 0.8528913259506226, -0.4969724118709564, -2.4716556072235107], [0.966618537902832, -0.23743201792240143, -0.09630521386861801, 0.08924496173858643], [-0.20013481378555298, -0.4649757146835327, -0.86240553855896, -0.8415921330451965], [0.0, 0.0, 0.0, 1.0]]}, "Bone.003": {"matrix": [[-0.6195749640464783, -0.6994598507881165, 0.35620585083961487, -1.8815147876739502], [0.7039187550544739, -0.6959121823310852, -0.14214280247688293, 0.1915493607521057], [0.3473113477230072, 0.16267181932926178, 0.9235326051712036, 0.5836842060089111], [0.0, 0.0, 0.0, 1.0]]}, "finger4joint1": {"matrix": [[-0.0815790668129921, -0.2945963144302368, -0.952133059501648, -2.18131685256958], [0.9609909653663635, -0.2765606641769409, 0.003231600858271122, -0.10673213005065918], [-0.26427435874938965, -0.9147277474403381, 0.30566608905792236, 0.6534085869789124], [0.0, 0.0, 0.0, 1.0]]}, "finger4joint2": {"matrix": [[-0.10668131709098816, 0.1996452808380127, -0.9740433692932129, -2.47395658493042], [0.9542818665504456, -0.25454649329185486, -0.1566903293132782, -0.3814561367034912], [-0.2792215943336487, -0.94622802734375, -0.16336244344711304, -0.25524449348449707], [0.0, 0.0, 0.0, 1.0]]}, "finger4joint3": {"matrix": [[-0.1086474135518074, 0.4672442078590393, -0.8774270415306091, -2.3906922340393066], [0.9743282794952393, -0.12502485513687134, -0.1872241199016571, -0.487618088722229], [-0.19717933237552643, -0.8752435445785522, -0.4416655898094177, -0.64988112449646], [0.0, 0.0, 0.0, 1.0]]}}