{"root": {"matrix": [[0.38728612661361694, -0.741332471370697, 0.5481200814247131, 0.0], [0.45652031898498535, -0.36231693625450134, -0.8125980496406555, 0.0], [0.8009985685348511, 0.5649358630180359, 0.19811296463012695, 5.960464477539063e-08], [0.0, 0.0, 0.0, 1.0]]}, "carpals": {"matrix": [[-0.8108745217323303, -0.4077441096305847, -0.419793963432312, 0.0885860025882721], [0.5446498394012451, -0.26336920261383057, -0.7962368130683899, 0.7691245079040527], [0.21410022675991058, -0.8742888569831848, 0.43563711643218994, 2.342132568359375], [0.0, 0.0, 0.0, 1.0]]}, "metacarpals": {"matrix": [[-0.9011545181274414, -0.42187926173210144, 0.09969038516283035, -0.3085542917251587], [0.051231302320957184, -0.3320009708404541, -0.9418867230415344, 0.5126045346260071], [0.4304598867893219, -0.8436781764030457, 0.32079747319221497, 1.4905805587768555], [0.0, 0.0, 0.0, 1.0]]}, "finger5joint1": {"matrix": [[-0.7346875071525574, -0.67512446641922, 0.06664025038480759, -0.43219560384750366], [0.012275941669940948, -0.11144459992647171, -0.9936947822570801, 0.7016139626502991], [0.6782944798469543, -0.7292369604110718, 0.09016463905572891, 0.8016226887702942], [0.0, 0.0, 0.0, 1.0]]}, "finger5joint2": {"matrix": [[0.045866284519433975, -0.9475495219230652, 0.3162996768951416, -1.145310878753662], [-0.9948066473007202, -0.07212572544813156, -0.07181387394666672, 0.58389812707901], [0.09086046367883682, -0.31136298179626465, -0.9459370374679565, 0.03134991228580475], [0.0, 0.0, 0.0, 1.0]]}, "finger5joint3": {"matrix": [[-0.0602763295173645, -0.9959264397621155, -0.0670570507645607, -1.7965949773788452], [-0.9917264580726624, 0.06737902760505676, -0.10926251858472824, 0.5343235731124878], [0.11333562433719635, 0.059916622936725616, -0.9917481541633606, -0.1826607882976532], [0.0, 0.0, 0.0, 1.0]]}, "Bone": {"matrix": [[0.26765990257263184, -0.9629892110824585, -0.03177666664123535, -0.9672248959541321], [0.41438302397727966, 0.14482539892196655, -0.8985055088996887, -0.005741208791732788], [0.869853138923645, 0.22732634842395782, 0.4378102421760559, 0.17336471378803253], [0.0, 0.0, 0.0, 1.0]]}, "finger1joint1": {"matrix": [[-0.6415587663650513, -0.6748786568641663, -0.3646106421947479, -1.7686126232147217], [0.0032187579199671745, 0.47295406460762024, -0.8810811042785645, 0.1147807240486145], [0.767067015171051, -0.5664387345314026, -0.3012555241584778, 0.36254286766052246], [0.0, 0.0, 0.0, 1.0]]}, "finger1joint2": {"matrix": [[-0.48646044731140137, -0.22542302310466766, -0.8441211581230164, -2.1500394344329834], [0.261857807636261, 0.8841121792793274, -0.3870091736316681, 0.38208407163619995], [0.8335386514663696, -0.4093042314052582, -0.3710567057132721, 0.04240395128726959], [0.0, 0.0, 0.0, 1.0]]}, "finger1joint3": {"matrix": [[-0.5608468651771545, 0.22127492725849152, -0.7978020310401917, -2.2466745376586914], [0.18870529532432556, 0.9724236130714417, 0.13704939186573029, 0.761088490486145], [0.8061272501945496, -0.07368569821119308, -0.5871362686157227, -0.13305804133415222], [0.0, 0.0, 0.0, 1.0]]}, "Bone.001": {"matrix": [[-0.0796380266547203, -0.9446789026260376, 0.3181811273097992, -0.9672248363494873], [0.3299214839935303, -0.32618439197540283, -0.8858641982078552, -0.005741193890571594], [0.9406430125236511, 0.03442638739943504, 0.3376464545726776, 0.17336472868919373], [0.0, 0.0, 0.0, 1.0]]}, "finger2joint1": {"matrix": [[-0.8435210585594177, -0.4280147850513458, 0.3244613707065582, -1.5660414695739746], [0.11296133697032928, -0.7319689989089966, -0.671908438205719, -0.21250414848327637], [0.525082528591156, -0.530117392539978, 0.6657803058624268, 0.1951870620250702], [0.0, 0.0, 0.0, 1.0]]}, "finger2joint2": {"matrix": [[-0.9051308631896973, -0.3987521231174469, 0.1474267691373825, -1.936337947845459], [0.10791286826133728, -0.5509158372879028, -0.82755446434021, -0.8457663059234619], [0.41120901703834534, -0.7331357598304749, 0.5416813492774963, -0.2634434103965759], [0.0, 0.0, 0.0, 1.0]]}, "finger2joint3": {"matrix": [[-0.9544215202331543, -0.2829425036907196, -0.09498792141675949, -2.0877108573913574], [0.11752194166183472, -0.06372374296188354, -0.9910235404968262, -1.0549030303955078], [0.2743498384952545, -0.9570173621177673, 0.09407123178243637, -0.5417538285255432], [0.0, 0.0, 0.0, 1.0]]}, "Bone.002": {"matrix": [[-0.7207673192024231, -0.5818284749984741, 0.3767889142036438, -0.9672249555587769], [0.02293863706290722, -0.5632905960083008, -0.8259403705596924, -0.005741193890571594], [0.6927974224090576, -0.5866677165031433, 0.4193476438522339, 0.17336472868919373], [0.0, 0.0, 0.0, 1.0]]}, "finger3joint1": {"matrix": [[-0.5707062482833862, -0.769692599773407, 0.2861250936985016, -1.2124714851379395], [0.23621204495429993, -0.48759493231773376, -0.840508759021759, -0.24317383766174316], [0.7864466905593872, -0.41209718585014343, 0.4600839614868164, -0.07392162084579468], [0.0, 0.0, 0.0, 1.0]]}, "finger3joint2": {"matrix": [[-0.6958966851234436, -0.47468578815460205, -0.538888692855835, -1.8876317739486694], [0.1885663866996765, 0.6032831072807312, -0.7749143838882446, -0.670883059501648], [0.6929434537887573, -0.6408764123916626, -0.3303128182888031, -0.4354056417942047], [0.0, 0.0, 0.0, 1.0]]}, "finger3joint3": {"matrix": [[-0.6180463433265686, 0.00170564791187644, -0.7861396670341492, -2.194791316986084], [0.3458896279335022, 0.8985936641693115, -0.2699812948703766, -0.28051048517227173], [0.7059597373008728, -0.43877846002578735, -0.5559622049331665, -0.8501040935516357], [0.0, 0.0, 0.0, 1.0]]}, "Bone.003": {"matrix": [[-0.5776107311248779, 0.4675425887107849, 0.6691558361053467, -0.9672249555587769], [-0.7190256118774414, -0.6794987916946411, -0.14588893949985504, -0.005741208791732788], [0.38648131489753723, -0.5654073357582092, 0.7286608219146729, 0.17336472868919373], [0.0, 0.0, 0.0, 1.0]]}, "finger4joint1": {"matrix": [[-0.5624905228614807, -0.8069525957107544, 0.18008746206760406, -0.7668269872665405], [0.2394755333662033, -0.3674834370613098, -0.8986696600914001, -0.2969876527786255], [0.7913631796836853, -0.46236652135849, 0.39995133876800537, -0.06897982954978943], [0.0, 0.0, 0.0, 1.0]]}, "finger4joint2": {"matrix": [[-0.5772581696510315, -0.8046558499336243, -0.13892966508865356, -1.568420648574829], [0.2135905921459198, 0.015422604978084564, -0.9768013954162598, -0.6620305776596069], [0.788131833076477, -0.5935405492782593, 0.16296415030956268, -0.5282757878303528], [0.0, 0.0, 0.0, 1.0]]}, "finger4joint3": {"matrix": [[-0.5062781572341919, -0.7750378847122192, -0.378150999546051, -1.90401291847229], [0.2258356809616089, 0.30404242873191833, -0.9255032539367676, -0.6555983424186707], [0.8322741985321045, -0.553961992263794, 0.02110126055777073, -0.7758195400238037], [0.0, 0.0, 0.0, 1.0]]}}