{"root": {"matrix": [[0.5306686162948608, -0.8473300337791443, 0.020557794719934464, -5.960464477539063e-08], [-0.2975166440010071, -0.20893141627311707, -0.9315747618675232, 0.0], [0.7936463952064514, 0.48824116587638855, -0.36296820640563965, 0.0], [0.0, 0.0, 0.0, 1.0]]}, "carpals": {"matrix": [[-0.053251173347234726, -0.6141273975372314, -0.787408173084259, 0.36840155720710754], [0.9852772951126099, 0.09597145020961761, -0.14148439466953278, -0.7725980281829834], [0.1624583899974823, -0.7833496928215027, 0.5999752879142761, 2.31351637840271], [0.0, 0.0, 0.0, 1.0]]}, "metacarpals": {"matrix": [[0.09237217903137207, -0.7667587995529175, -0.6352543234825134, -0.22975480556488037], [0.9873577952384949, 0.15306423604488373, -0.0411788672208786, -0.6791224479675293], [0.12880919873714447, -0.6234195232391357, 0.7712042927742004, 1.550538420677185], [0.0, 0.0, 0.0, 1.0]]}, "finger5joint1": {"matrix": [[-0.2690328359603882, -0.7921701073646545, -0.5478024482727051, -0.4222058057785034], [0.949590265750885, -0.31320539116859436, -0.013433909974992275, -0.7480811476707458], [-0.1609324961900711, -0.5238021612167358, 0.8364997506141663, 0.8549220561981201], [0.0, 0.0, 0.0, 1.0]]}, "finger5joint2": {"matrix": [[-0.3982050120830536, -0.9135056734085083, 0.0833030417561531, -1.2589532136917114], [-0.02927335910499096, -0.07811231911182404, -0.9965144991874695, -1.078911304473877], [0.916828989982605, -0.39925557374954224, 0.004363042768090963, 0.30164432525634766], [0.0, 0.0, 0.0, 1.0]]}, "finger5joint3": {"matrix": [[-0.4857262074947357, -0.8662603497505188, -0.11688601225614548, -1.8868377208709717], [0.018469147384166718, 0.12351911514997482, -0.9921700954437256, -1.1326005458831787], [0.8739155530929565, -0.48408180475234985, -0.04399764910340309, 0.027221977710723877], [0.0, 0.0, 0.0, 1.0]]}, "Bone": {"matrix": [[0.8227688074111938, 0.06361500918865204, -0.5648046135902405, -1.4268783330917358], [0.005320932250469923, 0.9928110241889954, 0.1195731982588768, -0.44014665484428406], [0.5683509111404419, -0.1013861894607544, 0.8165156245231628, 0.5772074460983276], [0.0, 0.0, 0.0, 1.0]]}, "finger1joint1": {"matrix": [[0.4310305714607239, -0.7964486479759216, -0.4241247773170471, -1.3739385604858398], [0.7698960900306702, 0.569749653339386, -0.28748074173927307, 0.38605839014053345], [0.47060880064964294, -0.20261888206005096, 0.8587623238563538, 0.4928351044654846], [0.0, 0.0, 0.0, 1.0]]}, "finger1joint2": {"matrix": [[0.5555344820022583, -0.6379009485244751, -0.5333513021469116, -1.824074149131775], [0.8093148469924927, 0.5619850158691406, 0.17082814872264862, 0.7080685496330261], [0.19076408445835114, -0.5265499353408813, 0.828464925289154, 0.37831932306289673], [0.0, 0.0, 0.0, 1.0]]}, "finger1joint3": {"matrix": [[0.5216909646987915, -0.19583921134471893, -0.8303524851799011, -2.097531795501709], [0.8012890219688416, 0.4466010630130768, 0.3980996906757355, 0.9489823579788208], [0.29287290573120117, -0.8730372786521912, 0.3899117410182953, 0.15259599685668945], [0.0, 0.0, 0.0, 1.0]]}, "Bone.001": {"matrix": [[0.7230738401412964, -0.43024611473083496, -0.5404184460639954, -1.4268782138824463], [0.35493990778923035, 0.9025761485099792, -0.24366705119609833, -0.44014668464660645], [0.5926057696342468, -0.01562659442424774, 0.8053408861160278, 0.5772074460983276], [0.0, 0.0, 0.0, 1.0]]}, "finger2joint1": {"matrix": [[0.23699258267879486, -0.3788953125476837, -0.8945795297622681, -1.6996041536331177], [0.929718017578125, 0.35562601685523987, 0.09567754715681076, 0.13198158144950867], [0.28188419342041016, -0.8543816208839417, 0.4365467131137848, 0.5673020482063293], [0.0, 0.0, 0.0, 1.0]]}, "finger2joint2": {"matrix": [[0.28340962529182434, -0.2785578966140747, -0.9176514148712158, -2.027405023574829], [0.9452318549156189, 0.24269482493400574, 0.21825622022151947, 0.43965110182762146], [0.1619124859571457, -0.9292492866516113, 0.3320840001106262, -0.1718653440475464], [0.0, 0.0, 0.0, 1.0]]}, "finger2joint3": {"matrix": [[0.33044299483299255, -0.10111207515001297, -0.9383940696716309, -2.133150339126587], [0.9435222148895264, 0.06060430407524109, 0.32571864128112793, 0.5317820310592651], [0.02393682487308979, -0.9930272102355957, 0.11542791873216629, -0.5246236324310303], [0.0, 0.0, 0.0, 1.0]]}, "Bone.002": {"matrix": [[0.22669513523578644, -0.8693140745162964, -0.43920621275901794, -1.4268782138824463], [0.887531578540802, 0.3700990080833435, -0.27443450689315796, -0.44014668464660645], [0.40111979842185974, -0.3275962471961975, 0.8554434180259705, 0.5772074460983276], [0.0, 0.0, 0.0, 1.0]]}, "finger3joint1": {"matrix": [[0.20887406170368195, -0.7423728704452515, -0.6365955471992493, -1.7933027744293213], [0.950236439704895, 0.30791807174682617, -0.04729922115802765, -0.2841462194919586], [0.23113323748111725, -0.5950365662574768, 0.7697458863258362, 0.4391223192214966], [0.0, 0.0, 0.0, 1.0]]}, "finger3joint2": {"matrix": [[0.11339667439460754, 0.1098819300532341, -0.9874548316001892, -2.4444985389709473], [0.988081157207489, 0.09166062623262405, 0.12366823852062225, -0.01404617354273796], [0.10409993678331375, -0.9897090792655945, -0.09817812591791153, -0.0828326940536499], [0.0, 0.0, 0.0, 1.0]]}, "finger3joint3": {"matrix": [[0.28314632177352905, 0.550445020198822, -0.7853904962539673, -2.373396158218384], [0.956526517868042, -0.10239631682634354, 0.2730785012245178, 0.04526561126112938], [0.06989388167858124, -0.8285682201385498, -0.5555083155632019, -0.7232539653778076], [0.0, 0.0, 0.0, 1.0]]}, "Bone.003": {"matrix": [[-0.5322249531745911, -0.7730685472488403, 0.3451107144355774, -1.4268782138824463], [0.6351335644721985, -0.6341325640678406, -0.4410001337528229, -0.4401465952396393], [0.5597695112228394, -0.015519951470196247, 0.8285029530525208, 0.5772074460983276], [0.0, 0.0, 0.0, 1.0]]}, "finger4joint1": {"matrix": [[0.05219949781894684, -0.5986433625221252, -0.7993127703666687, -1.7582303285598755], [0.995448112487793, 0.09510059654712677, -0.006217382848262787, -0.7119482159614563], [0.07973740249872208, -0.7953499555587769, 0.6008828282356262, 0.5705552697181702], [0.0, 0.0, 0.0, 1.0]]}, "finger4joint2": {"matrix": [[0.023018399253487587, -0.016339026391506195, -0.9996013045310974, -2.352898120880127], [0.9970607161521912, 0.07345730811357498, 0.021759016439318657, -0.617479145526886], [0.07307278364896774, -0.9971643090248108, 0.01798199489712715, -0.21951276063919067], [0.0, 0.0, 0.0, 1.0]]}, "finger4joint3": {"matrix": [[0.038917265832424164, 0.3881411850452423, -0.9207776188850403, -2.359712600708008], [0.9870783686637878, 0.12840910255908966, 0.09584840387105942, -0.5868428945541382], [0.15543922781944275, -0.9126101136207581, -0.37812840938568115, -0.6353930234909058], [0.0, 0.0, 0.0, 1.0]]}}