{"root": {"matrix": [[0.3140343129634857, -0.9480509161949158, 0.05081191286444664, -5.960464477539063e-08], [0.11639624089002609, -0.014670749194920063, -0.9930945038795471, 9.313225746154785e-10], [0.9422496557235718, 0.317780077457428, 0.10574237257242203, 2.9802322387695312e-08], [0.0, 0.0, 0.0, 1.0]]}, "carpals": {"matrix": [[-0.15889324247837067, -0.4129658639431, -0.8967786431312561, -0.22349989414215088], [0.9838497042655945, -0.14205355942249298, -0.10890518128871918, 0.36051708459854126], [-0.08241626620292664, -0.8995997309684753, 0.42886775732040405, 2.4300332069396973], [0.0, 0.0, 0.0, 1.0]]}, "metacarpals": {"matrix": [[-0.32954224944114685, -0.702480137348175, -0.6308116316795349, -0.6257262229919434], [0.9318957924842834, -0.3492703437805176, -0.09787958115339279, 0.2221577763557434], [-0.15156514942646027, -0.6201061606407166, 0.7697376012802124, 1.5538283586502075], [0.0, 0.0, 0.0, 1.0]]}, "finger5joint1": {"matrix": [[-0.5384985208511353, -0.5744069814682007, -0.6165027618408203, -0.7092912793159485], [0.7796649932861328, -0.6171605587005615, -0.10599642992019653, -0.10041141510009766], [-0.31959590315818787, -0.5377446413040161, 0.7801851034164429, 0.9099022150039673], [0.0, 0.0, 0.0, 1.0]]}, "finger5joint2": {"matrix": [[-0.4664967954158783, -0.8845171332359314, -0.003089331090450287, -1.31602144241333], [-0.07115774601697922, 0.04100971296429634, -0.9966215491294861, -0.7523009181022644], [0.8816556930541992, -0.46470072865486145, -0.08207130432128906, 0.34189745783805847], [0.0, 0.0, 0.0, 1.0]]}, "finger5joint3": {"matrix": [[-0.5461532473564148, -0.7351272702217102, -0.4016265571117401, -1.9239810705184937], [-0.012041947804391384, 0.4862886071205139, -0.8737151026725769, -0.7241135835647583], [0.8375983834266663, -0.4723457992076874, -0.2744405269622803, 0.02249234914779663], [0.0, 0.0, 0.0, 1.0]]}, "Bone": {"matrix": [[0.6939486861228943, -0.3369531035423279, -0.636315643787384, -1.7224926948547363], [0.49603354930877686, 0.8643001914024353, 0.08328131586313248, -0.3231501877307892], [0.5219058394432068, -0.3734267055988312, 0.7669200301170349, 0.5856704711914062], [0.0, 0.0, 0.0, 1.0]]}, "finger1joint1": {"matrix": [[-0.12289547175168991, -0.41676294803619385, -0.9006692171096802, -2.0029008388519287], [0.9718057513237, 0.13347603380680084, -0.1943647414445877, 0.39610975980758667], [0.20122192800045013, -0.8991620540618896, 0.3886090815067291, 0.2749094069004059], [0.0, 0.0, 0.0, 1.0]]}, "finger1joint2": {"matrix": [[0.16551554203033447, -0.1277497261762619, -0.9778979420661926, -2.2384462356567383], [0.9819723963737488, 0.11314041167497635, 0.151424840092659, 0.4715474843978882], [0.09129541367292404, -0.9853318929672241, 0.14417332410812378, -0.23327749967575073], [0.0, 0.0, 0.0, 1.0]]}, "finger1joint3": {"matrix": [[0.07020467519760132, 0.3141964375972748, -0.946758508682251, -2.293210506439209], [0.9874438047409058, 0.11275414377450943, 0.11064078658819199, 0.5200489163398743], [0.14151401817798615, -0.9426382184028625, -0.30233529210090637, -0.655673086643219], [0.0, 0.0, 0.0, 1.0]]}, "Bone.001": {"matrix": [[0.458858460187912, -0.7569172382354736, -0.465322345495224, -1.7224925756454468], [0.7653235793113708, 0.6027495265007019, -0.22577112913131714, -0.3231502175331116], [0.4513630270957947, -0.2525250017642975, 0.8558633923530579, 0.5856704711914062], [0.0, 0.0, 0.0, 1.0]]}, "finger2joint1": {"matrix": [[-0.17161738872528076, -0.7212274670600891, -0.6711021661758423, -2.2022900581359863], [0.9851573705673218, -0.12805508077144623, -0.11430943757295609, 0.05892285704612732], [-0.0034947427920997143, -0.6807587146759033, 0.7324991226196289, 0.42559900879859924], [0.0, 0.0, 0.0, 1.0]]}, "finger2joint2": {"matrix": [[-0.17338021099567413, 0.680360734462738, -0.7120732069015503, -2.8262596130371094], [0.975871205329895, 0.0212472565472126, -0.21731042861938477, -0.051863864064216614], [-0.1327197104692459, -0.7325690984725952, -0.6676282286643982, -0.1633586585521698], [0.0, 0.0, 0.0, 1.0]]}, "finger2joint3": {"matrix": [[-0.029876410961151123, 0.7927510738372803, 0.6088125705718994, -2.5679831504821777], [0.9873557090759277, 0.1182698905467987, -0.1055496409535408, -0.0437980517745018], [-0.1556786447763443, 0.5979610681533813, -0.7862609028816223, -0.4414539337158203], [0.0, 0.0, 0.0, 1.0]]}, "Bone.002": {"matrix": [[-0.191610187292099, -0.9109290838241577, -0.365367591381073, -1.7224926948547363], [0.972291111946106, -0.1253787875175476, -0.19730733335018158, -0.3231502175331116], [0.13392384350299835, -0.3930496275424957, 0.9097120761871338, 0.5856704711914062], [0.0, 0.0, 0.0, 1.0]]}, "finger3joint1": {"matrix": [[-0.1922435760498047, -0.681353747844696, -0.7062572240829468, -2.1064586639404297], [0.9812421202659607, -0.14399857819080353, -0.1281735897064209, -0.3759986162185669], [-0.014368253760039806, -0.7176496982574463, 0.6962557435035706, 0.41999608278274536], [0.0, 0.0, 0.0, 1.0]]}, "finger3joint2": {"matrix": [[-0.2700180411338806, 0.3454497456550598, -0.8987516760826111, -2.704129219055176], [0.9503523707389832, -0.05431734770536423, -0.30639857053756714, -0.5023115277290344], [-0.1546628475189209, -0.9368638396263123, -0.31363222002983093, -0.20951294898986816], [0.0, 0.0, 0.0, 1.0]]}, "finger3joint3": {"matrix": [[-0.09755834937095642, 0.8387640118598938, -0.535683810710907, -2.480595588684082], [0.9844614267349243, 0.0023657253477722406, -0.17558524012565613, -0.5374591946601868], [-0.14600706100463867, -0.5444899797439575, -0.8259614109992981, -0.815739095211029], [0.0, 0.0, 0.0, 1.0]]}, "Bone.003": {"matrix": [[-0.7931355834007263, -0.4431998133659363, 0.4177435636520386, -1.7224926948547363], [0.4783841371536255, -0.8778475522994995, -0.023072272539138794, -0.3231501877307892], [0.37694090604782104, 0.18154233694076538, 0.908271849155426, 0.5856704711914062], [0.0, 0.0, 0.0, 1.0]]}, "finger4joint1": {"matrix": [[-0.3359420895576477, -0.3908264636993408, -0.8569697141647339, -1.912456750869751], [0.9270588755607605, -0.2979884147644043, -0.22751839458942413, -0.6994127035140991], [-0.16644659638404846, -0.8708944916725159, 0.462426096200943, 0.6634831428527832], [0.0, 0.0, 0.0, 1.0]]}, "finger4joint2": {"matrix": [[-0.3612983226776123, -0.014816430397331715, -0.9323323369026184, -2.300687789916992], [0.9154180288314819, -0.19587017595767975, -0.3516310751438141, -0.9954222440719604], [-0.1774059385061264, -0.9805176854133606, 0.08433086425065994, -0.20162785053253174], [0.0, 0.0, 0.0, 1.0]]}, "finger4joint3": {"matrix": [[-0.34513869881629944, 0.2191232591867447, -0.9126137495040894, -2.3068668842315674], [0.933577299118042, -0.01982448808848858, -0.35782691836357117, -1.0771124362945557], [-0.09650004655122757, -0.9754955172538757, -0.19772624969482422, -0.6105653047561646], [0.0, 0.0, 0.0, 1.0]]}}