{"root": {"matrix": [[0.4695000946521759, -0.8825986981391907, 0.024272706359624863, -5.960464477539063e-08], [-0.20376643538475037, -0.13506092131137848, -0.969658613204956, 0.0], [0.8590977191925049, 0.45030882954597473, -0.24325519800186157, 0.0], [0.0, 0.0, 0.0, 1.0]]}, "carpals": {"matrix": [[-0.17938804626464844, -0.6140919923782349, -0.7685770392417908, 0.1951313018798828], [0.9416982531547546, 0.11886003613471985, -0.3147641122341156, -0.4839971661567688], [0.28464746475219727, -0.7802326083183289, 0.5569673180580139, 2.410944938659668], [0.0, 0.0, 0.0, 1.0]]}, "metacarpals": {"matrix": [[-0.2677677571773529, -0.8245466947555542, -0.498420387506485, -0.40299057960510254], [0.8888543844223022, -0.011777447536587715, -0.4580381512641907, -0.3682282269001007], [0.37180399894714355, -0.5656710267066956, 0.7360556125640869, 1.651003122329712], [0.0, 0.0, 0.0, 1.0]]}, "finger5joint1": {"matrix": [[-0.6225717067718506, -0.6454915404319763, -0.4424305856227875, -0.621516227722168], [0.7790212035179138, -0.45747581124305725, -0.4287675619125366, -0.34249067306518555], [0.0743648037314415, -0.6116015315055847, 0.7876631021499634, 0.9601637721061707], [0.0, 0.0, 0.0, 1.0]]}, "finger5joint2": {"matrix": [[-0.29023438692092896, -0.837054431438446, 0.4637921452522278, -1.3033311367034912], [-0.4036185145378113, -0.33236074447631836, -0.8524248003959656, -0.8257096409797668], [0.8676724433898926, -0.4345981180667877, -0.24138854444026947, 0.3141460120677948], [0.0, 0.0, 0.0, 1.0]]}, "finger5joint3": {"matrix": [[-0.3922019600868225, -0.8875914216041565, 0.24157489836215973, -1.8786677122116089], [-0.3853391110897064, -0.07993607223033905, -0.9193060398101807, -1.0541529655456543], [0.8352788090705872, -0.4536418914794922, -0.3106729984283447, 0.015431523323059082], [0.0, 0.0, 0.0, 1.0]]}, "Bone": {"matrix": [[0.8124529123306274, -0.3182671070098877, -0.48849359154701233, -1.6903369426727295], [0.1876259297132492, 0.9360136389732361, -0.29778313636779785, -0.3866161108016968], [0.552011251449585, 0.15028099715709686, 0.820182204246521, 0.7678335905075073], [0.0, 0.0, 0.0, 1.0]]}, "finger1joint1": {"matrix": [[-0.050330694764852524, -0.43912434577941895, -0.8970152139663696, -1.9551948308944702], [0.7864667177200317, 0.5361593961715698, -0.30659911036491394, 0.39232295751571655], [0.6155785322189331, -0.7209039330482483, 0.3183714747428894, 0.8928955793380737], [0.0, 0.0, 0.0, 1.0]]}, "finger1joint2": {"matrix": [[0.23395489156246185, -0.1554182916879654, -0.9597447514533997, -2.203378438949585], [0.8315879106521606, 0.5434169173240662, 0.11471492797136307, 0.6953485608100891], [0.5037129521369934, -0.8249501585960388, 0.2563791573047638, 0.48545628786087036], [0.0, 0.0, 0.0, 1.0]]}, "finger1joint3": {"matrix": [[0.14109934866428375, 0.28676748275756836, -0.9475522041320801, -2.2700037956237793], [0.8184309601783752, 0.5047302842140198, 0.2746236324310303, 0.9283024668693542], [0.5570116639137268, -0.8142551779747009, -0.16348209977149963, 0.13181371986865997], [0.0, 0.0, 0.0, 1.0]]}, "Bone.001": {"matrix": [[0.5932487845420837, -0.7330989837646484, -0.33259809017181396, -1.6903369426727295], [0.4567148983478546, 0.6467297077178955, -0.6108615398406982, -0.3866160809993744], [0.6629232168197632, 0.21049056947231293, 0.7184888124465942, 0.7678335309028625], [0.0, 0.0, 0.0, 1.0]]}, "finger2joint1": {"matrix": [[-0.05464496091008186, -0.6467182040214539, -0.7607687711715698, -2.155036449432373], [0.8307715058326721, 0.39322325587272644, -0.39394649863243103, 0.023335278034210205], [0.5539246201515198, -0.6535521745681763, 0.5157874822616577, 0.9012601375579834], [0.0, 0.0, 0.0, 1.0]]}, "finger2joint2": {"matrix": [[-0.042365338653326035, 0.24785014986991882, -0.9678714871406555, -2.7145440578460693], [0.8957633376121521, 0.438483327627182, 0.07307660579681396, 0.36353200674057007], [0.4425078332424164, -0.8638878464698792, -0.24059146642684937, 0.3358401358127594], [0.0, 0.0, 0.0, 1.0]]}, "finger2joint3": {"matrix": [[0.07299473881721497, 0.9324790239334106, -0.3537714183330536, -2.6204559803009033], [0.930008053779602, 0.06447620689868927, 0.3618391156196594, 0.5299873948097229], [0.36021751165390015, -0.3554227650165558, -0.8625065684318542, 0.007894128561019897], [0.0, 0.0, 0.0, 1.0]]}, "Bone.002": {"matrix": [[-0.08078096061944962, -0.9714856743812561, -0.2229120433330536, -1.690337061882019], [0.7878535389900208, 0.07475600391626358, -0.6113086342811584, -0.3866160809993744], [0.6105418801307678, -0.22500403225421906, 0.7593494653701782, 0.7678335905075073], [0.0, 0.0, 0.0, 1.0]]}, "finger3joint1": {"matrix": [[-0.17979790270328522, -0.8952643275260925, -0.40764468908309937, -2.099828004837036], [0.8835843801498413, 0.035165973007678986, -0.4669496715068817, -0.3551056683063507], [0.43237897753715515, -0.44414499402046204, 0.7847187519073486, 0.6729921102523804], [0.0, 0.0, 0.0, 1.0]]}, "finger3joint2": {"matrix": [[-0.3031465411186218, 0.5704631805419922, -0.7633306980133057, -2.8851370811462402], [0.8954697251319885, 0.44450533390045166, -0.023429935798048973, -0.3242587447166443], [0.32593899965286255, -0.6906421780586243, -0.6455826759338379, 0.2833963632583618], [0.0, 0.0, 0.0, 1.0]]}, "finger3joint3": {"matrix": [[-0.14178279042243958, 0.988722562789917, -0.048220161348581314, -2.5160017013549805], [0.9075924158096313, 0.14928705990314484, 0.39241480827331543, -0.03662809729576111], [0.3951883316040039, 0.011873233132064342, -0.9185233116149902, -0.16350460052490234], [0.0, 0.0, 0.0, 1.0]]}, "Bone.003": {"matrix": [[-0.6736109256744385, -0.4812121093273163, 0.5609661340713501, -1.6903369426727295], [0.23533809185028076, -0.8591465950012207, -0.4544040858745575, -0.3866160213947296], [0.7006170153617859, -0.17407502233982086, 0.6919779777526855, 0.7678335905075073], [0.0, 0.0, 0.0, 1.0]]}, "finger4joint1": {"matrix": [[-0.4157348573207855, -0.38331708312034607, -0.8247618079185486, -1.8965939283370972], [0.8916638493537903, 0.0068590990267694, -0.4526458978652954, -0.7548629641532898], [0.1791643500328064, -0.923591136932373, 0.338938444852829, 0.6932216882705688], [0.0, 0.0, 0.0, 1.0]]}, "finger4joint2": {"matrix": [[-0.4402611553668976, -0.019612180069088936, -0.8976552486419678, -2.277365207672119], [0.8826797008514404, 0.17366580665111542, -0.43671080470085144, -0.7480494379997253], [0.16445717215538025, -0.9846091270446777, -0.059147097170352936, -0.2242359220981598], [0.0, 0.0, 0.0, 1.0]]}, "finger4joint3": {"matrix": [[-0.4239284098148346, 0.19885694980621338, -0.8835949897766113, -2.2855448722839355], [0.8714823722839355, 0.35517624020576477, -0.33818328380584717, -0.675619900226593], [0.24658216536045074, -0.9134031534194946, -0.3238697350025177, -0.6348798274993896], [0.0, 0.0, 0.0, 1.0]]}}