{"root": {"matrix": [[0.34378162026405334, -0.8989912867546082, 0.27134639024734497, -5.960464477539063e-08], [0.3292747139930725, -0.1552082896232605, -0.931390643119812, -1.4901161193847656e-08], [0.8794273138046265, 0.4095424711704254, 0.24265727400779724, 0.0], [0.0, 0.0, 0.0, 1.0]]}, "carpals": {"matrix": [[-0.34824275970458984, -0.4656050205230713, -0.8135961294174194, -0.13300064206123352], [0.928772509098053, -0.28888991475105286, -0.23221561312675476, 0.6974385380744934], [-0.12691882252693176, -0.8365131616592407, 0.5330449938774109, 2.3623876571655273], [0.0, 0.0, 0.0, 1.0]]}, "metacarpals": {"matrix": [[-0.45511049032211304, -0.652352511882782, -0.6060613393783569, -0.5864971876144409], [0.8854314684867859, -0.4036038815975189, -0.23046693205833435, 0.41606152057647705], [-0.09426286071538925, -0.6415136456489563, 0.7612978219985962, 1.5476289987564087], [0.0, 0.0, 0.0, 1.0]]}, "finger5joint1": {"matrix": [[-0.33543339371681213, -0.6994644403457642, -0.6310575008392334, -0.6296045184135437], [0.9351993799209595, -0.16651922464370728, -0.31252747774124146, 0.12518098950386047], [0.11351882666349411, -0.6949966549873352, 0.7099948525428772, 0.8849034905433655], [0.0, 0.0, 0.0, 1.0]]}, "finger5joint2": {"matrix": [[-0.5118147134780884, -0.8145934343338013, -0.2729148268699646, -1.3684295415878296], [-0.34779176115989685, 0.48694777488708496, -0.8012006878852844, -0.050708651542663574], [0.7855482697486877, -0.3151484727859497, -0.5325360894203186, 0.1507977545261383], [0.0, 0.0, 0.0, 1.0]]}, "finger5joint3": {"matrix": [[-0.5698214173316956, -0.6544510126113892, -0.4969876706600189, -1.928328275680542], [-0.2561744749546051, 0.7161080241203308, -0.6492793560028076, 0.2839876413345337], [0.780818521976471, -0.24265748262405396, -0.5757073760032654, -0.06581483781337738], [0.0, 0.0, 0.0, 1.0]]}, "Bone": {"matrix": [[0.623115599155426, -0.4547470510005951, -0.6363425254821777, -1.6050004959106445], [0.553554117679596, 0.8311917185783386, -0.05194326117634773, -0.2140761911869049], [0.5525436401367188, -0.31988322734832764, 0.7696556448936462, 0.5460480451583862], [0.0, 0.0, 0.0, 1.0]]}, "finger1joint1": {"matrix": [[-0.3024270534515381, -0.4289868474006653, -0.8511803150177002, -1.9834353923797607], [0.9386249780654907, 0.021387670189142227, -0.34427550435066223, 0.4776313304901123], [0.1658945381641388, -0.9030572772026062, 0.3961896300315857, 0.2798451781272888], [0.0, 0.0, 0.0, 1.0]]}, "finger1joint2": {"matrix": [[-0.020278044044971466, -0.1401326060295105, -0.989924967288971, -2.225889205932617], [0.9982571005821228, 0.05204882472753525, -0.027816645801067352, 0.4897191524505615], [0.055422525852918625, -0.9887635707855225, 0.13883303105831146, -0.23054325580596924], [0.0, 0.0, 0.0, 1.0]]}, "finger1joint3": {"matrix": [[-0.11527169495820999, 0.2939143180847168, -0.9488554000854492, -2.2859621047973633], [0.9877226948738098, 0.13530433177947998, -0.07808200269937515, 0.5120316743850708], [0.10543490946292877, -0.9462065696716309, -0.3059024214744568, -0.6544098854064941], [0.0, 0.0, 0.0, 1.0]]}, "Bone.001": {"matrix": [[0.35287395119667053, -0.8340792655944824, -0.42401817440986633, -1.6050007343292236], [0.7918797731399536, 0.5076098442077637, -0.339497447013855, -0.21407616138458252], [0.4984036386013031, -0.21597148478031158, 0.8396128416061401, 0.5460480451583862], [0.0, 0.0, 0.0, 1.0]]}, "finger2joint1": {"matrix": [[-0.35678184032440186, -0.8001682162284851, -0.4821174442768097, -2.1337099075317383], [0.9336951971054077, -0.32219067215919495, -0.15622487664222717, 0.10768942534923553], [-0.03032742068171501, -0.5058888792991638, 0.8620650768280029, 0.4091472327709198], [0.0, 0.0, 0.0, 1.0]]}, "finger2joint2": {"matrix": [[-0.3815936744213104, 0.5771822929382324, -0.7219740748405457, -2.825974464416504], [0.9111586213111877, 0.10349444299936295, -0.39884689450263977, -0.17105352878570557], [-0.15548694133758545, -0.8100303411483765, -0.565397322177887, -0.028522014617919922], [0.0, 0.0, 0.0, 1.0]]}, "finger2joint3": {"matrix": [[-0.24682697653770447, 0.8757231831550598, 0.41495177149772644, -2.6068665981292725], [0.9489850401878357, 0.305138498544693, -0.07948345690965652, -0.13176532089710236], [-0.1962231695652008, 0.37416428327560425, -0.9063647389411926, -0.33602282404899597], [0.0, 0.0, 0.0, 1.0]]}, "Bone.002": {"matrix": [[-0.3220153748989105, -0.8879046440124512, -0.3285287916660309, -1.6050004959106445], [0.9267745018005371, -0.22475817799568176, -0.30095311999320984, -0.21407616138458252], [0.1933782994747162, -0.40138348937034607, 0.8952629566192627, 0.5460480451583862], [0.0, 0.0, 0.0, 1.0]]}, "finger3joint1": {"matrix": [[-0.37271836400032043, -0.7332034707069397, -0.568764865398407, -1.9792613983154297], [0.9278826117515564, -0.3015652000904083, -0.2193000167608261, -0.30881401896476746], [-0.0107279596850276, -0.6094839572906494, 0.7927255630493164, 0.3768608570098877], [0.0, 0.0, 0.0, 1.0]]}, "finger3joint2": {"matrix": [[-0.4616170823574066, 0.2647101581096649, -0.8466628789901733, -2.6224138736724854], [0.8763250708580017, -0.012087640352547169, -0.48156872391700745, -0.5733413696289062], [-0.13771003484725952, -0.9642521142959595, -0.22639214992523193, -0.15776723623275757], [0.0, 0.0, 0.0, 1.0]]}, "finger3joint3": {"matrix": [[-0.2989547550678253, 0.7481204271316528, -0.5924032926559448, -2.451124906539917], [0.9431333541870117, 0.13708363473415375, -0.3028327524662018, -0.5811630487442017], [-0.14534634351730347, -0.6492487192153931, -0.7465589642524719, -0.7817157506942749], [0.0, 0.0, 0.0, 1.0]]}, "Bone.003": {"matrix": [[-0.8485186100006104, -0.31752392649650574, 0.423313707113266, -1.6050004959106445], [0.34108874201774597, -0.9397914409637451, -0.021227961406111717, -0.21407610177993774], [0.40456709265708923, 0.12637515366077423, 0.9057343006134033, 0.5460480451583862], [0.0, 0.0, 0.0, 1.0]]}, "finger4joint1": {"matrix": [[-0.4745962917804718, -0.464212566614151, -0.7478399276733398, -1.741097331047058], [0.871030867099762, -0.37002816796302795, -0.3230855166912079, -0.6168889999389648], [-0.12674127519130707, -0.8047268986701965, 0.5799576044082642, 0.6002148985862732], [0.0, 0.0, 0.0, 1.0]]}, "finger4joint2": {"matrix": [[-0.49946513772010803, -0.12356535345315933, -0.8574763536453247, -2.2022273540496826], [0.8559184074401855, -0.22339849174022675, -0.4663652181625366, -0.9844597578048706], [-0.13393212854862213, -0.9668630957603455, 0.21734175086021423, -0.19916784763336182], [0.0, 0.0, 0.0, 1.0]]}, "finger4joint3": {"matrix": [[-0.47486767172813416, 0.08364266157150269, -0.8760731220245361, -2.2537617683410645], [0.8782567381858826, -0.01860080100595951, -0.477827250957489, -1.0776309967041016], [-0.056262191385030746, -0.996321976184845, -0.06462670117616653, -0.6024104952812195], [0.0, 0.0, 0.0, 1.0]]}}