{"root": {"matrix": [[0.15395240485668182, -0.9708565473556519, -0.1836741417646408, -5.960464477539063e-08], [-0.3636053502559662, 0.117180235683918, -0.9241536259651184, 0.0], [0.9187435507774353, 0.20906057953834534, -0.33496853709220886, 0.0], [0.0, 0.0, 0.0, 1.0]]}, "carpals": {"matrix": [[0.26429587602615356, -0.35957542061805725, -0.8949038982391357, -0.5814810991287231], [0.9597399830818176, 0.18956726789474487, 0.2072754204273224, -0.6036868691444397], [0.0951135903596878, -0.9136571884155273, 0.39520084857940674, 2.3200058937072754], [0.0, 0.0, 0.0, 1.0]]}, "metacarpals": {"matrix": [[0.35926586389541626, -0.7345104813575745, -0.5756928324699402, -0.9317054748535156], [0.9292126893997192, 0.22433117032051086, 0.2936648726463318, -0.41904953122138977], [-0.08655384927988052, -0.6404448747634888, 0.7631111145019531, 1.4301092624664307], [0.0, 0.0, 0.0, 1.0]]}, "finger5joint1": {"matrix": [[-0.041181690990924835, -0.543782114982605, -0.8382152915000916, -1.177085518836975], [0.9268597364425659, -0.33409586548805237, 0.17120377719402313, -0.5748797655105591], [-0.3731415867805481, -0.7698577046394348, 0.5177685022354126, 0.7658951282501221], [0.0, 0.0, 0.0, 1.0]]}, "finger5joint2": {"matrix": [[-0.8784997463226318, -0.47631973028182983, -0.03684035316109657, -1.7514673471450806], [0.15332558751106262, -0.20807036757469177, -0.9660215377807617, -0.9277759790420532], [0.45246991515159607, -0.8542982935905457, 0.25582149624824524, -0.04728424549102783], [0.0, 0.0, 0.0, 1.0]]}, "finger5joint3": {"matrix": [[-0.9157637357711792, -0.36853116750717163, -0.15987800061702728, -2.0788586139678955], [0.1861814558506012, -0.03670082613825798, -0.9818294048309326, -1.0707899332046509], [0.35596728324890137, -0.9288902878761292, 0.10222268849611282, -0.634473443031311], [0.0, 0.0, 0.0, 1.0]]}, "Bone": {"matrix": [[0.8272125124931335, 0.31918981671333313, -0.46242523193359375, -2.0784802436828613], [-0.1021319180727005, 0.8946874141693115, 0.4348600506782532, -0.06880629062652588], [0.552528977394104, -0.31249311566352844, 0.7726962566375732, 0.43019700050354004], [0.0, 0.0, 0.0, 1.0]]}, "finger1joint1": {"matrix": [[0.5328000783920288, -0.46377867460250854, -0.707836925983429, -1.812854290008545], [0.8206666111946106, 0.4872557818889618, 0.2984760105609894, 0.6757415533065796], [0.2064710259437561, -0.7399260997772217, 0.6402177810668945, 0.17014408111572266], [0.0, 0.0, 0.0, 1.0]]}, "finger1joint2": {"matrix": [[0.7321760058403015, -0.2761245369911194, -0.6226341724395752, -2.074971914291382], [0.6809154152870178, 0.318889319896698, 0.6592902541160583, 0.9511279463768005], [0.016505299136042595, -0.9066777229309082, 0.4215008020401001, -0.24804610013961792], [0.0, 0.0, 0.0, 1.0]]}, "finger1joint3": {"matrix": [[0.6749904155731201, 0.0725199431180954, -0.7342538237571716, -2.1933419704437256], [0.7320230603218079, 0.05874912068247795, 0.6787419319152832, 1.0878305435180664], [0.09235922992229462, -0.9956350922584534, -0.013430963270366192, -0.6367239952087402], [0.0, 0.0, 0.0, 1.0]]}, "Bone.001": {"matrix": [[0.8257569670677185, -0.17478841543197632, -0.5362593531608582, -2.0784802436828613], [0.2586020529270172, 0.9622752666473389, 0.08456332981586456, -0.06880629062652588], [0.5012485384941101, -0.20850633084774017, 0.839806318283081, 0.43019700050354004], [0.0, 0.0, 0.0, 1.0]]}, "finger2joint1": {"matrix": [[0.5222707986831665, -0.5480787754058838, -0.6533319354057312, -2.1892755031585693], [0.8467099070549011, 0.42451566457748413, 0.3207310140132904, 0.5411642789840698], [0.10156399756669998, -0.7206910848617554, 0.6857761144638062, 0.29802823066711426], [0.0, 0.0, 0.0, 1.0]]}, "finger2joint2": {"matrix": [[0.5286992788314819, 0.6948811411857605, -0.4874597489833832, -2.663445472717285], [0.8483525514602661, -0.4514226019382477, 0.27661415934562683, 0.9084334969520569], [-0.02783619426190853, -0.5597836375236511, -0.8281709551811218, -0.32547682523727417], [0.0, 0.0, 0.0, 1.0]]}, "finger2joint3": {"matrix": [[0.646338164806366, 0.46417179703712463, 0.6056328415870667, -2.3996572494506836], [0.762844443321228, -0.37460827827453613, -0.5270072221755981, 0.7370661497116089], [-0.017746640369296074, 0.8026285171508789, -0.596214771270752, -0.5379799008369446], [0.0, 0.0, 0.0, 1.0]]}, "Bone.002": {"matrix": [[0.4783378839492798, -0.7576349973678589, -0.44405168294906616, -2.0784802436828613], [0.8549531102180481, 0.5172829627990723, 0.03838445618748665, -0.06880629062652588], [0.20061922073364258, -0.3980039358139038, 0.8951785564422607, 0.43019700050354004], [0.0, 0.0, 0.0, 1.0]]}, "finger3joint1": {"matrix": [[0.7228445410728455, -0.30986788868904114, -0.6176386475563049, -2.3978309631347656], [0.5737398266792297, 0.7672858238220215, 0.2865222990512848, 0.1492336392402649], [0.3851214647293091, -0.5614747405052185, 0.7324120402336121, 0.26243436336517334], [0.0, 0.0, 0.0, 1.0]]}, "finger3joint2": {"matrix": [[0.6881626844406128, 0.4618716835975647, -0.5595592856407166, -2.6696414947509766], [0.6762945652008057, -0.128999724984169, 0.7252480387687683, 0.8222826719284058], [0.26278871297836304, -0.8775155544281006, -0.40113380551338196, -0.23008084297180176], [0.0, 0.0, 0.0, 1.0]]}, "finger3joint3": {"matrix": [[0.7945159673690796, 0.583816647529602, -0.16704003512859344, -2.3707730770111084], [0.5374575853347778, -0.5480459928512573, 0.6409249901771545, 0.7388094067573547], [0.28263717889785767, -0.5990023612976074, -0.7492077350616455, -0.7979038953781128], [0.0, 0.0, 0.0, 1.0]]}, "Bone.003": {"matrix": [[-0.30939826369285583, -0.9133772253990173, 0.2646028697490692, -2.0784800052642822], [0.8574814796447754, -0.38826629519462585, -0.3376011550426483, -0.06880629062652588], [0.4110938310623169, 0.12243881076574326, 0.9033330082893372, 0.43019700050354004], [0.0, 0.0, 0.0, 1.0]]}, "finger4joint1": {"matrix": [[0.3210064768791199, -0.27169540524482727, -0.9072684645652771, -2.4699714183807373], [0.9344074130058289, -0.06531107425689697, 0.350166916847229, -0.23522476851940155], [-0.15439316630363464, -0.960164487361908, 0.23290909826755524, 0.4826766848564148], [0.0, 0.0, 0.0, 1.0]]}, "finger4joint2": {"matrix": [[0.29711461067199707, 0.4836474657058716, -0.8232907652854919, -2.7398624420166016], [0.9392521977424622, -0.30320706963539124, 0.16084247827529907, -0.3001021444797516], [-0.1718362718820572, -0.8210665583610535, -0.544354259967804, -0.47111135721206665], [0.0, 0.0, 0.0, 1.0]]}, "finger4joint3": {"matrix": [[0.26789435744285583, 0.84351646900177, -0.4655236303806305, -2.5381510257720947], [0.9587520956993103, -0.28105130791664124, 0.04247429594397545, -0.4265585243701935], [-0.09500797837972641, -0.45770058035850525, -0.8840154409408569, -0.8135477304458618], [0.0, 0.0, 0.0, 1.0]]}}