{"root": {"matrix": [[0.4689617156982422, -0.6478306651115417, 0.6003251671791077, 0.0], [0.7862929105758667, -0.003344388213008642, -0.6178448796272278, 2.3283064365386963e-10], [0.40226665139198303, 0.7617770433425903, 0.5078161954879761, 0.0], [0.0, 0.0, 0.0, 1.0]]}, "carpals": {"matrix": [[-0.7494572997093201, -0.5376310348510742, -0.38635000586509705, 0.3589451313018799], [0.6526340842247009, -0.5018672347068787, -0.5676248073577881, 1.8443692922592163], [0.11127637326717377, -0.6775556802749634, 0.7270045280456543, 1.5982632637023926], [0.0, 0.0, 0.0, 1.0]]}, "metacarpals": {"matrix": [[-0.7252225875854492, -0.6475315093994141, 0.23399749398231506, -0.1647043228149414], [0.34758123755455017, -0.637692928314209, -0.6874117255210876, 1.3555536270141602], [0.5943393707275391, -0.41719332337379456, 0.6875391602516174, 0.938328206539154], [0.0, 0.0, 0.0, 1.0]]}, "finger5joint1": {"matrix": [[-0.6618719696998596, -0.7468039393424988, -0.06487753242254257, -0.5032379031181335], [0.20384827256202698, -0.09602561593055725, -0.9742816686630249, 1.2134320735931396], [0.7213676571846008, -0.6580748558044434, 0.21579135954380035, 0.31313127279281616], [0.0, 0.0, 0.0, 1.0]]}, "finger5joint2": {"matrix": [[-0.08094745129346848, -0.7833901643753052, 0.6162357330322266, -1.292066216468811], [-0.9792824387550354, -0.05262787640094757, -0.19553998112678528, 1.1120028495788574], [0.18561533093452454, -0.6192973256111145, -0.7629005312919617, -0.3819749355316162], [0.0, 0.0, 0.0, 1.0]]}, "finger5joint3": {"matrix": [[-0.18753065168857574, -0.8731086850166321, 0.4500140845775604, -1.8305177688598633], [-0.9676617980003357, 0.08552675694227219, -0.23730869591236115, 1.0758299827575684], [0.16870810091495514, -0.47996410727500916, -0.8609131574630737, -0.8076397180557251], [0.0, 0.0, 0.0, 1.0]]}, "Bone": {"matrix": [[0.5056021213531494, -0.8507607579231262, 0.14343076944351196, -1.1756806373596191], [0.7395514845848083, 0.3417469263076782, -0.5798900723457336, 0.3599378764629364], [0.444330632686615, 0.3992682099342346, 0.8019693493843079, 0.28697362542152405], [0.0, 0.0, 0.0, 1.0]]}, "finger1joint1": {"matrix": [[-0.5745114088058472, -0.8007551431655884, -0.1694919764995575, -1.8836734294891357], [0.4289923906326294, -0.11823152005672455, -0.8955370783805847, 0.6443354487419128], [0.6970667243003845, -0.587207019329071, 0.4114433228969574, 0.6192396879196167], [0.0, 0.0, 0.0, 1.0]]}, "finger1joint2": {"matrix": [[-0.4794979989528656, -0.07525941729545593, -0.8743097186088562, -2.336242914199829], [0.68355393409729, 0.5927552580833435, -0.4259050786495209, 0.577513575553894], [0.5503051280975342, -0.8018585443496704, -0.23278097808361053, 0.2873629927635193], [0.0, 0.0, 0.0, 1.0]]}, "finger1joint3": {"matrix": [[-0.562491238117218, 0.5625054836273193, -0.605962872505188, -2.3685054779052734], [0.6146979331970215, 0.7746570110321045, 0.14850227534770966, 0.8316179513931274], [0.5529468655586243, -0.2889529764652252, -0.7815086245536804, -0.05638056993484497], [0.0, 0.0, 0.0, 1.0]]}, "Bone.001": {"matrix": [[0.20113691687583923, -0.8729569315910339, 0.4443982243537903, -1.1756806373596191], [0.7376949191093445, -0.16349096596240997, -0.6550394296646118, 0.3599379062652588], [0.6444763541221619, 0.459583044052124, 0.6110919117927551, 0.28697359561920166], [0.0, 0.0, 0.0, 1.0]]}, "finger2joint1": {"matrix": [[-0.5690557956695557, -0.8220565319061279, 0.0199530441313982, -1.7290337085723877], [0.46248510479927063, -0.3400228023529053, -0.8188356161117554, 0.25630366802215576], [0.6799137592315674, -0.45673516392707825, 0.5736809968948364, 0.5782957673072815], [0.0, 0.0, 0.0, 1.0]]}, "finger2joint2": {"matrix": [[-0.6404628753662109, -0.14254778623580933, -0.7546436786651611, -2.4402353763580322], [0.5035249590873718, 0.6640112996101379, -0.5527670979499817, -0.03786672651767731], [0.5798878073692322, -0.7340087890625, -0.35349810123443604, 0.18315184116363525], [0.0, 0.0, 0.0, 1.0]]}, "finger2joint3": {"matrix": [[-0.5825774073600769, 0.6649110913276672, -0.46743595600128174, -2.4943485260009766], [0.6237260699272156, 0.7344793677330017, 0.26740536093711853, 0.21420282125473022], [0.5211229920387268, -0.13576781749725342, -0.8426135182380676, -0.09548994898796082], [0.0, 0.0, 0.0, 1.0]]}, "Bone.002": {"matrix": [[-0.47152864933013916, -0.7101776599884033, 0.5227888226509094, -1.1756806373596191], [0.4249749779701233, -0.7024491429328918, -0.5709303021430969, 0.35993796586990356], [0.7726945877075195, -0.047037750482559204, 0.6330326199531555, 0.28697359561920166], [0.0, 0.0, 0.0, 1.0]]}, "finger3joint1": {"matrix": [[-0.6554952263832092, -0.7385103106498718, -0.1578868329524994, -1.4750277996063232], [0.4079629182815552, -0.1703404188156128, -0.8969672918319702, 0.0638485699892044], [0.6355253458023071, -0.6523696780204773, 0.41294217109680176, 0.26714667677879333], [0.0, 0.0, 0.0, 1.0]]}, "finger3joint2": {"matrix": [[-0.7573992013931274, -0.19583657383918762, -0.6228918433189392, -2.122835159301758], [0.41038084030151367, 0.5992289185523987, -0.6873952746391296, -0.08557090163230896], [0.5078721046447754, -0.7762554883956909, -0.3734878897666931, -0.3050999641418457], [0.0, 0.0, 0.0, 1.0]]}, "finger3joint3": {"matrix": [[-0.6506350040435791, 0.21138107776641846, -0.7293776869773865, -2.2495572566986084], [0.5493493676185608, 0.7941490411758423, -0.2598895728588104, 0.30217835307121277], [0.5242990255355835, -0.5697765350341797, -0.6328231692314148, -0.807399570941925], [0.0, 0.0, 0.0, 1.0]]}, "Bone.003": {"matrix": [[-0.39864784479141235, 0.29829326272010803, 0.8672374486923218, -1.1756806373596191], [-0.38493669033050537, -0.9127196669578552, 0.13699102401733398, 0.3599379062652588], [0.8324081897735596, -0.2792203724384308, 0.4786777198314667, 0.28697359561920166], [0.0, 0.0, 0.0, 1.0]]}, "finger4joint1": {"matrix": [[-0.743909478187561, -0.6579563021659851, 0.11701187491416931, -1.0478262901306152], [0.33520033955574036, -0.5188456177711487, -0.7864093780517578, -0.03127145767211914], [0.578134298324585, -0.5457950234413147, 0.6065214276313782, 0.16729432344436646], [0.0, 0.0, 0.0, 1.0]]}, "finger4joint2": {"matrix": [[-0.75639808177948, -0.6356364488601685, -0.15436211228370667, -1.7014132738113403], [0.30797046422958374, -0.13787591457366943, -0.9413523077964783, -0.546671450138092], [0.577075183391571, -0.7595762014389038, 0.300046443939209, -0.3748760521411896], [0.0, 0.0, 0.0, 1.0]]}, "finger4joint3": {"matrix": [[-0.6986029744148254, -0.6155073046684265, -0.3648342192173004, -1.9665135145187378], [0.33210328221321106, 0.17270559072494507, -0.9272971153259277, -0.6041743755340576], [0.6337671875953674, -0.7689753770828247, 0.08375942707061768, -0.6916671395301819], [0.0, 0.0, 0.0, 1.0]]}}