{"root": {"matrix": [[0.18937931954860687, -0.9537181854248047, 0.2335745096206665, 0.0], [0.27903902530670166, -0.17579828202724457, -0.9440509676933289, 0.0], [0.9414206147193909, 0.24396012723445892, 0.23283198475837708, -1.4901161193847656e-08], [0.0, 0.0, 0.0, 1.0]]}, "carpals": {"matrix": [[-0.20953601598739624, -0.3348737061023712, -0.9186697006225586, -0.5314984321594238], [0.9606857299804688, -0.24552209675312042, -0.12962152063846588, 0.5651015043258667], [-0.18214669823646545, -0.9097132086753845, 0.3731541335582733, 2.34161376953125], [0.0, 0.0, 0.0, 1.0]]}, "metacarpals": {"matrix": [[-0.05346990376710892, -0.7966135144233704, -0.6021193265914917, -0.8576633930206299], [0.9974622130393982, -0.07099580764770508, 0.005351130850613117, 0.32596442103385925], [-0.04701058939099312, -0.6003050804138184, 0.7983880043029785, 1.4555585384368896], [0.0, 0.0, 0.0, 1.0]]}, "finger5joint1": {"matrix": [[-0.17677031457424164, -0.5463777780532837, -0.8186716437339783, -1.0551917552947998], [0.9842427968978882, -0.1017393097281456, -0.14462065696716309, 0.10822764784097672], [-0.004273393657058477, -0.831336259841919, 0.5557529330253601, 0.7928007245063782], [0.0, 0.0, 0.0, 1.0]]}, "finger5joint2": {"matrix": [[-0.8194392919540405, -0.5465530753135681, 0.1726221740245819, -1.632315754890442], [-0.16538117825984955, -0.06290098279714584, -0.9842216372489929, 0.0007632337510585785], [0.5487876534461975, -0.8350582122802734, -0.038846347481012344, -0.0853167176246643], [0.0, 0.0, 0.0, 1.0]]}, "finger5joint3": {"matrix": [[-0.875139594078064, -0.48266854882240295, 0.03407496586441994, -2.0079805850982666], [-0.11609364300966263, 0.14108379185199738, -0.9831669926643372, -0.042470820248126984], [0.4697365164756775, -0.8643642067909241, -0.17950300872325897, -0.6592815518379211], [0.0, 0.0, 0.0, 1.0]]}, "Bone": {"matrix": [[0.8268274068832397, -0.08855263888835907, -0.5554409027099609, -2.101398468017578], [0.22350504994392395, 0.9579406380653381, 0.17998668551445007, 0.21512019634246826], [0.5161410570144653, -0.2729616165161133, 0.8118435144424438, 0.5183157324790955], [0.0, 0.0, 0.0, 1.0]]}, "finger1joint1": {"matrix": [[0.08186696469783783, -0.2788984775543213, -0.9568244814872742, -2.1750905513763428], [0.9875732660293579, 0.1519273966550827, 0.04021359235048294, 1.012306571006775], [0.13415242731571198, -0.9482263922691345, 0.2878705859184265, 0.2911604046821594], [0.0, 0.0, 0.0, 1.0]]}, "finger1joint2": {"matrix": [[0.37485364079475403, 0.015471773222088814, -0.9269547462463379, -2.3327181339263916], [0.9251998662948608, 0.057470306754112244, 0.3751032054424286, 1.098172664642334], [0.05907594785094261, -0.9982271790504456, 0.0072286236099898815, -0.24475663900375366], [0.0, 0.0, 0.0, 1.0]]}, "finger1joint3": {"matrix": [[0.27822965383529663, 0.4435630142688751, -0.8519623875617981, -2.326085329055786], [0.9556965231895447, -0.03911055251955986, 0.291744202375412, 1.1228092908859253], [0.0960862934589386, -0.8953893184661865, -0.4347931444644928, -0.672680139541626], [0.0, 0.0, 0.0, 1.0]]}, "Bone.001": {"matrix": [[0.6764882206916809, -0.5609646439552307, -0.47716042399406433, -2.101398229598999], [0.5539678335189819, 0.8145326972007751, -0.17220893502235413, 0.21512025594711304], [0.48526591062545776, -0.14783407747745514, 0.8617781400680542, 0.5183156728744507], [0.0, 0.0, 0.0, 1.0]]}, "finger2joint1": {"matrix": [[0.05952216312289238, -0.2765450179576874, -0.9591556787490845, -2.456984519958496], [0.9981706738471985, 0.02668331377208233, 0.05424997955560684, 0.7314391732215881], [0.01059101615101099, -0.9606301784515381, 0.27762746810913086, 0.4246061146259308], [0.0, 0.0, 0.0, 1.0]]}, "finger2joint2": {"matrix": [[0.12265227735042572, 0.34639301896095276, -0.9300365447998047, -2.696237325668335], [0.9871915578842163, -0.1389191448688507, 0.07844927161931992, 0.7545242309570312], [-0.10202550888061523, -0.9277461767196655, -0.35899487137794495, -0.406482070684433], [0.0, 0.0, 0.0, 1.0]]}, "finger2joint3": {"matrix": [[0.24418078362941742, 0.8144262433052063, -0.5263888835906982, -2.5647406578063965], [0.9537580609321594, -0.2998097538948059, -0.02143564261496067, 0.7017881870269775], [-0.17527417838573456, -0.4968135952949524, -0.8499733209609985, -0.7586697340011597], [0.0, 0.0, 0.0, 1.0]]}, "Bone.002": {"matrix": [[0.1011693999171257, -0.9230086207389832, -0.3712405860424042, -2.101398229598999], [0.9676499962806702, 0.17798370122909546, -0.1788165271282196, 0.21512025594711304], [0.2311241179704666, -0.3411400020122528, 0.9111557602882385, 0.5183156728744507], [0.0, 0.0, 0.0, 1.0]]}, "finger3joint1": {"matrix": [[0.6868322491645813, -0.36518314480781555, -0.628412663936615, -2.4904556274414062], [0.4362550973892212, 0.8986757397651672, -0.04542746767401695, 0.29014211893081665], [0.5813284516334534, -0.24294690787792206, 0.7765524387359619, 0.37452176213264465], [0.0, 0.0, 0.0, 1.0]]}, "finger3joint2": {"matrix": [[0.644302248954773, 0.7515896558761597, -0.141376793384552, -2.8107876777648926], [0.5742972493171692, -0.35341644287109375, 0.7384305596351624, 1.0784438848495483], [0.5050317645072937, -0.5569648742675781, -0.6593425869941711, 0.16141322255134583], [0.0, 0.0, 0.0, 1.0]]}, "finger3joint3": {"matrix": [[0.695385754108429, 0.4409269392490387, 0.5674697160720825, -2.324448585510254], [0.42368918657302856, -0.889358401298523, 0.17184095084667206, 0.8497551679611206], [0.580453097820282, 0.12093465030193329, -0.8052630424499512, -0.19898778200149536], [0.0, 0.0, 0.0, 1.0]]}, "Bone.003": {"matrix": [[-0.6070556044578552, -0.6693949699401855, 0.428244948387146, -2.101398229598999], [0.6412754654884338, -0.7309252023696899, -0.23348264396190643, 0.21512025594711304], [0.4693072438240051, 0.13288599252700806, 0.872978687286377, 0.5183156728744507], [0.0, 0.0, 0.0, 1.0]]}, "finger4joint1": {"matrix": [[-0.21841856837272644, -0.2370578944683075, -0.946623682975769, -2.3883140087127686], [0.9280492067337036, -0.35035523772239685, -0.12639527022838593, -0.09816846251487732], [-0.3016913831233978, -0.9061205387115479, 0.2965255677700043, 0.5752732753753662], [0.0, 0.0, 0.0, 1.0]]}, "finger4joint2": {"matrix": [[-0.24203398823738098, 0.36849620938301086, -0.8975687623023987, -2.6237974166870117], [0.9171602129936218, -0.21496383845806122, -0.3355702757835388, -0.4461970329284668], [-0.3166010081768036, -0.9044339060783386, -0.2859415113925934, -0.3248297870159149], [0.0, 0.0, 0.0, 1.0]]}, "finger4joint3": {"matrix": [[-0.25867173075675964, 0.6700723767280579, -0.6957668662071228, -2.47011137008667], [0.9366654753684998, -0.0020619588904082775, -0.350218802690506, -0.535850465297699], [-0.23610638082027435, -0.7422926425933838, -0.6271003484725952, -0.7020355463027954], [0.0, 0.0, 0.0, 1.0]]}}