{"root": {"matrix": [[0.26577991247177124, -0.9624399542808533, -0.0554104745388031, -5.960464477539063e-08], [0.06285765767097473, 0.07465635985136032, -0.995226263999939, 0.0], [0.9619823098182678, 0.2610282003879547, 0.08033880591392517, 0.0], [0.0, 0.0, 0.0, 1.0]]}, "carpals": {"matrix": [[-0.018262187018990517, -0.266030490398407, -0.9637914896011353, -0.3347679674625397], [0.9997232556343079, -0.019149785861372948, -0.013657251372933388, 0.3271154463291168], [-0.014822948724031448, -0.9637742042541504, 0.26630663871765137, 2.421964406967163], [0.0, 0.0, 0.0, 1.0]]}, "metacarpals": {"matrix": [[-0.08870944380760193, -0.7590247392654419, -0.6449898481369019, -0.5938800573348999], [0.9952371120452881, -0.09381977468729019, -0.026473963633179665, 0.3084636628627777], [-0.04041820019483566, -0.6442662477493286, 0.7637322545051575, 1.4832539558410645], [0.0, 0.0, 0.0, 1.0]]}, "finger5joint1": {"matrix": [[-0.47456350922584534, -0.6586170196533203, -0.5839630365371704, -0.746138870716095], [0.8019264936447144, -0.5970298051834106, 0.021660396829247475, 0.09118413925170898], [-0.3629090189933777, -0.4580163061618805, 0.8114910125732422, 0.8085084557533264], [0.0, 0.0, 0.0, 1.0]]}, "finger5joint2": {"matrix": [[-0.5082195401191711, -0.7185580730438232, 0.4747488796710968, -1.4418177604675293], [0.034323565661907196, -0.5677083134651184, -0.8225137591362, -0.5394419431686401], [0.8605430126190186, -0.4017224907875061, 0.3131837248802185, 0.32471850514411926], [0.0, 0.0, 0.0, 1.0]]}, "finger5joint3": {"matrix": [[-0.5984440445899963, -0.7395736575126648, 0.30805012583732605, -1.9357080459594727], [0.02640558034181595, -0.40250200033187866, -0.9150380492210388, -0.92964768409729], [0.800728976726532, -0.5394648313522339, 0.260403573513031, 0.04860055446624756], [0.0, 0.0, 0.0, 1.0]]}, "Bone": {"matrix": [[0.7880085110664368, -0.10975174605846405, -0.6058027148246765, -1.778928518295288], [0.24832013249397278, 0.9570532441139221, 0.14961983263492584, 0.16198498010635376], [0.5633643865585327, -0.2683345079421997, 0.7814196944236755, 0.4773755669593811], [0.0, 0.0, 0.0, 1.0]]}, "finger1joint1": {"matrix": [[0.05093289539217949, -0.4934037923812866, -0.8683076500892639, -1.8702625036239624], [0.9848600029945374, 0.16906744241714478, -0.03830064460635185, 0.9584327936172485], [0.16570040583610535, -0.8532106280326843, 0.4945448040962219, 0.25407087802886963], [0.0, 0.0, 0.0, 1.0]]}, "finger1joint2": {"matrix": [[0.3227351903915405, -0.22282083332538605, -0.9198873043060303, -2.1491236686706543], [0.9461774230003357, 0.10090044885873795, 0.3075180947780609, 1.0539860725402832], [0.024295732378959656, -0.9696234464645386, 0.24339230358600616, -0.22814524173736572], [0.0, 0.0, 0.0, 1.0]]}, "finger1joint3": {"matrix": [[0.23587241768836975, 0.21588671207427979, -0.9475003480911255, -2.244643211364746], [0.9681141376495361, 0.03245377540588379, 0.2483985424041748, 1.0972404479980469], [0.08437605202198029, -0.9758787751197815, -0.20134787261486053, -0.6438069343566895], [0.0, 0.0, 0.0, 1.0]]}, "Bone.001": {"matrix": [[0.6271358132362366, -0.5825451016426086, -0.5170508623123169, -1.778928279876709], [0.5732547044754028, 0.7946056723594666, -0.19995154440402985, 0.16198498010635376], [0.5273324251174927, -0.17100489139556885, 0.8322724103927612, 0.4773755669593811], [0.0, 0.0, 0.0, 1.0]]}, "finger2joint1": {"matrix": [[0.42371666431427, -0.5828173756599426, -0.6933886408805847, -2.1481940746307373], [0.658941388130188, 0.7235723733901978, -0.20552131533622742, 0.6656724214553833], [0.6214984059333801, -0.3698194921016693, 0.6906322240829468, 0.3689783811569214], [0.0, 0.0, 0.0, 1.0]]}, "finger2joint2": {"matrix": [[0.43153274059295654, 0.40699511766433716, -0.8050678372383118, -2.6524178981781006], [0.7378367185592651, 0.35421714186668396, 0.5745667815208435, 1.291670322418213], [0.5190148949623108, -0.841952919960022, -0.14743943512439728, 0.04902943968772888], [0.0, 0.0, 0.0, 1.0]]}, "finger2joint3": {"matrix": [[0.5455635786056519, 0.7012236714363098, 0.4589611887931824, -2.4979162216186523], [0.7192848324775696, -0.6728345155715942, 0.1729818433523178, 1.4261369705200195], [0.4301040768623352, 0.23575101792812347, -0.8714536428451538, -0.2705897092819214], [0.0, 0.0, 0.0, 1.0]]}, "Bone.002": {"matrix": [[0.05138171836733818, -0.9088983535766602, -0.4138399660587311, -1.778928279876709], [0.9680139422416687, 0.14722594618797302, -0.20315887033939362, 0.16198495030403137], [0.24557894468307495, -0.3901640474796295, 0.8873909115791321, 0.4773755669593811], [0.0, 0.0, 0.0, 1.0]]}, "finger3joint1": {"matrix": [[0.6619976758956909, -0.6938949227333069, -0.28331735730171204, -2.1620378494262695], [0.6420201063156128, 0.7200366258621216, -0.26335838437080383, 0.22404217720031738], [0.38674196600914, -0.007552549708634615, 0.9221568703651428, 0.3129175305366516], [0.0, 0.0, 0.0, 1.0]]}, "finger3joint2": {"matrix": [[0.5544350743293762, 0.5961894392967224, -0.5806545615196228, -2.770709753036499], [0.7575241327285767, -0.07261963933706284, 0.6487554907798767, 0.855644941329956], [0.3446143567562103, -0.7995526790618896, -0.49189040064811707, 0.3062925934791565], [0.0, 0.0, 0.0, 1.0]]}, "finger3joint3": {"matrix": [[0.6730713844299316, 0.6272488832473755, 0.391833633184433, -2.384927272796631], [0.6330894231796265, -0.7625355124473572, 0.1331820785999298, 0.8086541891098022], [0.3823253810405731, 0.1584242433309555, -0.9103454351425171, -0.21108222007751465], [0.0, 0.0, 0.0, 1.0]]}, "Bone.003": {"matrix": [[-0.6559667587280273, -0.6474076509475708, 0.38803452253341675, -1.778928279876709], [0.6125944256782532, -0.7569825053215027, -0.22738853096961975, 0.16198493540287018], [0.44094857573509216, 0.08854836970567703, 0.8931536078453064, 0.4773755669593811], [0.0, 0.0, 0.0, 1.0]]}, "finger4joint1": {"matrix": [[-0.23914533853530884, -0.48785361647605896, -0.8395283818244934, -2.056419849395752], [0.9437049031257629, -0.32028287649154663, -0.08270304650068283, -0.1624724566936493], [-0.2285393476486206, -0.8120452165603638, 0.5369840860366821, 0.515329122543335], [0.0, 0.0, 0.0, 1.0]]}, "finger4joint2": {"matrix": [[-0.26643243432044983, 0.19850674271583557, -0.9431905150413513, -2.541033983230591], [0.9343419075012207, -0.18710216879844666, -0.3033111095428467, -0.4806283116340637], [-0.23668204247951508, -0.9620745778083801, -0.1356230527162552, -0.2913232445716858], [0.0, 0.0, 0.0, 1.0]]}, "finger4joint3": {"matrix": [[-0.26818519830703735, 0.6397219896316528, -0.7202999591827393, -2.4582438468933105], [0.9509979486465454, 0.056371476501226425, -0.30401450395584106, -0.5586617588996887], [-0.15388010442256927, -0.7665361762046814, -0.6234923601150513, -0.6925688982009888], [0.0, 0.0, 0.0, 1.0]]}}