{"root": {"matrix": [[0.38198330998420715, -0.9059478044509888, 0.18261264264583588, 0.0], [0.1932145059108734, -0.11494382470846176, -0.9744003415107727, -7.450580596923828e-09], [0.9037460684776306, 0.407488077878952, 0.13113555312156677, 2.9802322387695312e-08], [0.0, 0.0, 0.0, 1.0]]}, "carpals": {"matrix": [[-0.21584613621234894, -0.48014718294143677, -0.8502169847488403, -0.04344162344932556], [0.9690078496932983, -0.21247154474258423, -0.12601374089717865, 0.43398892879486084], [-0.12014157325029373, -0.851066529750824, 0.5111276507377625, 2.4279110431671143], [0.0, 0.0, 0.0, 1.0]]}, "metacarpals": {"matrix": [[-0.2617736756801605, -0.6788253784179688, -0.6860542297363281, -0.5111021995544434], [0.9522825479507446, -0.29726362228393555, -0.06922546774148941, 0.22704292833805084], [-0.15694677829742432, -0.6714388132095337, 0.7242494225502014, 1.5989773273468018], [0.0, 0.0, 0.0, 1.0]]}, "finger5joint1": {"matrix": [[-0.40085235238075256, -0.6700963377952576, -0.6247303485870361, -0.5703343152999878], [0.8714212775230408, -0.48933687806129456, -0.034268297255039215, -0.0812121033668518], [-0.2827403247356415, -0.5581398010253906, 0.7800880670547485, 0.9454138278961182], [0.0, 0.0, 0.0, 1.0]]}, "finger5joint2": {"matrix": [[-0.45271340012550354, -0.8909426331520081, 0.03565342724323273, -1.2781383991241455], [-0.021428192034363747, -0.029103219509124756, -0.9993466138839722, -0.5980850458145142], [0.8913982510566711, -0.4531813859939575, -0.00591604458168149, 0.3558662533760071], [0.0, 0.0, 0.0, 1.0]]}, "finger5joint3": {"matrix": [[-0.535183846950531, -0.8219338059425354, -0.19494199752807617, -1.8905143737792969], [0.030999282374978065, 0.2115079164505005, -0.9768844246864319, -0.6180887818336487], [0.8441662788391113, -0.5288556814193726, -0.08771637082099915, 0.04437878727912903], [0.0, 0.0, 0.0, 1.0]]}, "Bone": {"matrix": [[0.6858033537864685, -0.2582628130912781, -0.680421769618988, -1.5709370374679565], [0.44556528329849243, 0.888221800327301, 0.11195339262485504, -0.23706811666488647], [0.5754520297050476, -0.3799501955509186, 0.724218487739563, 0.5506749153137207], [0.0, 0.0, 0.0, 1.0]]}, "finger1joint1": {"matrix": [[-0.08964060246944427, -0.5663886070251465, -0.8192485570907593, -1.785860300064087], [0.986691951751709, 0.06153758242726326, -0.15050597488880157, 0.5020990967750549], [0.1356595754623413, -0.821837306022644, 0.5533348917961121, 0.23448504507541656], [0.0, 0.0, 0.0, 1.0]]}, "finger1joint2": {"matrix": [[0.17538811266422272, -0.2965538203716278, -0.9387729167938232, -2.105970859527588], [0.9842343926429749, 0.030695348978042603, 0.17418502271175385, 0.536878764629364], [-0.022839190438389778, -0.9545225501060486, 0.2972622215747833, -0.2299996316432953], [0.0, 0.0, 0.0, 1.0]]}, "finger1joint3": {"matrix": [[0.09017503261566162, 0.14611774682998657, -0.9851486086845398, -2.2330985069274902], [0.9950222969055176, 0.028911393135786057, 0.0953669548034668, 0.5500373840332031], [0.04241691902279854, -0.9888445138931274, -0.14278315007686615, -0.6391876935958862], [0.0, 0.0, 0.0, 1.0]]}, "Bone.001": {"matrix": [[0.4726742208003998, -0.7004316449165344, -0.5347656011581421, -1.570936918258667], [0.7296791076660156, 0.6513358950614929, -0.20815804600715637, -0.23706813156604767], [0.49411261081695557, -0.29181620478630066, 0.8189600706100464, 0.5506749153137207], [0.0, 0.0, 0.0, 1.0]]}, "finger2joint1": {"matrix": [[0.06782487779855728, -0.2931860089302063, -0.9536463618278503, -2.0149292945861816], [0.7654275894165039, 0.6283857822418213, -0.13875047862529755, 0.1758030652999878], [0.639937698841095, -0.7205364108085632, 0.2670329511165619, 0.36569738388061523], [0.0, 0.0, 0.0, 1.0]]}, "finger2joint2": {"matrix": [[0.12887129187583923, -0.04616256430745125, -0.9905861616134644, -2.2685787677764893], [0.828650712966919, 0.5537272691726685, 0.08199973404407501, 0.7194503545761108], [0.544729471206665, -0.8314172029495239, 0.10961232334375381, -0.25767388939857483], [0.0, 0.0, 0.0, 1.0]]}, "finger2joint3": {"matrix": [[0.21071889996528625, 0.25174176692962646, -0.9445757269859314, -2.286102771759033], [0.8760294318199158, 0.3801523745059967, 0.2967429757118225, 0.9296543598175049], [0.43378546833992004, -0.8900054693222046, -0.14042773842811584, -0.5732935070991516], [0.0, 0.0, 0.0, 1.0]]}, "Bone.002": {"matrix": [[-0.14123129844665527, -0.8882367014884949, -0.43713727593421936, -1.570936918258667], [0.9803469777107239, -0.06404576450586319, -0.1865956038236618, -0.23706811666488647], [0.1377444565296173, -0.4548991918563843, 0.8798254728317261, 0.5506749153137207], [0.0, 0.0, 0.0, 1.0]]}, "finger3joint1": {"matrix": [[-0.18681204319000244, -0.7767539024353027, -0.6014602184295654, -1.9453376531600952], [0.9792100191116333, -0.196493998169899, -0.05037864297628403, -0.2640640139579773], [-0.07905130088329315, -0.5983670353889465, 0.7973126173019409, 0.3589303493499756], [0.0, 0.0, 0.0, 1.0]]}, "finger3joint2": {"matrix": [[-0.28380924463272095, 0.26171132922172546, -0.9224745631217957, -2.6266918182373047], [0.9370288252830505, -0.12851521372795105, -0.32474759221076965, -0.43642494082450867], [-0.2035418599843979, -0.9565514922142029, -0.20875710248947144, -0.16594618558883667], [0.0, 0.0, 0.0, 1.0]]}, "finger3joint3": {"matrix": [[-0.11130120605230331, 0.7672640085220337, -0.6315993666648865, -2.457343816757202], [0.9707486629486084, -0.05211398005485535, -0.23437437415122986, -0.519584596157074], [-0.2127419412136078, -0.6392105221748352, -0.7390199303627014, -0.7849118113517761], [0.0, 0.0, 0.0, 1.0]]}, "Bone.003": {"matrix": [[-0.786465585231781, -0.5065619349479675, 0.35336482524871826, -1.570936918258667], [0.5210752487182617, -0.8513488173484802, -0.06071092188358307, -0.2370680868625641], [0.3315907418727875, 0.1363825500011444, 0.933513343334198, 0.5506749153137207], [0.0, 0.0, 0.0, 1.0]]}, "finger4joint1": {"matrix": [[-0.2984849810600281, -0.4603089988231659, -0.8360752463340759, -1.788059115409851], [0.9302316308021545, -0.3362569510936737, -0.14697016775608063, -0.6019726991653442], [-0.21348419785499573, -0.8216121196746826, 0.5285617709159851, 0.6091310977935791], [0.0, 0.0, 0.0, 1.0]]}, "finger4joint2": {"matrix": [[-0.3250473439693451, -0.08738676458597183, -0.9416514039039612, -2.2453112602233887], [0.9192675352096558, -0.2629561126232147, -0.29291802644729614, -0.9359966516494751], [-0.2220156043767929, -0.9608418941497803, 0.1658051460981369, -0.20702466368675232], [0.0, 0.0, 0.0, 1.0]]}, "finger4joint3": {"matrix": [[-0.3028482496738434, 0.15501543879508972, -0.9403470754623413, -2.281757354736328], [0.9421307444572449, -0.10015824437141418, -0.31993380188941956, -1.0456658601760864], [-0.14377795159816742, -0.982821524143219, -0.11571194976568222, -0.6077561378479004], [0.0, 0.0, 0.0, 1.0]]}}