{"root": {"matrix": [[0.37007707357406616, -0.7438012361526489, 0.5565991997718811, 0.0], [0.8026044368743896, -0.04573163762688637, -0.594756007194519, -3.725290298461914e-09], [0.4678345322608948, 0.6668345332145691, 0.5800539255142212, 0.0], [0.0, 0.0, 0.0, 1.0]]}, "carpals": {"matrix": [[-0.6810621619224548, -0.4651595652103424, -0.5654914379119873, 0.04629841446876526], [0.7067969441413879, -0.6193900108337402, -0.34175121784210205, 1.837172508239746], [-0.19129087030887604, -0.6324414610862732, 0.7506166100502014, 1.6454906463623047], [0.0, 0.0, 0.0, 1.0]]}, "metacarpals": {"matrix": [[-0.6888975501060486, -0.7086125612258911, -0.15260429680347443, -0.40676426887512207], [0.7040902376174927, -0.6041274070739746, -0.3732115626335144, 1.2338902950286865], [0.1722700148820877, -0.3645516633987427, 0.9151091575622559, 1.029496669769287], [0.0, 0.0, 0.0, 1.0]]}, "finger5joint1": {"matrix": [[-0.5540204048156738, -0.6946757435798645, -0.45878827571868896, -0.6274933218955994], [0.6824629306793213, -0.06337268650531769, -0.7281676530838013, 0.9191166758537292], [0.47676584124565125, -0.716525673866272, 0.5092002749443054, 0.41478443145751953], [0.0, 0.0, 0.0, 1.0]]}, "finger5joint2": {"matrix": [[-0.539791464805603, -0.7515366077423096, 0.3792323172092438, -1.3612600564956665], [-0.7126962542533875, 0.1682586818933487, -0.680993914604187, 0.8521778583526611], [0.44798293709754944, -0.6378721594810486, -0.6264421939849854, -0.34206175804138184], [0.0, 0.0, 0.0, 1.0]]}, "finger5joint3": {"matrix": [[-0.6276501417160034, -0.7504187226295471, 0.2071867734193802, -1.8778173923492432], [-0.6552987694740295, 0.3655923306941986, -0.6610033512115479, 0.9678279161453247], [0.42028355598449707, -0.5506480932235718, -0.7212127447128296, -0.7804936170578003], [0.0, 0.0, 0.0, 1.0]]}, "Bone": {"matrix": [[0.6040351986885071, -0.7639203071594238, -0.22708375751972198, -1.5131051540374756], [0.7350054979324341, 0.644132673740387, -0.2118014097213745, 0.2906796932220459], [0.30807140469551086, -0.038972269743680954, 0.9505645036697388, 0.4603302478790283], [0.0, 0.0, 0.0, 1.0]]}, "finger1joint1": {"matrix": [[-0.13414685428142548, -0.8051525354385376, -0.5776969194412231, -2.1488301753997803], [0.7904115319252014, 0.264685720205307, -0.552440881729126, 0.8267189264297485], [0.5977073311805725, -0.5307264924049377, 0.6008952260017395, 0.42789798974990845], [0.0, 0.0, 0.0, 1.0]]}, "finger1joint2": {"matrix": [[0.06423723697662354, 0.21886497735977173, -0.9736382961273193, -2.6038849353790283], [0.9156224727630615, 0.3750864565372467, 0.1447257399559021, 0.9763134717941284], [0.3968738615512848, -0.9007819294929504, -0.17630311846733093, 0.12794286012649536], [0.0, 0.0, 0.0, 1.0]]}, "finger1joint3": {"matrix": [[-0.04276927560567856, 0.9579505324363708, 0.2837275564670563, -2.510061264038086], [0.911191463470459, -0.07907193154096603, 0.40432387590408325, 1.1371068954467773], [0.409757137298584, 0.2758226692676544, -0.8694944977760315, -0.2582075297832489], [0.0, 0.0, 0.0, 1.0]]}, "Bone.001": {"matrix": [[0.2787242531776428, -0.9579223990440369, 0.06853599101305008, -1.5131051540374756], [0.879153311252594, 0.22578009963035583, -0.4196575880050659, 0.2906796336174011], [0.38652533292770386, 0.17722247540950775, 0.9050911664962769, 0.4603302478790283], [0.0, 0.0, 0.0, 1.0]]}, "finger2joint1": {"matrix": [[-0.5916716456413269, -0.36006397008895874, -0.7213031649589539, -2.120316505432129], [0.7819522023200989, -0.03862385451793671, -0.6221404075622559, 0.4337979555130005], [0.19615086913108826, -0.9321275353431702, 0.3044055998325348, 0.5726686716079712], [0.0, 0.0, 0.0, 1.0]]}, "finger2joint2": {"matrix": [[-0.5526087284088135, 0.00539110042154789, -0.8334232568740845, -2.431825637817383], [0.8293892741203308, 0.1020379513502121, -0.549273669719696, 0.4003825783729553], [0.08207963407039642, -0.9947656989097595, -0.06085827946662903, -0.23376044631004333], [0.0, 0.0, 0.0, 1.0]]}, "finger2joint3": {"matrix": [[-0.4716494083404541, 0.5280841588973999, -0.7061682343482971, -2.429778814315796], [0.8813586235046387, 0.25739285349845886, -0.39617621898651123, 0.43911778926849365], [-0.02745172753930092, -0.80924391746521, -0.5868306756019592, -0.6113898158073425], [0.0, 0.0, 0.0, 1.0]]}, "Bone.002": {"matrix": [[-0.4692554175853729, -0.8679329752922058, 0.16276177763938904, -1.5131051540374756], [0.7940706610679626, -0.49537190794944763, -0.35221928358078003, 0.2906796634197235], [0.38633042573928833, -0.03603633865714073, 0.9216561317443848, 0.46033021807670593], [0.0, 0.0, 0.0, 1.0]]}, "finger3joint1": {"matrix": [[0.47953277826309204, -0.877412736415863, -0.013964293524622917, -1.8789477348327637], [0.7907082438468933, 0.4389382600784302, -0.4267478883266449, 0.08187538385391235], [0.3805634081363678, 0.19359804689884186, 0.9042627215385437, 0.4451405704021454], [0.0, 0.0, 0.0, 1.0]]}, "finger3joint2": {"matrix": [[0.33493751287460327, 0.3285520374774933, -0.8831025958061218, -2.6485977172851562], [0.8661187291145325, 0.2616938352584839, 0.4258576035499573, 0.4669039845466614], [0.37101882696151733, -0.9075074791908264, -0.19691377878189087, 0.6149611473083496], [0.0, 0.0, 0.0, 1.0]]}, "finger3joint3": {"matrix": [[0.4945562481880188, 0.7842970490455627, -0.374555766582489, -2.4359982013702393], [0.7940719723701477, -0.232522651553154, 0.5615895986557007, 0.6362408995628357], [0.35336026549339294, -0.5751621723175049, -0.7377837896347046, 0.027730971574783325], [0.0, 0.0, 0.0, 1.0]]}, "Bone.003": {"matrix": [[-0.6720768213272095, 0.04668811336159706, 0.7390079498291016, -1.5131051540374756], [0.08570961654186249, -0.986397385597229, 0.14026419818401337, 0.2906796336174011], [0.7355042099952698, 0.15760846436023712, 0.6589332222938538, 0.4603302478790283], [0.0, 0.0, 0.0, 1.0]]}, "finger4joint1": {"matrix": [[-0.7179781794548035, -0.5282813310623169, -0.4532390832901001, -1.4930938482284546], [0.6814787983894348, -0.4008885622024536, -0.6122702360153198, -0.13210946321487427], [0.14175263047218323, -0.7484695911407471, 0.6478419303894043, 0.5278843641281128], [0.0, 0.0, 0.0, 1.0]]}, "finger4joint2": {"matrix": [[-0.7385175824165344, -0.2958320379257202, -0.6058668494224548, -2.017866611480713], [0.6601598858833313, -0.13462848961353302, -0.7389612793922424, -0.5303357243537903], [0.1370415836572647, -0.9457050561904907, 0.2947221100330353, -0.2156146764755249], [0.0, 0.0, 0.0, 1.0]]}, "finger4joint3": {"matrix": [[-0.7024279236793518, -0.1696922332048416, -0.6912299990653992, -2.141247272491455], [0.679805338382721, 0.12775111198425293, -0.7221800684928894, -0.5864842534065247], [0.21085384488105774, -0.9771815538406372, 0.025621844455599785, -0.6100331544876099], [0.0, 0.0, 0.0, 1.0]]}}