{"root": {"matrix": [[0.27050352096557617, -0.8254426717758179, 0.49545159935951233, 0.0], [0.6395465135574341, -0.23059320449829102, -0.7333532571792603, -1.4901161193847656e-08], [0.7195888757705688, 0.5152389407157898, 0.4655326306819916, 0.0], [0.0, 0.0, 0.0, 1.0]]}, "carpals": {"matrix": [[-0.7501546144485474, -0.5366880297660828, -0.38630789518356323, -0.2519218325614929], [0.5839080810546875, -0.26342859864234924, -0.767890989780426, 1.3030575513839722], [0.31035342812538147, -0.801605224609375, 0.5109886527061462, 2.079317569732666], [0.0, 0.0, 0.0, 1.0]]}, "metacarpals": {"matrix": [[-0.9114250540733337, -0.2947559952735901, 0.2870941758155823, -0.7746528387069702], [-0.11980319768190384, -0.4774036407470703, -0.8704785108566284, 1.0464797019958496], [0.3936386704444885, -0.8277707099914551, 0.39980486035346985, 1.2985590696334839], [0.0, 0.0, 0.0, 1.0]]}, "finger5joint1": {"matrix": [[-0.7705156207084656, -0.5783032774925232, 0.2680872678756714, -0.901038408279419], [-0.1353650689125061, -0.26253417134284973, -0.9553805589675903, 1.1531479358673096], [0.6228818893432617, -0.7724251747131348, 0.1240045428276062, 0.5926388502120972], [0.0, 0.0, 0.0, 1.0]]}, "finger5joint2": {"matrix": [[0.3316135108470917, -0.5646552443504333, 0.7557752728462219, -1.5118839740753174], [-0.9321978092193604, -0.31928783655166626, 0.17047618329524994, 0.8758404850959778], [0.1450495421886444, -0.7610642910003662, -0.6322509050369263, -0.22325241565704346], [0.0, 0.0, 0.0, 1.0]]}, "finger5joint3": {"matrix": [[0.2353379875421524, -0.7279322743415833, 0.6439953446388245, -1.8999912738800049], [-0.9658994078636169, -0.2487678825855255, 0.07178081572055817, 0.6563827395439148], [0.107953742146492, -0.6389274597167969, -0.7616541981697083, -0.7463586330413818], [0.0, 0.0, 0.0, 1.0]]}, "Bone": {"matrix": [[0.12508779764175415, -0.9817187190055847, 0.14346139132976532, -1.2348487377166748], [0.5250557065010071, -0.05718674138188362, -0.8491442799568176, 0.3011201024055481], [0.8418248891830444, 0.18154293298721313, 0.5083035826683044, 0.006179153919219971], [0.0, 0.0, 0.0, 1.0]]}, "finger1joint1": {"matrix": [[-0.8225656151771545, -0.5263810753822327, 0.21519437432289124, -2.0518226623535156], [-0.06940893083810806, -0.28265541791915894, -0.9567069411277771, 0.25352996587753296], [0.5644183158874512, -0.80189049243927, 0.19596707820892334, 0.15725690126419067], [0.0, 0.0, 0.0, 1.0]]}, "finger1joint2": {"matrix": [[-0.8383321762084961, 0.013671292923390865, -0.5449882745742798, -2.3493218421936035], [0.23083053529262543, 0.9145511388778687, -0.33213454484939575, 0.09377923607826233], [0.4938790202140808, -0.4042389988899231, -0.7698532342910767, -0.2959541976451874], [0.0, 0.0, 0.0, 1.0]]}, "finger1joint3": {"matrix": [[-0.8891489505767822, 0.4547247886657715, 0.05137653648853302, -2.343461513519287], [0.16229915618896484, 0.20838086307048798, 0.964487612247467, 0.4858322739601135], [0.42787063121795654, 0.8659113049507141, -0.2590830326080322, -0.4692448377609253], [0.0, 0.0, 0.0, 1.0]]}, "Bone.001": {"matrix": [[-0.1984187513589859, -0.8506679534912109, 0.4868199825286865, -1.2348486185073853], [0.37072664499282837, -0.524932324886322, -0.766164243221283, 0.3011201024055481], [0.9072989225387573, 0.028455831110477448, 0.41952162981033325, 0.006179161369800568], [0.0, 0.0, 0.0, 1.0]]}, "finger2joint1": {"matrix": [[-0.8736844658851624, -0.35175374150276184, 0.33607208728790283, -1.7740731239318848], [-0.04014859348535538, -0.6363165974617004, -0.7703824639320374, -0.03162592649459839], [0.4848332107067108, -0.6865639686584473, 0.5418174862861633, 0.024216830730438232], [0.0, 0.0, 0.0, 1.0]]}, "finger2joint2": {"matrix": [[-0.9292176365852356, -0.3540465235710144, -0.1058560162782669, -2.078392744064331], [-0.026161590591073036, 0.3487688899040222, -0.9368434548377991, -0.5821346044540405], [0.3686055839061737, -0.8677619695663452, -0.33334454894065857, -0.5697632431983948], [0.0, 0.0, 0.0, 1.0]]}, "finger2joint3": {"matrix": [[-0.9504931569099426, 0.03911919519305229, -0.30827271938323975, -2.212794303894043], [0.09782897680997849, 0.9792702198028564, -0.17736707627773285, -0.4497361481189728], [0.2949439585208893, -0.19874422252178192, -0.9346166253089905, -0.8991799354553223], [0.0, 0.0, 0.0, 1.0]]}, "Bone.002": {"matrix": [[-0.742993950843811, -0.41313648223876953, 0.5265719890594482, -1.2348487377166748], [-0.08828142285346985, -0.7193849682807922, -0.6889786720275879, 0.3011201024055481], [0.663450300693512, -0.5583933591842651, 0.4980262815952301, 0.006179153919219971], [0.0, 0.0, 0.0, 1.0]]}, "finger3joint1": {"matrix": [[-0.6477639675140381, -0.7500882148742676, -0.13330209255218506, -1.4089899063110352], [-0.03876946493983269, 0.2072027027606964, -0.9775294661521912, -0.0021078884601593018], [0.7608540654182434, -0.628040075302124, -0.16329890489578247, -0.2291892170906067], [0.0, 0.0, 0.0, 1.0]]}, "finger3joint2": {"matrix": [[-0.7525555491447449, -0.20468774437904358, -0.6259097456932068, -2.066953420639038], [0.032432444393634796, 0.9377932548522949, -0.34567591547966003, 0.17964649200439453], [0.6577296853065491, -0.2804400324821472, -0.6991028189659119, -0.78009432554245], [0.0, 0.0, 0.0, 1.0]]}, "finger3joint3": {"matrix": [[-0.6457979679107666, 0.09796635806560516, -0.7571970820426941, -2.1994030475616455], [0.13658815622329712, 0.9905592203140259, 0.011665679514408112, 0.7864740490913391], [0.7511914968490601, -0.09589048475027084, -0.6530819535255432, -0.9615616202354431], [0.0, 0.0, 0.0, 1.0]]}, "Bone.003": {"matrix": [[-0.42505234479904175, 0.6336550116539001, 0.64638352394104, -1.2348487377166748], [-0.7998349070549011, -0.5972597599029541, 0.05953862518072128, 0.3011201024055481], [0.42378583550453186, -0.4916931390762329, 0.7606859803199768, 0.006179153919219971], [0.0, 0.0, 0.0, 1.0]]}, "finger4joint1": {"matrix": [[-0.613701343536377, -0.6459835171699524, 0.4539555609226227, -0.9632517695426941], [0.2474132776260376, -0.7033499479293823, -0.666397213935852, 0.04512298107147217], [0.7497714161872864, -0.2966541349887848, 0.5914716720581055, -0.20457008481025696], [0.0, 0.0, 0.0, 1.0]]}, "finger4joint2": {"matrix": [[-0.6194676160812378, -0.78078293800354, -0.08147049695253372, -1.6049453020095825], [0.2183108776807785, -0.07165318727493286, -0.9732450246810913, -0.6535560488700867], [0.7540556192398071, -0.6206796169281006, 0.214840367436409, -0.49925410747528076], [0.0, 0.0, 0.0, 1.0]]}, "finger4joint3": {"matrix": [[-0.5511620044708252, -0.7074194550514221, -0.4424678087234497, -1.9305810928344727], [0.2377253621816635, 0.3751737177371979, -0.895952582359314, -0.6834399700164795], [0.7998166680335999, -0.599000871181488, -0.03860980644822121, -0.7581165432929993], [0.0, 0.0, 0.0, 1.0]]}}