{"root": {"matrix": [[0.31716451048851013, -0.8014492392539978, 0.5070363283157349, 0.0], [0.24389490485191345, -0.4477272927761078, -0.8602648377418518, 0.0], [0.9164725542068481, 0.39650899171829224, 0.053466103971004486, 0.0], [0.0, 0.0, 0.0, 1.0]]}, "carpals": {"matrix": [[-0.7140040993690491, -0.5402110815048218, -0.4453873932361603, -0.12421649694442749], [0.5864538550376892, -0.11396084725856781, -0.8019255995750427, 0.21003560721874237], [0.38245251774787903, -0.8337773084640503, 0.39817729592323303, 2.4546773433685303], [0.0, 0.0, 0.0, 1.0]]}, "metacarpals": {"matrix": [[-0.9197699427604675, -0.3789161741733551, -0.10220364481210709, -0.6503787636756897], [0.13840438425540924, -0.06948661804199219, -0.9879350662231445, 0.09903842955827713], [0.3672429323196411, -0.9228183627128601, 0.11635521054267883, 1.6425832509994507], [0.0, 0.0, 0.0, 1.0]]}, "finger5joint1": {"matrix": [[-0.840844988822937, -0.5218796730041504, -0.14360040426254272, -0.663183331489563], [-0.02369275502860546, 0.3005322515964508, -0.9534772634506226, 0.44150373339653015], [0.5407571196556091, -0.7983241081237793, -0.2650659382343292, 1.0036557912826538], [0.0, 0.0, 0.0, 1.0]]}, "finger5joint2": {"matrix": [[-0.20579160749912262, -0.8674787282943726, 0.4529126286506653, -1.214430332183838], [-0.9360496997833252, 0.30947697162628174, 0.16743525862693787, 0.7589476108551025], [-0.2854127287864685, -0.3894916772842407, -0.8756912350654602, 0.1604081392288208], [0.0, 0.0, 0.0, 1.0]]}, "finger5joint3": {"matrix": [[-0.310497909784317, -0.9247389435768127, 0.22010977566242218, -1.8106789588928223], [-0.9108626246452332, 0.35566937923431396, 0.2093518078327179, 0.9716620445251465], [-0.27188220620155334, -0.13548612594604492, -0.9527449011802673, -0.10730312764644623], [0.0, 0.0, 0.0, 1.0]]}, "Bone": {"matrix": [[0.23956741392612457, -0.9417557716369629, -0.23601552844047546, -1.2419720888137817], [0.1733306348323822, 0.280676007270813, -0.9440218806266785, -0.009449481964111328], [0.9552819132804871, 0.18524833023548126, 0.23047582805156708, 0.20180757343769073], [0.0, 0.0, 0.0, 1.0]]}, "finger1joint1": {"matrix": [[-0.8357130289077759, -0.5475691556930542, 0.04185141995549202, -2.0256896018981934], [0.09937752038240433, -0.2257421761751175, -0.9691050052642822, 0.22412562370300293], [0.5400997400283813, -0.8057344555854797, 0.24307160079479218, 0.3559689521789551], [0.0, 0.0, 0.0, 1.0]]}, "finger1joint2": {"matrix": [[-0.797653317451477, -0.07864301651716232, -0.5979667901992798, -2.3351638317108154], [0.3942049741744995, 0.682384729385376, -0.6155920028686523, 0.09654101729393005], [0.4564555585384369, -0.7267503142356873, -0.5133048892021179, -0.09941473603248596], [0.0, 0.0, 0.0, 1.0]]}, "finger1joint3": {"matrix": [[-0.8506853580474854, 0.5256015658378601, 0.008796978741884232, -2.3688766956329346], [0.304533988237381, 0.47910910844802856, 0.8232335448265076, 0.3890680968761444], [0.42847830057144165, 0.7029915452003479, -0.5676344037055969, -0.4109606146812439], [0.0, 0.0, 0.0, 1.0]]}, "Bone.001": {"matrix": [[-0.12276573479175568, -0.9852076172828674, 0.1195584088563919, -1.2419722080230713], [0.14546194672584534, -0.1370314359664917, -0.9798280596733093, -0.009449467062950134], [0.9817174077033997, -0.10289803147315979, 0.16013284027576447, 0.20180758833885193], [0.0, 0.0, 0.0, 1.0]]}, "finger2joint1": {"matrix": [[-0.862891435623169, -0.48417291045188904, -0.1448953002691269, -1.8664791584014893], [0.16772855818271637, -0.003903675824403763, -0.9858254194259644, -0.09631145745515823], [0.4767444431781769, -0.8749633431434631, 0.08457794785499573, 0.13658225536346436], [0.0, 0.0, 0.0, 1.0]]}, "finger2joint2": {"matrix": [[-0.8860425353050232, -0.16891315579414368, -0.43173685669898987, -2.285360813140869], [0.257070392370224, 0.5959692597389221, -0.7607465386390686, -0.09968870878219604], [0.3858022093772888, -0.7850403785705566, -0.48463159799575806, -0.6203913688659668], [0.0, 0.0, 0.0, 1.0]]}, "finger2joint3": {"matrix": [[-0.8574241995811462, 0.35760459303855896, -0.37005725502967834, -2.349483013153076], [0.39066973328590393, 0.9203959107398987, -0.015759387984871864, 0.12655097246170044], [0.33496373891830444, -0.15808255970478058, -0.9288749694824219, -0.9184055328369141], [0.0, 0.0, 0.0, 1.0]]}, "Bone.002": {"matrix": [[-0.7768084406852722, -0.6039140820503235, 0.17848314344882965, -1.2419722080230713], [0.024114536121487617, -0.3117436468601227, -0.9498602151870728, -0.009449467062950134], [0.6292750835418701, -0.733555257320404, 0.25672799348831177, 0.20180760324001312], [0.0, 0.0, 0.0, 1.0]]}, "finger3joint1": {"matrix": [[-0.6563062071800232, -0.6739172339439392, -0.33926042914390564, -1.496528148651123], [0.05047332122921944, 0.4094294309616089, -0.9109445214271545, -0.14085255563259125], [0.7528045773506165, -0.6149818301200867, -0.23469626903533936, -0.10739332437515259], [0.0, 0.0, 0.0, 1.0]]}, "finger3joint2": {"matrix": [[-0.7409497499465942, -0.1843966841697693, -0.6457486152648926, -2.0876758098602295], [0.14987802505493164, 0.8919057250022888, -0.42666223645210266, 0.21829140186309814], [0.6546221375465393, -0.4129185676574707, -0.6332202553749084, -0.6468440294265747], [0.0, 0.0, 0.0, 1.0]]}, "finger3joint3": {"matrix": [[-0.6300290822982788, 0.12186724692583084, -0.7669495344161987, -2.2069952487945557], [0.2635568082332611, 0.9625478386878967, -0.0635574534535408, 0.7954260110855103], [0.7304801344871521, -0.24217768013477325, -0.6385518312454224, -0.914035439491272], [0.0, 0.0, 0.0, 1.0]]}, "Bone.003": {"matrix": [[-0.7331317067146301, 0.400272011756897, 0.549818217754364, -1.2419722080230713], [-0.6555628776550293, -0.631077229976654, -0.4147033989429474, -0.009449481964111328], [0.18098358809947968, -0.664472758769989, 0.7250660061836243, 0.20180758833885193], [0.0, 0.0, 0.0, 1.0]]}, "finger4joint1": {"matrix": [[-0.6507548689842224, -0.6973780393600464, 0.30030250549316406, -1.070407748222351], [0.3046205937862396, -0.602071225643158, -0.7380489706993103, -0.2799413800239563], [0.6955028772354126, -0.38881057500839233, 0.6042364239692688, -0.0829983651638031], [0.0, 0.0, 0.0, 1.0]]}, "finger4joint2": {"matrix": [[-0.6606496572494507, -0.6862690448760986, -0.30426350235939026, -1.7631546258926392], [0.27643051743507385, 0.15443457663059235, -0.9485440850257874, -0.878014326095581], [0.6979454755783081, -0.7107629776000977, 0.08767858892679214, -0.4692268371582031], [0.0, 0.0, 0.0, 1.0]]}, "finger4joint3": {"matrix": [[-0.5967944860458374, -0.4041593372821808, -0.6931746006011963, -2.0493719577789307], [0.276482492685318, 0.707400381565094, -0.6504936218261719, -0.8136053681373596], [0.7532551884651184, -0.5798616409301758, -0.31042957305908203, -0.7656596899032593], [0.0, 0.0, 0.0, 1.0]]}}