{"root": {"matrix": [[0.5935993194580078, -0.18703937530517578, 0.7827235460281372, -1.4901161193847656e-08], [0.5723831653594971, 0.7818187475204468, -0.24725891649723053, 0.0], [-0.5657007098197937, 0.5947905778884888, 0.571145236492157, 0.0], [0.0, 0.0, 0.0, 1.0]]}, "carpals": {"matrix": [[-0.7019582390785217, -0.6660001277923584, -0.25238487124443054, 1.071333408355713], [0.7106407880783081, -0.6785228252410889, -0.18600061535835266, 2.087484836578369], [-0.04737250506877899, -0.3099198043346405, 0.9495816826820374, -0.7613385915756226], [0.0, 0.0, 0.0, 1.0]]}, "metacarpals": {"matrix": [[-0.3479297459125519, -0.77937912940979, 0.521068811416626, 0.42265331745147705], [0.6783420443534851, -0.5929298400878906, -0.4339194595813751, 1.4266078472137451], [0.64714515209198, 0.20248937606811523, 0.7349836826324463, -1.0631985664367676], [0.0, 0.0, 0.0, 1.0]]}, "finger5joint1": {"matrix": [[-0.12046512216329575, -0.9385576248168945, 0.3234151005744934, -0.17541545629501343], [0.712356448173523, -0.30862995982170105, -0.6303139328956604, 1.147715449333191], [0.6914017200469971, 0.15445591509342194, 0.7057668566703796, -1.363544225692749], [0.0, 0.0, 0.0, 1.0]]}, "finger5joint2": {"matrix": [[0.344651460647583, -0.9327737092971802, 0.10558266192674637, -1.1667879819869995], [-0.644798755645752, -0.3169756233692169, -0.695529043674469, 0.8217182159423828], [0.6822386384010315, 0.17163537442684174, -0.7106977701187134, -1.2003967761993408], [0.0, 0.0, 0.0, 1.0]]}, "finger5joint3": {"matrix": [[0.24972911179065704, -0.9661885499954224, -0.06414197385311127, -1.8079159259796143], [-0.6323001980781555, -0.11254377663135529, -0.7665050029754639, 0.6038498282432556], [0.7333698868751526, 0.2319754958152771, -0.6390269994735718, -1.0824257135391235], [0.0, 0.0, 0.0, 1.0]]}, "Bone": {"matrix": [[0.669389009475708, -0.5513476729393005, 0.49792948365211487, -0.7941738367080688], [0.7251399755477905, 0.6306228041648865, -0.2765622138977051, 0.5008796453475952], [-0.1615237146615982, 0.5461964011192322, 0.8219363689422607, -0.7470564246177673], [0.0, 0.0, 0.0, 1.0]]}, "finger1joint1": {"matrix": [[-0.2327210158109665, -0.9711171388626099, 0.05265042558312416, -1.2529985904693604], [0.741141676902771, -0.2121419608592987, -0.636949360370636, 1.0256761312484741], [0.629721999168396, -0.10921020805835724, 0.7691054344177246, -0.2925185561180115], [0.0, 0.0, 0.0, 1.0]]}, "finger1joint2": {"matrix": [[-0.21823114156723022, -0.6449069380760193, -0.7324410676956177, -1.801852822303772], [0.9039679765701294, 0.14921537041664124, -0.4007200002670288, 0.905778169631958], [0.3677186965942383, -0.7495530247688293, 0.5504117608070374, -0.35424181818962097], [0.0, 0.0, 0.0, 1.0]]}, "finger1joint3": {"matrix": [[-0.2674782872200012, -0.2490915060043335, -0.9308106303215027, -2.0783138275146484], [0.852652370929718, 0.38877174258232117, -0.3490564823150635, 0.9697443246841431], [0.4488200545310974, -0.8870230317115784, 0.1084003672003746, -0.675562858581543], [0.0, 0.0, 0.0, 1.0]]}, "Bone.001": {"matrix": [[0.49714595079421997, -0.551144003868103, 0.6701385974884033, -0.7941738367080688], [0.857735812664032, 0.19565489888191223, -0.47540315985679626, 0.50087970495224], [0.13089978694915771, 0.8111467957496643, 0.5700051784515381, -0.7470564246177673], [0.0, 0.0, 0.0, 1.0]]}, "finger2joint1": {"matrix": [[-0.2594752907752991, -0.46702075004577637, 0.8453187346458435, -1.1435351371765137], [0.7563535571098328, -0.6425300240516663, -0.1228175014257431, 0.6249021291732788], [0.6005011200904846, 0.6074918508529663, 0.519953727722168, -0.23288372159004211], [0.0, 0.0, 0.0, 1.0]]}, "finger2joint2": {"matrix": [[-0.37764883041381836, -0.9258459210395813, 0.013792102225124836, -1.5475775003433228], [0.7032495141029358, -0.2964783012866974, -0.6461737155914307, 0.06901796162128448], [0.6023465394973755, -0.23432762920856476, 0.7630655169487, 0.29268717765808105], [0.0, 0.0, 0.0, 1.0]]}, "finger2joint3": {"matrix": [[-0.48106032609939575, -0.6262555122375488, -0.6135018467903137, -1.8990439176559448], [0.7195088267326355, 0.11778996884822845, -0.6844210624694824, -0.043530065566301346], [0.5008869767189026, -0.770668089389801, 0.3939323127269745, 0.20373257994651794], [0.0, 0.0, 0.0, 1.0]]}, "Bone.002": {"matrix": [[-0.038559552282094955, -0.6591753959655762, 0.7509996891021729, -0.7941738367080688], [0.7585938572883606, -0.5085041522979736, -0.4073804020881653, 0.50087970495224], [0.6504217982292175, 0.5539953708648682, 0.5196542739868164, -0.7470564246177673], [0.0, 0.0, 0.0, 1.0]]}, "finger3joint1": {"matrix": [[0.67276930809021, -0.48626723885536194, 0.5576067566871643, -1.0720229148864746], [0.7396449446678162, 0.4598881006240845, -0.4913535714149475, 0.28654012084007263], [-0.017507337033748627, 0.7429987192153931, 0.6690638065338135, -0.5135418176651001], [0.0, 0.0, 0.0, 1.0]]}, "finger3joint2": {"matrix": [[0.5652716755867004, -0.8233434557914734, -0.05072547122836113, -1.4985674619674683], [0.8215556144714355, 0.5674470663070679, -0.05522828921675682, 0.6899454593658447], [0.07425609976053238, -0.0104548130184412, 0.9971844553947449, 0.13820292055606842], [0.0, 0.0, 0.0, 1.0]]}, "finger3joint3": {"matrix": [[0.5241961479187012, -0.41847819089889526, -0.7416832447052002, -2.031337022781372], [0.8462702035903931, 0.15871785581111908, 0.5085619688034058, 1.057129144668579], [-0.09510355442762375, -0.8942509293556213, 0.4373449683189392, 0.13143785297870636], [0.0, 0.0, 0.0, 1.0]]}, "Bone.003": {"matrix": [[0.039475224912166595, 0.11277537047863007, 0.9928359389305115, -0.7941738367080688], [0.02557779662311077, -0.9933989644050598, 0.11182218044996262, 0.5008796453475952], [0.9988930821418762, 0.02098032832145691, -0.042099058628082275, -0.7470563650131226], [0.0, 0.0, 0.0, 1.0]]}, "finger4joint1": {"matrix": [[-0.4009110927581787, -0.7794234752655029, 0.4814237356185913, -0.745836079120636], [0.6420854926109314, -0.6138961315155029, -0.4591922163963318, 0.07508963346481323], [0.653449535369873, 0.12501975893974304, 0.7465744614601135, -0.7380638718605042], [0.0, 0.0, 0.0, 1.0]]}, "finger4joint2": {"matrix": [[-0.40930142998695374, -0.9078680276870728, -0.09081550687551498, -1.5200835466384888], [0.6188574433326721, -0.20310111343860626, -0.7587918639183044, -0.5347296595573425], [0.6704382300376892, -0.3667767345905304, 0.6449705958366394, -0.6138743758201599], [0.0, 0.0, 0.0, 1.0]]}, "finger4joint3": {"matrix": [[-0.3310449719429016, -0.7888376116752625, -0.5178261399269104, -1.8987215757369995], [0.6446322202682495, 0.2116938978433609, -0.7345982789993286, -0.6194356083869934], [0.6890994906425476, -0.5769928097724915, 0.43842992186546326, -0.766843318939209], [0.0, 0.0, 0.0, 1.0]]}}