{"root": {"matrix": [[0.2859862446784973, -0.9305210113525391, 0.22878482937812805, -5.960464477539063e-08], [0.4642493724822998, -0.074315644800663, -0.8825812935829163, 0.0], [0.8382627367973328, 0.3586193025112152, 0.4107404947280884, 0.0], [0.0, 0.0, 0.0, 1.0]]}, "carpals": {"matrix": [[-0.21719412505626678, -0.45910021662712097, -0.8614252805709839, -0.2897801399230957], [0.9058398008346558, -0.42361220717430115, -0.002626589732244611, 1.0763719081878662], [-0.36370426416397095, -0.7808837294578552, 0.5078773498535156, 2.2005536556243896], [0.0, 0.0, 0.0, 1.0]]}, "metacarpals": {"matrix": [[-0.2986619770526886, -0.6728019714355469, -0.6768591403961182, -0.7369410991668701], [0.8414857983589172, -0.5202316045761108, 0.1458103507757187, 0.6637760996818542], [-0.450224906206131, -0.526019275188446, 0.7215267419815063, 1.4399776458740234], [0.0, 0.0, 0.0, 1.0]]}, "finger5joint1": {"matrix": [[-0.18443140387535095, -0.6769589185714722, -0.7125386595726013, -0.7900457978248596], [0.9474990367889404, -0.3151392638683319, 0.0541553869843483, 0.15926238894462585], [-0.2612098157405853, -0.6651416420936584, 0.6995395421981812, 0.9219809174537659], [0.0, 0.0, 0.0, 1.0]]}, "finger5joint2": {"matrix": [[-0.47624650597572327, -0.6908629536628723, -0.543964147567749, -1.5050987005233765], [-0.03883231803774834, 0.634546160697937, -0.771908700466156, -0.17361047863960266], [0.8784536123275757, -0.34649521112442017, -0.3290281295776367, 0.2194102555513382], [0.0, 0.0, 0.0, 1.0]]}, "finger5joint3": {"matrix": [[-0.5079894661903381, -0.5208129286766052, -0.686075747013092, -1.9799530506134033], [0.06313149631023407, 0.7718462347984314, -0.6326671242713928, 0.26253530383110046], [0.8590462803840637, -0.3647010624408722, -0.35920989513397217, -0.018748044967651367], [0.0, 0.0, 0.0, 1.0]]}, "Bone": {"matrix": [[0.673398494720459, -0.29462215304374695, -0.6780353784561157, -1.7873717546463013], [0.6297487616539001, 0.7090129256248474, 0.3173595666885376, -0.14844980835914612], [0.3872346580028534, -0.6407012939453125, 0.6629862189292908, 0.6187155246734619], [0.0, 0.0, 0.0, 1.0]]}, "finger1joint1": {"matrix": [[-0.15316995978355408, -0.6040706634521484, -0.7820724248886108, -2.032552719116211], [0.9595385193824768, -0.2801364064216614, 0.02844979427754879, 0.44158196449279785], [-0.23627261817455292, -0.746070921421051, 0.6225376129150391, 0.08553183078765869], [0.0, 0.0, 0.0, 1.0]]}, "finger1joint2": {"matrix": [[0.10432319343090057, -0.08887586742639542, -0.990564227104187, -2.373960494995117], [0.9107248783111572, -0.39166876673698425, 0.1310563087463379, 0.2832549512386322], [-0.39962080121040344, -0.9158037304878235, 0.0400814451277256, -0.3361312747001648], [0.0, 0.0, 0.0, 1.0]]}, "finger1joint3": {"matrix": [[0.006659420672804117, 0.6089776158332825, -0.7931593060493469, -2.412060022354126], [0.9330679774284363, -0.28904756903648376, -0.21409286558628082, 0.11535298824310303], [-0.3596385419368744, -0.7386457920074463, -0.5701422691345215, -0.7287212610244751], [0.0, 0.0, 0.0, 1.0]]}, "Bone.001": {"matrix": [[0.4490737020969391, -0.7268264293670654, -0.5196689367294312, -1.7873716354370117], [0.8652302622795105, 0.49888116121292114, 0.04993979260325432, -0.1484498381614685], [0.22295553982257843, -0.47205984592437744, 0.8529067039489746, 0.6187155246734619], [0.0, 0.0, 0.0, 1.0]]}, "finger2joint1": {"matrix": [[-0.10630348324775696, -0.6852850914001465, -0.7204745411872864, -2.2480950355529785], [0.964053750038147, -0.24848420917987823, 0.09410503506660461, 0.16778278350830078], [-0.2435152232646942, -0.6845724582672119, 0.6870664954185486, 0.31948453187942505], [0.0, 0.0, 0.0, 1.0]]}, "finger2joint2": {"matrix": [[-0.10080159455537796, 0.8319281339645386, -0.5456503629684448, -2.840968608856201], [0.9247940182685852, -0.1238897517323494, -0.3597322106361389, -0.04719306528568268], [-0.36687177419662476, -0.5408758521080017, -0.7568737864494324, -0.2727726101875305], [0.0, 0.0, 0.0, 1.0]]}, "finger2joint3": {"matrix": [[0.0444449819624424, 0.7019022107124329, 0.7108851075172424, -2.5251550674438477], [0.9329002499580383, 0.2253996878862381, -0.28087708353996277, -0.09422364085912704], [-0.3573814928531647, 0.6756683588027954, -0.6447869539260864, -0.47809797525405884], [0.0, 0.0, 0.0, 1.0]]}, "Bone.002": {"matrix": [[-0.17678608000278473, -0.8889967799186707, -0.422411173582077, -1.7873716354370117], [0.9671269655227661, -0.23660296201705933, 0.09319055825471878, -0.1484498381614685], [-0.18278974294662476, -0.39205029606819153, 0.9016008377075195, 0.6187155246734619], [0.0, 0.0, 0.0, 1.0]]}, "finger3joint1": {"matrix": [[-0.23140990734100342, -0.46287181973457336, -0.8556861877441406, -2.162092685699463], [0.8901076316833496, -0.45571383833885193, 0.005793527700006962, -0.2481803596019745], [-0.39262962341308594, -0.7603119611740112, 0.517462432384491, 0.4534624516963959], [0.0, 0.0, 0.0, 1.0]]}, "finger3joint2": {"matrix": [[-0.2683180868625641, 0.24819107353687286, -0.9308095574378967, -2.568115234375], [0.8059477210044861, -0.47144660353660583, -0.3580315411090851, -0.6479240655899048], [-0.5276870727539062, -0.8462499976158142, -0.07353124767541885, -0.21346920728683472], [0.0, 0.0, 0.0, 1.0]]}, "finger3joint3": {"matrix": [[-0.09531915932893753, 0.5731483101844788, -0.8138888478279114, -2.4075160026550293], [0.8302809596061707, -0.40525612235069275, -0.3826241195201874, -0.9529879689216614], [-0.5491336584091187, -0.7122278213500977, -0.43724527955055237, -0.7610609531402588], [0.0, 0.0, 0.0, 1.0]]}, "Bone.003": {"matrix": [[-0.802665114402771, -0.47306787967681885, 0.363228976726532, -1.7873717546463013], [0.5741044878959656, -0.7778804302215576, 0.2555506229400635, -0.1484498381614685], [0.16165605187416077, 0.4136529266834259, 0.8959678411483765, 0.6187155842781067], [0.0, 0.0, 0.0, 1.0]]}, "finger4joint1": {"matrix": [[0.139541894197464, -0.8224378228187561, -0.5514740347862244, -1.9901375770568848], [0.9824632406234741, 0.04543662071228027, 0.18083539605140686, -0.4818645119667053], [-0.12366869300603867, -0.5670369863510132, 0.8143553137779236, 0.7960152626037598], [0.0, 0.0, 0.0, 1.0]]}, "finger4joint2": {"matrix": [[0.10997726768255234, 0.5060009360313416, -0.8554925918579102, -2.8071138858795166], [0.986555278301239, -0.160256028175354, 0.032038889825344086, -0.43672966957092285], [-0.12088606506586075, -0.8475144505500793, -0.5168222188949585, 0.23274391889572144], [0.0, 0.0, 0.0, 1.0]]}, "finger4joint3": {"matrix": [[0.08003770560026169, 0.991531491279602, -0.10226831585168839, -2.5960798263549805], [0.9958876371383667, -0.08391187340021133, -0.034151602536439896, -0.5035664439201355], [-0.042443834245204926, -0.09911457449197769, -0.9941701292991638, -0.12072290480136871], [0.0, 0.0, 0.0, 1.0]]}}