{"root": {"matrix": [[0.3524068295955658, -0.6145839095115662, 0.7057592272758484, 0.0], [0.8058187365531921, -0.18420952558517456, -0.5627815127372742, -1.4901161193847656e-08], [0.4758840799331665, 0.7670420408248901, 0.4303264915943146, 0.0], [0.0, 0.0, 0.0, 1.0]]}, "carpals": {"matrix": [[-0.8649667501449585, -0.46264034509658813, -0.19441242516040802, 0.1160481870174408], [0.4524134397506714, -0.5512588024139404, -0.7010247111320496, 1.7053022384643555], [0.21715085208415985, -0.6943178772926331, 0.6861252784729004, 1.7786126136779785], [0.0, 0.0, 0.0, 1.0]]}, "metacarpals": {"matrix": [[-0.7824652791023254, -0.4466560184955597, 0.4338735044002533, -0.334560751914978], [-0.05006054416298866, -0.6493912935256958, -0.7588047981262207, 1.168379545211792], [0.6206785440444946, -0.6154583692550659, 0.4857662618160248, 1.102351188659668], [0.0, 0.0, 0.0, 1.0]]}, "finger5joint1": {"matrix": [[-0.7476075887680054, -0.6282230615615845, 0.21544916927814484, -0.6306394338607788], [-0.2607344090938568, -0.02072790078818798, -0.9651879072189331, 1.1187233924865723], [0.6108193397521973, -0.7777568101882935, -0.1483030915260315, 0.4423917233943939], [0.0, 0.0, 0.0, 1.0]]}, "finger5joint2": {"matrix": [[0.16698744893074036, -0.7724686861038208, 0.612704336643219, -1.2942140102386475], [-0.9670004844665527, -0.007036203984171152, 0.2546766698360443, 1.0968290567398071], [-0.19241872429847717, -0.6350131630897522, -0.7481529116630554, -0.3791312575340271], [0.0, 0.0, 0.0, 1.0]]}, "finger5joint3": {"matrix": [[0.06015780195593834, -0.8871062397956848, 0.45762741565704346, -1.8251588344573975], [-0.9759822487831116, 0.04389162361621857, 0.21338163316249847, 1.091992735862732], [-0.2093782275915146, -0.45947274565696716, -0.8631598949432373, -0.8155980706214905], [0.0, 0.0, 0.0, 1.0]]}, "Bone": {"matrix": [[0.28212010860443115, -0.9049150943756104, 0.3186483085155487, -1.0319147109985352], [0.6956837773323059, -0.035749487578868866, -0.7174579501152039, 0.15449941158294678], [0.6606299877166748, 0.42408791184425354, 0.6194490790367126, 0.14144983887672424], [0.0, 0.0, 0.0, 1.0]]}, "finger1joint1": {"matrix": [[-0.7078098654747009, -0.6653413772583008, 0.23733069002628326, -1.7849739789962769], [0.014208069071173668, -0.34931138157844543, -0.9368988275527954, 0.12474912405014038], [0.7062600255012512, -0.6597741842269897, 0.2566992938518524, 0.49437054991722107], [0.0, 0.0, 0.0, 1.0]]}, "finger1joint2": {"matrix": [[-0.7330087423324585, -0.2814684510231018, -0.6192524433135986, -2.1610107421875], [0.30576276779174805, 0.6768738627433777, -0.6695899367332458, -0.07267408072948456], [0.607624351978302, -0.6801596283912659, -0.4100917875766754, 0.12148047983646393], [0.0, 0.0, 0.0, 1.0]]}, "finger1joint3": {"matrix": [[-0.7811314463615417, 0.28171506524086, -0.5571985840797424, -2.2816712856292725], [0.21133998036384583, 0.9590421915054321, 0.188608780503273, 0.21749061346054077], [0.5875110030174255, 0.029569854959845543, -0.8086755871772766, -0.17009277641773224], [0.0, 0.0, 0.0, 1.0]]}, "Bone.001": {"matrix": [[-0.005169668700546026, -0.780811607837677, 0.6247448921203613, -1.0319147109985352], [0.5528087615966797, -0.5228402614593506, -0.6488761305809021, 0.15449939668178558], [0.8332918882369995, 0.3420100808143616, 0.4343424439430237, 0.14144982397556305], [0.0, 0.0, 0.0, 1.0]]}, "finger2joint1": {"matrix": [[-0.48155292868614197, -0.7394115328788757, -0.4705072045326233, -1.5268585681915283], [-0.02129785716533661, 0.5465676784515381, -0.8371439576148987, -0.17692050337791443], [0.8761579990386963, -0.3931083083152771, -0.278949111700058, 0.3582444489002228], [0.0, 0.0, 0.0, 1.0]]}, "finger2joint2": {"matrix": [[-0.5008960366249084, -0.2311701625585556, -0.8340643048286438, -2.1665596961975098], [0.10567062348127365, 0.9401276111602783, -0.32402700185775757, 0.29594194889068604], [0.8590324521064758, -0.25043994188308716, -0.4464782476425171, 0.018147200345993042], [0.0, 0.0, 0.0, 1.0]]}, "finger2joint3": {"matrix": [[-0.44756194949150085, 0.18429605662822723, -0.8750559687614441, -2.2543156147003174], [0.24133068323135376, 0.9671187400817871, 0.0802529901266098, 0.6528298258781433], [0.8610734939575195, -0.17525972425937653, -0.4773217737674713, -0.0769239217042923], [0.0, 0.0, 0.0, 1.0]]}, "Bone.002": {"matrix": [[-0.5579651594161987, -0.4809494912624359, 0.6762856245040894, -1.0319147109985352], [0.041819848120212555, -0.830195426940918, -0.5559015870094299, 0.15449944138526917], [0.828809916973114, -0.28189146518707275, 0.4833333194255829, 0.14144983887672424], [0.0, 0.0, 0.0, 1.0]]}, "finger3joint1": {"matrix": [[-0.6733839511871338, -0.45570170879364014, 0.5821424722671509, -1.2346398830413818], [0.09319332242012024, -0.8334732055664062, -0.5446441769599915, -0.1954362988471985], [0.7333956956863403, -0.31250274181365967, 0.6037157773971558, 0.022629767656326294], [0.0, 0.0, 0.0, 1.0]]}, "finger3joint2": {"matrix": [[-0.7590387463569641, -0.6213902235031128, 0.19425290822982788, -1.6343729496002197], [-0.01871262863278389, -0.27742430567741394, -0.9605652093887329, -0.9265435934066772], [0.6507765054702759, -0.7327410578727722, 0.1989479660987854, -0.251491904258728], [0.0, 0.0, 0.0, 1.0]]}, "finger3joint3": {"matrix": [[-0.8107770681381226, -0.5675429701805115, -0.1433015763759613, -2.0364625453948975], [0.12934571504592896, 0.06505466252565384, -0.989463210105896, -1.1060593128204346], [0.5708855390548706, -0.8207695484161377, 0.020664462819695473, -0.7256341576576233], [0.0, 0.0, 0.0, 1.0]]}, "Bone.003": {"matrix": [[-0.2558186650276184, 0.5408374667167664, 0.8012811541557312, -1.0319148302078247], [-0.6983413696289062, -0.6765419244766235, 0.2336885631084442, 0.15449941158294678], [0.6684878468513489, -0.4997859299182892, 0.5507611632347107, 0.14144983887672424], [0.0, 0.0, 0.0, 1.0]]}, "finger4joint1": {"matrix": [[-0.2253505289554596, -0.7416293025016785, 0.6318249106407166, -0.8001014590263367], [0.5391505360603333, -0.6350841522216797, -0.5531586408615112, -0.13547956943511963], [0.8115008473396301, 0.21599428355693817, 0.5429664254188538, -0.07276812195777893], [0.0, 0.0, 0.0, 1.0]]}, "finger4joint2": {"matrix": [[-0.23004911839962006, -0.9574043154716492, -0.17451071739196777, -1.536805510520935], [0.5136685371398926, 0.032848894596099854, -0.8573594093322754, -0.7663461565971375], [0.8265722393989563, -0.2868754267692566, 0.4842317998409271, 0.14179173111915588], [0.0, 0.0, 0.0, 1.0]]}, "finger4joint3": {"matrix": [[-0.14709019660949707, -0.6931671500205994, -0.7056084871292114, -1.9361032247543335], [0.5216469764709473, 0.5517346858978271, -0.6507478952407837, -0.7526460886001587], [0.8403858542442322, -0.46379730105400085, 0.2804339826107025, 0.022146642208099365], [0.0, 0.0, 0.0, 1.0]]}}