{"root": {"matrix": [[0.4269508719444275, -0.6537114381790161, -0.6247994303703308, 0.0], [-0.9030559062957764, -0.34409475326538086, -0.2570774257183075, 0.0], [-0.04693581536412239, 0.6739882230758667, -0.7372495532035828, 0.0], [0.0, 0.0, 0.0, 1.0]]}, "carpals": {"matrix": [[0.6556851863861084, -0.6843671798706055, -0.3189330995082855, 0.39591866731643677], [0.7296921610832214, 0.46584874391555786, 0.5005335807800293, -2.3501408100128174], [-0.19397421181201935, -0.5609155893325806, 0.8048276305198669, 0.6364527344703674], [0.0, 0.0, 0.0, 1.0]]}, "metacarpals": {"matrix": [[0.18302284181118011, -0.7218818664550781, 0.6673747897148132, -0.27065086364746094], [0.24316710233688354, 0.6909887790679932, 0.6807377338409424, -1.896406888961792], [-0.9525608420372009, 0.037692997604608536, 0.30200469493865967, 0.09012435376644135], [0.0, 0.0, 0.0, 1.0]]}, "finger5joint1": {"matrix": [[0.5870243906974792, -0.6484881639480591, 0.4846290349960327, -0.9892573356628418], [0.006377330049872398, 0.6023112535476685, 0.7982355952262878, -1.8247814178466797], [-0.809544026851654, -0.46549320220947266, 0.35770705342292786, 0.15454140305519104], [0.0, 0.0, 0.0, 1.0]]}, "finger5joint2": {"matrix": [[0.50022953748703, -0.5294941067695618, -0.6851321458816528, -1.6742373704910278], [0.7621331214904785, 0.6448056697845459, 0.05812101438641548, -1.1885768175125122], [0.4110024571418762, -0.5512357354164124, 0.7260960936546326, -0.33714616298675537], [0.0, 0.0, 0.0, 1.0]]}, "finger5joint3": {"matrix": [[0.4855711758136749, -0.43906155228614807, -0.7559399008750916, -2.038177251815796], [0.8146400451660156, 0.5409709811210632, 0.20907233655452728, -0.7453793287277222], [0.31714603304862976, -0.7173386216163635, 0.6203572750091553, -0.7160298228263855], [0.0, 0.0, 0.0, 1.0]]}, "Bone": {"matrix": [[0.6824296116828918, -0.04845643788576126, 0.7293432950973511, -1.3977088928222656], [-0.7002010345458984, 0.24302898347377777, 0.6713083982467651, -0.8175814151763916], [-0.2097807377576828, -0.9688078761100769, 0.1319209337234497, 0.14897358417510986], [0.0, 0.0, 0.0, 1.0]]}, "finger1joint1": {"matrix": [[0.5893271565437317, -0.7593626976013184, 0.2757928669452667, -1.4380335807800293], [0.024228382855653763, 0.35783064365386963, 0.9334719181060791, -0.6153357028961182], [-0.8075309991836548, -0.5434384942054749, 0.22927744686603546, -0.6572563648223877], [0.0, 0.0, 0.0, 1.0]]}, "finger1joint2": {"matrix": [[0.4924459457397461, -0.6394020915031433, -0.5904759764671326, -1.8672090768814087], [-0.2682861387729645, -0.7569226026535034, 0.5958945751190186, -0.4130975902080536], [-0.8279609680175781, -0.1350293755531311, -0.54428631067276, -0.964396059513092], [0.0, 0.0, 0.0, 1.0]]}, "finger1joint3": {"matrix": [[0.453239381313324, -0.22338268160820007, -0.8629450798034668, -2.141310214996338], [-0.1786080002784729, -0.9712162017822266, 0.15760059654712677, -0.7375777959823608], [-0.8733116388320923, 0.08269811421632767, -0.48009148240089417, -1.0222809314727783], [0.0, 0.0, 0.0, 1.0]]}, "Bone.001": {"matrix": [[0.706739068031311, -0.039889149367809296, 0.7063487768173218, -1.397708773612976], [-0.4923444986343384, 0.689247190952301, 0.5315399765968323, -0.8175814151763916], [-0.5080515742301941, -0.7234271168708801, 0.46747878193855286, 0.14897358417510986], [0.0, 0.0, 0.0, 1.0]]}, "finger2joint1": {"matrix": [[0.2728908658027649, -0.26365306973457336, 0.9252120852470398, -1.4229938983917236], [0.12400182336568832, 0.9633311629295349, 0.23794147372245789, -0.3806789219379425], [-0.9540197849273682, 0.04979588836431503, 0.2955778241157532, -0.3095950484275818], [0.0, 0.0, 0.0, 1.0]]}, "finger2joint2": {"matrix": [[0.16125626862049103, -0.4827714264392853, 0.8607717156410217, -1.6510930061340332], [0.18808770179748535, 0.8712337017059326, 0.4534030556678772, 0.45274603366851807], [-0.9688236713409424, 0.08878642320632935, 0.23129531741142273, -0.2665141820907593], [0.0, 0.0, 0.0, 1.0]]}, "finger2joint3": {"matrix": [[0.027257639914751053, -0.7067423462867737, 0.7069455981254578, -1.8343610763549805], [0.24550437927246094, 0.6902810335159302, 0.6806167960166931, 0.7834806442260742], [-0.9690120220184326, 0.15500620007514954, 0.19232380390167236, -0.2328093945980072], [0.0, 0.0, 0.0, 1.0]]}, "Bone.002": {"matrix": [[0.46755293011665344, -0.4352678954601288, 0.7693738341331482, -1.397708773612976], [0.1193869560956955, 0.8934857845306396, 0.4329313635826111, -0.8175814151763916], [-0.8758658170700073, -0.11056515574455261, 0.46971726417541504, 0.14897358417510986], [0.0, 0.0, 0.0, 1.0]]}, "finger3joint1": {"matrix": [[0.25696849822998047, -0.9485158324241638, 0.18516167998313904, -1.5811784267425537], [0.17437636852264404, 0.2339579164981842, 0.9564811587333679, -0.44096827507019043], [-0.9505578279495239, -0.21349769830703735, 0.2255185842514038, 0.1023692637681961], [0.0, 0.0, 0.0, 1.0]]}, "finger3joint2": {"matrix": [[0.09637520462274551, -0.07608847320079803, -0.9924325346946716, -2.4131991863250732], [0.17193900048732758, -0.9808119535446167, 0.09189452975988388, -0.2357446551322937], [-0.980381965637207, -0.1794942170381546, -0.08144332468509674, -0.08490698039531708], [0.0, 0.0, 0.0, 1.0]]}, "finger3joint3": {"matrix": [[0.25799885392189026, 0.74153071641922, -0.6193292140960693, -2.4624345302581787], [0.10516010224819183, -0.6587758660316467, -0.7449533343315125, -0.8704087734222412], [-0.9604051113128662, 0.12706831097602844, -0.24794284999370575, -0.2010541558265686], [0.0, 0.0, 0.0, 1.0]]}, "Bone.003": {"matrix": [[0.5024060010910034, -0.15566234290599823, 0.8505042791366577, -1.397708773612976], [0.7723184823989868, 0.5230386257171631, -0.3604919910430908, -0.8175814151763916], [-0.38873153924942017, 0.8379735350608826, 0.3829987347126007, 0.14897358417510986], [0.0, 0.0, 0.0, 1.0]]}, "finger4joint1": {"matrix": [[0.6004411578178406, -0.39083507657051086, 0.6976518630981445, -1.4644286632537842], [-0.27360999584198, 0.7193596959114075, 0.6384814977645874, -0.5933969616889954], [-0.75140380859375, -0.5742552280426025, 0.3249968886375427, 0.5081453323364258], [0.0, 0.0, 0.0, 1.0]]}, "finger4joint2": {"matrix": [[0.6046839356422424, -0.6772552728652954, -0.41914477944374084, -1.852668285369873], [-0.2446678727865219, -0.6587619185447693, 0.7114560604095459, 0.12118546664714813], [-0.7579541802406311, -0.3276548981666565, -0.5640455484390259, -0.06229628622531891], [0.0, 0.0, 0.0, 1.0]]}, "finger4joint3": {"matrix": [[0.6649552583694458, -0.18477916717529297, -0.7236648797988892, -2.1351261138916016], [-0.19944222271442413, -0.9776589870452881, 0.06637144088745117, -0.15355965495109558], [-0.7197616696357727, 0.10019531846046448, -0.6869524121284485, -0.19894897937774658], [0.0, 0.0, 0.0, 1.0]]}}