{"root": {"matrix": [[0.30633673071861267, -0.9517330527305603, 0.01902737282216549, 0.0], [0.06236962229013443, 0.00012164840154582635, -0.9980531334877014, 7.275957614183426e-12], [0.9498777985572815, 0.30692705512046814, 0.059396419674158096, 0.0], [0.0, 0.0, 0.0, 1.0]]}, "carpals": {"matrix": [[0.3792304992675781, -0.4300180673599243, -0.8193097710609436, -0.2409384846687317], [0.7834985852241516, -0.32182183861732483, 0.5315641760826111, 0.25337377190589905], [-0.492253839969635, -0.8435134291648865, 0.2148740589618683, 2.441871166229248], [0.0, 0.0, 0.0, 1.0]]}, "metacarpals": {"matrix": [[0.5984696745872498, -0.7705398797988892, -0.21932196617126465, -0.659773588180542], [0.299277663230896, -0.038916707038879395, 0.953372061252594, -0.060078732669353485], [-0.7431464791297913, -0.636202335357666, 0.2073150873184204, 1.6202943325042725], [0.0, 0.0, 0.0, 1.0]]}, "finger5joint1": {"matrix": [[0.48466771841049194, -0.8682651519775391, 0.10588988661766052, -1.1142860651016235], [0.25362375378608704, 0.2553565800189972, 0.9329886436462402, -0.5269864797592163], [-0.8371211886405945, -0.4253331422805786, 0.34397590160369873, 1.302347183227539], [0.0, 0.0, 0.0, 1.0]]}, "finger5joint2": {"matrix": [[0.10319137573242188, -0.2555551528930664, -0.961271345615387, -2.0314102172851562], [0.9551732540130615, 0.2950647175312042, 0.02409328706562519, -0.25726044178009033], [0.2774803042411804, -0.9206668138504028, 0.27454784512519836, 0.8530795574188232], [0.0, 0.0, 0.0, 1.0]]}, "finger5joint3": {"matrix": [[0.13164807856082916, 0.03313365578651428, -0.9907423257827759, -2.2070624828338623], [0.9757662415504456, 0.17188619077205658, 0.13540637493133545, -0.05445210635662079], [0.17478163540363312, -0.9845590591430664, -0.009701942093670368, 0.2202729433774948], [0.0, 0.0, 0.0, 1.0]]}, "Bone": {"matrix": [[0.8694881200790405, 0.4891229271888733, -0.06891247630119324, -1.862800121307373], [0.003907455131411552, 0.13269692659378052, 0.9911488890647888, -0.12083850800991058], [0.49393802881240845, -0.8620615005493164, 0.11346735060214996, 0.6270058155059814], [0.0, 0.0, 0.0, 1.0]]}, "finger1joint1": {"matrix": [[0.8575724959373474, -0.5003421902656555, 0.11927606165409088, -1.4557580947875977], [0.3019424378871918, 0.6774240136146545, 0.6707662343978882, -0.010409772396087646], [-0.41641318798065186, -0.5392160415649414, 0.7320148944854736, -0.0903911292552948], [0.0, 0.0, 0.0, 1.0]]}, "finger1joint2": {"matrix": [[0.7903724908828735, -0.5743324756622314, 0.21319781243801117, -1.738540768623352], [0.06977612525224686, 0.4301353693008423, 0.9000637531280518, 0.3724555969238281], [-0.6086398959159851, -0.6965094208717346, 0.38004201650619507, -0.3951442837715149], [0.0, 0.0, 0.0, 1.0]]}, "finger1joint3": {"matrix": [[0.8284358978271484, -0.5479645133018494, -0.11588221788406372, -1.9847474098205566], [0.144741952419281, 0.009586046449840069, 0.9894229769706726, 0.5568475723266602], [-0.5410580039024353, -0.8364464044570923, 0.08725512027740479, -0.6937264204025269], [0.0, 0.0, 0.0, 1.0]]}, "Bone.001": {"matrix": [[0.9691175818443298, 0.09104101359844208, -0.2291775494813919, -1.862800121307373], [0.1654139906167984, 0.4492635726928711, 0.8779522776603699, -0.12083850800991058], [0.18289078772068024, -0.8887481093406677, 0.4203299582004547, 0.6270058155059814], [0.0, 0.0, 0.0, 1.0]]}, "finger2joint1": {"matrix": [[0.7432391047477722, -0.2577095031738281, -0.6173986792564392, -1.8050906658172607], [0.3561207950115204, -0.6288355588912964, 0.6911900043487549, 0.16394230723381042], [-0.5663684606552124, -0.7335880994796753, -0.37559932470321655, 0.06364297866821289], [0.0, 0.0, 0.0, 1.0]]}, "finger2joint2": {"matrix": [[0.7707506418228149, -0.2478269338607788, -0.5869625210762024, -2.028047800064087], [0.2323901653289795, -0.7484354972839355, 0.6211593747138977, -0.38009408116340637], [-0.5932437181472778, -0.6151633858680725, -0.5192644596099854, -0.5710200071334839], [0.0, 0.0, 0.0, 1.0]]}, "finger2joint3": {"matrix": [[0.7865821719169617, -0.20983460545539856, -0.5807388424873352, -2.122127056121826], [0.08857472985982895, -0.892421543598175, 0.44242292642593384, -0.6642125844955444], [-0.6110996007919312, -0.3994409143924713, -0.6833767890930176, -0.8045461773872375], [0.0, 0.0, 0.0, 1.0]]}, "Bone.002": {"matrix": [[0.7615973949432373, -0.6316072940826416, -0.14505691826343536, -1.8628002405166626], [0.41798335313796997, 0.3077015280723572, 0.8547570705413818, -0.12083853036165237], [-0.4952365458011627, -0.7116119265556335, 0.49834614992141724, 0.6270058751106262], [0.0, 0.0, 0.0, 1.0]]}, "finger3joint1": {"matrix": [[0.6724305748939514, -0.5896745920181274, -0.44734880328178406, -2.129028797149658], [0.3046552538871765, -0.3303177058696747, 0.8933506608009338, 0.008860737085342407], [-0.6745534539222717, -0.7370032668113708, -0.042468033730983734, 0.3270542323589325], [0.0, 0.0, 0.0, 1.0]]}, "finger3joint2": {"matrix": [[0.5875716209411621, 0.3408217132091522, -0.7338938117027283, -2.6462807655334473], [0.2137039601802826, -0.9401275515556335, -0.2655010521411896, -0.2808878421783447], [-0.7804422378540039, -0.0008352897129952908, -0.6252270340919495, -0.3194313943386078], [0.0, 0.0, 0.0, 1.0]]}, "finger3joint3": {"matrix": [[0.7187941074371338, 0.629054844379425, -0.2960151135921478, -2.425741672515869], [0.2083977609872818, -0.6011615991592407, -0.7714759707450867, -0.8892257809638977], [-0.6632536053657532, 0.49284327030181885, -0.5632049441337585, -0.3199719190597534], [0.0, 0.0, 0.0, 1.0]]}, "Bone.003": {"matrix": [[0.10547427088022232, -0.9188619256019592, 0.38022077083587646, -1.8628002405166626], [0.8974263072013855, 0.2526613473892212, 0.3616466224193573, -0.12083851546049118], [-0.4283701479434967, 0.3030758202075958, 0.8512601256370544, 0.6270058155059814], [0.0, 0.0, 0.0, 1.0]]}, "finger4joint1": {"matrix": [[0.9579641819000244, -0.18234699964523315, -0.22148124873638153, -2.2566421031951904], [0.2539540231227875, 0.17984551191329956, 0.9503487348556519, -0.012542963027954102], [-0.1334609091281891, -0.9666460156440735, 0.2185935527086258, 0.7569100260734558], [0.0, 0.0, 0.0, 1.0]]}, "finger4joint2": {"matrix": [[0.9490768909454346, 0.21603447198867798, -0.22930707037448883, -2.4377784729003906], [0.2763139009475708, -0.9204441905021667, 0.2764650583267212, 0.166108176112175], [-0.15133844316005707, -0.3257475793361664, -0.9332655668258667, -0.20331650972366333], [0.0, 0.0, 0.0, 1.0]]}, "finger4joint3": {"matrix": [[0.9310865998268127, 0.35803425312042236, 0.06991928070783615, -2.3476784229278564], [0.3477964401245117, -0.813406229019165, -0.4662700891494751, -0.217774897813797], [-0.1100679263472557, 0.45845529437065125, -0.8818747997283936, -0.33917373418807983], [0.0, 0.0, 0.0, 1.0]]}}