{"root": {"matrix": [[0.5279459953308105, -0.8417800068855286, 0.11260274052619934, -5.960464477539063e-08], [-0.3017939627170563, -0.3098839819431305, -0.9016054272651672, -2.9802322387695312e-08], [0.7938472032546997, 0.4420161545276642, -0.417646199464798, 0.0], [0.0, 0.0, 0.0, 1.0]]}, "carpals": {"matrix": [[-0.3001205623149872, -0.6239468455314636, -0.7215384244918823, 0.3573285937309265], [0.9102524518966675, 0.03886666148900986, -0.4122251570224762, -0.8844544887542725], [0.28525063395500183, -0.7804994583129883, 0.556284487247467, 2.274871826171875], [0.0, 0.0, 0.0, 1.0]]}, "metacarpals": {"matrix": [[-0.3527732491493225, -0.7559354901313782, -0.551463782787323, -0.2503918409347534], [0.8825679421424866, -0.07302616536617279, -0.4644790291786194, -0.8465985059738159], [0.31084516644477844, -0.6505601406097412, 0.6929261088371277, 1.5146700143814087], [0.0, 0.0, 0.0, 1.0]]}, "finger5joint1": {"matrix": [[-0.28752127289772034, -0.8121854662895203, -0.5076277256011963, -0.39302724599838257], [0.8730794787406921, -0.004347450565546751, -0.4875582456588745, -0.8520610928535461], [0.3937811553478241, -0.583382785320282, 0.7103525400161743, 0.8038252592086792], [0.0, 0.0, 0.0, 1.0]]}, "finger5joint2": {"matrix": [[-0.40596839785575867, -0.9138043522834778, 0.012270092032849789, -1.2509161233901978], [-0.5260409116744995, 0.2226785570383072, -0.8207891583442688, -0.8566532135009766], [0.7473085522651672, -0.3396688997745514, -0.5710994005203247, 0.18761421740055084], [0.0, 0.0, 0.0, 1.0]]}, "finger5joint3": {"matrix": [[-0.4895611107349396, -0.8516735434532166, -0.18703314661979675, -1.8790059089660645], [-0.4569661617279053, 0.43327033519744873, -0.7768257260322571, -0.7035984396934509], [0.7426380515098572, -0.2948357164859772, -0.6012986898422241, -0.04585212469100952], [0.0, 0.0, 0.0, 1.0]]}, "Bone": {"matrix": [[0.7362697124481201, -0.38110798597335815, -0.5591630935668945, -1.430617094039917], [0.24749115109443665, 0.920732319355011, -0.30166196823120117, -0.9606126546859741], [0.6298053860664368, 0.08371687680482864, 0.7722282409667969, 0.4989650547504425], [0.0, 0.0, 0.0, 1.0]]}, "finger1joint1": {"matrix": [[0.1411644071340561, -0.7879089117050171, -0.5993928909301758, -1.7477704286575317], [0.6319347620010376, 0.5377748608589172, -0.5580828785896301, -0.19439060986042023], [0.7620571255683899, -0.29999563097953796, 0.5738217234611511, 0.5686331987380981], [0.0, 0.0, 0.0, 1.0]]}, "finger1joint2": {"matrix": [[0.33268117904663086, -0.3478125035762787, -0.8765554428100586, -2.1930792331695557], [0.7609584331512451, 0.6480269432067871, 0.031674664467573166, 0.10954806208610535], [0.5570148825645447, -0.6775597333908081, 0.4802573621273041, 0.39908215403556824], [0.0, 0.0, 0.0, 1.0]]}, "finger1joint3": {"matrix": [[0.25473445653915405, 0.4509090781211853, -0.8554478883743286, -2.3421809673309326], [0.7359647750854492, 0.4834310710430145, 0.47397273778915405, 0.3873465657234192], [0.62726891040802, -0.7503166794776917, -0.20870648324489594, 0.10862341523170471], [0.0, 0.0, 0.0, 1.0]]}, "Bone.001": {"matrix": [[0.49253004789352417, -0.784408688545227, -0.3769838809967041, -1.4306169748306274], [0.5069791078567505, 0.6106825470924377, -0.608307957649231, -0.9606126546859741], [0.7073797583580017, 0.10848718881607056, 0.6984583735466003, 0.4989650249481201], [0.0, 0.0, 0.0, 1.0]]}, "finger2joint1": {"matrix": [[-0.21082036197185516, -0.2964809536933899, -0.9314792156219482, -1.9278407096862793], [0.8628739714622498, 0.391335129737854, -0.3198513984680176, -0.573511004447937], [0.4593506455421448, -0.8711804747581482, 0.1733243465423584, 0.5677333474159241], [0.0, 0.0, 0.0, 1.0]]}, "finger2joint2": {"matrix": [[-0.1497814655303955, -0.1465783268213272, -0.9777934551239014, -2.1843409538269043], [0.9205783009529114, 0.34010422229766846, -0.19200122356414795, -0.2349478006362915], [0.3606951832771301, -0.9288936257362366, 0.08399557322263718, -0.1859675943851471], [0.0, 0.0, 0.0, 1.0]]}, "finger2joint3": {"matrix": [[-0.0776333138346672, 0.09703841060400009, -0.9922480583190918, -2.2399845123291016], [0.9669609665870667, 0.24972255527973175, -0.05123290792107582, -0.10583866387605667], [0.24281542003154755, -0.9634426832199097, -0.11321909725666046, -0.5385907888412476], [0.0, 0.0, 0.0, 1.0]]}, "Bone.002": {"matrix": [[-0.18803831934928894, -0.943585991859436, -0.2725559175014496, -1.4306169748306274], [0.7987005710601807, 0.014593296684324741, -0.6015515923500061, -0.9606126546859741], [0.5715934634208679, -0.330805242061615, 0.7508985996246338, 0.4989650249481201], [0.0, 0.0, 0.0, 1.0]]}, "finger3joint1": {"matrix": [[-0.22196802496910095, -0.7907681465148926, -0.5704521536827087, -1.82834792137146], [0.878169596195221, 0.09211604297161102, -0.4693962037563324, -0.9544614553451538], [0.4237317144870758, -0.6051446199417114, 0.6739817261695862, 0.3595272898674011], [0.0, 0.0, 0.0, 1.0]]}, "finger3joint2": {"matrix": [[-0.32191503047943115, 0.1637812852859497, -0.9324946403503418, -2.5219953060150146], [0.8992271423339844, 0.36107540130615234, -0.24701212346553802, -0.8736589550971985], [0.2962452471256256, -0.9180413484573364, -0.26351213455200195, -0.1712944507598877], [0.0, 0.0, 0.0, 1.0]]}, "finger3joint3": {"matrix": [[-0.1519903987646103, 0.6402581930160522, -0.7529728412628174, -2.416015625], [0.9447508454322815, 0.31796154379844666, 0.07966327667236328, -0.6400141716003418], [0.2904217839241028, -0.6992638111114502, -0.6532114744186401, -0.7653408646583557], [0.0, 0.0, 0.0, 1.0]]}, "Bone.003": {"matrix": [[-0.7575873136520386, -0.41387420892715454, 0.5047467947006226, -1.4306169748306274], [0.2168866991996765, -0.8889564871788025, -0.4033812880516052, -0.9606126546859741], [0.6156471967697144, -0.1961238533258438, 0.7632259726524353, 0.49896499514579773], [0.0, 0.0, 0.0, 1.0]]}, "finger4joint1": {"matrix": [[-0.3606480360031128, -0.7106919288635254, -0.6040276885032654, -1.6080117225646973], [0.8838653564453125, -0.053606074303388596, -0.4646591544151306, -1.3416366577148438], [0.2978503108024597, -0.701457679271698, 0.647489070892334, 0.41490253806114197], [0.0, 0.0, 0.0, 1.0]]}, "finger4joint2": {"matrix": [[-0.38844114542007446, -0.09975074231624603, -0.9160582423210144, -2.313983678817749], [0.8732666969299316, 0.2774805426597595, -0.40051141381263733, -1.39488685131073], [0.2941399812698364, -0.9555385112762451, -0.020675819367170334, -0.28189682960510254], [0.0, 0.0, 0.0, 1.0]]}, "finger4joint3": {"matrix": [[-0.3653624951839447, 0.34339675307273865, -0.8652099967002869, -2.355586051940918], [0.8529437184333801, 0.49576348066329956, -0.163417249917984, -1.2791599035263062], [0.37282291054725647, -0.7976821660995483, -0.474031537771225, -0.680416464805603], [0.0, 0.0, 0.0, 1.0]]}}