{"root": {"matrix": [[0.49692001938819885, -0.3837326169013977, 0.7783442139625549, -2.9802322387695312e-08], [0.8328484892845154, 0.46285736560821533, -0.30352333188056946, 0.0], [-0.24379049241542816, 0.7990697026252747, 0.5495942234992981, 0.0], [0.0, 0.0, 0.0, 1.0]]}, "carpals": {"matrix": [[-0.5419955849647522, -0.8049495816230774, -0.24144679307937622, 0.660661518573761], [0.825145423412323, -0.5641923546791077, 0.028666213154792786, 2.3706414699554443], [-0.15929731726646423, -0.1836918294429779, 0.9699904918670654, 0.16902771592140198], [0.0, 0.0, 0.0, 1.0]]}, "metacarpals": {"matrix": [[-0.814841091632843, -0.5481218099594116, 0.18866923451423645, -0.12335461378097534], [0.5417871475219727, -0.8358535170555115, -0.08840494602918625, 1.8211215734481812], [0.20615655183792114, 0.03018256463110447, 0.9780533313751221, -0.009887013584375381], [0.0, 0.0, 0.0, 1.0]]}, "finger5joint1": {"matrix": [[-0.6323742270469666, -0.7706845998764038, -0.07840726524591446, -0.3707866072654724], [0.6318286657333374, -0.4545646011829376, -0.6278243064880371, 1.285427451133728], [0.44821345806121826, -0.44655996561050415, 0.7743957042694092, -0.43117555975914], [0.0, 0.0, 0.0, 1.0]]}, "finger5joint2": {"matrix": [[-0.216671422123909, -0.9758946895599365, 0.026119159534573555, -1.1848394870758057], [-0.6143755316734314, 0.11551613360643387, -0.7805116176605225, 0.8052834868431091], [0.7586802244186401, -0.1851615458726883, -0.6245951652526855, -0.9028645157814026], [0.0, 0.0, 0.0, 1.0]]}, "finger5joint3": {"matrix": [[-0.3079380989074707, -0.8082581758499146, -0.5018884539604187, -1.855605959892273], [-0.557002067565918, 0.5808245539665222, -0.5936253666877747, 0.8846818208694458], [0.7713119983673096, 0.09675315022468567, -0.6290597319602966, -1.0301324129104614], [0.0, 0.0, 0.0, 1.0]]}, "Bone": {"matrix": [[0.39773672819137573, -0.9141961932182312, 0.0777846947312355, -0.9791248440742493], [0.9139537215232849, 0.4022195637226105, 0.053923409432172775, 0.5161222219467163], [-0.08058308064937592, 0.04964430630207062, 0.9955106973648071, 0.037236347794532776], [0.0, 0.0, 0.0, 1.0]]}, "finger1joint1": {"matrix": [[-0.6922054290771484, -0.6756457686424255, -0.25368133187294006, -1.7399076223373413], [0.6806463003158569, -0.49430519342422485, -0.5407242178916931, 0.8508442640304565], [0.23994207382202148, -0.546959638595581, 0.8020366430282593, 0.07854971289634705], [0.0, 0.0, 0.0, 1.0]]}, "finger1joint2": {"matrix": [[-0.5684499740600586, -0.22738638520240784, -0.7906704545021057, -2.121767997741699], [0.8227041363716125, -0.16265210509300232, -0.5447036027908325, 0.5714737772941589], [-0.004746036138385534, -0.9601247906684875, 0.2795313000679016, -0.23058006167411804], [0.0, 0.0, 0.0, 1.0]]}, "finger1joint3": {"matrix": [[-0.6368741989135742, 0.10735524445772171, -0.7634565234184265, -2.2192447185516357], [0.7687211632728577, 0.1639682501554489, -0.6182087659835815, 0.5017474889755249], [0.058814674615859985, -0.9806064963340759, -0.18695345520973206, -0.642169713973999], [0.0, 0.0, 0.0, 1.0]]}, "Bone.001": {"matrix": [[0.07123035192489624, -0.9117408394813538, 0.4045422673225403, -0.9791247844696045], [0.9957162737846375, 0.0410262830555439, -0.08285914361476898, 0.5161222219467163], [0.05894923955202103, 0.4087114930152893, 0.9107577204704285, 0.03723633289337158], [0.0, 0.0, 0.0, 1.0]]}, "finger2joint1": {"matrix": [[-0.07166162133216858, -0.9743823409080505, 0.21317429840564728, -1.5570623874664307], [0.9512256979942322, -0.13105739653110504, -0.27927279472351074, 0.5421280860900879], [0.3000566363334656, 0.1827637404203415, 0.9362495541572571, 0.2963118851184845], [0.0, 0.0, 0.0, 1.0]]}, "finger2joint2": {"matrix": [[-0.17887504398822784, -0.4141154885292053, -0.8924749493598938, -2.40004825592041], [0.9571976065635681, 0.13654203712940216, -0.255203515291214, 0.4287439286708832], [0.22754418849945068, -0.8999246954917908, 0.3719664514064789, 0.4544297158718109], [0.0, 0.0, 0.0, 1.0]]}, "finger2joint3": {"matrix": [[-0.14472699165344238, 0.7984729409217834, -0.5843753218650818, -2.557253360748291], [0.9854903817176819, 0.1692458987236023, -0.012814742513000965, 0.4805775582790375], [0.08867095410823822, -0.5777510404586792, -0.8113821148872375, 0.11280357837677002], [0.0, 0.0, 0.0, 1.0]]}, "Bone.002": {"matrix": [[-0.591040849685669, -0.6526412963867188, 0.4740566611289978, -0.9791247844696045], [0.7434836030006409, -0.6687242984771729, 0.006311037577688694, 0.5161222219467163], [0.31289443373680115, 0.3561834692955017, 0.8804716467857361, 0.037236347794532776], [0.0, 0.0, 0.0, 1.0]]}, "finger3joint1": {"matrix": [[-0.7548224925994873, -0.579966127872467, 0.306401789188385, -1.2542197704315186], [0.6230325698852539, -0.7800115942955017, 0.05841458961367607, 0.23424822092056274], [0.20511853694915771, 0.2349909096956253, 0.9501081705093384, 0.18737126886844635], [0.0, 0.0, 0.0, 1.0]]}, "finger3joint2": {"matrix": [[-0.8483428359031677, -0.5219118595123291, -0.08900607377290726, -1.7629553079605103], [0.4891161322593689, -0.7082095742225647, -0.509121298789978, -0.4499635696411133], [0.2026815414428711, -0.4754438102245331, 0.8560802340507507, 0.3935009241104126], [0.0, 0.0, 0.0, 1.0]]}, "finger3joint3": {"matrix": [[-0.8461282849311829, -0.369907408952713, -0.3837122321128845, -2.1006741523742676], [0.5320183038711548, -0.5429728031158447, -0.6497206687927246, -0.9082319736480713], [0.03199118748307228, -0.7538892030715942, 0.6562222242355347, 0.08585061132907867], [0.0, 0.0, 0.0, 1.0]]}, "Bone.003": {"matrix": [[-0.4750707745552063, 0.388320654630661, 0.7896293997764587, -0.979124903678894], [0.1557726263999939, -0.8460742235183716, 0.5097972750663757, 0.5161222219467163], [0.8660499453544617, 0.3651925027370453, 0.3414555490016937, 0.037236347794532776], [0.0, 0.0, 0.0, 1.0]]}, "finger4joint1": {"matrix": [[-0.4863237738609314, -0.8419578075408936, 0.23365730047225952, -0.81268310546875], [0.8588863611221313, -0.5097864866256714, -0.04931201785802841, 0.15347835421562195], [0.16063407063484192, 0.17670340836048126, 0.9710676074028015, 0.19376492500305176], [0.0, 0.0, 0.0, 1.0]]}, "finger4joint2": {"matrix": [[-0.5008935928344727, -0.7801921367645264, -0.37470680475234985, -1.6490495204925537], [0.8458622694015503, -0.34954971075057983, -0.4029039740562439, -0.35292261838912964], [0.18336394429206848, -0.5187626481056213, 0.8350226283073425, 0.3692948818206787], [0.0, 0.0, 0.0, 1.0]]}, "finger4joint3": {"matrix": [[-0.4287705719470978, -0.595249593257904, -0.6795830130577087, -1.9744386672973633], [0.8777945637702942, -0.09662989526987076, -0.46918967366218567, -0.4987068772315979], [0.21361704170703888, -0.7977094054222107, 0.563939094543457, 0.15293824672698975], [0.0, 0.0, 0.0, 1.0]]}}