{"root": {"matrix": [[0.3100087344646454, -0.6037217974662781, 0.7344484925270081, -5.960464477539063e-08], [0.9457077980041504, 0.11648981273174286, -0.30342528223991394, 7.450580596923828e-09], [0.09762877225875854, 0.7886381149291992, 0.6070572733879089, 5.960464477539063e-08], [0.0, 0.0, 0.0, 1.0]]}, "carpals": {"matrix": [[-0.6519144773483276, -0.655688464641571, -0.3808935880661011, 0.027572572231292725], [0.7193892002105713, -0.6936072707176208, -0.03725405037403107, 2.2868285179138184], [-0.2397635281085968, -0.2982971966266632, 0.92386794090271, 0.9244675636291504], [0.0, 0.0, 0.0, 1.0]]}, "metacarpals": {"matrix": [[-0.8762815594673157, -0.4672529101371765, -0.11749516427516937, -0.611064076423645], [0.47780248522758484, -0.8741219639778137, -0.08726563304662704, 1.6112592220306396], [-0.06192999333143234, -0.13260871171951294, 0.9892317056655884, 0.6339278817176819], [0.0, 0.0, 0.0, 1.0]]}, "finger5joint1": {"matrix": [[-0.8065443634986877, -0.537513017654419, -0.24610094726085663, -0.6756198406219482], [0.5592262744903564, -0.5587078928947449, -0.6124632358551025, 1.0644850730895996], [0.19170847535133362, -0.6316049695014954, 0.7512142062187195, 0.16218090057373047], [0.0, 0.0, 0.0, 1.0]]}, "finger5joint2": {"matrix": [[-0.3728516697883606, -0.8689575791358948, 0.3254131078720093, -1.243380069732666], [-0.6190677285194397, -0.028278227895498276, -0.7848280072212219, 0.4743373692035675], [0.6911846399307251, -0.494077205657959, -0.5274001955986023, -0.5049659013748169], [0.0, 0.0, 0.0, 1.0]]}, "finger5joint3": {"matrix": [[-0.469692587852478, -0.8820239901542664, 0.03770840913057327, -1.84064519405365], [-0.5748530030250549, 0.2731436491012573, -0.7713209986686707, 0.45490071177482605], [0.6700240969657898, -0.3839605748653412, -0.6353278160095215, -0.8445624709129333], [0.0, 0.0, 0.0, 1.0]]}, "Bone": {"matrix": [[0.334534227848053, -0.9116981029510498, -0.2385229915380478, -1.3405754566192627], [0.941644549369812, 0.33340829610824585, 0.04630512371659279, 0.24651214480400085], [0.03730922192335129, -0.24009455740451813, 0.9700321555137634, 0.4268888533115387], [0.0, 0.0, 0.0, 1.0]]}, "finger1joint1": {"matrix": [[-0.21550127863883972, -0.9298990368843079, -0.2980717122554779, -2.0992794036865234], [0.9173848032951355, -0.08819665014743805, -0.3881058990955353, 0.5239704847335815], [0.3346104323863983, -0.35708382725715637, 0.8720818758010864, 0.22708511352539062], [0.0, 0.0, 0.0, 1.0]]}, "finger1joint2": {"matrix": [[-0.09587690234184265, 0.37138059735298157, -0.923517107963562, -2.62483811378479], [0.9935659170150757, 0.09189647436141968, -0.06619395315647125, 0.47412359714508057], [0.06028478220105171, -0.9239217042922974, -0.37780189514160156, 0.02526906132698059], [0.0, 0.0, 0.0, 1.0]]}, "finger1joint3": {"matrix": [[-0.2024713009595871, 0.7962035536766052, 0.5701448321342468, -2.4656333923339844], [0.9777103066444397, 0.13131585717201233, 0.1638248711824417, 0.5135181546211243], [0.05556885525584221, 0.5906063318252563, -0.8050441741943359, -0.3708009719848633], [0.0, 0.0, 0.0, 1.0]]}, "Bone.001": {"matrix": [[-0.02422988787293434, -0.993901252746582, 0.10757701843976974, -1.3405754566192627], [0.9973914623260498, -0.03135189041495323, -0.06501525640487671, 0.24651221930980682], [0.06799148768186569, 0.1057211384177208, 0.9920685291290283, 0.4268888533115387], [0.0, 0.0, 0.0, 1.0]]}, "finger2joint1": {"matrix": [[-0.808390200138092, -0.2824676036834717, -0.5164464712142944, -1.9705933332443237], [0.5848583579063416, -0.48479458689689636, -0.6503188014030457, 0.2266387790441513], [-0.06667646765708923, -0.8277595639228821, 0.5571069121360779, 0.4939037561416626], [0.0, 0.0, 0.0, 1.0]]}, "finger2joint2": {"matrix": [[-0.7794222235679626, -0.12692373991012573, -0.6135072112083435, -2.2149698734283447], [0.5962059497833252, -0.45109251141548157, -0.6641187071800232, -0.1927807629108429], [-0.19245614111423492, -0.8834056258201599, 0.42726433277130127, -0.22223156690597534], [0.0, 0.0, 0.0, 1.0]]}, "finger2joint3": {"matrix": [[-0.7308790683746338, 0.11771649122238159, -0.6722784042358398, -2.2631521224975586], [0.5974723100662231, -0.3657858669757843, -0.7136015295982361, -0.3640228509902954], [-0.3299126923084259, -0.9232243299484253, 0.1970129758119583, -0.5575869083404541], [0.0, 0.0, 0.0, 1.0]]}, "Bone.002": {"matrix": [[-0.7120665907859802, -0.6796243786811829, 0.1762714385986328, -1.3405754566192627], [0.6939367651939392, -0.7194350957870483, 0.029405131936073303, 0.24651220440864563], [0.10683143883943558, 0.14325971901416779, 0.9839022159576416, 0.4268888533115387], [0.0, 0.0, 0.0, 1.0]]}, "finger3joint1": {"matrix": [[-0.8066847324371338, -0.5804731845855713, 0.11095238476991653, -1.6270439624786377], [0.5892564058303833, -0.7756894826889038, 0.2260146290063858, -0.056736886501312256], [-0.04513083025813103, 0.24770201742649078, 0.9677844643592834, 0.48727428913116455], [0.0, 0.0, 0.0, 1.0]]}, "finger3joint2": {"matrix": [[-0.892011284828186, -0.2113593965768814, -0.3995533287525177, -2.1362245082855225], [0.44997236132621765, -0.4991205334663391, -0.7405426502227783, -0.7371573448181152], [-0.04290458559989929, -0.8403604626655579, 0.5403271913528442, 0.7045539021492004], [0.0, 0.0, 0.0, 1.0]]}, "finger3joint3": {"matrix": [[-0.8214895725250244, 0.15920868515968323, -0.5475465655326843, -2.2729909420013428], [0.5427714586257935, -0.07603037357330322, -0.8364319205284119, -1.0601284503936768], [-0.1747974008321762, -0.9843129515647888, -0.02395572140812874, 0.16077320277690887], [0.0, 0.0, 0.0, 1.0]]}, "Bone.003": {"matrix": [[-0.7300436496734619, 0.31748223304748535, 0.6051785349845886, -1.3405754566192627], [0.10904433578252792, -0.8200794458389282, 0.561764121055603, 0.24651220440864563], [0.6746446490287781, 0.4761037230491638, 0.5640742778778076, 0.4268888533115387], [0.0, 0.0, 0.0, 1.0]]}, "finger4joint1": {"matrix": [[-0.4227876365184784, -0.9059852361679077, -0.020997099578380585, -1.2044966220855713], [0.9062162637710571, -0.42278966307640076, -0.004550300072878599, -0.10498979687690735], [-0.004754833411425352, -0.020951727405190468, 0.9997690320014954, 0.6309561133384705], [0.0, 0.0, 0.0, 1.0]]}, "finger4joint2": {"matrix": [[-0.4437711536884308, -0.35323286056518555, -0.823585569858551, -2.1044652462005615], [0.8960294723510742, -0.16046805679798126, -0.41398149728775024, -0.5249716639518738], [0.014072714373469353, -0.9216703176498413, 0.3877183198928833, 0.6101435422897339], [0.0, 0.0, 0.0, 1.0]]}, "finger4joint3": {"matrix": [[-0.40077686309814453, 0.11276251822710037, -0.9092095494270325, -2.2517855167388916], [0.912227213382721, 0.14114896953105927, -0.3846011161804199, -0.5918969511985779], [0.08496544510126114, -0.9835453033447266, -0.15943428874015808, 0.22574907541275024], [0.0, 0.0, 0.0, 1.0]]}}