{"root": {"matrix": [[0.44538649916648865, -0.6424707770347595, 0.6235881447792053, -5.960464477539063e-08], [0.8895969986915588, 0.3962966501712799, -0.22708173096179962, 2.9802322387695312e-08], [-0.10123244673013687, 0.6558812856674194, 0.7480452656745911, 5.960464477539063e-08], [0.0, 0.0, 0.0, 1.0]]}, "carpals": {"matrix": [[-0.6219232678413391, -0.6219180226325989, -0.47584566473960876, 0.30826136469841003], [0.7524175047874451, -0.6429623365402222, -0.14306308329105377, 2.42523193359375], [-0.21697738766670227, -0.4470089375972748, 0.8678154349327087, 0.32895275950431824], [0.0, 0.0, 0.0, 1.0]]}, "metacarpals": {"matrix": [[-0.8215520977973938, -0.5157507061958313, 0.2430083155632019, -0.29748308658599854], [0.5019611120223999, -0.8564334511756897, -0.12065058201551437, 1.7989906072616577], [0.27034610509872437, 0.022860027849674225, 0.9624916911125183, -0.10643124580383301], [0.0, 0.0, 0.0, 1.0]]}, "finger5joint1": {"matrix": [[-0.6439052820205688, -0.7564549446105957, 0.11472386866807938, -0.5476177334785461], [0.6358715295791626, -0.6124833226203918, -0.4696075916290283, 1.2718050479888916], [0.42550352215766907, -0.22943320870399475, 0.875389575958252, -0.5367599725723267], [0.0, 0.0, 0.0, 1.0]]}, "finger5joint2": {"matrix": [[0.1655220091342926, -0.7460934519767761, 0.6449388861656189, -1.3466402292251587], [-0.46749237179756165, -0.6351758241653442, -0.6148187518119812, 0.6248558759689331], [0.8683622479438782, -0.1997380405664444, -0.45392879843711853, -0.7791039943695068], [0.0, 0.0, 0.0, 1.0]]}, "finger5joint3": {"matrix": [[0.059388600289821625, -0.8672746419906616, 0.4942741394042969, -1.8594564199447632], [-0.4901873469352722, -0.45667481422424316, -0.7424042224884033, 0.1882772594690323], [0.869591236114502, -0.1981966495513916, -0.45224854350090027, -0.9163908958435059], [0.0, 0.0, 0.0, 1.0]]}, "Bone": {"matrix": [[0.3602393567562103, -0.924006462097168, 0.12821650505065918, -1.1027131080627441], [0.9307875037193298, 0.36518412828445435, 0.01658138632774353, 0.46186017990112305], [-0.062143974006175995, 0.11336908489465714, 0.9916074872016907, -0.07074040174484253], [0.0, 0.0, 0.0, 1.0]]}, "finger1joint1": {"matrix": [[-0.3552621304988861, -0.7600082159042358, -0.5442206263542175, -1.8716599941253662], [0.7774646282196045, 0.08299621194601059, -0.6234260201454163, 0.7657619118690491], [0.5189772844314575, -0.6445921063423157, 0.561394214630127, 0.02360394597053528], [0.0, 0.0, 0.0, 1.0]]}, "finger1joint2": {"matrix": [[-0.15742936730384827, -0.1503000557422638, -0.9760254621505737, -2.3011999130249023], [0.9285387992858887, 0.313951700925827, -0.1981157809495926, 0.8126696348190308], [0.3362016975879669, -0.9374668598175049, 0.09013423323631287, -0.3407055735588074], [0.0, 0.0, 0.0, 1.0]]}, "finger1joint3": {"matrix": [[-0.24984441697597504, 0.5538558959960938, -0.7942425608634949, -2.365631103515625], [0.8915548324584961, 0.4515995681285858, 0.034462135285139084, 0.947255551815033], [0.3777667284011841, -0.6995006799697876, -0.606622576713562, -0.7425821423530579], [0.0, 0.0, 0.0, 1.0]]}, "Bone.001": {"matrix": [[0.03885000944137573, -0.8897974491119385, 0.4546986222267151, -1.1027131080627441], [0.9945000410079956, -0.009861365891993046, -0.10426926612854004, 0.46186020970344543], [0.09726246446371078, 0.45624879002571106, 0.8845206499099731, -0.07074040174484253], [0.0, 0.0, 0.0, 1.0]]}, "finger2joint1": {"matrix": [[-0.6368674039840698, -0.6348421573638916, 0.43746423721313477, -1.666741132736206], [0.7280831336975098, -0.6818586587905884, 0.07045076787471771, 0.4556092619895935], [0.25356370210647583, 0.36337825655937195, 0.8964716792106628, 0.21846827864646912], [0.0, 0.0, 0.0, 1.0]]}, "finger2joint2": {"matrix": [[-0.7293584942817688, -0.4433915913105011, -0.5209987759590149, -2.2159740924835205], [0.6537994146347046, -0.22749847173690796, -0.7216581106185913, -0.13430005311965942], [0.20145076513290405, -0.8669763803482056, 0.45581722259521484, 0.5328445434570312], [0.0, 0.0, 0.0, 1.0]]}, "finger2joint3": {"matrix": [[-0.7259112596511841, 0.4031030535697937, -0.5572794079780579, -2.3842928409576416], [0.6852407455444336, 0.4935423731803894, -0.5355936884880066, -0.2206621915102005], [0.05914158374071121, -0.7706643342971802, -0.6344907879829407, 0.20372609794139862], [0.0, 0.0, 0.0, 1.0]]}, "Bone.002": {"matrix": [[-0.5997348427772522, -0.608798086643219, 0.5193098187446594, -1.1027131080627441], [0.7074668407440186, -0.7066545486450195, -0.011395297944545746, 0.4618602395057678], [0.37391015887260437, 0.3605603873729706, 0.8545100092887878, -0.07074038684368134], [0.0, 0.0, 0.0, 1.0]]}, "finger3joint1": {"matrix": [[-0.7645936012268066, -0.45455798506736755, 0.45691731572151184, -1.3593275547027588], [0.58538419008255, -0.786401629447937, 0.19722510874271393, 0.1639983057975769], [0.2696703374385834, 0.4182692766189575, 0.8673688173294067, 0.08123943209648132], [0.0, 0.0, 0.0, 1.0]]}, "finger3joint2": {"matrix": [[-0.8439927101135254, -0.5356929302215576, -0.026628270745277405, -1.7580575942993164], [0.4455748200416565, -0.6726433634757996, -0.5907739400863647, -0.5258187651634216], [0.2985621690750122, -0.5104738473892212, 0.8063976168632507, 0.448137491941452], [0.0, 0.0, 0.0, 1.0]]}, "finger3joint3": {"matrix": [[-0.8530189990997314, -0.35812675952911377, -0.37960973381996155, -2.10469388961792], [0.5046471357345581, -0.3806551396846771, -0.7748759984970093, -0.9610729813575745], [0.13300344347953796, -0.852553129196167, 0.5054337382316589, 0.11781997978687286], [0.0, 0.0, 0.0, 1.0]]}, "Bone.003": {"matrix": [[-0.433963805437088, 0.43682876229286194, 0.7879440784454346, -1.1027131080627441], [0.10268743336200714, -0.8449071645736694, 0.524963915348053, 0.4618602395057678], [0.8950589895248413, 0.30872735381126404, 0.32180237770080566, -0.07074038684368134], [0.0, 0.0, 0.0, 1.0]]}, "finger4joint1": {"matrix": [[-0.47925126552581787, -0.7845009565353394, 0.39354291558265686, -0.9154797196388245], [0.8600439429283142, -0.5091961026191711, 0.03230154141783714, 0.09971660375595093], [0.1750500202178955, 0.3539448082447052, 0.9187384247779846, 0.06158614158630371], [0.0, 0.0, 0.0, 1.0]]}, "finger4joint2": {"matrix": [[-0.48941975831985474, -0.7716075778007507, -0.4063120186328888, -1.6947710514068604], [0.8486088514328003, -0.31411004066467285, -0.4256729185581207, -0.40609800815582275], [0.20082587003707886, -0.553132951259613, 0.8085249662399292, 0.413180410861969], [0.0, 0.0, 0.0, 1.0]]}, "finger4joint3": {"matrix": [[-0.4175889194011688, -0.4873945116996765, -0.7668542861938477, -2.0165796279907227], [0.8779184222221375, 0.0011641555465757847, -0.47880828380584717, -0.5371015667915344], [0.23426134884357452, -0.8731809854507446, 0.4274066090583801, 0.18248917162418365], [0.0, 0.0, 0.0, 1.0]]}}