{"root": {"matrix": [[0.398000031709671, -0.7709879279136658, 0.4971655607223511, -5.960464477539063e-08], [0.362583190202713, -0.3656119108200073, -0.8572405576705933, -2.9802322387695312e-08], [0.8426917791366577, 0.5214455723762512, 0.13403363525867462, 0.0], [0.0, 0.0, 0.0, 1.0]]}, "carpals": {"matrix": [[-0.7071871757507324, -0.5486294627189636, -0.44597283005714417, 0.08951663970947266], [0.6390777826309204, -0.2262014001607895, -0.7351274490356445, 0.5584819316864014], [0.302433043718338, -0.8048840165138245, 0.5105835795402527, 2.4010560512542725], [0.0, 0.0, 0.0, 1.0]]}, "metacarpals": {"matrix": [[-0.8583623170852661, -0.5115699768066406, 0.03885868936777115, -0.44484513998031616], [0.20771034061908722, -0.41577377915382385, -0.8854312300682068, 0.3381630778312683], [0.4691166281700134, -0.7519494295120239, 0.4631428122520447, 1.6171038150787354], [0.0, 0.0, 0.0, 1.0]]}, "finger5joint1": {"matrix": [[-0.797489583492279, -0.5813266634941101, -0.16146008670330048, -0.602154552936554], [0.00865049660205841, 0.25656911730766296, -0.9664871096611023, 0.42868539690971375], [0.6032705307006836, -0.772159993648529, -0.1995825618505478, 0.9151535630226135], [0.0, 0.0, 0.0, 1.0]]}, "finger5joint2": {"matrix": [[-0.29069527983665466, -0.8787751197814941, 0.3784835934638977, -1.2161937952041626], [-0.9257115125656128, 0.3583453893661499, 0.12102251499891281, 0.6996922492980957], [-0.24197953939437866, -0.31518566608428955, -0.9176618456840515, 0.09954235702753067], [0.0, 0.0, 0.0, 1.0]]}, "finger5joint3": {"matrix": [[-0.39185842871665955, -0.9000040888786316, 0.19088995456695557, -1.820206642150879], [-0.8934679627418518, 0.4217577576637268, 0.15438590943813324, 0.945995569229126], [-0.21945732831954956, -0.1100563183426857, -0.9693943858146667, -0.11709580570459366], [0.0, 0.0, 0.0, 1.0]]}, "Bone": {"matrix": [[0.36770346760749817, -0.9265713095664978, -0.07911715656518936, -1.2435479164123535], [0.5162423849105835, 0.274148553609848, -0.8113791942596436, -0.31097519397735596], [0.7734905481338501, 0.2575035095214844, 0.5791406631469727, 0.4431019723415375], [0.0, 0.0, 0.0, 1.0]]}, "finger1joint1": {"matrix": [[-0.7807838320732117, -0.5928875803947449, -0.19713105261325836, -2.0146291255950928], [0.23903509974479675, 0.008054058998823166, -0.9709774255752563, -0.08283215016126633], [0.5772683620452881, -0.8052446246147156, 0.1354324221611023, 0.657393217086792], [0.0, 0.0, 0.0, 1.0]]}, "finger1joint2": {"matrix": [[-0.6716769933700562, 0.06275268644094467, -0.7381815314292908, -2.3497164249420166], [0.5230972170829773, 0.7457563281059265, -0.41257336735725403, -0.07828018069267273], [0.5246135592460632, -0.6632566452026367, -0.5337330102920532, 0.20228642225265503], [0.0, 0.0, 0.0, 1.0]]}, "finger1joint3": {"matrix": [[-0.7448292970657349, 0.39688605070114136, -0.5363866686820984, -2.322815418243408], [0.4509117305278778, 0.8919274806976318, 0.033821649849414825, 0.24141332507133484], [0.49184155464172363, -0.2166716456413269, -0.8432941436767578, -0.08204080164432526], [0.0, 0.0, 0.0, 1.0]]}, "Bone.001": {"matrix": [[0.02050265111029148, -0.9648162722587585, 0.2621237635612488, -1.2435479164123535], [0.4790436923503876, -0.22064374387264252, -0.8496077060699463, -0.31097519397735596], [0.8775513768196106, 0.14298804104328156, 0.4576652944087982, 0.44310203194618225], [0.0, 0.0, 0.0, 1.0]]}, "finger2joint1": {"matrix": [[-0.6931569576263428, -0.7175701260566711, -0.06801558285951614, -1.8551290035247803], [0.28076043725013733, -0.18188337981700897, -0.942386269569397, -0.4508376121520996], [0.6638574600219727, -0.6723176836967468, 0.32753899693489075, 0.5337398648262024], [0.0, 0.0, 0.0, 1.0]]}, "finger2joint2": {"matrix": [[-0.7459440231323242, -0.10225978493690491, -0.658111035823822, -2.4759342670440674], [0.34904414415359497, 0.781542956829071, -0.5170674324035645, -0.6081938743591309], [0.5672174096107483, -0.6154130101203918, -0.547294020652771, -0.047915101051330566], [0.0, 0.0, 0.0, 1.0]]}, "finger2joint3": {"matrix": [[-0.6909422278404236, 0.6798877120018005, -0.24566464126110077, -2.514753818511963], [0.48117753863334656, 0.6861424446105957, 0.5455973744392395, -0.31150734424591064], [0.5395060777664185, 0.2587679326534271, -0.8012314438819885, -0.2815359830856323], [0.0, 0.0, 0.0, 1.0]]}, "Bone.002": {"matrix": [[-0.662161111831665, -0.6719130873680115, 0.33177581429481506, -1.2435479164123535], [0.2028251588344574, -0.586918830871582, -0.7838292121887207, -0.3109751343727112], [0.7213907241821289, -0.4517286717891693, 0.5249155759811401, 0.44310203194618225], [0.0, 0.0, 0.0, 1.0]]}, "finger3joint1": {"matrix": [[-0.8022757768630981, -0.5768166780471802, 0.1537400186061859, -1.526766061782837], [0.2458086907863617, -0.5539045333862305, -0.7954670786857605, -0.5583673119544983], [0.5439962148666382, -0.6003932356834412, 0.5861705541610718, 0.25269392132759094], [0.0, 0.0, 0.0, 1.0]]}, "finger3joint2": {"matrix": [[-0.8887428045272827, -0.33985525369644165, -0.3076271414756775, -2.03273868560791], [0.1858026534318924, 0.34641602635383606, -0.9194962978363037, -1.0442421436309814], [0.41906285285949707, -0.8743534088134766, -0.24472877383232117, -0.2739599347114563], [0.0, 0.0, 0.0, 1.0]]}, "finger3joint3": {"matrix": [[-0.8401055932044983, 0.13810735940933228, -0.5245461463928223, -2.252652645111084], [0.3547379672527313, 0.871461808681488, -0.3386964797973633, -0.8200832009315491], [0.41034573316574097, -0.4706172049045563, -0.7811117768287659, -0.8397368788719177], [0.0, 0.0, 0.0, 1.0]]}, "Bone.003": {"matrix": [[-0.6090524792671204, 0.3615468442440033, 0.7059311270713806, -1.2435479164123535], [-0.588421106338501, -0.8027725219726562, -0.09652440249919891, -0.31097519397735596], [0.5318039655685425, -0.47417330741882324, 0.7016722559928894, 0.44310203194618225], [0.0, 0.0, 0.0, 1.0]]}, "finger4joint1": {"matrix": [[-0.7614919543266296, -0.6406069397926331, 0.09875412285327911, -1.0885820388793945], [0.2838073670864105, -0.4665077328681946, -0.837749183177948, -0.6550590991973877], [0.5827377438545227, -0.609912097454071, 0.5370508432388306, 0.2398621141910553], [0.0, 0.0, 0.0, 1.0]]}, "finger4joint2": {"matrix": [[-0.7739275097846985, -0.6170486807823181, -0.14243078231811523, -1.724934697151184], [0.25680893659591675, -0.100218266248703, -0.9612519145011902, -1.1184687614440918], [0.5788652896881104, -0.7805168032646179, 0.23602531850337982, -0.36599960923194885], [0.0, 0.0, 0.0, 1.0]]}, "finger4joint3": {"matrix": [[-0.7177895307540894, -0.6093912720680237, -0.3367786705493927, -1.9822828769683838], [0.27828511595726013, 0.19228535890579224, -0.9410544633865356, -1.1602660417556763], [0.638228178024292, -0.769199550151825, 0.03156412020325661, -0.6915241479873657], [0.0, 0.0, 0.0, 1.0]]}}