{"root": {"matrix": [[0.4064951241016388, -0.832283616065979, 0.3769160807132721, 0.0], [0.4283435642719269, -0.19078794121742249, -0.8832449913024902, -1.4901161193847656e-08], [0.8070213794708252, 0.5204843878746033, 0.27894890308380127, 0.0], [0.0, 0.0, 0.0, 1.0]]}, "carpals": {"matrix": [[-0.5303337574005127, -0.4947926700115204, -0.6884228587150574, 0.062250107526779175], [0.847131609916687, -0.27730926871299744, -0.45328521728515625, 0.881241500377655], [0.03337632119655609, -0.8235772252082825, 0.5662209987640381, 2.3031551837921143], [0.0, 0.0, 0.0, 1.0]]}, "metacarpals": {"matrix": [[-0.724222719669342, -0.5482556819915771, -0.41823065280914307, -0.41967499256134033], [0.6701593995094299, -0.41672757267951965, -0.6141859889030457, 0.611143946647644], [0.16244284808635712, -0.7250885963439941, 0.6692222356796265, 1.5009958744049072], [0.0, 0.0, 0.0, 1.0]]}, "finger5joint1": {"matrix": [[-0.6275638341903687, -0.7071167230606079, -0.3258056342601776, -0.4334248900413513], [0.7301902174949646, -0.389351487159729, -0.5614513158798218, 0.5083964467048645], [0.27015888690948486, -0.5902465581893921, 0.7606725692749023, 0.7834106683731079], [0.0, 0.0, 0.0, 1.0]]}, "finger5joint2": {"matrix": [[-0.1732606738805771, -0.9380435943603516, 0.30009040236473083, -1.1803327798843384], [-0.5463784337043762, -0.1619616150856018, -0.8217291831970215, 0.09713529050350189], [0.8194209933280945, -0.30633607506752014, -0.48446547985076904, 0.15994960069656372], [0.0, 0.0, 0.0, 1.0]]}, "finger5joint3": {"matrix": [[-0.27633270621299744, -0.9568595886230469, 0.0897734984755516, -1.8250830173492432], [-0.5130403637886047, 0.06788132339715958, -0.855675995349884, -0.014186610467731953], [0.8126679062843323, -0.2825084924697876, -0.5096656084060669, -0.05060592293739319], [0.0, 0.0, 0.0, 1.0]]}, "Bone": {"matrix": [[0.4631923735141754, -0.7292489409446716, -0.5036353468894958, -1.2756543159484863], [0.5656729340553284, 0.6807289123535156, -0.46542683243751526, -0.039483487606048584], [0.6822511553764343, -0.06931057572364807, 0.727824866771698, 0.3689313530921936], [0.0, 0.0, 0.0, 1.0]]}, "finger1joint1": {"matrix": [[-0.3523997962474823, -0.9291354417800903, 0.11189942806959152, -1.882526159286499], [0.7790692448616028, -0.35750812292099, -0.515013575553894, 0.5270106792449951], [0.5185223817825317, -0.09431317448616028, 0.8498465418815613, 0.3112519383430481], [0.0, 0.0, 0.0, 1.0]]}, "finger1joint2": {"matrix": [[-0.35108160972595215, -0.21344180405139923, -0.9116929769515991, -2.407653331756592], [0.9058700799942017, 0.16896188259124756, -0.3883958160877228, 0.3249548375606537], [0.23694132268428802, -0.9622339010238647, 0.13403122127056122, 0.2579481601715088], [0.0, 0.0, 0.0, 1.0]]}, "finger1joint3": {"matrix": [[-0.43353837728500366, 0.889940083026886, -0.14160148799419403, -2.499152421951294], [0.8550670742988586, 0.4558635354042053, 0.2470807135105133, 0.39738601446151733], [0.28443804383277893, -0.013959880918264389, -0.9585925936698914, -0.15454569458961487], [0.0, 0.0, 0.0, 1.0]]}, "Bone.001": {"matrix": [[0.1263497918844223, -0.9708372354507446, -0.20374107360839844, -1.2756543159484863], [0.7035349011421204, 0.2324948012828827, -0.671553909778595, -0.03948352485895157], [0.6993383169174194, -0.0584881454706192, 0.712393581867218, 0.3689313530921936], [0.0, 0.0, 0.0, 1.0]]}, "finger2joint1": {"matrix": [[-0.48266223073005676, -0.33021247386932373, -0.8111698627471924, -1.89105224609375], [0.5789987444877625, 0.5746121406555176, -0.5784299373626709, 0.10789108276367188], [0.6571129560470581, -0.748852550983429, -0.08615090698003769, 0.3318566381931305], [0.0, 0.0, 0.0, 1.0]]}, "finger2joint2": {"matrix": [[-0.4335099756717682, -0.13379931449890137, -0.891160249710083, -2.1767349243164062], [0.6795558929443359, 0.600942075252533, -0.4207995533943176, 0.6050162315368652], [0.591838538646698, -0.7880138754844666, -0.16959017515182495, -0.3160124123096466], [0.0, 0.0, 0.0, 1.0]]}, "finger2joint3": {"matrix": [[-0.3646220564842224, 0.12748970091342926, -0.9223864674568176, -2.227527618408203], [0.7788609266281128, 0.5846461057662964, -0.22707778215408325, 0.8331437110900879], [0.5103197693824768, -0.8012083172798157, -0.31247153878211975, -0.6151553392410278], [0.0, 0.0, 0.0, 1.0]]}, "Bone.002": {"matrix": [[-0.5831745266914368, -0.8033251762390137, -0.1207304522395134, -1.2756543159484863], [0.6768601536750793, -0.3983350992202759, -0.6190230250358582, -0.03948351740837097], [0.4491857588291168, -0.44271597266197205, 0.7760376334190369, 0.3689313232898712], [0.0, 0.0, 0.0, 1.0]]}, "finger3joint1": {"matrix": [[-0.6665500998497009, -0.7360315322875977, -0.11818794161081314, -1.6142640113830566], [0.7068424820899963, -0.5736591219902039, -0.4138708710670471, -0.20738571882247925], [0.23682263493537903, -0.3594057857990265, 0.9026307463645935, 0.18232209980487823], [0.0, 0.0, 0.0, 1.0]]}, "finger3joint2": {"matrix": [[-0.7694546580314636, -0.1757969856262207, -0.6140315532684326, -2.259897232055664], [0.6227580308914185, 0.006963862106204033, -0.7823836207389832, -0.7105889320373535], [0.14181695878505707, -0.9844015836715698, 0.10412067919969559, -0.13294202089309692], [0.0, 0.0, 0.0, 1.0]]}, "finger3joint3": {"matrix": [[-0.6629993915557861, 0.5095352530479431, -0.5484572649002075, -2.3736517429351807], [0.7450256943702698, 0.5207974910736084, -0.4167814552783966, -0.706082820892334], [0.07327056676149368, -0.6849406361579895, -0.7249051332473755, -0.7699289321899414], [0.0, 0.0, 0.0, 1.0]]}, "Bone.003": {"matrix": [[-0.8675012588500977, 0.018233640119433403, 0.49710044264793396, -1.2756541967391968], [-0.08624854683876038, -0.9897054433822632, -0.11421199142932892, -0.03948351740837097], [0.4899006187915802, -0.14195330440998077, 0.86014324426651, 0.3689313232898712], [0.0, 0.0, 0.0, 1.0]]}, "finger4joint1": {"matrix": [[-0.7078695297241211, -0.6350733637809753, -0.309195876121521, -1.267838954925537], [0.684325098991394, -0.508163571357727, -0.5229424834251404, -0.46369045972824097], [0.17498497664928436, -0.5817655324935913, 0.7943102121353149, 0.30808737874031067], [0.0, 0.0, 0.0, 1.0]]}, "finger4joint2": {"matrix": [[-0.7280799746513367, -0.4510752856731415, -0.5161686539649963, -1.8986947536468506], [0.6622707843780518, -0.26854196190834045, -0.6994872689247131, -0.9684793949127197], [0.1769086867570877, -0.8511261343955994, 0.49425414204597473, -0.2698146402835846], [0.0, 0.0, 0.0, 1.0]]}, "finger4joint3": {"matrix": [[-0.6804350018501282, -0.3425678610801697, -0.6478077173233032, -2.0868215560913086], [0.6924629211425781, -0.011297779157757759, -0.7213648557662964, -1.0804781913757324], [0.23979784548282623, -0.9394248127937317, 0.244903102517128, -0.6247878074645996], [0.0, 0.0, 0.0, 1.0]]}}