{"root": {"matrix": [[0.3806880712509155, -0.7418758869171143, 0.5519934296607971, -5.960464477539063e-08], [0.8992335200309753, 0.1578691303730011, -0.4079906642436981, 0.0], [0.21553578972816467, 0.6516882181167603, 0.7272185683250427, 0.0], [0.0, 0.0, 0.0, 1.0]]}, "carpals": {"matrix": [[-0.5257778167724609, -0.7643548250198364, -0.37325477600097656, 0.07269728183746338], [0.8409836888313293, -0.5329707264900208, -0.09321162104606628, 2.2339868545532227], [-0.12768714129924774, -0.362909734249115, 0.9230342507362366, 1.043553113937378], [0.0, 0.0, 0.0, 1.0]]}, "metacarpals": {"matrix": [[-0.9490240216255188, -0.31518566608428955, -0.0033360167872160673, -0.6717796325683594], [0.29560065269470215, -0.8862792253494263, -0.35655179619789124, 1.714876651763916], [0.10942342132329941, -0.3393622934818268, 0.9342694878578186, 0.6900811195373535], [0.0, 0.0, 0.0, 1.0]]}, "finger5joint1": {"matrix": [[-0.865348756313324, -0.49883759021759033, 0.04829327017068863, -0.6837530732154846], [0.46125033497810364, -0.8304020166397095, -0.3125387132167816, 1.3039103746414185], [0.19600895047187805, -0.24817964434623718, 0.9486764669418335, 0.09288930892944336], [0.0, 0.0, 0.0, 1.0]]}, "finger5joint2": {"matrix": [[0.1505700647830963, -0.8890051245689392, 0.43243250250816345, -1.2106612920761108], [-0.23959827423095703, -0.45719394087791443, -0.856484591960907, 0.42677968740463257], [0.9591250419616699, 0.02535102888941765, -0.281843900680542, -0.16925597190856934], [0.0, 0.0, 0.0, 1.0]]}, "finger5joint3": {"matrix": [[0.0428825318813324, -0.9652537703514099, 0.2577705979347229, -1.82170569896698], [-0.23371538519859314, -0.2605406641960144, -0.936747133731842, 0.11253426223993301], [0.9713586568832397, -0.02007472515106201, -0.23676733672618866, -0.15183132886886597], [0.0, 0.0, 0.0, 1.0]]}, "Bone": {"matrix": [[0.1639527678489685, -0.9753857851028442, -0.1474512219429016, -1.1638720035552979], [0.9482423663139343, 0.19703590869903564, -0.2490241527557373, 0.3311486840248108], [0.2719477713108063, -0.098991259932518, 0.9572067856788635, 0.16024237871170044], [0.0, 0.0, 0.0, 1.0]]}, "finger1joint1": {"matrix": [[-0.6710858941078186, -0.4771689474582672, -0.5674092769622803, -1.9755759239196777], [0.5218666195869446, 0.23957383632659912, -0.8186936378479004, 0.49511951208114624], [0.5265916585922241, -0.845525860786438, 0.0882440134882927, 0.07786306738853455], [0.0, 0.0, 0.0, 1.0]]}, "finger1joint2": {"matrix": [[-0.45679032802581787, -0.06511189043521881, -0.887188196182251, -2.2452616691589355], [0.7414478063583374, 0.5231912136077881, -0.42014986276626587, 0.6305214762687683], [0.49152588844299316, -0.8497242331504822, -0.19071157276630402, -0.4000098407268524], [0.0, 0.0, 0.0, 1.0]]}, "finger1joint3": {"matrix": [[-0.5415921807289124, 0.29537317156791687, -0.7870402932167053, -2.2731740474700928], [0.6753899455070496, 0.710334300994873, -0.19817538559436798, 0.8548049926757812], [0.5005261301994324, -0.6388893723487854, -0.5842035412788391, -0.7642726898193359], [0.0, 0.0, 0.0, 1.0]]}, "Bone.001": {"matrix": [[-0.19429492950439453, -0.9574506282806396, 0.21339502930641174, -1.1638720035552979], [0.9225913882255554, -0.2522708773612976, -0.29186341166496277, 0.3311486840248108], [0.3332781493663788, 0.1401689201593399, 0.9323508143424988, 0.16024237871170044], [0.0, 0.0, 0.0, 1.0]]}, "finger2joint1": {"matrix": [[-0.9020328521728516, -0.37513062357902527, 0.21357272565364838, -1.7707842588424683], [0.4115481972694397, -0.8966426253318787, 0.1632782220840454, 0.17123830318450928], [0.1302478015422821, 0.2351779192686081, 0.9631856083869934, 0.249093160033226], [0.0, 0.0, 0.0, 1.0]]}, "finger2joint2": {"matrix": [[-0.9481216073036194, -0.3056690990924835, -0.08735917508602142, -2.0953283309936523], [0.31191980838775635, -0.8413679003715515, -0.441368043422699, -0.604491114616394], [0.061411429196596146, -0.4457195997238159, 0.893063485622406, 0.45255711674690247], [0.0, 0.0, 0.0, 1.0]]}, "finger2joint3": {"matrix": [[-0.9653002619743347, -0.02073095180094242, -0.2603176236152649, -2.211365222930908], [0.25154009461402893, -0.34163907170295715, -0.9055439829826355, -0.9238882064819336], [-0.0701618418097496, -0.9396023750305176, 0.33499911427497864, 0.28335464000701904], [0.0, 0.0, 0.0, 1.0]]}, "Bone.002": {"matrix": [[-0.8101919293403625, -0.5238015651702881, 0.26309826970100403, -1.1638720035552979], [0.4898626506328583, -0.8515430688858032, -0.18683916330337524, 0.33114874362945557], [0.3219062089920044, -0.02249346673488617, 0.9465042352676392, 0.16024237871170044], [0.0, 0.0, 0.0, 1.0]]}, "finger3joint1": {"matrix": [[-0.6683011054992676, -0.7438352704048157, 0.009090454317629337, -1.3846596479415894], [0.6849862933158875, -0.6201015710830688, -0.3824496567249298, -0.02778524160385132], [0.2901166081428528, -0.24936456978321075, 0.9239315390586853, 0.15076115727424622], [0.0, 0.0, 0.0, 1.0]]}, "finger3joint2": {"matrix": [[-0.7773537039756775, -0.31450000405311584, -0.5448034405708313, -2.0371382236480713], [0.5926309823989868, -0.07567443698644638, -0.8019113540649414, -0.57172691822052], [0.21097350120544434, -0.9462361335754395, 0.24520842730998993, -0.06797689199447632], [0.0, 0.0, 0.0, 1.0]]}, "finger3joint3": {"matrix": [[-0.689299464225769, 0.10146323591470718, -0.7173362374305725, -2.240644931793213], [0.7145491242408752, 0.2585669457912445, -0.6500480771064758, -0.6206942796707153], [0.11952348798513412, -0.9606499671936035, -0.2507304251194, -0.6802675724029541], [0.0, 0.0, 0.0, 1.0]]}, "Bone.003": {"matrix": [[-0.668662965297699, 0.5028952360153198, 0.5477098226547241, -1.1638720035552979], [-0.21154777705669403, -0.8348225355148315, 0.5082507133483887, 0.3311487138271332], [0.7128374576568604, 0.22398169338703156, 0.6646013259887695, 0.16024237871170044], [0.0, 0.0, 0.0, 1.0]]}, "finger4joint1": {"matrix": [[-0.4377644956111908, -0.8530548214912415, 0.28400588035583496, -0.9483212232589722], [0.8840820789337158, -0.4658912420272827, -0.036658529192209244, -0.026672452688217163], [0.16358764469623566, 0.23503684997558594, 0.9581212997436523, 0.25624528527259827], [0.0, 0.0, 0.0, 1.0]]}, "finger4joint2": {"matrix": [[-0.4516383111476898, -0.7110055088996887, -0.5389744639396667, -1.7957110404968262], [0.8722972869873047, -0.22499868273735046, -0.434134304523468, -0.4894696772098541], [0.18740339577198029, -0.6662178635597229, 0.7218264937400818, 0.48972126841545105], [0.0, 0.0, 0.0, 1.0]]}, "finger4joint3": {"matrix": [[-0.3830392062664032, -0.29454946517944336, -0.875511884689331, -2.092244863510132], [0.8942386507987976, 0.1193486675620079, -0.4313845932483673, -0.5833083391189575], [0.23155532777309418, -0.948154091835022, 0.21768246591091156, 0.21186651289463043], [0.0, 0.0, 0.0, 1.0]]}}