{"root": {"matrix": [[0.6742657423019409, -0.6766706109046936, -0.29577457904815674, 0.0], [-0.7377163767814636, -0.635490894317627, -0.22787246108055115, 0.0], [-0.03376752510666847, 0.3718442916870117, -0.9276807308197021, 2.9802322387695312e-08], [0.0, 0.0, 0.0, 1.0]]}, "carpals": {"matrix": [[-0.16178706288337708, -0.7627294659614563, -0.6261537075042725, 0.8957509994506836], [0.38537344336509705, 0.5352962613105774, -0.7516281604766846, -2.2647361755371094], [0.9084668159484863, -0.36290687322616577, 0.20733168721199036, 0.39189860224723816], [0.0, 0.0, 0.0, 1.0]]}, "metacarpals": {"matrix": [[-0.24252378940582275, -0.925879180431366, -0.2897062301635742, 0.15285706520080566], [0.2673889398574829, 0.22326116263866425, -0.9373672008514404, -1.743360996246338], [0.9325690865516663, -0.3047982156276703, 0.19342373311519623, 0.03842949867248535], [0.0, 0.0, 0.0, 1.0]]}, "finger5joint1": {"matrix": [[-0.3587706387042999, -0.9084808826446533, -0.21434974670410156, -0.2137833833694458], [0.2811775207519531, 0.11378614604473114, -0.9528859257698059, -1.2772678136825562], [0.8900688886642456, -0.40213802456855774, 0.21462132036685944, -0.3787115812301636], [0.0, 0.0, 0.0, 1.0]]}, "finger5joint2": {"matrix": [[-0.06803660839796066, -0.9713605046272278, 0.22765988111495972, -1.173386573791504], [-0.9744982719421387, 0.01579499989748001, -0.2238372564315796, -1.157078742980957], [0.2138308733701706, -0.23708350956439972, -0.947664201259613, -0.8034788370132446], [0.0, 0.0, 0.0, 1.0]]}, "finger5joint3": {"matrix": [[-0.17085117101669312, -0.9849282503128052, 0.026933997869491577, -1.8410367965698242], [-0.9549602270126343, 0.15879787504673004, -0.250666081905365, -1.1462223529815674], [0.24261115491390228, -0.06854763627052307, -0.9676986336708069, -0.9664347171783447], [0.0, 0.0, 0.0, 1.0]]}, "Bone": {"matrix": [[0.898449718952179, -0.34385040402412415, -0.2730471193790436, -1.2926973104476929], [-0.09919537603855133, 0.4468342363834381, -0.8891001343727112, -1.3947882652282715], [0.4277243912220001, 0.8258969783782959, 0.367349773645401, -0.43744513392448425], [0.0, 0.0, 0.0, 1.0]]}, "finger1joint1": {"matrix": [[-0.12819397449493408, -0.7569612264633179, -0.6407617926597595, -1.578845500946045], [0.21458008885383606, 0.6096179485321045, -0.7630996108055115, -1.0229384899139404], [0.968256950378418, -0.2353195697069168, 0.08427944779396057, 0.2498561441898346], [0.0, 0.0, 0.0, 1.0]]}, "finger1joint2": {"matrix": [[0.088142991065979, -0.43479418754577637, -0.8962056636810303, -2.0066633224487305], [0.42448690533638, 0.8303199410438538, -0.36108097434043884, -0.6783955693244934], [0.9011335372924805, -0.3486008644104004, 0.25775131583213806, 0.11685860902070999], [0.0, 0.0, 0.0, 1.0]]}, "finger1joint3": {"matrix": [[0.012820039875805378, -0.003322297241538763, -0.9999121427536011, -2.1930525302886963], [0.3549875319004059, 0.9348698258399963, 0.001445088884793222, -0.32245105504989624], [0.9347831606864929, -0.3549748957157135, 0.013164401054382324, -0.03258085250854492], [0.0, 0.0, 0.0, 1.0]]}, "Bone.001": {"matrix": [[0.6902870535850525, -0.7132998108863831, -0.12127205729484558, -1.2926974296569824], [-0.04628534987568855, 0.12373325973749161, -0.9912352561950684, -1.394788384437561], [0.7220534682273865, 0.6898500919342041, 0.05239615589380264, -0.43744516372680664], [0.0, 0.0, 0.0, 1.0]]}, "finger2joint1": {"matrix": [[-0.11878587305545807, -0.9562878608703613, 0.26721370220184326, -1.7448464632034302], [0.25807300209999084, -0.289605051279068, -0.9216977953910828, -1.3163559436798096], [0.9587950110435486, -0.04052409529685974, 0.28119316697120667, -0.00016046315431594849], [0.0, 0.0, 0.0, 1.0]]}, "finger2joint2": {"matrix": [[-0.22896133363246918, -0.2575681209564209, -0.9387412071228027, -2.5721778869628906], [0.31489384174346924, 0.8929101228713989, -0.32179662585258484, -1.5669074058532715], [0.9210963249206543, -0.36928290128707886, -0.1233353242278099, -0.03521983325481415], [0.0, 0.0, 0.0, 1.0]]}, "finger2joint3": {"matrix": [[-0.17219147086143494, 0.9522684812545776, -0.2520604133605957, -2.669954776763916], [0.4427156150341034, 0.3033953607082367, 0.8437735438346863, -1.227944016456604], [0.8799731135368347, 0.03369954600930214, -0.4738263785839081, -0.17540569603443146], [0.0, 0.0, 0.0, 1.0]]}, "Bone.002": {"matrix": [[-0.0007589563028886914, -0.9999842643737793, -0.005538063123822212, -1.2926973104476929], [0.06870087236166, 0.005472736433148384, -0.9976221919059753, -1.394788384437561], [0.9976369738578796, -0.001137708779424429, 0.06869566440582275, -0.43744513392448425], [0.0, 0.0, 0.0, 1.0]]}, "finger3joint1": {"matrix": [[-0.131492480635643, -0.7510978579521179, -0.6469632983207703, -1.714200735092163], [0.23049354553222656, 0.6115785837173462, -0.7568646669387817, -1.3924815654754639], [0.9641486406326294, -0.24864301085472107, 0.09270516782999039, -0.43792468309402466], [0.0, 0.0, 0.0, 1.0]]}, "finger3joint2": {"matrix": [[-0.22340582311153412, 0.03159608319401741, -0.974213182926178, -2.373049736022949], [0.3534833788871765, 0.9340620636940002, -0.05076677352190018, -0.8560160398483276], [0.9083717465400696, -0.35570985078811646, -0.2198437750339508, -0.6560298204421997], [0.0, 0.0, 0.0, 1.0]]}, "finger3joint3": {"matrix": [[-0.05454983189702034, 0.48656660318374634, -0.8719386458396912, -2.352604866027832], [0.40288764238357544, 0.8097257018089294, 0.42664456367492676, -0.2516029179096222], [0.9136223793029785, -0.32801997661590576, -0.24020223319530487, -0.8862025737762451], [0.0, 0.0, 0.0, 1.0]]}, "Bone.003": {"matrix": [[-0.517834484577179, -0.4446306824684143, 0.7308562397956848, -1.2926974296569824], [-0.48834657669067383, -0.547810435295105, -0.6792799234390259, -1.3947882652282715], [0.7023993730545044, -0.7086658477783203, 0.06654134392738342, -0.43744516372680664], [0.0, 0.0, 0.0, 1.0]]}, "finger4joint1": {"matrix": [[0.5900288224220276, -0.7685200572013855, -0.2474721521139145, -1.4832746982574463], [-0.004225884564220905, 0.3035679757595062, -0.9528002142906189, -1.6295905113220215], [0.8073710203170776, 0.5632254481315613, 0.1758662313222885, -0.7411930561065674], [0.0, 0.0, 0.0, 1.0]]}, "finger4joint2": {"matrix": [[0.5673680901527405, -0.1265224665403366, -0.8136860132217407, -2.2466909885406494], [-0.01566396653652191, 0.9862886071205139, -0.16428327560424805, -1.3280385732650757], [0.8233151435852051, 0.105954609811306, 0.5576069951057434, -0.18170800805091858], [0.0, 0.0, 0.0, 1.0]]}, "finger4joint3": {"matrix": [[0.5877639055252075, 0.234242781996727, -0.774379312992096, -2.2994587421417236], [-0.09519103169441223, 0.9705420136451721, 0.22132885456085205, -0.916694164276123], [0.8034126162528992, -0.05637521296739578, 0.5927475690841675, -0.1375182718038559], [0.0, 0.0, 0.0, 1.0]]}}