{"root": {"matrix": [[0.2938437759876251, -0.9499121308326721, -0.10640864819288254, 0.0], [-0.49920591711997986, -0.05757478252053261, -0.8645684719085693, 0.0], [0.8151375651359558, 0.3071678578853607, -0.4911198019981384, 2.9802322387695312e-08], [0.0, 0.0, 0.0, 1.0]]}, "carpals": {"matrix": [[0.12943144142627716, -0.4829401969909668, -0.8660346865653992, -0.2533063292503357], [0.9607024788856506, 0.2773580849170685, -0.011087684892117977, -1.088096022605896], [0.24555665254592896, -0.8305666446685791, 0.4998607933521271, 2.1992878913879395], [0.0, 0.0, 0.0, 1.0]]}, "metacarpals": {"matrix": [[0.24700000882148743, -0.8248340487480164, -0.5085662007331848, -0.7236872911453247], [0.9610030055046082, 0.27586132287979126, 0.01932467333972454, -0.8179509043693542], [0.12435433268547058, -0.49350684881210327, 0.860805869102478, 1.390321135520935], [0.0, 0.0, 0.0, 1.0]]}, "finger5joint1": {"matrix": [[-0.18723152577877045, -0.5897009968757629, -0.785618782043457, -1.028527021408081], [0.9747653603553772, -0.21050243079662323, -0.07430248707532883, -0.8370978832244873], [-0.12155817449092865, -0.7797059416770935, 0.6142328977584839, 0.7327643632888794], [0.0, 0.0, 0.0, 1.0]]}, "finger5joint2": {"matrix": [[-0.8208474516868591, -0.5571183562278748, 0.12580960988998413, -1.651412010192871], [-0.08643625676631927, -0.09656427055597305, -0.9915662407875061, -1.0594457387924194], [0.5645686984062195, -0.8247992396354675, 0.031108977273106575, -0.09081745147705078], [0.0, 0.0, 0.0, 1.0]]}, "finger5joint3": {"matrix": [[-0.8749485611915588, -0.48394888639450073, -0.01605869270861149, -2.03433895111084], [-0.04035204276442528, 0.1059223860502243, -0.9935550093650818, -1.1258177757263184], [0.48253101110458374, -0.8686617612838745, -0.11220530420541763, -0.6577308177947998], [0.0, 0.0, 0.0, 1.0]]}, "Bone": {"matrix": [[0.8931065201759338, 0.18421168625354767, -0.4103979468345642, -2.011482000350952], [-0.12474484741687775, 0.9779490232467651, 0.16749383509159088, -0.38725483417510986], [0.43220260739326477, -0.09839461743831635, 0.896392285823822, 0.6198199391365051], [0.0, 0.0, 0.0, 1.0]]}, "finger1joint1": {"matrix": [[0.33401772379875183, -0.8945237398147583, -0.29708436131477356, -1.8581836223602295], [0.9135238528251648, 0.38486340641975403, -0.13173484802246094, 0.42658230662345886], [0.23217707872390747, -0.2273918092250824, 0.9457201361656189, 0.5379371643066406], [0.0, 0.0, 0.0, 1.0]]}, "finger1joint2": {"matrix": [[0.42643070220947266, -0.2755966782569885, -0.8615120649337769, -2.3637490272521973], [0.9023736715316772, 0.06404200196266174, 0.4261692464351654, 0.6440987586975098], [-0.06227773427963257, -0.9591376185417175, 0.27600082755088806, 0.4094202220439911], [0.0, 0.0, 0.0, 1.0]]}, "finger1joint3": {"matrix": [[0.3468126654624939, 0.84176105260849, -0.41371381282806396, -2.4818925857543945], [0.937933623790741, -0.3106755316257477, 0.15414652228355408, 0.6715524792671204], [0.0012239321367815137, -0.44149619340896606, -0.8972622156143188, -0.0017462968826293945], [0.0, 0.0, 0.0, 1.0]]}, "Bone.001": {"matrix": [[0.8477482199668884, -0.2982609272003174, -0.43859216570854187, -2.011482000350952], [0.23413074016571045, 0.9524199366569519, -0.19513748586177826, -0.3872547745704651], [0.4759259521961212, 0.0627397671341896, 0.8772445321083069, 0.6198199391365051], [0.0, 0.0, 0.0, 1.0]]}, "finger2joint1": {"matrix": [[0.3891848623752594, -0.06735463440418243, -0.9186937212944031, -2.200544834136963], [0.87715083360672, 0.3316780924797058, 0.34726887941360474, 0.21646863222122192], [0.2813206613063812, -0.9409849047660828, 0.18816442787647247, 0.6595896482467651], [0.0, 0.0, 0.0, 1.0]]}, "finger2joint2": {"matrix": [[0.46472597122192383, 0.01619582623243332, -0.8853062391281128, -2.2588164806365967], [0.8676900267601013, 0.19094185531139374, 0.45897164940834045, 0.5034195184707642], [0.17647568881511688, -0.9814675450325012, 0.07468281686306, -0.15450245141983032], [0.0, 0.0, 0.0, 1.0]]}, "finger2joint3": {"matrix": [[0.5407499670982361, 0.15231598913669586, -0.8272780179977417, -2.2526683807373047], [0.8393598198890686, -0.03298455476760864, 0.5425741672515869, 0.5759041905403137], [0.05535551905632019, -0.9877811074256897, -0.14568421244621277, -0.5270836353302002], [0.0, 0.0, 0.0, 1.0]]}, "Bone.002": {"matrix": [[0.40646830201148987, -0.8495884537696838, -0.3361290991306305, -2.011481761932373], [0.8349450826644897, 0.4947872459888458, -0.24094000458717346, -0.38725483417510986], [0.37101250886917114, -0.18271471560001373, 0.9104751348495483, 0.6198199987411499], [0.0, 0.0, 0.0, 1.0]]}, "finger3joint1": {"matrix": [[0.3819635510444641, -0.36212876439094543, -0.8502743244171143, -2.3695921897888184], [0.8905701637268066, 0.3900771737098694, 0.23393268883228302, -0.17869701981544495], [0.2469591498374939, -0.8465826511383057, 0.47149646282196045, 0.5428038239479065], [0.0, 0.0, 0.0, 1.0]]}, "finger3joint2": {"matrix": [[0.35259100794792175, 0.4082132577896118, -0.8420459628105164, -2.6872448921203613], [0.9312924146652222, -0.06507860869169235, 0.35841184854507446, 0.16347146034240723], [0.09150958061218262, -0.9105638861656189, -0.40311199426651, -0.19980281591415405], [0.0, 0.0, 0.0, 1.0]]}, "finger3joint3": {"matrix": [[0.5089843273162842, 0.7029615044593811, -0.4967694580554962, -2.423098087310791], [0.8533655405044556, -0.3365250527858734, 0.3981431722640991, 0.12136038392782211], [0.11270421743392944, -0.6265748143196106, -0.7711690664291382, -0.789010763168335], [0.0, 0.0, 0.0, 1.0]]}, "Bone.003": {"matrix": [[-0.34657856822013855, -0.8465762734413147, 0.40397006273269653, -2.011482000350952], [0.6821919679641724, -0.5230700373649597, -0.5108929872512817, -0.38725483417510986], [0.643814742565155, 0.09852050244808197, 0.758812427520752, 0.6198199391365051], [0.0, 0.0, 0.0, 1.0]]}, "finger4joint1": {"matrix": [[0.22899702191352844, -0.5040811896324158, -0.8327437043190002, -2.3743410110473633], [0.9681602716445923, 0.20681189000606537, 0.14104658365249634, -0.6114528179168701], [0.10112264752388, -0.8385288119316101, 0.5353909134864807, 0.6620477437973022], [0.0, 0.0, 0.0, 1.0]]}, "finger4joint2": {"matrix": [[0.201258584856987, 0.8514409065246582, -0.48429635167121887, -2.875074863433838], [0.9751896262168884, -0.12762877345085144, 0.18087436258792877, -0.4060143530368805], [0.09219396859407425, -0.5086835026741028, -0.856002926826477, -0.17091242969036102], [0.0, 0.0, 0.0, 1.0]]}, "finger4joint3": {"matrix": [[0.13684816658496857, 0.7972895503044128, 0.5878788828849792, -2.519970417022705], [0.9796730875968933, -0.19680050015449524, 0.03885263949632645, -0.4592435956001282], [0.14667195081710815, 0.5706123113632202, -0.8080152273178101, -0.383065402507782], [0.0, 0.0, 0.0, 1.0]]}}