{"root": {"matrix": [[0.30391058325767517, -0.8520069718360901, 0.4262891411781311, -5.960464477539063e-08], [0.6838295459747314, -0.11646328121423721, -0.7202870845794678, 0.0], [0.6633366942405701, 0.5104119777679443, 0.5472330451011658, 0.0], [0.0, 0.0, 0.0, 1.0]]}, "carpals": {"matrix": [[-0.6376329064369202, -0.43840721249580383, -0.6334217190742493, -0.19459858536720276], [0.7685095071792603, -0.41867518424987793, -0.483843058347702, 1.5134457349777222], [-0.05307760462164879, -0.7953048944473267, 0.6038812398910522, 1.938194751739502], [0.0, 0.0, 0.0, 1.0]]}, "metacarpals": {"matrix": [[-0.8492317199707031, -0.5035592317581177, -0.15885023772716522, -0.6216045618057251], [0.4899846613407135, -0.639437198638916, -0.5924820303916931, 1.1056585311889648], [0.19677512347698212, -0.5809886455535889, 0.7897666096687317, 1.1635726690292358], [0.0, 0.0, 0.0, 1.0]]}, "finger5joint1": {"matrix": [[-0.7184951305389404, -0.6432710886001587, -0.2645123302936554, -0.6946136355400085], [0.5042639374732971, -0.21984122693538666, -0.8350973725318909, 0.8985037803649902], [0.4790433943271637, -0.733397364616394, 0.482333242893219, 0.47260865569114685], [0.0, 0.0, 0.0, 1.0]]}, "finger5joint2": {"matrix": [[-0.24821187555789948, -0.7232112288475037, 0.6444808840751648, -1.3740830421447754], [-0.8436128497123718, -0.16562975943088531, -0.5107678771018982, 0.6662915945053101], [0.4761384129524231, -0.6704709529876709, -0.5689993500709534, -0.30205869674682617], [0.0, 0.0, 0.0, 1.0]]}, "finger5joint3": {"matrix": [[-0.34974679350852966, -0.8025684356689453, 0.48328083753585815, -1.8711713552474976], [-0.8259860873222351, 0.02074592001736164, -0.5633082389831543, 0.5524483919143677], [0.4420674741268158, -0.5961984395980835, -0.6701664328575134, -0.7628968954086304], [0.0, 0.0, 0.0, 1.0]]}, "Bone": {"matrix": [[0.3779488205909729, -0.8848221302032471, -0.2724779546260834, -1.4078001976013184], [0.7552362084388733, 0.464886337518692, -0.4620593190193176, 0.10731956362724304], [0.5355115532875061, -0.031150348484516144, 0.8439529538154602, 0.25648805499076843], [0.0, 0.0, 0.0, 1.0]]}, "finger1joint1": {"matrix": [[-0.720564067363739, -0.6769649386405945, -0.15001893043518066, -2.1441383361816406], [0.5871725678443909, -0.4806559979915619, -0.6513048410415649, 0.4941922426223755], [0.36880311369895935, -0.5573937892913818, 0.7438387274742126, 0.23056510090827942], [0.0, 0.0, 0.0, 1.0]]}, "finger1joint2": {"matrix": [[-0.626990795135498, 0.3784518539905548, -0.6809232831001282, -2.5267441272735596], [0.7670817375183105, 0.45239999890327454, -0.45488440990448, 0.2225358784198761], [0.13589785993099213, -0.8075321912765503, -0.5739540457725525, -0.0844617486000061], [0.0, 0.0, 0.0, 1.0]]}, "finger1joint3": {"matrix": [[-0.7061864137649536, 0.5133655071258545, 0.4876028001308441, -2.3645081520080566], [0.6999541521072388, 0.4025001525878906, 0.5899642705917358, 0.4164723753929138], [0.1066071167588234, 0.7579241991043091, -0.6435724496841431, -0.43063753843307495], [0.0, 0.0, 0.0, 1.0]]}, "Bone.001": {"matrix": [[0.021391192451119423, -0.997539222240448, 0.0667656809091568, -1.4078001976013184], [0.8078914284706116, -0.022091979160904884, -0.5889168977737427, 0.10731957852840424], [0.5889427065849304, 0.06653714179992676, 0.8054308295249939, 0.25648805499076843], [0.0, 0.0, 0.0, 1.0]]}, "finger2joint1": {"matrix": [[-0.6252921223640442, -0.3231712877750397, -0.7103307247161865, -2.0401241779327393], [0.5097151398658752, 0.5201156139373779, -0.6853247880935669, 0.09331580996513367], [0.5909314155578613, -0.7905945181846619, -0.16049882769584656, 0.2986648678779602], [0.0, 0.0, 0.0, 1.0]]}, "finger2joint2": {"matrix": [[-0.5836247205734253, 0.03638961911201477, -0.8112075924873352, -2.3197152614593506], [0.6158040761947632, 0.6710182428359985, -0.41294026374816895, 0.5432933568954468], [0.5293084979057312, -0.7405470609664917, -0.41403159499168396, -0.3853171467781067], [0.0, 0.0, 0.0, 1.0]]}, "finger2joint3": {"matrix": [[-0.5007653832435608, 0.293780118227005, -0.8142032623291016, -2.305901288986206], [0.7231218814849854, 0.6589813232421875, -0.20697376132011414, 0.7980228662490845], [0.4757400453090668, -0.6924135088920593, -0.5424337983131409, -0.6664409637451172], [0.0, 0.0, 0.0, 1.0]]}, "Bone.002": {"matrix": [[-0.6812669634819031, -0.7184844613075256, 0.1401970237493515, -1.407800316810608], [0.5728326439857483, -0.6424804329872131, -0.5090006589889526, 0.10731957852840424], [0.455782949924469, -0.2664557695388794, 0.8492720127105713, 0.2564880847930908], [0.0, 0.0, 0.0, 1.0]]}, "finger3joint1": {"matrix": [[-0.7946175336837769, -0.6070847511291504, -0.005561311729252338, -1.7106486558914185], [0.5501124262809753, -0.7161101698875427, -0.42960748076438904, -0.1634923815727234], [0.2568257749080658, -0.34443286061286926, 0.9029984474182129, 0.14417429268360138], [0.0, 0.0, 0.0, 1.0]]}, "finger3joint2": {"matrix": [[-0.8797930479049683, -0.15635502338409424, -0.4489065408706665, -2.2431721687316895], [0.4462049901485443, 0.05398498475551605, -0.8933010697364807, -0.7916509509086609], [0.1639064997434616, -0.9862242937088013, 0.022270895540714264, -0.15795588493347168], [0.0, 0.0, 0.0, 1.0]]}, "finger3joint3": {"matrix": [[-0.7984321713447571, 0.41967788338661194, -0.4317132234573364, -2.344346523284912], [0.5921927690505981, 0.6768388152122498, -0.43726080656051636, -0.7567183971405029], [0.10869169980287552, -0.6047806739807129, -0.7889399528503418, -0.796122133731842], [0.0, 0.0, 0.0, 1.0]]}, "Bone.003": {"matrix": [[-0.7488892674446106, 0.25931787490844727, 0.6098515391349792, -1.407800316810608], [-0.22204722464084625, -0.9652537107467651, 0.13776902854442596, 0.10731959342956543], [0.6243875026702881, -0.03224210441112518, 0.7804489135742188, 0.2564880847930908], [0.0, 0.0, 0.0, 1.0]]}, "finger4joint1": {"matrix": [[-0.8037915229797363, -0.5765388011932373, -0.14670303463935852, -1.2966516017913818], [0.5440153479576111, -0.6125286221504211, -0.5734594464302063, -0.3064069151878357], [0.24076196551322937, -0.5407505631446838, 0.8059914112091064, 0.2426685094833374], [0.0, 0.0, 0.0, 1.0]]}, "finger4joint2": {"matrix": [[-0.8194792866706848, -0.460422545671463, -0.3412685990333557, -1.8693616390228271], [0.5186562538146973, -0.34246501326560974, -0.783398449420929, -0.9148677587509155], [0.2438218891620636, -0.8189799189567566, 0.5194442272186279, -0.2944909632205963], [0.0, 0.0, 0.0, 1.0]]}, "finger4joint3": {"matrix": [[-0.7732897400856018, -0.40733736753463745, -0.4858998954296112, -2.0613865852355957], [0.5567333102226257, -0.06946862488985062, -0.8277813196182251, -1.0576971769332886], [0.30343160033226013, -0.910631537437439, 0.28049781918525696, -0.6360571384429932], [0.0, 0.0, 0.0, 1.0]]}}