{"root": {"matrix": [[0.5623900294303894, -0.3681032657623291, 0.7404170632362366, 0.0], [0.7576116919517517, 0.5881367921829224, -0.2830541729927063, 0.0], [-0.33127331733703613, 0.720135509967804, 0.6096415519714355, 0.0], [0.0, 0.0, 0.0, 1.0]]}, "carpals": {"matrix": [[-0.6651891469955444, -0.6763488054275513, -0.31634676456451416, 0.8282824754714966], [0.6815055012702942, -0.7230554223060608, 0.11287524551153183, 2.320819616317749], [-0.3050793707370758, -0.1405087411403656, 0.9419043064117432, -0.11282539367675781], [0.0, 0.0, 0.0, 1.0]]}, "metacarpals": {"matrix": [[-0.693145215511322, -0.6897884011268616, 0.2091442495584488, 0.16952276229858398], [0.7072687149047852, -0.706828773021698, 0.01280197873711586, 1.6165679693222046], [0.13899852335453033, 0.15679481625556946, 0.9778009057044983, -0.2496800571680069], [0.0, 0.0, 0.0, 1.0]]}, "finger5joint1": {"matrix": [[-0.4366075098514557, -0.8980603218078613, -0.05348944664001465, -0.18853020668029785], [0.8460270762443542, -0.3896362781524658, -0.36389774084091187, 1.0838347673416138], [0.3059607446193695, -0.20413409173488617, 0.929901659488678, -0.5868270397186279], [0.0, 0.0, 0.0, 1.0]]}, "finger5joint2": {"matrix": [[-0.09001608937978745, -0.9678045511245728, 0.2350543737411499, -1.1371264457702637], [-0.3765740394592285, -0.18541666865348816, -0.9076410531997681, 0.672272801399231], [0.9220025539398193, -0.17021776735782623, -0.34775975346565247, -0.8024482727050781], [0.0, 0.0, 0.0, 1.0]]}, "finger5joint3": {"matrix": [[-0.19277630746364594, -0.9808434247970581, 0.027974337339401245, -1.8023325204849243], [-0.3416960537433624, 0.040378324687480927, -0.9389424920082092, 0.5448294281959534], [0.9198263883590698, -0.19056470692157745, -0.3429344892501831, -0.9194449186325073], [0.0, 0.0, 0.0, 1.0]]}, "Bone": {"matrix": [[0.5542553067207336, -0.8226145505905151, 0.12690967321395874, -0.9074283242225647], [0.8039469122886658, 0.5685737133026123, 0.17433592677116394, 0.5130120515823364], [-0.21556876599788666, 0.00540202297270298, 0.9764736294746399, -0.004879823885858059], [0.0, 0.0, 0.0, 1.0]]}, "finger1joint1": {"matrix": [[-0.08809499442577362, -0.8888983726501465, -0.44955384731292725, -1.5919981002807617], [0.9432432055473328, 0.07063477486371994, -0.32450374960899353, 0.9861721396446228], [0.32020512223243713, -0.45262593030929565, 0.8322249054908752, -0.00038433074951171875], [0.0, 0.0, 0.0, 1.0]]}, "finger1joint2": {"matrix": [[0.07075398415327072, -0.38456106185913086, -0.9203838109970093, -2.09438419342041], [0.9956504702568054, 0.08329421281814575, 0.041737720370292664, 1.0260932445526123], [0.060611993074417114, -0.9193338751792908, 0.3887818157672882, -0.2561986744403839], [0.0, 0.0, 0.0, 1.0]]}, "finger1joint3": {"matrix": [[-0.00875929743051529, 0.25665542483329773, -0.9664631485939026, -2.2592391967773438], [0.991028904914856, 0.1311255395412445, 0.025840165093541145, 1.0618001222610474], [0.1333600878715515, -0.9575666785240173, -0.2555015981197357, -0.6503020524978638], [0.0, 0.0, 0.0, 1.0]]}, "Bone.001": {"matrix": [[0.2541343569755554, -0.8714694976806641, 0.4194713532924652, -0.9074283838272095], [0.9634888768196106, 0.2659148573875427, -0.031275272369384766, 0.5130120515823364], [-0.08428820222616196, 0.41210418939590454, 0.9072295427322388, -0.0048798322677612305], [0.0, 0.0, 0.0, 1.0]]}, "finger2joint1": {"matrix": [[-0.6062052249908447, -0.7269949913024902, 0.3224795460700989, -1.459838628768921], [0.7893970608711243, -0.5993609428405762, 0.1327342391014099, 0.6815711855888367], [0.09678453207015991, 0.33502864837646484, 0.9372237324714661, 0.25634628534317017], [0.0, 0.0, 0.0, 1.0]]}, "finger2joint2": {"matrix": [[-0.6966611742973328, -0.5594556927680969, -0.4490792155265808, -2.0887978076934814], [0.716303288936615, -0.5078476071357727, -0.4785396158695221, 0.16303466260433197], [0.039657920598983765, -0.6550570726394653, 0.75453782081604, 0.546195924282074], [0.0, 0.0, 0.0, 1.0]]}, "finger2joint3": {"matrix": [[-0.7132998704910278, 0.22663532197475433, -0.663203775882721, -2.3011763095855713], [0.6932017803192139, 0.08864367008209229, -0.7152714133262634, -0.029752621427178383], [-0.10331697762012482, -0.9699373245239258, -0.22033365070819855, 0.2975255250930786], [0.0, 0.0, 0.0, 1.0]]}, "Bone.002": {"matrix": [[-0.4321190416812897, -0.7486428618431091, 0.5027987957000732, -0.9074283838272095], [0.8763826489448547, -0.4800848960876465, 0.038363825529813766, 0.5130120515823364], [0.2126653641462326, 0.4572219252586365, 0.863551676273346, -0.0048798322677612305], [0.0, 0.0, 0.0, 1.0]]}, "finger3joint1": {"matrix": [[-0.3373039662837982, -0.915614128112793, -0.21880699694156647, -1.2229888439178467], [0.927101194858551, -0.28273406624794006, -0.24605850875377655, 0.3106514811515808], [0.16343051195144653, -0.28585284948349, 0.9442343711853027, 0.18784379959106445], [0.0, 0.0, 0.0, 1.0]]}, "finger3joint2": {"matrix": [[-0.46909433603286743, -0.3303622901439667, -0.8190305233001709, -2.026148796081543], [0.8795697689056396, -0.09136480838060379, -0.4669148325920105, 0.06264236569404602], [0.0794205293059349, -0.9394217133522034, 0.33343544602394104, -0.06290096044540405], [0.0, 0.0, 0.0, 1.0]]}, "finger3joint3": {"matrix": [[-0.34048697352409363, 0.14054590463638306, -0.9296854734420776, -2.239919662475586], [0.939930260181427, 0.025123877450823784, -0.3404406011104584, 0.003521994687616825], [-0.024490205571055412, -0.9897553324699402, -0.14065778255462646, -0.6707823276519775], [0.0, 0.0, 0.0, 1.0]]}, "Bone.003": {"matrix": [[-0.4028841555118561, 0.2419421225786209, 0.8826936483383179, -0.9074283838272095], [0.3587755262851715, -0.8454937934875488, 0.3955000340938568, 0.5130120515823364], [0.8420002460479736, 0.4760296940803528, 0.2538332939147949, -0.0048798322677612305], [0.0, 0.0, 0.0, 1.0]]}, "finger4joint1": {"matrix": [[-0.4735713601112366, -0.8578090071678162, 0.1997332125902176, -0.803727388381958], [0.8759511113166809, -0.48237136006355286, 0.005220350809395313, 0.15061697363853455], [0.09186755120754242, 0.17742864787578583, 0.9798362851142883, 0.19915573298931122], [0.0, 0.0, 0.0, 1.0]]}, "finger4joint2": {"matrix": [[-0.48916536569595337, -0.7584805488586426, -0.4306086599826813, -1.6558396816253662], [0.8646008372306824, -0.35669809579849243, -0.35388055443763733, -0.32855093479156494], [0.11481428146362305, -0.5454110503196716, 0.8302675485610962, 0.37540608644485474], [0.0, 0.0, 0.0, 1.0]]}, "finger4joint3": {"matrix": [[-0.4180712103843689, -0.6009872555732727, -0.6811975836753845, -1.972173810005188], [0.8963432908058167, -0.1510738730430603, -0.4168272018432617, -0.4773164689540863], [0.14759671688079834, -0.7848507761955261, 0.601850688457489, 0.1479353904724121], [0.0, 0.0, 0.0, 1.0]]}}