{"root": {"matrix": [[0.4772525727748871, -0.8651724457740784, -0.1539694368839264, -5.960464477539063e-08], [-0.7919942140579224, -0.3475573658943176, -0.5019451975822449, 2.9802322387695312e-08], [0.3807559311389923, 0.36149752140045166, -0.851084291934967, 2.9802322387695312e-08], [0.0, 0.0, 0.0, 1.0]]}, "carpals": {"matrix": [[-0.0002304204535903409, -0.4743214547634125, -0.8803516030311584, 0.24975956976413727], [0.6997432112693787, 0.6288415789604187, -0.3389945328235626, -2.0748372077941895], [0.7143942713737488, -0.6160982847213745, 0.3317583501338959, 1.3105934858322144], [0.0, 0.0, 0.0, 1.0]]}, "metacarpals": {"matrix": [[-0.005457047838717699, -0.8280822038650513, -0.5605799555778503, -0.21222662925720215], [0.7526170611381531, 0.3657156825065613, -0.547557532787323, -1.4623494148254395], [0.6584357619285583, -0.4248901903629303, 0.6212331056594849, 0.7105175256729126], [0.0, 0.0, 0.0, 1.0]]}, "finger5joint1": {"matrix": [[-0.4081953763961792, -0.7463855147361755, -0.5256281495094299, -0.45322585105895996], [0.8312305212020874, -0.0658516213297844, -0.5520135760307312, -1.160457730293274], [0.3774016499519348, -0.6622477769851685, 0.6472988128662109, 0.09695768356323242], [0.0, 0.0, 0.0, 1.0]]}, "finger5joint2": {"matrix": [[-0.3375697433948517, -0.9194661974906921, 0.20156368613243103, -1.241612195968628], [-0.5963161587715149, 0.04320719093084335, -0.8015856742858887, -1.2300148010253906], [0.7283221483230591, -0.3907868564128876, -0.562878429889679, -0.6025563478469849], [0.0, 0.0, 0.0, 1.0]]}, "finger5joint3": {"matrix": [[-0.43251532316207886, -0.9006004333496094, -0.04299726337194443, -1.8735935688018799], [-0.5446392893791199, 0.298973947763443, -0.7835699915885925, -1.200317144393921], [0.718538761138916, -0.3154881000518799, -0.6198136210441589, -0.8711577653884888], [0.0, 0.0, 0.0, 1.0]]}, "Bone": {"matrix": [[0.8617074489593506, -0.053693484514951706, -0.5045561790466309, -1.5050928592681885], [-0.19744065403938293, 0.8805333375930786, -0.4309035539627075, -0.891365647315979], [0.46741539239883423, 0.4709329605102539, 0.7481610178947449, 0.04714593291282654], [0.0, 0.0, 0.0, 1.0]]}, "finger1joint1": {"matrix": [[0.15617403388023376, -0.8669699430465698, -0.47325730323791504, -1.5497758388519287], [0.6151123642921448, 0.4602521061897278, -0.6401596665382385, -0.15859666466712952], [0.7728171944618225, -0.19113010168075562, 0.6051634550094604, 0.4390505254268646], [0.0, 0.0, 0.0, 1.0]]}, "finger1joint2": {"matrix": [[0.31015339493751526, -0.6086854934692383, -0.7302784323692322, -2.039768695831299], [0.7714775800704956, 0.6100260615348816, -0.18080464005470276, 0.10152783989906311], [0.5555422306060791, -0.5073163509368896, 0.6587889790534973, 0.33102792501449585], [0.0, 0.0, 0.0, 1.0]]}, "finger1joint3": {"matrix": [[0.2567223012447357, 0.3350640833377838, -0.906545877456665, -2.3007020950317383], [0.7262985110282898, 0.5519515872001648, 0.4096825420856476, 0.3630359470844269], [0.637639582157135, -0.7635976076126099, -0.10165823251008987, 0.11354975402355194], [0.0, 0.0, 0.0, 1.0]]}, "Bone.001": {"matrix": [[0.7268460988998413, -0.5259085893630981, -0.4417177438735962, -1.5050928592681885], [0.06274273246526718, 0.6913095116615295, -0.7198292016983032, -0.8913657069206238], [0.6839282512664795, 0.4954906702041626, 0.5354726910591125, 0.04714593291282654], [0.0, 0.0, 0.0, 1.0]]}, "finger2joint1": {"matrix": [[0.11015547811985016, -0.9351075291633606, -0.33680763840675354, -1.838457703590393], [0.7130506038665771, 0.31042325496673584, -0.6286460161209106, -0.45315587520599365], [0.6924047470092773, -0.17091211676597595, 0.7009739875793457, 0.3612293601036072], [0.0, 0.0, 0.0, 1.0]]}, "finger2joint2": {"matrix": [[0.055792856961488724, -0.0305473729968071, -0.9979748129844666, -2.647465229034424], [0.7932320833206177, 0.6083754897117615, 0.025724396109580994, -0.18459352850914001], [0.6063578724861145, -0.7930610179901123, 0.05817421153187752, 0.21336492896080017], [0.0, 0.0, 0.0, 1.0]]}, "finger2joint3": {"matrix": [[0.14086823165416718, 0.9856514930725098, -0.09298856556415558, -2.6590611934661865], [0.8522835373878479, -0.07294097542762756, 0.517969012260437, 0.04635579138994217], [0.5037544965744019, -0.15221810340881348, -0.8503298759460449, -0.08769404143095016], [0.0, 0.0, 0.0, 1.0]]}, "Bone.002": {"matrix": [[0.16114367544651031, -0.9287185668945312, -0.33393755555152893, -1.5050928592681885], [0.538314163684845, 0.3663056492805481, -0.7589714527130127, -0.891365647315979], [0.8271943926811218, -0.05745986849069595, 0.5589702725410461, 0.04714593663811684], [0.0, 0.0, 0.0, 1.0]]}, "finger3joint1": {"matrix": [[0.23905308544635773, -0.5390016436576843, -0.8076698780059814, -1.8965572118759155], [0.5520113706588745, 0.7597376704216003, -0.34363046288490295, -0.7369641661643982], [0.7988349795341492, -0.36369702219963074, 0.4791526794433594, 0.022926032543182373], [0.0, 0.0, 0.0, 1.0]]}, "finger3joint2": {"matrix": [[0.18196704983711243, 0.09211549162864685, -0.9789803624153137, -2.369359254837036], [0.6781079173088074, 0.709229588508606, 0.19277629256248474, -0.07053634524345398], [0.7120798230171204, -0.6989333629608154, 0.06659217923879623, -0.29610225558280945], [0.0, 0.0, 0.0, 1.0]]}, "finger3joint3": {"matrix": [[0.3483479619026184, 0.3961583077907562, -0.8495363593101501, -2.309753179550171], [0.6703735589981079, 0.5281739234924316, 0.5211825966835022, 0.3883921504020691], [0.6551740765571594, -0.7510597705841064, -0.08158573508262634, -0.7483683228492737], [0.0, 0.0, 0.0, 1.0]]}, "Bone.003": {"matrix": [[-0.5498743057250977, -0.6978971362113953, 0.45888739824295044, -1.5050928592681885], [0.13922220468521118, -0.6183003187179565, -0.773512601852417, -0.8913655877113342], [0.8235625624656677, -0.3614475429058075, 0.43715032935142517, 0.04714593291282654], [0.0, 0.0, 0.0, 1.0]]}, "finger4joint1": {"matrix": [[0.585536777973175, -0.8106415867805481, 0.0025423874612897635, -1.8042250871658325], [0.48946601152420044, 0.35104385018348694, -0.7982422709465027, -1.1563811302185059], [0.6461962461471558, 0.46864479780197144, 0.60233074426651, -0.10777753591537476], [0.0, 0.0, 0.0, 1.0]]}, "finger4joint2": {"matrix": [[0.5667402744293213, 0.209474578499794, -0.7968220114707947, -2.609483242034912], [0.4818789064884186, 0.7001898288726807, 0.5268077254295349, -0.8076685667037964], [0.6682798266410828, -0.6825351715087891, 0.29588451981544495, 0.35775500535964966], [0.0, 0.0, 0.0, 1.0]]}, "finger4joint3": {"matrix": [[0.5589615702629089, 0.8027476668357849, -0.2077440619468689, -2.5221192836761475], [0.4142489731311798, -0.05330774560570717, 0.9086008667945862, -0.5156453847885132], [0.7183031439781189, -0.5939310193061829, -0.36233454942703247, 0.0730949193239212], [0.0, 0.0, 0.0, 1.0]]}}