{"root": {"matrix": [[0.3521433174610138, -0.9348233342170715, -0.04583011195063591, 0.0], [0.12528957426548004, 0.09560870379209518, -0.9875026345252991, 0.0], [0.9275223016738892, 0.34200045466423035, 0.15079151093959808, 0.0], [0.0, 0.0, 0.0, 1.0]]}, "carpals": {"matrix": [[0.0930783748626709, -0.6528427600860596, -0.7517529726028442, -0.11350476741790771], [0.9714103937149048, -0.1060728058218956, 0.21239173412322998, 0.48794376850128174], [-0.21839876472949982, -0.7500297427177429, 0.6243051886558533, 2.415370225906372], [0.0, 0.0, 0.0, 1.0]]}, "metacarpals": {"matrix": [[0.14237885177135468, -0.753911554813385, -0.641362190246582, -0.7493696212768555], [0.942284882068634, -0.0951349064707756, 0.32101160287857056, 0.384629487991333], [-0.3030301034450531, -0.6500511169433594, 0.696854293346405, 1.6848456859588623], [0.0, 0.0, 0.0, 1.0]]}, "finger5joint1": {"matrix": [[-0.2804759442806244, -0.5782024264335632, -0.7661689519882202, -0.9407510161399841], [0.747703492641449, -0.632134735584259, 0.20333492755889893, 0.03294652700424194], [-0.6018905639648438, -0.5158367156982422, 0.6096226572990417, 1.0803894996643066], [0.0, 0.0, 0.0, 1.0]]}, "finger5joint2": {"matrix": [[-0.7412655353546143, -0.6431585550308228, 0.19202053546905518, -1.551490068435669], [0.2040678709745407, -0.48848557472229004, -0.8483736515045166, -0.6347599029541016], [0.639438271522522, -0.5896849036216736, 0.49334537982940674, 0.5355255603790283], [0.0, 0.0, 0.0, 1.0]]}, "finger5joint3": {"matrix": [[-0.8075129389762878, -0.5897466540336609, 0.011003663763403893, -1.9935557842254639], [0.2039695680141449, -0.29669323563575745, -0.9329358339309692, -0.9705130457878113], [0.5534607172012329, -0.7511133551597595, 0.35987389087677, 0.13021449744701385], [0.0, 0.0, 0.0, 1.0]]}, "Bone": {"matrix": [[0.8183630704879761, 0.11538713425397873, -0.5629985928535461, -1.9264349937438965], [0.2120480239391327, 0.8498894572257996, 0.48241424560546875, 0.236097514629364], [0.5341508984565735, -0.5141726136207581, 0.6710506081581116, 0.6699354648590088], [0.0, 0.0, 0.0, 1.0]]}, "finger1joint1": {"matrix": [[0.3676610291004181, -0.4846784472465515, -0.7936698794364929, -1.8304113149642944], [0.9262075424194336, 0.2674348056316376, 0.26574084162712097, 0.9433649182319641], [0.08345618098974228, -0.8328054547309875, 0.547238290309906, 0.24204733967781067], [0.0, 0.0, 0.0, 1.0]]}, "finger1joint2": {"matrix": [[0.6014619469642639, -0.2591994106769562, -0.7556844353675842, -2.1043410301208496], [0.7957866787910461, 0.11093414574861526, 0.5953294634819031, 1.0945132970809937], [-0.07047779858112335, -0.9594315886497498, 0.27299025654792786, -0.22863620519638062], [0.0, 0.0, 0.0, 1.0]]}, "finger1joint3": {"matrix": [[0.5309414863586426, 0.13444551825523376, -0.8366751670837402, -2.2154552936553955], [0.8473777770996094, -0.09264860302209854, 0.5228453278541565, 1.1420689821243286], [-0.007222527172416449, -0.9865801334381104, -0.1631169319152832, -0.6399286985397339], [0.0, 0.0, 0.0, 1.0]]}, "Bone.001": {"matrix": [[0.7366882562637329, -0.3830004036426544, -0.5573157072067261, -1.926434874534607], [0.5423787236213684, 0.8268697261810303, 0.14869952201843262, 0.23609745502471924], [0.40387555956840515, -0.4118212163448334, 0.8168765902519226, 0.6699354648590088], [0.0, 0.0, 0.0, 1.0]]}, "finger2joint1": {"matrix": [[0.24933837354183197, -0.7672913074493408, -0.5908418297767639, -2.169212579727173], [0.939487874507904, 0.04364452138543129, 0.3397902548313141, 0.7602366805076599], [-0.23493097722530365, -0.6398114562034607, 0.731743335723877, 0.4088887572288513], [0.0, 0.0, 0.0, 1.0]]}, "finger2joint2": {"matrix": [[0.23245929181575775, 0.6485294699668884, -0.7248254418373108, -2.833033800125122], [0.9041476249694824, -0.4187408983707428, -0.08469393104314804, 0.7979957461357117], [-0.35844045877456665, -0.6356614232063293, -0.6837064623832703, -0.14464344084262848], [0.0, 0.0, 0.0, 1.0]]}, "finger2joint3": {"matrix": [[0.36913901567459106, 0.8613282442092896, 0.349069744348526, -2.586841344833374], [0.8540790677070618, -0.1662984937429428, -0.49284228682518005, 0.6390348076820374], [-0.36644914746284485, 0.4800603687763214, -0.7970298528671265, -0.3859509825706482], [0.0, 0.0, 0.0, 1.0]]}, "Bone.002": {"matrix": [[0.2696603238582611, -0.8469881415367126, -0.45814213156700134, -1.9264349937438965], [0.962897539138794, 0.2319510579109192, 0.13793843984603882, 0.23609748482704163], [-0.010565502569079399, -0.4783402681350708, 0.8781108260154724, 0.6699354648590088], [0.0, 0.0, 0.0, 1.0]]}, "finger3joint1": {"matrix": [[0.556614339351654, -0.41527077555656433, -0.7195348739624023, -2.2834489345550537], [0.7946951389312744, 0.5186052918434143, 0.3154495358467102, 0.3338671922683716], [0.24215765297412872, -0.747394323348999, 0.6186768412590027, 0.46831023693084717], [0.0, 0.0, 0.0, 1.0]]}, "finger3joint2": {"matrix": [[0.5114367604255676, 0.42298343777656555, -0.7480089068412781, -2.647716760635376], [0.8538575172424316, -0.15214280784130096, 0.4977750778198242, 0.7887781858444214], [0.09674648940563202, -0.8932734131813049, -0.43897876143455505, -0.18729031085968018], [0.0, 0.0, 0.0, 1.0]]}, "finger3joint3": {"matrix": [[0.6502886414527893, 0.5937961339950562, -0.4738466441631317, -2.3740127086639404], [0.7493746280670166, -0.39896175265312195, 0.5284574627876282, 0.6903295516967773], [0.12474936246871948, -0.6987386345863342, -0.7044157385826111, -0.7653098702430725], [0.0, 0.0, 0.0, 1.0]]}, "Bone.003": {"matrix": [[-0.5022519826889038, -0.8046427965164185, 0.3166903853416443, -1.9264347553253174], [0.8363719582557678, -0.5450424551963806, -0.05840060114860535, 0.236097514629364], [0.21960152685642242, 0.23553912341594696, 0.9467292428016663, 0.6699354648590088], [0.0, 0.0, 0.0, 1.0]]}, "finger4joint1": {"matrix": [[-0.08041899651288986, -0.6010238528251648, -0.7951746582984924, -2.271320343017578], [0.8442590832710266, -0.4651515483856201, 0.2661963403224945, 0.002481698989868164], [-0.5298668742179871, -0.6499262452125549, 0.5448270440101624, 0.7708921432495117], [0.0, 0.0, 0.0, 1.0]]}, "finger4joint2": {"matrix": [[-0.10951516032218933, 0.6582052111625671, -0.7448301315307617, -2.8683528900146484], [0.8383572697639465, -0.34140729904174805, -0.42496806383132935, -0.45958074927330017], [-0.5340064167976379, -0.6709744334220886, -0.5144218802452087, 0.12528204917907715], [0.0, 0.0, 0.0, 1.0]]}, "finger4joint3": {"matrix": [[-0.1529424637556076, 0.9859433174133301, 0.06726048141717911, -2.5938398838043213], [0.869962215423584, 0.1666131317615509, -0.46411794424057007, -0.6019691228866577], [-0.46880021691322327, -0.012469390407204628, -0.8832159042358398, -0.1545564979314804], [0.0, 0.0, 0.0, 1.0]]}}