{"root": {"matrix": [[0.5680708289146423, -0.4739340841770172, 0.6728164553642273, 0.0], [0.822967529296875, 0.33156540989875793, -0.4612903296947479, 0.0], [-0.004461400676518679, 0.8157517313957214, 0.5783849954605103, 5.960464477539063e-08], [0.0, 0.0, 0.0, 1.0]]}, "carpals": {"matrix": [[-0.5234541893005371, -0.7629289627075195, -0.37938734889030457, 0.7451407313346863], [0.8190134167671204, -0.5733174085617065, 0.022891001775860786, 2.237522602081299], [-0.23497359454631805, -0.298740953207016, 0.9249546527862549, 0.7233560085296631], [0.0, 0.0, 0.0, 1.0]]}, "metacarpals": {"matrix": [[-0.7437116503715515, -0.667991578578949, -0.026074372231960297, 0.0020525455474853516], [0.6682485938072205, -0.7417951226234436, -0.056424014270305634, 1.679114818572998], [0.018348947167396545, -0.05938733369112015, 0.998066246509552, 0.4323841631412506], [0.0, 0.0, 0.0, 1.0]]}, "finger5joint1": {"matrix": [[-0.4492010474205017, -0.8914303779602051, -0.05974895879626274, -0.23792779445648193], [0.8830310702323914, -0.4328041672706604, -0.1814843714237213, 1.1617512702941895], [0.13592112064361572, -0.1342831403017044, 0.9815769195556641, -0.015298008918762207], [0.0, 0.0, 0.0, 1.0]]}, "finger5joint2": {"matrix": [[-0.028915323317050934, -0.9505223035812378, -0.309306263923645, -1.1795209646224976], [-0.1622747778892517, 0.30979490280151367, -0.9368531107902527, 0.7045923471450806], [0.9863216280937195, 0.023103268817067146, -0.1632036566734314, -0.15713757276535034], [0.0, 0.0, 0.0, 1.0]]}, "finger5joint3": {"matrix": [[-0.10045275092124939, -0.8671095967292786, -0.48788243532180786, -1.8328481912612915], [-0.08082021772861481, 0.49585410952568054, -0.8646366000175476, 0.9175251722335815], [0.991653561592102, -0.0474243238568306, -0.11988991498947144, -0.1412578821182251], [0.0, 0.0, 0.0, 1.0]]}, "Bone": {"matrix": [[0.5448813438415527, -0.8306790590286255, -0.11435150355100632, -1.040867805480957], [0.8381942510604858, 0.5358264446258545, 0.10158847272396088, 0.520966649055481], [-0.023114878684282303, -0.15120244026184082, 0.988232433795929, 0.3396640419960022], [0.0, 0.0, 0.0, 1.0]]}, "finger1joint1": {"matrix": [[-0.364688515663147, -0.5869721174240112, -0.7228178977966309, -1.7321486473083496], [0.8826726078987122, 0.029231036081910133, -0.4690782427787781, 0.9668748378753662], [0.29646462202072144, -0.809079110622406, 0.5074440836906433, 0.213835209608078], [0.0, 0.0, 0.0, 1.0]]}, "finger1joint2": {"matrix": [[-0.11549177765846252, -0.32417240738868713, -0.9389215111732483, -2.0638926029205322], [0.9828130006790161, 0.09975330531597137, -0.1553312987089157, 0.9833956360816956], [0.14401467144489288, -0.9407238960266113, 0.3070802390575409, -0.24343878030776978], [0.0, 0.0, 0.0, 1.0]]}, "finger1joint3": {"matrix": [[-0.19801433384418488, 0.09898381680250168, -0.9751883149147034, -2.202860116958618], [0.957704484462738, 0.23145416378974915, -0.1709708571434021, 1.0261582136154175], [0.20878809690475464, -0.9677969813346863, -0.14062847197055817, -0.6467116475105286], [0.0, 0.0, 0.0, 1.0]]}, "Bone.001": {"matrix": [[0.21420541405677795, -0.9567187428474426, 0.19698962569236755, -1.040867805480957], [0.9758060574531555, 0.2005508840084076, -0.08707212656736374, 0.520966649055481], [0.0437970906496048, 0.21087507903575897, 0.9765312075614929, 0.3396640419960022], [0.0, 0.0, 0.0, 1.0]]}, "finger2joint1": {"matrix": [[-0.6538969278335571, -0.7411271333694458, 0.15214774012565613, -1.6473159790039062], [0.7565749287605286, -0.6414889693260193, 0.1268305629491806, 0.6480925679206848], [0.003603542223572731, 0.19804535806179047, 0.9801861047744751, 0.47333431243896484], [0.0, 0.0, 0.0, 1.0]]}, "finger2joint2": {"matrix": [[-0.7294896841049194, -0.16358093917369843, -0.6641427874565125, -2.288501501083374], [0.6804925203323364, -0.27166086435317993, -0.6805366277694702, 0.09310909360647202], [-0.06909878551959991, -0.9483888149261475, 0.30948951840400696, 0.6446729898452759], [0.0, 0.0, 0.0, 1.0]]}, "finger2joint3": {"matrix": [[-0.6811571717262268, 0.3314957320690155, -0.6527901887893677, -2.350599527359009], [0.7029105424880981, 0.04669342562556267, -0.7097436785697937, -0.01001782901585102], [-0.20479603111743927, -0.9423003792762756, -0.264817476272583, 0.2846490740776062], [0.0, 0.0, 0.0, 1.0]]}, "Bone.002": {"matrix": [[-0.516674280166626, -0.8075962662696838, 0.28431591391563416, -1.040867805480957], [0.8405117988586426, -0.5416772365570068, -0.01120549626648426, 0.520966649055481], [0.16305701434612274, 0.23318135738372803, 0.9586650729179382, 0.3396640419960022], [0.0, 0.0, 0.0, 1.0]]}, "finger3joint1": {"matrix": [[0.3945980966091156, -0.8873805999755859, 0.23842762410640717, -1.3812776803970337], [0.9185112714767456, 0.3880240321159363, -0.07598992437124252, 0.29264429211616516], [-0.02508367784321308, 0.24898399412631989, 0.9681826829910278, 0.43795233964920044], [0.0, 0.0, 0.0, 1.0]]}, "finger3joint2": {"matrix": [[0.23976893723011017, -0.36447712779045105, -0.8998149633407593, -2.1596715450286865], [0.9705588817596436, 0.06809249520301819, 0.2310386598110199, 0.6330118179321289], [-0.022937659174203873, -0.9287194013595581, 0.370073139667511, 0.6563564538955688], [0.0, 0.0, 0.0, 1.0]]}, "finger3joint3": {"matrix": [[0.36928823590278625, 0.6595960855484009, -0.6546440124511719, -2.395517587661743], [0.9200505018234253, -0.35871484875679016, 0.15757757425308228, 0.6770731210708618], [-0.13089299201965332, -0.6604973077774048, -0.739331066608429, 0.05540047585964203], [0.0, 0.0, 0.0, 1.0]]}, "Bone.003": {"matrix": [[-0.6072651743888855, 0.16948840022087097, 0.7762102484703064, -1.040867805480957], [0.2764650285243988, -0.8708449006080627, 0.40644341707229614, 0.5209667086601257], [0.7448462247848511, 0.46141403913497925, 0.4819762706756592, 0.3396640419960022], [0.0, 0.0, 0.0, 1.0]]}, "finger4joint1": {"matrix": [[-0.515998125076294, -0.856589138507843, -0.0006391480565071106, -0.9682217836380005], [0.8560471534729004, -0.5156445503234863, -0.035969000309705734, 0.14770561456680298], [0.030481116846203804, -0.019107114523649216, 0.9993525743484497, 0.5374350547790527], [0.0, 0.0, 0.0, 1.0]]}, "finger4joint2": {"matrix": [[-0.5354143381118774, -0.5581868886947632, -0.6338440179824829, -1.819122314453125], [0.8431476950645447, -0.3094194531440735, -0.4397285580635071, -0.36451455950737], [0.049327075481414795, -0.7698614001274109, 0.6363018751144409, 0.5184548497200012], [0.0, 0.0, 0.0, 1.0]]}, "finger4joint3": {"matrix": [[-0.4778316915035248, -0.39759358763694763, -0.783323347568512, -2.0519213676452637], [0.8722924590110779, -0.10934844613075256, -0.4766008257865906, -0.49356189370155334], [0.10383830219507217, -0.9110224843025208, 0.3990682363510132, 0.19737423956394196], [0.0, 0.0, 0.0, 1.0]]}}