{"root": {"matrix": [[0.42688584327697754, -0.4102146625518799, 0.8059109449386597, 0.0], [0.8198057413101196, 0.5517062544822693, -0.1534232646226883, 0.0], [-0.38168957829475403, 0.7261846661567688, 0.5718119144439697, 0.0], [0.0, 0.0, 0.0, 1.0]]}, "carpals": {"matrix": [[-0.6653633713722229, -0.7448064684867859, -0.05054347589612007, 0.4732608199119568], [0.6678974628448486, -0.5636780858039856, -0.4859832525253296, 2.4112372398376465], [0.333473265171051, -0.35711345076560974, 0.872505247592926, -0.21666637063026428], [0.0, 0.0, 0.0, 1.0]]}, "metacarpals": {"matrix": [[-0.1460677832365036, -0.646468997001648, 0.7488269209861755, -0.25217604637145996], [0.035389311611652374, -0.759875476360321, -0.6491044759750366, 1.8622181415557861], [0.9886413216590881, -0.06831285357475281, 0.1338714361190796, -0.5644927024841309], [0.0, 0.0, 0.0, 1.0]]}, "finger5joint1": {"matrix": [[-0.1457875370979309, -0.6268764734268188, 0.7653571367263794, -0.9035094380378723], [-0.007647734601050615, -0.772885262966156, -0.6344994902610779, 1.6893913745880127], [0.9892863035202026, -0.0983554869890213, 0.10788286477327347, -0.8320197463035583], [0.0, 0.0, 0.0, 1.0]]}, "finger5joint2": {"matrix": [[0.8248801231384277, -0.5515232682228088, 0.12407345324754715, -1.5656616687774658], [-0.5610005259513855, -0.8256765604019165, 0.05946467071771622, 0.8730140924453735], [0.06964842975139618, -0.11865674704313278, -0.9904894232749939, -0.9359098672866821], [0.0, 0.0, 0.0, 1.0]]}, "finger5joint3": {"matrix": [[0.7617027759552002, -0.646362841129303, 0.04498106241226196, -1.9447429180145264], [-0.6380510330200195, -0.7603579759597778, -0.12143294513225555, 0.3054976761341095], [0.1126914918422699, 0.06379543244838715, -0.9915797114372253, -1.0174669027328491], [0.0, 0.0, 0.0, 1.0]]}, "Bone": {"matrix": [[0.5504742860794067, -0.3691290020942688, 0.7488133907318115, -1.2614936828613281], [0.8083626627922058, 0.011520519852638245, -0.5885718464851379, 0.6758415699005127], [0.20863230526447296, 0.92930668592453, 0.30473190546035767, -0.6711480617523193], [0.0, 0.0, 0.0, 1.0]]}, "finger1joint1": {"matrix": [[-0.043973058462142944, -0.8961932063102722, 0.4414790868759155, -1.568678379058838], [0.11710206419229507, -0.44348379969596863, -0.8885993957519531, 0.6854288578033447], [0.992145836353302, 0.012623677961528301, 0.12444741278886795, 0.10220949351787567], [0.0, 0.0, 0.0, 1.0]]}, "finger1joint2": {"matrix": [[-0.15836374461650848, -0.4374871850013733, -0.8851698637008667, -2.0751874446868896], [0.390928715467453, 0.7954437136650085, -0.4630807638168335, 0.43478137254714966], [0.9066948890686035, -0.4193735420703888, 0.045056842267513275, 0.10934411734342575], [0.0, 0.0, 0.0, 1.0]]}, "finger1joint3": {"matrix": [[-0.23103609681129456, 0.26642748713493347, -0.9357555508613586, -2.262730836868286], [0.31257426738739014, 0.9311166405677795, 0.18793301284313202, 0.7757749557495117], [0.921368420124054, -0.24907377362251282, -0.298399955034256, -0.07043441385030746], [0.0, 0.0, 0.0, 1.0]]}, "Bone.001": {"matrix": [[0.47735390067100525, -0.2651374042034149, 0.8377559781074524, -1.2614936828613281], [0.6891975998878479, -0.47846293449401855, -0.5441319346427917, 0.6758415699005127], [0.5451050400733948, 0.8371230363845825, -0.045664090663194656, -0.6711480617523193], [0.0, 0.0, 0.0, 1.0]]}, "finger2joint1": {"matrix": [[-0.08082316070795059, -0.3046257495880127, 0.9490365386009216, -1.4295599460601807], [0.14412334561347961, -0.9457168579101562, -0.2912863790988922, 0.3725517988204956], [0.9862533807754517, 0.11323563009500504, 0.1203395426273346, -0.14050942659378052], [0.0, 0.0, 0.0, 1.0]]}, "finger2joint2": {"matrix": [[-0.19539552927017212, -0.500876784324646, 0.843174159526825, -1.6931066513061523], [0.08430942893028259, -0.8651421070098877, -0.49438920617103577, -0.4456341862678528], [0.9770938754081726, -0.025513947010040283, 0.21127359569072723, -0.042543742805719376], [0.0, 0.0, 0.0, 1.0]]}, "finger2joint3": {"matrix": [[-0.32610854506492615, -0.7166672945022583, 0.6164745092391968, -1.8832476139068604], [0.028359103947877884, -0.6592475175857544, -0.7513907551765442, -0.7740562558174133], [0.9449067115783691, -0.2275523692369461, 0.235310360789299, -0.052229247987270355], [0.0, 0.0, 0.0, 1.0]]}, "Bone.002": {"matrix": [[0.1440408080816269, -0.4221099317073822, 0.8950280547142029, -1.2614936828613281], [0.16885659098625183, -0.8807109594345093, -0.44253289699554443, 0.6758415699005127], [0.9750587940216064, 0.21487413346767426, -0.055582281202077866, -0.6711480021476746], [0.0, 0.0, 0.0, 1.0]]}, "finger3joint1": {"matrix": [[0.4920547902584076, -0.14653243124485016, 0.8581433892250061, -1.4394173622131348], [0.7793598771095276, -0.36509010195732117, -0.5092220902442932, 0.3046130836009979], [0.3879174590110779, 0.9193679094314575, -0.06544286757707596, -0.5805764198303223], [0.0, 0.0, 0.0, 1.0]]}, "finger3joint2": {"matrix": [[0.4290294349193573, -0.7616503834724426, -0.48561525344848633, -1.5679527521133423], [0.7309862971305847, 0.6085765957832336, -0.30869626998901367, -0.015637248754501343], [0.5306529402732849, -0.22253842651844025, 0.8178533911705017, 0.225876122713089], [0.0, 0.0, 0.0, 1.0]]}, "finger3joint3": {"matrix": [[0.46625807881355286, -0.36852046847343445, -0.8042361736297607, -2.0608017444610596], [0.8017686605453491, 0.5602261424064636, 0.20811884105205536, 0.3781607151031494], [0.3738582730293274, -0.7418487071990967, 0.5566781759262085, 0.08187590539455414], [0.0, 0.0, 0.0, 1.0]]}, "Bone.003": {"matrix": [[0.3608430027961731, 0.15380893647670746, 0.9198559522628784, -1.2614938020706177], [-0.5784897804260254, -0.7367266416549683, 0.35011887550354004, 0.6758415699005127], [0.7315338253974915, -0.6584653854370117, -0.17686572670936584, -0.6711480617523193], [0.0, 0.0, 0.0, 1.0]]}, "finger4joint1": {"matrix": [[0.1526893824338913, -0.2690316438674927, 0.9509508609771729, -1.1955682039260864], [0.5309442281723022, -0.7892428636550903, -0.3085344135761261, 0.360066294670105], [0.8335370421409607, 0.5520119071006775, 0.022331848740577698, -0.9533791542053223], [0.0, 0.0, 0.0, 1.0]]}, "finger4joint2": {"matrix": [[0.1648167222738266, -0.8759251236915588, 0.45342063903808594, -1.462813377380371], [0.5066558718681335, -0.3192332088947296, -0.8008679151535034, -0.4239352345466614], [0.8462475538253784, 0.3617246448993683, 0.3911777138710022, -0.4050331115722656], [0.0, 0.0, 0.0, 1.0]]}, "finger4joint3": {"matrix": [[0.23040778934955597, -0.9690257906913757, 0.0888867974281311, -1.8281291723251343], [0.543100118637085, 0.05226296931505203, -0.8380395174026489, -0.557075560092926], [0.8074367046356201, 0.24136526882648468, 0.5383199453353882, -0.2541711926460266], [0.0, 0.0, 0.0, 1.0]]}}