{"root": {"matrix": [[0.5733935832977295, -0.7911027073860168, 0.213017076253891, -5.960464477539063e-08], [0.37281334400177, 0.02042309008538723, -0.927681565284729, 0.0], [0.729541003704071, 0.6113423109054565, 0.3066440522670746, 0.0], [0.0, 0.0, 0.0, 1.0]]}, "carpals": {"matrix": [[-0.1273644119501114, -0.6669669151306152, -0.7341206669807434, 0.49842166900634766], [0.9635829925537109, -0.25866392254829407, 0.06782816350460052, 0.9673939347267151], [-0.23512953519821167, -0.6987472772598267, 0.6756227016448975, 2.213754892349243], [0.0, 0.0, 0.0, 1.0]]}, "metacarpals": {"matrix": [[-0.02744540199637413, -0.8743394017219543, -0.4845379590988159, -0.1512000560760498], [0.9757598042488098, -0.12871302664279938, 0.17699074745178223, 0.7154568433761597], [-0.21711623668670654, -0.4679349660873413, 0.8566778898239136, 1.5331792831420898], [0.0, 0.0, 0.0, 1.0]]}, "finger5joint1": {"matrix": [[-0.19559346139431, -0.7979767918586731, -0.570066511631012, -0.4460199475288391], [0.9473559856414795, -0.3040018081665039, 0.1004965528845787, 0.3979836404323578], [-0.2534950375556946, -0.5203993916511536, 0.8154289126396179, 0.9518300294876099], [0.0, 0.0, 0.0, 1.0]]}, "finger5joint2": {"matrix": [[-0.4979909658432007, -0.8646224737167358, 0.06657524406909943, -1.2889007329940796], [0.08562096208333969, -0.12542080879211426, -0.9884019494056702, 0.07687497138977051], [0.8629447221755981, -0.4865148663520813, 0.13648810982704163, 0.4021466076374054], [0.0, 0.0, 0.0, 1.0]]}, "finger5joint3": {"matrix": [[-0.5794399380683899, -0.8061760067939758, -0.11970315128564835, -1.883185863494873], [0.12782356142997742, 0.05516323819756508, -0.9902615547180176, -0.009331155568361282], [0.8049285411834717, -0.5890978574752808, 0.0710844099521637, 0.06774786114692688], [0.0, 0.0, 0.0, 1.0]]}, "Bone": {"matrix": [[0.8974143862724304, -0.09491421282291412, -0.43085765838623047, -1.5162867307662964], [0.2624521553516388, 0.8998449444770813, 0.34842196106910706, 0.5145001411437988], [0.3546348214149475, -0.42575836181640625, 0.8324443697929382, 0.8026027679443359], [0.0, 0.0, 0.0, 1.0]]}, "finger1joint1": {"matrix": [[0.10360832512378693, -0.9945119023323059, 0.014523945748806, -1.5952730178833008], [0.9909219741821289, 0.10447005927562714, 0.08461491018533707, 1.263339877128601], [-0.08566780388355255, 0.005625422578305006, 0.9963077306747437, 0.44829195737838745], [0.0, 0.0, 0.0, 1.0]]}, "finger1joint2": {"matrix": [[0.1141364648938179, -0.5305893421173096, -0.8399091958999634, -2.1573498249053955], [0.9158197641372681, -0.27146396040916443, 0.29594185948371887, 1.3223841190338135], [-0.3850286602973938, -0.8029831647872925, 0.4549403786659241, 0.45147132873535156], [0.0, 0.0, 0.0, 1.0]]}, "finger1joint3": {"matrix": [[0.04787803441286087, 0.6076810956001282, -0.7927364110946655, -2.3848044872283936], [0.9504216909408569, -0.2718486487865448, -0.15098710358142853, 1.2060120105743408], [-0.3072563409805298, -0.7462049722671509, -0.5905687808990479, 0.10724565386772156], [0.0, 0.0, 0.0, 1.0]]}, "Bone.001": {"matrix": [[0.7549279928207397, -0.5496461391448975, -0.357732355594635, -1.5162866115570068], [0.5905371308326721, 0.8069857358932495, 0.006307625211775303, 0.5145001411437988], [0.28521794080734253, -0.21601592004299164, 0.9338026642799377, 0.8026028275489807], [0.0, 0.0, 0.0, 1.0]]}, "finger2joint1": {"matrix": [[0.21011915802955627, -0.27968698740005493, -0.9368162751197815, -1.8646982908248901], [0.9721347093582153, 0.16164080798625946, 0.169782817363739, 1.0260350704193115], [0.10394178330898285, -0.9463862776756287, 0.30585741996765137, 0.6656738519668579], [0.0, 0.0, 0.0, 1.0]]}, "finger2joint2": {"matrix": [[0.2696365714073181, -0.17238201200962067, -0.947407066822052, -2.1066694259643555], [0.9629018306732178, 0.03725234791636467, 0.2672683000564575, 1.1658785343170166], [-0.01077903714030981, -0.9843252301216125, 0.176031693816185, -0.1530912220478058], [0.0, 0.0, 0.0, 1.0]]}, "finger2joint3": {"matrix": [[0.3316531479358673, 0.009894208051264286, -0.943349301815033, -2.1721081733703613], [0.9330613017082214, -0.1510819047689438, 0.3264516294002533, 1.1800200939178467], [-0.13929297029972076, -0.988471508026123, -0.05933855101466179, -0.5267572402954102], [0.0, 0.0, 0.0, 1.0]]}, "Bone.002": {"matrix": [[0.16339564323425293, -0.9553378820419312, -0.24623379111289978, -1.5162866115570068], [0.9857860207557678, 0.1679888218641281, 0.0023839662317186594, 0.5145000219345093], [0.039087120443582535, -0.24312317371368408, 0.9692074060440063, 0.8026028275489807], [0.0, 0.0, 0.0, 1.0]]}, "finger3joint1": {"matrix": [[0.2397368997335434, -0.9438379406929016, -0.22736723721027374, -1.9189711809158325], [0.9674937129020691, 0.2128443419933319, 0.13657765090465546, 0.5853090286254883], [-0.08051326870918274, -0.25271886587142944, 0.9641838669776917, 0.7001239657402039], [0.0, 0.0, 0.0, 1.0]]}, "finger3joint2": {"matrix": [[0.09611640125513077, 0.4012402892112732, -0.9109157919883728, -2.7468883991241455], [0.9829418063163757, -0.18242771923542023, 0.023360472172498703, 0.7720121741294861], [-0.15680301189422607, -0.8976225852966309, -0.4119298756122589, 0.47844362258911133], [0.0, 0.0, 0.0, 1.0]]}, "finger3joint3": {"matrix": [[0.267718106508255, 0.9414254426956177, -0.2050483226776123, -2.4872536659240723], [0.9547362923622131, -0.2878408432006836, -0.07500942051410675, 0.6539667844772339], [-0.1296369880437851, -0.1756860464811325, -0.9758731722831726, -0.10239025950431824], [0.0, 0.0, 0.0, 1.0]]}, "Bone.003": {"matrix": [[-0.5148513317108154, -0.6674733757972717, 0.5379657745361328, -1.5162866115570068], [0.7457829713821411, -0.6581932902336121, -0.10290439426898956, 0.5145000219345093], [0.4227715730667114, 0.34822532534599304, 0.8366619348526001, 0.8026027679443359], [0.0, 0.0, 0.0, 1.0]]}, "finger4joint1": {"matrix": [[-0.3990860879421234, -0.6991570591926575, -0.5932193398475647, -1.8023786544799805], [0.803695023059845, -0.5781610608100891, 0.14072667062282562, 0.23238560557365417], [-0.4413662552833557, -0.4206053912639618, 0.792645275592804, 0.9518589377403259], [0.0, 0.0, 0.0, 1.0]]}, "finger4joint2": {"matrix": [[-0.42638880014419556, 0.150592640042305, -0.8919158577919006, -2.4968926906585693], [0.7927980422973633, -0.41252681612968445, -0.44865649938583374, -0.3419358730316162], [-0.43550342321395874, -0.8984115123748779, 0.056507408618927, 0.5340467691421509], [0.0, 0.0, 0.0, 1.0]]}, "finger4joint3": {"matrix": [[-0.4243379533290863, 0.578040599822998, -0.6969977021217346, -2.4340860843658447], [0.8308240175247192, -0.057561662048101425, -0.5535502433776855, -0.5139855146408081], [-0.36009469628334045, -0.8139750957489014, -0.4558244049549103, 0.15935267508029938], [0.0, 0.0, 0.0, 1.0]]}}