{"root": {"matrix": [[0.3282681405544281, -0.8565700054168701, 0.3981555998325348, 0.0], [0.4753868579864502, -0.21442542970180511, -0.8532462120056152, 0.0], [0.8162398338317871, 0.4693714678287506, 0.3368130028247833, 0.0], [0.0, 0.0, 0.0, 1.0]]}, "carpals": {"matrix": [[-0.41279229521751404, -0.46582409739494324, -0.7826941609382629, -0.14081797003746033], [0.8907501101493835, -0.3858838379383087, -0.2401203215122223, 0.9611192345619202], [-0.19017508625984192, -0.7963047623634338, 0.5742228031158447, 2.2674667835235596], [0.0, 0.0, 0.0, 1.0]]}, "metacarpals": {"matrix": [[-0.4465002417564392, -0.6285417079925537, -0.6368458271026611, -0.5945277214050293], [0.8816321492195129, -0.43061283230781555, -0.193124920129776, 0.5852706432342529], [-0.1528468132019043, -0.6476940512657166, 0.7464113235473633, 1.4918708801269531], [0.0, 0.0, 0.0, 1.0]]}, "finger5joint1": {"matrix": [[-0.3617626428604126, -0.6904650926589966, -0.6264067888259888, -0.6128942370414734], [0.932262122631073, -0.27072402834892273, -0.23999115824699402, 0.2642822563648224], [-0.003877724288031459, -0.6707950830459595, 0.741632342338562, 0.842021644115448], [0.0, 0.0, 0.0, 1.0]]}, "finger5joint2": {"matrix": [[-0.4458770453929901, -0.8419513702392578, -0.30382704734802246, -1.3422133922576904], [-0.2845686972141266, 0.45516258478164673, -0.8437105417251587, -0.021676063537597656], [0.8486540913581848, -0.2897312045097351, -0.44253960251808167, 0.13347938656806946], [0.0, 0.0, 0.0, 1.0]]}, "finger5joint3": {"matrix": [[-0.5051243305206299, -0.6735022664070129, -0.5396696925163269, -1.9209160804748535], [-0.1939508020877838, 0.6978987455368042, -0.6894347071647644, 0.29117318987846375], [0.8409708142280579, -0.2435806393623352, -0.483151912689209, -0.06566301733255386], [0.0, 0.0, 0.0, 1.0]]}, "Bone": {"matrix": [[0.6036103367805481, -0.43749701976776123, -0.6665213108062744, -1.5758559703826904], [0.5763960480690002, 0.8170451521873474, -0.014307305216789246, -0.08703553676605225], [0.5508373379707336, -0.37554413080215454, 0.7453485131263733, 0.48064059019088745], [0.0, 0.0, 0.0, 1.0]]}, "finger1joint1": {"matrix": [[-0.10970678925514221, -0.4515995681285858, -0.8854501247406006, -1.9399356842041016], [0.8740659356117249, 0.3803194463253021, -0.3022676706314087, 0.5928993821144104], [0.4732578992843628, -0.8071025609970093, 0.3530042767524719, 0.16811737418174744], [0.0, 0.0, 0.0, 1.0]]}, "finger1joint2": {"matrix": [[0.17413851618766785, -0.16636374592781067, -0.9705661535263062, -2.1951699256896973], [0.9168081283569336, 0.3870794475078583, 0.09814445674419403, 0.8078476190567017], [0.359358549118042, -0.9069135785102844, 0.21992918848991394, -0.28803950548171997], [0.0, 0.0, 0.0, 1.0]]}, "finger1joint3": {"matrix": [[0.08093661814928055, 0.2769257426261902, -0.9574764370918274, -2.2664871215820312], [0.9072127938270569, 0.37739691138267517, 0.18584030866622925, 0.9737822413444519], [0.41281265020370483, -0.8836761116981506, -0.2206851840019226, -0.6768184900283813], [0.0, 0.0, 0.0, 1.0]]}, "Bone.001": {"matrix": [[0.33694058656692505, -0.8222877979278564, -0.4585994482040405, -1.5758559703826904], [0.8128575682640076, 0.49984630942344666, -0.29902517795562744, -0.08703553676605225], [0.47511404752731323, -0.27202221751213074, 0.836821436882019, 0.48064059019088745], [0.0, 0.0, 0.0, 1.0]]}, "finger2joint1": {"matrix": [[-0.31477048993110657, -0.6134860515594482, -0.7242610454559326, -2.097090721130371], [0.9490483403205872, -0.21552477777004242, -0.22990456223487854, 0.22980885207653046], [-0.015052863396704197, -0.7597258687019348, 0.6500688791275024, 0.3082101345062256], [0.0, 0.0, 0.0, 1.0]]}, "finger2joint2": {"matrix": [[-0.3006758689880371, 0.12367255985736847, -0.9456737637519836, -2.627847671508789], [0.9428377747535706, -0.11086021363735199, -0.31427204608917236, 0.04334782063961029], [-0.1437043398618698, -0.9861108660697937, -0.08327002823352814, -0.349065899848938], [0.0, 0.0, 0.0, 1.0]]}, "finger2joint3": {"matrix": [[-0.19879719614982605, 0.820212721824646, -0.536405086517334, -2.580899477005005], [0.9481846690177917, 0.022555185481905937, -0.3169178068637848, 0.0012634648010134697], [-0.2478412240743637, -0.571613609790802, -0.7821969985961914, -0.7234097719192505], [0.0, 0.0, 0.0, 1.0]]}, "Bone.002": {"matrix": [[-0.3246680498123169, -0.8724836707115173, -0.36518850922584534, -1.5758558511734009], [0.935758113861084, -0.24011187255382538, -0.25826936960220337, -0.08703553676605225], [0.13764981925487518, -0.4255797266960144, 0.894390344619751, 0.48064059019088745], [0.0, 0.0, 0.0, 1.0]]}, "finger3joint1": {"matrix": [[-0.38283196091651917, -0.7553611993789673, -0.5318542122840881, -1.9436166286468506], [0.9199526906013489, -0.36432406306266785, -0.14475944638252258, -0.18824511766433716], [-0.08442147076129913, -0.5446990728378296, 0.8343713879585266, 0.3012544512748718], [0.0, 0.0, 0.0, 1.0]]}, "finger3joint2": {"matrix": [[-0.4765312671661377, 0.21063074469566345, -0.8535528779029846, -2.606205463409424], [0.8556857109069824, -0.11172368377447128, -0.5052919387817383, -0.5078234672546387], [-0.2017918825149536, -0.9711602330207825, -0.12699373066425323, -0.17654544115066528], [0.0, 0.0, 0.0, 1.0]]}, "finger3joint3": {"matrix": [[-0.3151623606681824, 0.8053553700447083, -0.5020708441734314, -2.4699103832244873], [0.9218597412109375, 0.13408920168876648, -0.36358606815338135, -0.5801175832748413], [-0.22549353539943695, -0.5774277448654175, -0.7846843600273132, -0.8049641847610474], [0.0, 0.0, 0.0, 1.0]]}, "Bone.003": {"matrix": [[-0.8620917201042175, -0.3270672559738159, 0.3870718479156494, -1.5758559703826904], [0.3621656894683838, -0.9319165945053101, 0.019171234220266342, -0.08703556656837463], [0.354448527097702, 0.15671148896217346, 0.9218500852584839, 0.48064059019088745], [0.0, 0.0, 0.0, 1.0]]}, "finger4joint1": {"matrix": [[-0.472171425819397, -0.4775152802467346, -0.7409674525260925, -1.7160433530807495], [0.8599948287010193, -0.4340999126434326, -0.26826491951942444, -0.48647308349609375], [-0.1935531497001648, -0.7638952136039734, 0.6156303882598877, 0.5478101968765259], [0.0, 0.0, 0.0, 1.0]]}, "finger4joint2": {"matrix": [[-0.49721360206604004, -0.13853344321250916, -0.8564966917037964, -2.190387487411499], [0.8444772362709045, -0.30379143357276917, -0.44109952449798584, -0.9176901578903198], [-0.1990891396999359, -0.9426127076148987, 0.26803773641586304, -0.21101197600364685], [0.0, 0.0, 0.0, 1.0]]}, "finger4joint3": {"matrix": [[-0.47139427065849304, 0.06921292841434479, -0.8792021870613098, -2.248164653778076], [0.873169481754303, -0.10347768664360046, -0.4763057827949524, -1.044390320777893], [-0.12394415587186813, -0.9922204613685608, -0.011655671522021294, -0.6041407585144043], [0.0, 0.0, 0.0, 1.0]]}}