{"root": {"matrix": [[0.35576820373535156, -0.9339253902435303, -0.03481930494308472, -5.960464477539063e-08], [0.10723911970853806, 0.07780558615922928, -0.9911841750144958, 0.0], [0.9284011721611023, 0.3488978445529938, 0.1278340071439743, -2.9802322387695312e-08], [0.0, 0.0, 0.0, 1.0]]}, "carpals": {"matrix": [[0.30262041091918945, -0.47324639558792114, -0.8273200988769531, -0.10566619038581848], [0.8403058052062988, -0.2771545648574829, 0.4659092128276825, 0.43011102080345154], [-0.4497852623462677, -0.8361955285072327, 0.3137991726398468, 2.426690101623535], [0.0, 0.0, 0.0, 1.0]]}, "metacarpals": {"matrix": [[0.5303155183792114, -0.711479663848877, -0.46104440093040466, -0.5666053295135498], [0.522188127040863, -0.15429732203483582, 0.8387560844421387, 0.16016414761543274], [-0.6678957343101501, -0.6855572462081909, 0.28970015048980713, 1.6122405529022217], [0.0, 0.0, 0.0, 1.0]]}, "finger5joint1": {"matrix": [[0.2500050365924835, -0.74434894323349, -0.61922687292099, -0.8760184645652771], [0.46963566541671753, -0.46604791283607483, 0.7498276829719543, -0.36455175280570984], [-0.8467227220535278, -0.4782716929912567, 0.23305866122245789, 1.2190337181091309], [0.0, 0.0, 0.0, 1.0]]}, "finger5joint2": {"matrix": [[-0.6129672527313232, -0.6052460670471191, -0.5078856348991394, -1.6622538566589355], [0.7520938515663147, -0.2499733567237854, -0.6098096966743469, -0.8568251729011536], [0.24212723970413208, -0.7557709217071533, 0.6084274053573608, 0.7138485908508301], [0.0, 0.0, 0.0, 1.0]]}, "finger5joint3": {"matrix": [[-0.637898325920105, -0.3701338768005371, -0.6753414273262024, -2.0782604217529297], [0.7578998804092407, -0.14611952006816864, -0.6357959508895874, -1.0286407470703125], [0.1366492658853531, -0.9174143671989441, 0.37373390793800354, 0.19438067078590393], [0.0, 0.0, 0.0, 1.0]]}, "Bone": {"matrix": [[0.8212664723396301, 0.4711817800998688, -0.3217279016971588, -1.6774225234985352], [0.1616096943616867, 0.3486868441104889, 0.923200786113739, -0.08073681592941284], [0.5471776127815247, -0.8101882338523865, 0.2102174311876297, 0.5418955087661743], [0.0, 0.0, 0.0, 1.0]]}, "finger1joint1": {"matrix": [[0.7064160108566284, -0.703995943069458, -0.07325167208909988, -1.285310983657837], [0.5727850794792175, 0.5077998638153076, 0.6434721946716309, 0.2094360888004303], [-0.4158046543598175, -0.4965163469314575, 0.7619564533233643, -0.1323331594467163], [0.0, 0.0, 0.0, 1.0]]}, "finger1joint2": {"matrix": [[0.709113359451294, -0.7019035220146179, -0.06700330227613449, -1.6831942796707153], [0.3394063413143158, 0.25650259852409363, 0.9049915671348572, 0.4964335262775421], [-0.618030309677124, -0.664482831954956, 0.42012012004852295, -0.4129534363746643], [0.0, 0.0, 0.0, 1.0]]}, "finger1joint3": {"matrix": [[0.7239529490470886, -0.5498023629188538, -0.41666457056999207, -1.984088659286499], [0.41967257857322693, -0.12835955619812012, 0.8985536694526672, 0.606391966342926], [-0.5475099086761475, -0.8253731727600098, 0.13781091570854187, -0.6978062987327576], [0.0, 0.0, 0.0, 1.0]]}, "Bone.001": {"matrix": [[0.8882158994674683, 0.007199166342616081, -0.4593694508075714, -1.6774226427078247], [0.37770596146583557, 0.5577932596206665, 0.7390566468238831, -0.08073681592941284], [0.2615538239479065, -0.829948365688324, 0.4927218556404114, 0.5418954491615295], [0.0, 0.0, 0.0, 1.0]]}, "finger2joint1": {"matrix": [[0.6248915195465088, -0.6339856386184692, -0.45560115575790405, -1.6728591918945312], [0.5187315940856934, -0.09896285831928253, 0.8491900563240051, 0.27283918857574463], [-0.5834618806838989, -0.7669863700866699, 0.26702752709388733, 0.015804767608642578], [0.0, 0.0, 0.0, 1.0]]}, "finger2joint2": {"matrix": [[0.604417085647583, -0.22440432012081146, -0.7644098401069641, -2.221351146697998], [0.42695197463035583, -0.7188405394554138, 0.5486166477203369, 0.18722160160541534], [-0.6726007461547852, -0.6579595804214478, -0.33866944909095764, -0.6477527022361755], [0.0, 0.0, 0.0, 1.0]]}, "finger2joint3": {"matrix": [[0.6405580639839172, 0.20985627174377441, -0.7386780977249146, -2.3065388202667236], [0.290945440530777, -0.9565417766571045, -0.019452137872576714, -0.08566206693649292], [-0.7106586694717407, -0.20245496928691864, -0.6737772226333618, -0.897524893283844], [0.0, 0.0, 0.0, 1.0]]}, "Bone.002": {"matrix": [[0.6487818956375122, -0.6621232032775879, -0.37506628036499023, -1.6774226427078247], [0.6479800939559937, 0.22225241363048553, 0.7285091876983643, -0.08073681592941284], [-0.39900338649749756, -0.715678870677948, 0.5732361078262329, 0.5418955087661743], [0.0, 0.0, 0.0, 1.0]]}, "finger3joint1": {"matrix": [[0.6501017808914185, -0.40472546219825745, -0.6430901288986206, -1.9565141201019287], [0.563975989818573, -0.3101685345172882, 0.7653277516365051, 0.012944817543029785], [-0.509213924407959, -0.8602281808853149, 0.026614556089043617, 0.24022966623306274], [0.0, 0.0, 0.0, 1.0]]}, "finger3joint2": {"matrix": [[0.6023787260055542, 0.02493808977305889, -0.7978207468986511, -2.3115317821502686], [0.4777170717716217, -0.8120062947273254, 0.33530914783477783, -0.25912922620773315], [-0.6394733786582947, -0.5831156969070435, -0.5010484457015991, -0.5143465995788574], [0.0, 0.0, 0.0, 1.0]]}, "finger3joint3": {"matrix": [[0.7284497618675232, 0.22844234108924866, -0.6458907723426819, -2.2953951358795166], [0.37364310026168823, -0.9226886630058289, 0.09506089985370636, -0.7845625281333923], [-0.5742400884628296, -0.3105798661708832, -0.7574880123138428, -0.8916692733764648], [0.0, 0.0, 0.0, 1.0]]}, "Bone.003": {"matrix": [[-0.10935060679912567, -0.9634667634963989, 0.2444874495267868, -1.6774227619171143], [0.9390571713447571, -0.019488409161567688, 0.3432081937789917, -0.08073680102825165], [-0.3259047567844391, 0.26711779832839966, 0.9068814516067505, 0.5418955087661743], [0.0, 0.0, 0.0, 1.0]]}, "finger4joint1": {"matrix": [[0.8917666077613831, -0.2264668196439743, -0.39174577593803406, -2.0903830528259277], [0.45021066069602966, 0.35717207193374634, 0.8183754086494446, -0.08908993005752563], [-0.04541425779461861, -0.9061678647994995, 0.4204721450805664, 0.6563873291015625], [0.0, 0.0, 0.0, 1.0]]}, "finger4joint2": {"matrix": [[0.8786098957061768, 0.05445624515414238, -0.4744246304035187, -2.3153462409973145], [0.4739988148212433, -0.2202100157737732, 0.8525447249412537, 0.26571017503738403], [-0.058046694844961166, -0.9739310145378113, -0.2192906141281128, -0.24376264214515686], [0.0, 0.0, 0.0, 1.0]]}, "finger4joint3": {"matrix": [[0.8778881430625916, 0.25131362676620483, -0.4076191186904907, -2.2926344871520996], [0.47814103960990906, -0.4132295548915863, 0.7749982476234436, 0.17386874556541443], [0.02632731944322586, -0.8752613663673401, -0.482932448387146, -0.6499531269073486], [0.0, 0.0, 0.0, 1.0]]}}