{"root": {"matrix": [[0.307597279548645, -0.4623636305332184, 0.8316271901130676, -2.9802322387695312e-08], [0.9389728903770447, 0.2889460325241089, -0.18665499985218048, -2.9802322387695312e-08], [-0.15399281680583954, 0.8382899761199951, 0.5230259299278259, 5.960464477539063e-08], [0.0, 0.0, 0.0, 1.0]]}, "carpals": {"matrix": [[-0.8301554322242737, -0.5206133723258972, 0.19950798153877258, 0.14955738186836243], [0.21334834396839142, -0.627241313457489, -0.7490330934524536, 2.4272727966308594], [0.5150963664054871, -0.5792492628097534, 0.6317798495292664, 0.413479208946228], [0.0, 0.0, 0.0, 1.0]]}, "metacarpals": {"matrix": [[-0.040407970547676086, -0.5175631642341614, 0.8546901941299438, -0.357516884803772], [-0.5063727498054504, -0.7267987132072449, -0.46405813097953796, 1.8163433074951172], [0.8613672852516174, -0.45154356956481934, -0.232711523771286, -0.15070611238479614], [0.0, 0.0, 0.0, 1.0]]}, "finger5joint1": {"matrix": [[0.2656092941761017, -0.6361005306243896, 0.7244498133659363, -0.997376024723053], [-0.27509745955467224, -0.7702059745788574, -0.5754162073135376, 1.6813311576843262], [0.9239983558654785, -0.04645844176411629, -0.3795636296272278, -0.46379855275154114], [0.0, 0.0, 0.0, 1.0]]}, "finger5joint2": {"matrix": [[0.7305485010147095, -0.5077797174453735, -0.45657220482826233, -1.6692712306976318], [-0.5615670084953308, -0.8271545767784119, 0.021378299221396446, 0.8677839040756226], [-0.38851144909858704, 0.24077798426151276, -0.8894292712211609, -0.512871265411377], [0.0, 0.0, 0.0, 1.0]]}, "finger5joint3": {"matrix": [[0.7039774060249329, -0.4560857117176056, -0.5444272756576538, -2.0182859897613525], [-0.636655330657959, -0.7449957132339478, -0.19912460446357727, 0.29925158619880676], [-0.31477823853492737, 0.4867919385433197, -0.81482994556427, -0.34737616777420044], [0.0, 0.0, 0.0, 1.0]]}, "Bone": {"matrix": [[0.43095049262046814, -0.26174840331077576, 0.863579273223877, -1.1655768156051636], [0.6764706969261169, -0.5396637320518494, -0.5011487603187561, 0.6816089153289795], [0.5972173810005188, 0.8001565933227539, -0.055503252893686295, -0.8556909561157227], [0.0, 0.0, 0.0, 1.0]]}, "finger1joint1": {"matrix": [[0.14306403696537018, -0.7945570349693298, 0.5900945663452148, -1.383400559425354], [-0.3493841886520386, -0.5983861088752747, -0.7210162281990051, 0.2325073778629303], [0.9259930849075317, -0.10301816463470459, -0.3632132411003113, -0.18981051445007324], [0.0, 0.0, 0.0, 1.0]]}, "finger1joint2": {"matrix": [[-0.027525177225470543, -0.6627832651138306, -0.7483051419258118, -1.832466959953308], [-0.1012374684214592, 0.7465881705284119, -0.6575384140014648, -0.1056874692440033], [0.9944813847541809, 0.057657692581415176, -0.0876484140753746, -0.24803413450717926], [0.0, 0.0, 0.0, 1.0]]}, "finger1joint3": {"matrix": [[-0.07883260399103165, -0.17953145503997803, -0.980588436126709, -2.116591215133667], [-0.1946294605731964, 0.9674921631813049, -0.1614866703748703, 0.21436256170272827], [0.977703869342804, 0.17812100052833557, -0.11121197789907455, -0.2233172357082367], [0.0, 0.0, 0.0, 1.0]]}, "Bone.001": {"matrix": [[0.4156244099140167, -0.09007538855075836, 0.9050648808479309, -1.1655768156051636], [0.38990136981010437, -0.8813690543174744, -0.2667679786682129, 0.6816089153289795], [0.8217255473136902, 0.4637613892555237, -0.3311980664730072, -0.8556908965110779], [0.0, 0.0, 0.0, 1.0]]}, "finger2joint1": {"matrix": [[0.005586550571024418, -0.3627743422985077, 0.9318601489067078, -1.2226741313934326], [-0.4014829695224762, -0.8542837500572205, -0.3301670551300049, 0.12292349338531494], [0.9158492684364319, -0.372281551361084, -0.15042029321193695, -0.5617201924324036], [0.0, 0.0, 0.0, 1.0]]}, "finger2joint2": {"matrix": [[-0.11338230222463608, -0.7700042724609375, 0.6278833746910095, -1.5365278720855713], [-0.4448554813861847, -0.5257295966148376, -0.7250597476959229, -0.6161591410636902], [0.8883962631225586, -0.3615263104438782, -0.28293225169181824, -0.883799135684967], [0.0, 0.0, 0.0, 1.0]]}, "finger2joint3": {"matrix": [[-0.25659817457199097, -0.803682804107666, -0.5368900895118713, -1.8288342952728271], [-0.43564194440841675, 0.5920339226722717, -0.6780202984809875, -0.8157347440719604], [0.8627706170082092, 0.05991312861442566, -0.5020328164100647, -1.021040439605713], [0.0, 0.0, 0.0, 1.0]]}, "Bone.002": {"matrix": [[0.22080782055854797, -0.2467888444662094, 0.943577766418457, -1.1655768156051636], [-0.3309274911880493, -0.9290224313735962, -0.16554145514965057, 0.6816089153289795], [0.9174588918685913, -0.2757030427455902, -0.2868047058582306, -0.8556909561157227], [0.0, 0.0, 0.0, 1.0]]}, "finger3joint1": {"matrix": [[0.1956906020641327, -0.15857017040252686, 0.9677605628967285, -1.269600749015808], [-0.03156406059861183, -0.9873474836349487, -0.1553972363471985, 0.29001665115356445], [0.9801576137542725, -0.00013661493721883744, -0.19821980595588684, -0.9719025492668152], [0.0, 0.0, 0.0, 1.0]]}, "finger3joint2": {"matrix": [[0.13046377897262573, -0.7781704664230347, 0.6143531203269958, -1.4086954593658447], [-0.1812363862991333, -0.6279263496398926, -0.7568762302398682, -0.5760663151741028], [0.9747474789619446, -0.012598172761499882, -0.22295449674129486, -0.9720223546028137], [0.0, 0.0, 0.0, 1.0]]}, "finger3joint3": {"matrix": [[-0.013477577827870846, -0.9484720230102539, 0.31657397747039795, -1.9122343063354492], [-0.08230353146791458, -0.3144758641719818, -0.9456906318664551, -0.9823851585388184], [0.9965161681175232, -0.03880075737833977, -0.0738242119550705, -0.9801743626594543], [0.0, 0.0, 0.0, 1.0]]}, "Bone.003": {"matrix": [[0.5284031629562378, 0.19852860271930695, 0.8254553079605103, -1.1655768156051636], [-0.7878804206848145, -0.24754191935062408, 0.5638857483863831, 0.6816089153289795], [0.3162822127342224, -0.9483192563056946, 0.025614852085709572, -0.8556909561157227], [0.0, 0.0, 0.0, 1.0]]}, "finger4joint1": {"matrix": [[0.22597143054008484, -0.4312893748283386, 0.8734564185142517, -1.0804835557937622], [-0.05869977921247482, -0.9010483026504517, -0.42972755432128906, 0.575507640838623], [0.9723636507987976, 0.045834481716156006, -0.2289278209209442, -1.262158989906311], [0.0, 0.0, 0.0, 1.0]]}, "finger4joint2": {"matrix": [[0.23284995555877686, -0.9367348551750183, -0.26135876774787903, -1.508908748626709], [-0.0876263752579689, 0.24744433164596558, -0.9649312496185303, -0.3195567727088928], [0.9685567617416382, 0.2475862205028534, -0.024465281516313553, -1.216628909111023], [0.0, 0.0, 0.0, 1.0]]}, "finger4joint3": {"matrix": [[0.3137093782424927, -0.7521817088127136, -0.5794901251792908, -1.8995859622955322], [-0.09376710653305054, 0.5827745795249939, -0.8072056770324707, -0.21635694801807404], [0.9448776245117188, 0.30756521224975586, 0.11229198426008224, -1.1133698225021362], [0.0, 0.0, 0.0, 1.0]]}}