{"root": {"matrix": [[0.30372539162635803, -0.7156065702438354, 0.6290136575698853, 0.0], [0.8792291283607483, -0.04380594938993454, -0.47438085079193115, -3.725290298461914e-09], [0.36702463030815125, 0.6971285939216614, 0.615877091884613, 0.0], [0.0, 0.0, 0.0, 1.0]]}, "carpals": {"matrix": [[-0.6076666116714478, -0.6640558838844299, -0.43562689423561096, -0.08429807424545288], [0.7812700867652893, -0.401282399892807, -0.478110134601593, 1.9988086223602295], [0.1426824927330017, -0.6308737993240356, 0.7626530528068542, 1.4431366920471191], [0.0, 0.0, 0.0, 1.0]]}, "metacarpals": {"matrix": [[-0.9202271699905396, -0.3898240923881531, 0.03491281718015671, -0.7310844659805298], [0.29070764780044556, -0.7405157685279846, -0.6059086322784424, 1.607961893081665], [0.2620513439178467, -0.5474241375923157, 0.7947676777839661, 0.8286694288253784], [0.0, 0.0, 0.0, 1.0]]}, "finger5joint1": {"matrix": [[-0.9075988531112671, -0.40537723898887634, 0.10923976451158524, -0.8064388632774353], [0.33566826581954956, -0.8569316864013672, -0.3911454379558563, 1.3836143016815186], [0.252172589302063, -0.31833478808403015, 0.9138225317001343, 0.14334861934185028], [0.0, 0.0, 0.0, 1.0]]}, "finger5joint2": {"matrix": [[0.21792848408222198, -0.862267792224884, 0.45716604590415955, -1.2346274852752686], [-0.2970251739025116, -0.504801869392395, -0.8105248808860779, 0.4784610867500305], [0.9296680688858032, 0.04084683954715729, -0.36612609028816223, -0.19289961457252502], [0.0, 0.0, 0.0, 1.0]]}, "finger5joint3": {"matrix": [[0.11097857356071472, -0.9506853222846985, 0.2896215319633484, -1.8272943496704102], [-0.2977787256240845, -0.3098413348197937, -0.9029538035392761, 0.13149304687976837], [0.9481619000434875, 0.013965587131679058, -0.3174796998500824, -0.16482412815093994], [0.0, 0.0, 0.0, 1.0]]}, "Bone": {"matrix": [[0.2386380285024643, -0.9658836126327515, -0.10060098022222519, -1.3397079706192017], [0.825089693069458, 0.2562970817089081, -0.5035262107849121, 0.451811283826828], [0.51213139295578, 0.03715575113892555, 0.8581028580665588, -0.026011653244495392], [0.0, 0.0, 0.0, 1.0]]}, "finger1joint1": {"matrix": [[-0.8365278244018555, -0.46736279129981995, -0.28599482774734497, -2.1435046195983887], [0.3911290168762207, -0.14381153881549835, -0.9090302586555481, 0.6650985479354858], [0.3837176561355591, -0.8722900152206421, 0.3031015992164612, 0.004908859729766846], [0.0, 0.0, 0.0, 1.0]]}, "finger1joint2": {"matrix": [[-0.700218141078949, 0.20679323375225067, -0.6833234429359436, -2.4076478481292725], [0.6521157622337341, 0.5748347640037537, -0.49427711963653564, 0.5838193893432617], [0.2905849516391754, -0.7917079329490662, -0.537362813949585, -0.48809054493904114], [0.0, 0.0, 0.0, 1.0]]}, "finger1joint3": {"matrix": [[-0.7729331254959106, 0.4238772988319397, -0.4721252918243408, -2.3189990520477295], [0.5771759152412415, 0.7787718772888184, -0.2457280308008194, 0.8302416801452637], [0.26351940631866455, -0.4624307453632355, -0.8465902805328369, -0.8274827003479004], [0.0, 0.0, 0.0, 1.0]]}, "Bone.001": {"matrix": [[-0.11582820117473602, -0.9600802659988403, 0.2546161711215973, -1.3397079706192017], [0.7976516485214233, -0.24266302585601807, -0.5521469116210938, 0.4518112540245056], [0.591891348361969, 0.13914093375205994, 0.7939169406890869, -0.026011653244495392], [0.0, 0.0, 0.0, 1.0]]}, "finger2joint1": {"matrix": [[-0.8052472472190857, -0.5639517903327942, -0.18312539160251617, -1.9482871294021606], [0.4312417507171631, -0.34505459666252136, -0.8336471915245056, 0.2979911267757416], [0.40694862604141235, -0.7502634525299072, 0.5210539698600769, 0.06218749284744263], [0.0, 0.0, 0.0, 1.0]]}, "finger2joint2": {"matrix": [[-0.8325638175010681, -0.03411275893449783, -0.5528774857521057, -2.436189651489258], [0.47345760464668274, 0.4742705523967743, -0.7422298192977905, -0.000532492995262146], [0.28753313422203064, -0.8797178268432617, -0.37870946526527405, -0.5869021415710449], [0.0, 0.0, 0.0, 1.0]]}, "finger2joint3": {"matrix": [[-0.778228223323822, 0.569028377532959, -0.26564472913742065, -2.449139356613159], [0.5891445279121399, 0.808012843132019, 0.004869281779974699, 0.17950838804244995], [0.21741518378257751, -0.15271387994289398, -0.9640584588050842, -0.9208574891090393], [0.0, 0.0, 0.0, 1.0]]}, "Bone.002": {"matrix": [[-0.7564414143562317, -0.5751522183418274, 0.31144198775291443, -1.3397079706192017], [0.4111199676990509, -0.7884507775306702, -0.45752111077308655, 0.4518112540245056], [0.5087010860443115, -0.21804778277873993, 0.8328734636306763, -0.026011653244495392], [0.0, 0.0, 0.0, 1.0]]}, "finger3joint1": {"matrix": [[-0.8761139512062073, -0.40255969762802124, 0.2652733325958252, -1.5821404457092285], [0.3620027005672455, -0.9127143025398254, -0.18949010968208313, 0.11947131156921387], [0.3184000253677368, -0.06998516619205475, 0.9453694224357605, -0.11792097985744476], [0.0, 0.0, 0.0, 1.0]]}, "finger3joint2": {"matrix": [[-0.9383684992790222, -0.34452393651008606, -0.027705511078238487, -1.9352585077285767], [0.22020281851291656, -0.5341200828552246, -0.8162269592285156, -0.6811447143554688], [0.26641181111335754, -0.7720224261283875, 0.5770667195320129, -0.1793106496334076], [0.0, 0.0, 0.0, 1.0]]}, "finger3joint3": {"matrix": [[-0.9362670183181763, -0.19348883628845215, -0.29319941997528076, -2.1581931114196777], [0.32755202054977417, -0.17924655973911285, -0.9276746511459351, -1.0267634391784668], [0.1269398331642151, -0.9645892977714539, 0.23120038211345673, -0.6788711547851562], [0.0, 0.0, 0.0, 1.0]]}, "Bone.003": {"matrix": [[-0.6331687569618225, 0.4643559157848358, 0.6192501187324524, -1.3397080898284912], [-0.37737271189689636, -0.8837201595306396, 0.27681848406791687, 0.4518112540245056], [0.6757861375808716, -0.058415256440639496, 0.7347792983055115, -0.026011653244495392], [0.0, 0.0, 0.0, 1.0]]}, "finger4joint1": {"matrix": [[-0.5432727336883545, -0.8381490707397461, 0.04858500510454178, -1.1406760215759277], [0.6552216410636902, -0.45946210622787476, -0.5996489524841309, 0.07303160429000854], [0.5249183177947998, -0.29393890500068665, 0.7987868189811707, -0.05104959011077881], [0.0, 0.0, 0.0, 1.0]]}, "finger4joint2": {"matrix": [[-0.561303436756134, -0.4064250886440277, -0.7209414839744568, -1.9732589721679688], [0.6328155994415283, 0.3506377339363098, -0.6903602480888367, -0.383379191160202], [0.5333691239356995, -0.84372478723526, 0.06037813425064087, -0.34303638339042664], [0.0, 0.0, 0.0, 1.0]]}, "finger4joint3": {"matrix": [[-0.5149696469306946, -0.13162419199943542, -0.8470423817634583, -2.142763614654541], [0.611509382724762, 0.6360646486282349, -0.47061407566070557, -0.2371412068605423], [0.600718080997467, -0.760326623916626, -0.247064471244812, -0.694922685623169], [0.0, 0.0, 0.0, 1.0]]}}