{"root": {"matrix": [[0.2895321846008301, -0.6596262454986572, 0.6935880184173584, -5.960464477539063e-08], [0.7865957617759705, 0.5768515467643738, 0.22024837136268616, 5.960464477539063e-08], [-0.5453788638114929, 0.48180443048477173, 0.6858763694763184, 2.9802322387695312e-08], [0.0, 0.0, 0.0, 1.0]]}, "carpals": {"matrix": [[-0.9800634384155273, -0.19718283414840698, 0.02437877096235752, -0.0688609629869461], [0.18380184471607208, -0.9463948011398315, -0.2656189501285553, 2.3187358379364014], [0.07544741779565811, -0.2558427155017853, 0.9637697339057922, -0.8388725519180298], [0.0, 0.0, 0.0, 1.0]]}, "metacarpals": {"matrix": [[-0.05893649160861969, -0.6170950531959534, 0.7846782207489014, -0.26091593503952026], [0.34827473759651184, -0.7493655681610107, -0.5631656646728516, 1.3969529867172241], [0.9355378746986389, 0.24009254574775696, 0.25908365845680237, -1.088061809539795], [0.0, 0.0, 0.0, 1.0]]}, "finger5joint1": {"matrix": [[-0.1386486142873764, -0.6064249277114868, 0.7829592227935791, -0.9255229830741882], [0.20396627485752106, -0.7911312580108643, -0.5766356587409973, 1.1398708820343018], [0.9691100120544434, 0.07974740117788315, 0.2333795428276062, -1.2217817306518555], [0.0, 0.0, 0.0, 1.0]]}, "finger5joint2": {"matrix": [[0.8170260190963745, -0.5646253228187561, 0.11690258234739304, -1.5660728216171265], [-0.5434734225273132, -0.8218234777450562, -0.17100319266319275, 0.3042207956314087], [0.19262613356113434, 0.0761803537607193, -0.9783104658126831, -1.1375467777252197], [0.0, 0.0, 0.0, 1.0]]}, "finger5joint3": {"matrix": [[0.7530665397644043, -0.6570050716400146, 0.035135723650455475, -1.9541596174240112], [-0.6075792908668518, -0.7149190902709961, -0.34603092074394226, -0.2606472671031952], [0.25246337056159973, 0.23923642933368683, -0.9375647902488708, -1.0851854085922241], [0.0, 0.0, 0.0, 1.0]]}, "Bone": {"matrix": [[0.5319859981536865, -0.2851736843585968, 0.7972870469093323, -1.2243725061416626], [0.8390783071517944, 0.30402493476867676, -0.4511275291442871, 0.22698530554771423], [-0.11374536901712418, 0.9089800715446472, 0.4010201394557953, -0.7132107615470886], [0.0, 0.0, 0.0, 1.0]]}, "finger1joint1": {"matrix": [[0.5366601347923279, -0.8352825045585632, 0.11957785487174988, -1.4616906642913818], [0.5091898441314697, 0.20757655799388885, -0.8352468013763428, 0.47999104857444763], [0.672845721244812, 0.5091316103935242, 0.5367155075073242, 0.04323124885559082], [0.0, 0.0, 0.0, 1.0]]}, "finger1joint2": {"matrix": [[0.4913695454597473, -0.549777626991272, -0.6755000948905945, -1.9337742328643799], [0.7350552082061768, 0.6777949929237366, -0.01695431023836136, 0.597308874130249], [0.46717190742492676, -0.4881990849971771, 0.7371648550033569, 0.33098140358924866], [0.0, 0.0, 0.0, 1.0]]}, "finger1joint3": {"matrix": [[0.4402705729007721, 0.005860735662281513, -0.897845983505249, -2.169455051422119], [0.7041953802108765, 0.6181146502494812, 0.3493463695049286, 0.8878684043884277], [0.5570194125175476, -0.786065936088562, 0.26801061630249023, 0.12169848382472992], [0.0, 0.0, 0.0, 1.0]]}, "Bone.001": {"matrix": [[0.49421122670173645, -0.16905847191810608, 0.8527451157569885, -1.2243726253509521], [0.8330369591712952, -0.18841470777988434, -0.5201430916786194, 0.22698530554771423], [0.2486044317483902, 0.967428982257843, 0.04771532118320465, -0.7132107615470886], [0.0, 0.0, 0.0, 1.0]]}, "finger2joint1": {"matrix": [[0.00547320069745183, -0.5415241718292236, 0.840667188167572, -1.3315359354019165], [0.45434126257896423, -0.7475510835647583, -0.4845007061958313, 0.10755234956741333], [0.8908107280731201, 0.3846015930175781, 0.24194537103176117, -0.09997332096099854], [0.0, 0.0, 0.0, 1.0]]}, "finger2joint2": {"matrix": [[-0.12123195081949234, -0.829865038394928, -0.5446342825889587, -1.8000352382659912], [0.4276992380619049, 0.45146480202674866, -0.7831043601036072, -0.5391907095909119], [0.8957545161247253, -0.3278770446777344, 0.3002006709575653, 0.232764333486557], [0.0, 0.0, 0.0, 1.0]]}, "finger2joint3": {"matrix": [[-0.16646240651607513, -0.16798491775989532, -0.9716331958770752, -2.115065574645996], [0.544908881187439, 0.8055785298347473, -0.2326306700706482, -0.3678072690963745], [0.8218055367469788, -0.5681759715080261, -0.04256216809153557, 0.10829684138298035], [0.0, 0.0, 0.0, 1.0]]}, "Bone.002": {"matrix": [[0.2228778600692749, -0.36350706219673157, 0.9045374393463135, -1.2243727445602417], [0.4738003611564636, -0.770520031452179, -0.42639392614364624, 0.22698532044887543], [0.8519616723060608, 0.5236039161682129, 0.0004979606019333005, -0.7132107615470886], [0.0, 0.0, 0.0, 1.0]]}, "finger3joint1": {"matrix": [[0.006043797824531794, -0.026041917502880096, 0.9996424913406372, -1.3775944709777832], [0.4203020930290222, -0.9070066213607788, -0.02616993337869644, -0.09779655933380127], [0.9073641896247864, 0.4203099012374878, 0.005463829264044762, -0.4925064444541931], [0.0, 0.0, 0.0, 1.0]]}, "finger3joint2": {"matrix": [[-0.03693369776010513, -0.8488097190856934, 0.5274067521095276, -1.4004380702972412], [0.2722911834716797, -0.5163449645042419, -0.8119391202926636, -0.8934060335159302], [0.9615058302879333, 0.1136200800538063, 0.25019392371177673, -0.12381836771965027], [0.0, 0.0, 0.0, 1.0]]}, "finger3joint3": {"matrix": [[-0.16716545820236206, -0.8339057564735413, -0.5259817838668823, -1.949686050415039], [0.378994345664978, 0.43814748525619507, -0.8151010870933533, -1.2275227308273315], [0.9101752638816833, -0.33560094237327576, 0.24280224740505219, -0.050297029316425323], [0.0, 0.0, 0.0, 1.0]]}, "Bone.003": {"matrix": [[0.44873490929603577, 0.12581659853458405, 0.8847638964653015, -1.2243726253509521], [-0.30954962968826294, -0.9068667888641357, 0.2859570384025574, 0.22698533535003662], [0.8383411765098572, -0.40219739079475403, -0.3679962456226349, -0.7132107019424438], [0.0, 0.0, 0.0, 1.0]]}, "finger4joint1": {"matrix": [[-0.06640808284282684, -0.8752303719520569, 0.4791257679462433, -1.170445203781128], [0.3465100824832916, -0.4705292880535126, -0.8115001320838928, -0.16171541810035706], [0.935692548751831, 0.11213158071041107, 0.33452311158180237, -0.8856003284454346], [0.0, 0.0, 0.0, 1.0]]}, "finger4joint2": {"matrix": [[-0.07718929648399353, -0.6742123365402222, -0.7344924807548523, -2.039863109588623], [0.31989818811416626, 0.6809923648834229, -0.6587215065956116, -0.629119873046875], [0.9443022012710571, -0.28580912947654724, 0.16311383247375488, -0.774213433265686], [0.0, 0.0, 0.0, 1.0]]}, "finger4joint3": {"matrix": [[-0.010124674998223782, 0.323664128780365, -0.9461176991462708, -2.321052074432373], [0.2717847228050232, 0.9114375114440918, 0.3088918924331665, -0.34510326385498047], [0.9623045921325684, -0.2540128231048584, -0.0971950814127922, -0.8934138417243958], [0.0, 0.0, 0.0, 1.0]]}}