{"root": {"matrix": [[0.33247509598731995, -0.7910400032997131, -0.5135328769683838, -5.960464477539063e-08], [-0.6238018870353699, 0.22393620014190674, -0.7488149404525757, 0.0], [0.7073411345481873, 0.5693051218986511, -0.4189990758895874, 0.0], [0.0, 0.0, 0.0, 1.0]]}, "carpals": {"matrix": [[0.7539498805999756, -0.5946143865585327, -0.27927249670028687, 0.0353354811668396], [0.4965287148952484, 0.2374478578567505, 0.834911584854126, -1.107332706451416], [-0.4301377534866333, -0.7681484222412109, 0.4742671251296997, 2.2039852142333984], [0.0, 0.0, 0.0, 1.0]]}, "metacarpals": {"matrix": [[0.5173642039299011, -0.6975203156471252, 0.4957817494869232, -0.5438153743743896], [-0.2773193418979645, 0.41142505407333374, 0.8682298064231873, -0.876059889793396], [-0.8095851540565491, -0.5866808891296387, 0.019420858472585678, 1.4558131694793701], [0.0, 0.0, 0.0, 1.0]]}, "finger5joint1": {"matrix": [[0.33819299936294556, -0.8669236898422241, 0.36615389585494995, -1.236596941947937], [-0.12811437249183655, 0.3430449366569519, 0.9305409789085388, -0.9497737884521484], [-0.9323154091835022, -0.3616119921207428, 0.004950184840708971, 1.2550777196884155], [0.0, 0.0, 0.0, 1.0]]}, "finger5joint2": {"matrix": [[0.4290860593318939, -0.2089066058397293, -0.8787734508514404, -2.1523044109344482], [0.9011291861534119, 0.16584236919879913, 0.4005768895149231, -0.5874249339103699], [0.062054865062236786, -0.9637705087661743, 0.25941282510757446, 0.8731169104576111], [0.0, 0.0, 0.0, 1.0]]}, "finger5joint3": {"matrix": [[0.455436110496521, 0.22853845357894897, -0.8604345321655273, -2.2958931922912598], [0.8892499804496765, -0.16299009323120117, 0.4273968040943146, -0.4734356701374054], [-0.042565565556287766, -0.959793746471405, -0.2774592339992523, 0.2106836587190628], [0.0, 0.0, 0.0, 1.0]]}, "Bone": {"matrix": [[0.7246041893959045, 0.3083032965660095, 0.6163583993911743, -1.6328381299972534], [-0.5212588906288147, -0.33986368775367737, 0.7828035354614258, -0.23371124267578125], [0.4508187472820282, -0.8885052800178528, -0.08556070178747177, 0.5398414134979248], [0.0, 0.0, 0.0, 1.0]]}, "finger1joint1": {"matrix": [[0.7896963953971863, -0.602757453918457, 0.1142931655049324, -1.3762719631195068], [-0.28898459672927856, -0.20113511383533478, 0.935965895652771, -0.516541600227356], [-0.5411722660064697, -0.7721580266952515, -0.3330231308937073, -0.19956174492835999], [0.0, 0.0, 0.0, 1.0]]}, "finger1joint2": {"matrix": [[0.7292984127998352, -0.6656956076622009, 0.15802887082099915, -1.71693754196167], [-0.5561437010765076, -0.4422401189804077, 0.7036529779434204, -0.6302188634872437], [-0.3985322117805481, -0.6010599136352539, -0.6927473545074463, -0.6359686851501465], [0.0, 0.0, 0.0, 1.0]]}, "finger1joint3": {"matrix": [[0.7654818296432495, -0.6114979982376099, -0.20026925206184387, -2.002310276031494], [-0.4654225707054138, -0.7411003112792969, 0.48389244079589844, -0.8197997808456421], [-0.44431906938552856, -0.27720120549201965, -0.8519037365913391, -0.8936331868171692], [0.0, 0.0, 0.0, 1.0]]}, "Bone.001": {"matrix": [[0.853484570980072, 0.21728993952274323, 0.4736548960208893, -1.632838249206543], [-0.5093285441398621, 0.15558457374572754, 0.8463908433914185, -0.23371121287345886], [0.11021878570318222, -0.9636276364326477, 0.24346120655536652, 0.5398414134979248], [0.0, 0.0, 0.0, 1.0]]}, "finger2joint1": {"matrix": [[0.590395450592041, -0.25173458456993103, 0.7668524384498596, -1.4951016902923584], [-0.3462253510951996, 0.7792686820030212, 0.522367537021637, -0.13508868217468262], [-0.7290822863578796, -0.573907196521759, 0.3729199767112732, -0.07098633050918579], [0.0, 0.0, 0.0, 1.0]]}, "finger2joint2": {"matrix": [[0.4918079376220703, -0.41074687242507935, 0.7677315473556519, -1.712889552116394], [-0.3211219906806946, 0.7340137958526611, 0.5984178781509399, 0.5390948057174683], [-0.8093241453170776, -0.5408420562744141, 0.22909410297870636, -0.5675015449523926], [0.0, 0.0, 0.0, 1.0]]}, "finger2joint3": {"matrix": [[0.3708712160587311, -0.6334140300750732, 0.6791471838951111, -1.8688157796859741], [-0.28699055314064026, 0.6173345446586609, 0.7324848175048828, 0.81773841381073], [-0.8832274675369263, -0.4665663540363312, 0.047167882323265076, -0.7728140354156494], [0.0, 0.0, 0.0, 1.0]]}, "Bone.002": {"matrix": [[0.7556996941566467, -0.38024795055389404, 0.5332254767417908, -1.632838249206543], [-0.2698412537574768, 0.5610848069190979, 0.7825402021408081, -0.23371121287345886], [-0.596744179725647, -0.7352515459060669, 0.32140523195266724, 0.5398414134979248], [0.0, 0.0, 0.0, 1.0]]}, "finger3joint1": {"matrix": [[0.8505867719650269, 0.1356278359889984, 0.508042573928833, -1.793116569519043], [-0.5249622464179993, 0.16339588165283203, 0.8352940678596497, 0.002791672945022583], [0.030276814475655556, -0.977193295955658, 0.2101820409297943, 0.2299255132675171], [0.0, 0.0, 0.0, 1.0]]}, "finger3joint2": {"matrix": [[0.8409748673439026, -0.5033113956451416, 0.1985921859741211, -1.674146294593811], [-0.5245246887207031, -0.6682729125022888, 0.5275271534919739, 0.14611953496932983], [-0.13279691338539124, -0.5478036999702454, -0.8259999752044678, -0.6272503733634949], [0.0, 0.0, 0.0, 1.0]]}, "finger3joint3": {"matrix": [[0.7695804238319397, -0.6385087370872498, 0.007249701768159866, -1.9998291730880737], [-0.6382665634155273, -0.7688514590263367, 0.03850964456796646, -0.2863067388534546], [-0.019015053287148476, -0.03426362946629524, -0.9992318153381348, -0.9817233085632324], [0.0, 0.0, 0.0, 1.0]]}, "Bone.003": {"matrix": [[0.595947802066803, -0.46392637491226196, 0.6554529666900635, -1.6328381299972534], [0.5297005772590637, 0.8405771851539612, 0.1133446991443634, -0.23371121287345886], [-0.6035422682762146, 0.27964648604393005, 0.7466822862625122, 0.5398414134979248], [0.0, 0.0, 0.0, 1.0]]}, "finger4joint1": {"matrix": [[0.8420590162277222, -0.07798398286104202, 0.5337181091308594, -1.8316861391067505], [-0.5142573714256287, 0.18242251873016357, 0.8380100727081299, 0.1265765130519867], [-0.16271375119686127, -0.980122447013855, 0.11350689828395844, 0.6597033739089966], [0.0, 0.0, 0.0, 1.0]]}, "finger4joint2": {"matrix": [[0.8501991629600525, -0.31718677282333374, 0.4201829135417938, -1.9091522693634033], [-0.49366244673728943, -0.20301811397075653, 0.8456243276596069, 0.30778753757476807], [-0.1829162985086441, -0.9263777732849121, -0.32918891310691833, -0.3139101266860962], [0.0, 0.0, 0.0, 1.0]]}, "finger4joint3": {"matrix": [[0.8673850893974304, -0.38948220014572144, 0.3097521662712097, -2.0414390563964844], [-0.48739516735076904, -0.5392655730247498, 0.6867591142654419, 0.22311624884605408], [-0.10044194757938385, -0.746656596660614, -0.6575826406478882, -0.7002679705619812], [0.0, 0.0, 0.0, 1.0]]}}