{"root": {"matrix": [[0.4409157335758209, -0.5459631085395813, 0.7124027013778687, -5.960464477539063e-08], [0.26286712288856506, -0.6803683638572693, -0.6841050982475281, 0.0], [0.8581923842430115, 0.48889991641044617, -0.1564694046974182, 0.0], [0.0, 0.0, 0.0, 1.0]]}, "carpals": {"matrix": [[-0.7673289179801941, -0.5704420208930969, 0.2929196059703827, 0.38262903690338135], [-0.29517605900764465, -0.09131455421447754, -0.951069176197052, 0.005422972142696381], [0.5692777633666992, -0.8162457942962646, -0.09831271320581436, 2.4369142055511475], [0.0, 0.0, 0.0, 1.0]]}, "metacarpals": {"matrix": [[-0.04945032671093941, -0.4274487793445587, 0.9026859402656555, -0.17297804355621338], [-0.9894222021102905, -0.1024404764175415, -0.10271047800779343, -0.08351685106754303], [0.13637495040893555, -0.8982166051864624, -0.41786181926727295, 1.6418956518173218], [0.0, 0.0, 0.0, 1.0]]}, "finger5joint1": {"matrix": [[-0.1690915822982788, -0.6690369844436646, 0.7237383723258972, -0.7795689105987549], [-0.9604676961898804, 0.2766241729259491, 0.03131626918911934, 0.07388487458229065], [-0.2211553156375885, -0.6898319125175476, -0.689363420009613, 1.2772767543792725], [0.0, 0.0, 0.0, 1.0]]}, "finger5joint2": {"matrix": [[0.729112446308136, -0.6604034900665283, -0.1796150505542755, -1.486254096031189], [0.024472912773489952, -0.23711809515953064, 0.9711723923683167, 0.366075336933136], [-0.6839559674263, -0.7124894857406616, -0.15672367811203003, 0.5486263632774353], [0.0, 0.0, 0.0, 1.0]]}, "finger5joint3": {"matrix": [[0.6730539798736572, -0.6586145162582397, -0.3364885449409485, -1.9401724338531494], [-0.05127457156777382, -0.4954223036766052, 0.8671374320983887, 0.20309574902057648], [-0.7378135323524475, -0.5663769245147705, -0.3672160506248474, 0.058907344937324524], [0.0, 0.0, 0.0, 1.0]]}, "Bone": {"matrix": [[0.3367885649204254, -0.26320749521255493, 0.9040436744689941, -0.8403443098068237], [-0.04330343380570412, -0.9634484052658081, -0.26437073945999146, -0.24345481395721436], [0.9405837655067444, 0.049888771027326584, -0.3358764052391052, 0.23953023552894592], [0.0, 0.0, 0.0, 1.0]]}, "finger1joint1": {"matrix": [[0.027341948822140694, -0.741734504699707, 0.6701358556747437, -1.059382438659668], [-0.9702788591384888, -0.18094027042388916, -0.16068428754806519, -1.045224666595459], [0.2404395192861557, -0.6458250880241394, -0.7246367335319519, 0.2810470163822174], [0.0, 0.0, 0.0, 1.0]]}, "finger1joint2": {"matrix": [[-0.16315479576587677, -0.9337009191513062, 0.3187207877635956, -1.4785945415496826], [-0.8714717030525208, -0.015054987743496895, -0.49021467566490173, -1.1474882364273071], [0.46251216530799866, -0.35773682594299316, -0.8112376928329468, -0.08395932614803314], [0.0, 0.0, 0.0, 1.0]]}, "finger1joint3": {"matrix": [[-0.09567305445671082, -0.956829845905304, -0.2744506299495697, -1.8788567781448364], [-0.9154946804046631, 0.19282428920269012, -0.3531123399734497, -1.1539419889450073], [0.39078912138938904, 0.21747496724128723, -0.8944206237792969, -0.23731522262096405], [0.0, 0.0, 0.0, 1.0]]}, "Bone.001": {"matrix": [[0.3319908380508423, -0.043944619596004486, 0.9422582387924194, -0.8403443098068237], [-0.3975417912006378, -0.9123874306678772, 0.0975164920091629, -0.24345481395721436], [0.8554192185401917, -0.4069617986679077, -0.3203742802143097, 0.23953023552894592], [0.0, 0.0, 0.0, 1.0]]}, "finger2joint1": {"matrix": [[0.06871383637189865, -0.7177777290344238, 0.6928731799125671, -0.8681999444961548], [-0.9451026916503906, -0.26923486590385437, -0.18518421053886414, -0.8218023777008057], [0.31946659088134766, -0.6421115398406982, -0.6968740820884705, -0.018436193466186523], [0.0, 0.0, 0.0, 1.0]]}, "finger2joint2": {"matrix": [[-0.060803014785051346, -0.8069305419921875, 0.5875080227851868, -1.489184856414795], [-0.944403350353241, -0.1440308392047882, -0.2955627143383026, -1.0547306537628174], [0.32311779260635376, -0.5728155374526978, -0.7533106207847595, -0.5739583969116211], [0.0, 0.0, 0.0, 1.0]]}, "finger2joint3": {"matrix": [[-0.2052052766084671, -0.9026305675506592, 0.3783496022224426, -1.795508861541748], [-0.9244784712791443, 0.05185825750231743, -0.3776904344558716, -1.1094070672988892], [0.32129430770874023, -0.4272800087928772, -0.8451043367385864, -0.7914084792137146], [0.0, 0.0, 0.0, 1.0]]}, "Bone.002": {"matrix": [[0.19245237112045288, -0.15176263451576233, 0.9694998860359192, -0.8403441905975342], [-0.9226033687591553, -0.36456552147865295, 0.12607505917549133, -0.24345485866069794], [0.3343126177787781, -0.9187272787094116, -0.2101784199476242, 0.23953023552894592], [0.0, 0.0, 0.0, 1.0]]}, "finger3joint1": {"matrix": [[0.029345424845814705, -0.4194274842739105, 0.9073143005371094, -0.9043138027191162], [-0.9586137533187866, -0.2689761221408844, -0.09333600103855133, -0.39712291955947876], [0.28319352865219116, -0.867024838924408, -0.40996232628822327, -0.1477225422859192], [0.0, 0.0, 0.0, 1.0]]}, "finger3joint2": {"matrix": [[-0.07256438583135605, -0.9695386290550232, 0.23394224047660828, -1.2722277641296387], [-0.9847334623336792, 0.03243584930896759, -0.17102012038230896, -0.6330637335777283], [0.1582224816083908, -0.24278049170970917, -0.9570909738540649, -0.9082606434822083], [0.0, 0.0, 0.0, 1.0]]}, "finger3joint3": {"matrix": [[-0.15888385474681854, -0.9468231797218323, -0.2797885239124298, -1.8995970487594604], [-0.9391108751296997, 0.23238599300384521, -0.25311553478240967, -0.6120752096176147], [0.3046746253967285, 0.22253669798374176, -0.9260942339897156, -1.0653592348098755], [0.0, 0.0, 0.0, 1.0]]}, "Bone.003": {"matrix": [[0.5723047256469727, 0.2746443748474121, 0.7726821303367615, -0.840344250202179], [-0.735563337802887, 0.5884618759155273, 0.3356472849845886, -0.24345488846302032], [-0.36251047253608704, -0.7604491710662842, 0.5387977361679077, 0.23953020572662354], [0.0, 0.0, 0.0, 1.0]]}, "finger4joint1": {"matrix": [[-0.07945770025253296, -0.7012780904769897, 0.7084456086158752, -0.7226263284683228], [-0.9916849136352539, -0.01656118780374527, -0.12761887907981873, 0.008771320804953575], [0.10122902691364288, -0.7126950025558472, -0.6941311359405518, -0.08641308546066284], [0.0, 0.0, 0.0, 1.0]]}, "finger4joint2": {"matrix": [[-0.08181730657815933, -0.923423171043396, 0.37496018409729004, -1.4192472696304321], [-0.9940832257270813, 0.048642538487911224, -0.09711860120296478, -0.007679886184632778], [0.07144254446029663, -0.3806874752044678, -0.9219395518302917, -0.7943751215934753], [0.0, 0.0, 0.0, 1.0]]}, "finger4joint3": {"matrix": [[-0.010250064544379711, -0.9948655366897583, 0.1006830483675003, -1.804372787475586], [-0.993158757686615, -0.0015838432591408491, -0.11675939708948135, 0.012607111595571041], [0.11631935089826584, -0.10119083523750305, -0.9880434274673462, -0.9531456828117371], [0.0, 0.0, 0.0, 1.0]]}}