{"Index": {"location": [-9.100000381469727, 0.44999998807907104, 0.0]}, "Middle": {"location": [-9.100000381469727, -1.524999976158142, 0.0]}, "Palm": {"location": [4.292416095733643, 0.0, 4.0]}, "Pinky": {"location": [-9.100000381469727, -3.5, 3.0]}, "Ring": {"location": [-9.100000381469727, -3.5, 0.0]}, "Thumb": {"location": [-9.100000381469727, 4.400000095367432, 0.0]}}