{"root": {"matrix": [[0.2252476066350937, -0.8213797211647034, 0.5240218639373779, 0.0], [0.5939151644706726, -0.31060609221458435, -0.7421513199806213, -2.9802322387695312e-08], [0.7723524570465088, 0.4783923327922821, 0.4178665280342102, 0.0], [0.0, 0.0, 0.0, 1.0]]}, "carpals": {"matrix": [[-0.7935685515403748, -0.378538578748703, -0.47640034556388855, -0.3535020649433136], [0.5795536041259766, -0.2316814661026001, -0.7813073396682739, 1.1225347518920898], [0.1853819489479065, -0.8961204290390015, 0.4032385051250458, 2.167933940887451], [0.0, 0.0, 0.0, 1.0]]}, "metacarpals": {"matrix": [[-0.932054340839386, -0.3385868966579437, 0.1289704293012619, -0.7221964001655579], [0.06616561114788055, -0.5090339779853821, -0.8581995368003845, 0.8968784213066101], [0.35622555017471313, -0.7913551330566406, 0.49685004353523254, 1.295117974281311], [0.0, 0.0, 0.0, 1.0]]}, "finger5joint1": {"matrix": [[-0.7716253995895386, -0.631169855594635, 0.07885812222957611, -0.8049282431602478], [0.037527088075876236, -0.16893252730369568, -0.9849128723144531, 0.9478139281272888], [0.634969174861908, -0.757024347782135, 0.15403853356838226, 0.5766226053237915], [0.0, 0.0, 0.0, 1.0]]}, "finger5joint2": {"matrix": [[0.15083082020282745, -0.6075328588485718, 0.7798417806625366, -1.4716155529022217], [-0.9727144837379456, -0.2318839430809021, 0.0074862209148705006, 0.769375205039978], [0.17628462612628937, -0.7596925497055054, -0.6259315609931946, -0.22300124168395996], [0.0, 0.0, 0.0, 1.0]]}, "finger5joint3": {"matrix": [[0.05029236152768135, -0.7558807134628296, 0.6527743339538574, -1.8891942501068115], [-0.9890444874763489, -0.12851890921592712, -0.07261882722377777, 0.6099932789802551], [0.1387849897146225, -0.641970694065094, -0.7540634870529175, -0.7451645731925964], [0.0, 0.0, 0.0, 1.0]]}, "Bone": {"matrix": [[0.1784200817346573, -0.9838675856590271, -0.013066183775663376, -1.2508244514465332], [0.5838785767555237, 0.11655381321907043, -0.8034306764602661, 0.1021350845694542], [0.7919922471046448, 0.1357192099094391, 0.59525465965271, 0.059592925012111664], [0.0, 0.0, 0.0, 1.0]]}, "finger1joint1": {"matrix": [[-0.5198938250541687, -0.7562429308891296, -0.3972492516040802, -2.069586992263794], [0.0449473038315773, 0.44017574191093445, -0.8967858552932739, 0.19912974536418915], [0.8530474305152893, -0.48408856987953186, -0.19485348463058472, 0.17253676056861877], [0.0, 0.0, 0.0, 1.0]]}, "finger1joint2": {"matrix": [[-0.35903260111808777, 0.19369986653327942, -0.9130037426948547, -2.4969990253448486], [0.30703356862068176, 0.9482923746109009, 0.08044781535863876, 0.44790756702423096], [0.8813772201538086, -0.2514393925666809, -0.3999401032924652, -0.10105960816144943], [0.0, 0.0, 0.0, 1.0]]}, "finger1joint3": {"matrix": [[-0.4565126597881317, 0.6892390251159668, -0.562623918056488, -2.4139630794525146], [0.2786044180393219, 0.7113003134727478, 0.6453149318695068, 0.8544248938560486], [0.8449708223342896, 0.13784484565258026, -0.5167425274848938, -0.2088475376367569], [0.0, 0.0, 0.0, 1.0]]}, "Bone.001": {"matrix": [[-0.16781102120876312, -0.9245677590370178, 0.3420725464820862, -1.2508244514465332], [0.4898124933242798, -0.3793294429779053, -0.7849794626235962, 0.10213509202003479], [0.8555248975753784, 0.035823263227939606, 0.5165204405784607, 0.059592925012111664], [0.0, 0.0, 0.0, 1.0]]}, "finger2joint1": {"matrix": [[-0.8851993083953857, -0.4469071626663208, 0.12921223044395447, -1.83689284324646], [0.1479962319135666, -0.5338450074195862, -0.83253014087677, -0.13831564784049988], [0.44104307889938354, -0.7178322076797485, 0.5386998057365417, 0.08230072259902954], [0.0, 0.0, 0.0, 1.0]]}, "finger2joint2": {"matrix": [[-0.9301242232322693, -0.21516545116901398, -0.29761144518852234, -2.223534107208252], [0.1754138171672821, 0.4516739845275879, -0.8747687935829163, -0.6001710891723633], [0.3226434886455536, -0.8658486604690552, -0.38236984610557556, -0.538731038570404], [0.0, 0.0, 0.0, 1.0]]}, "finger2joint3": {"matrix": [[-0.9183269739151001, 0.23532433807849884, -0.31827303767204285, -2.3052146434783936], [0.30351880192756653, 0.9347710013389587, -0.18460579216480255, -0.4287082254886627], [0.2540702819824219, -0.26613035798072815, -0.929850697517395, -0.8674213886260986], [0.0, 0.0, 0.0, 1.0]]}, "Bone.002": {"matrix": [[-0.7703090906143188, -0.503760814666748, 0.3909587860107422, -1.2508245706558228], [0.0988801121711731, -0.7000524401664734, -0.7072123289108276, 0.10213510692119598], [0.6299576163291931, -0.5061139464378357, 0.589068591594696, 0.05959296226501465], [0.0, 0.0, 0.0, 1.0]]}, "finger3joint1": {"matrix": [[-0.7281481027603149, -0.5063081979751587, 0.4620089828968048, -1.4631648063659668], [0.3311969041824341, -0.8500393629074097, -0.40956273674964905, -0.1929439902305603], [0.6000909209251404, -0.1452062577009201, 0.7866420745849609, -0.15373916923999786], [0.0, 0.0, 0.0, 1.0]]}, "finger3joint2": {"matrix": [[-0.8164138793945312, -0.505768358707428, -0.2786872684955597, -1.9072891473770142], [0.20825563371181488, 0.19225497543811798, -0.9589930176734924, -0.9385828375816345], [0.5386074781417847, -0.8409731984138489, -0.051630400121212006, -0.2811114192008972], [0.0, 0.0, 0.0, 1.0]]}, "finger3joint3": {"matrix": [[-0.781995415687561, 0.08265207707881927, -0.6177796721458435, -2.2345616817474365], [0.3758365213871002, 0.8532302379608154, -0.3615868091583252, -0.814178466796875], [0.49722251296043396, -0.5149434208869934, -0.6982856392860413, -0.8252886533737183], [0.0, 0.0, 0.0, 1.0]]}, "Bone.003": {"matrix": [[-0.5629018545150757, 0.546044647693634, 0.6204648613929749, -1.2508245706558228], [-0.6747605800628662, -0.7371307611465454, 0.03655675798654556, 0.1021350771188736], [0.47732535004615784, -0.39808741211891174, 0.7833815813064575, 0.05959293991327286], [0.0, 0.0, 0.0, 1.0]]}, "finger4joint1": {"matrix": [[-0.7120445966720581, -0.6340422630310059, 0.30163320899009705, -1.0167791843414307], [0.33378779888153076, -0.6836187243461609, -0.6490384340286255, -0.21381348371505737], [0.6177200675010681, -0.36146271228790283, 0.6984025835990906, -0.11103507876396179], [0.0, 0.0, 0.0, 1.0]]}, "finger4joint2": {"matrix": [[-0.7204342484474182, -0.6920561790466309, 0.04508029669523239, -1.6466107368469238], [0.30543410778045654, -0.3749733865261078, -0.8752740621566772, -0.8928923606872559], [0.6226428747177124, -0.616808295249939, 0.481521338224411, -0.4700973331928253], [0.0, 0.0, 0.0, 1.0]]}, "finger4joint3": {"matrix": [[-0.6609951257705688, -0.7295573949813843, -0.17558759450912476, -1.93524169921875], [0.34831830859184265, -0.0910457894206047, -0.932944118976593, -1.0492799282073975], [0.6646498441696167, -0.6778318881988525, 0.3142991364002228, -0.7273451089859009], [0.0, 0.0, 0.0, 1.0]]}}