{"root": {"matrix": [[0.33399736881256104, -0.6169812083244324, 0.7125868201255798, 0.0], [0.8520406484603882, -0.1256672739982605, -0.5081678032875061, -1.4901161193847656e-08], [0.4030788838863373, 0.776879608631134, 0.48372048139572144, 0.0], [0.0, 0.0, 0.0, 1.0]]}, "carpals": {"matrix": [[-0.8711248636245728, -0.4675571024417877, -0.15010502934455872, 0.07130151987075806], [0.3965281844139099, -0.48944664001464844, -0.776664137840271, 1.8609938621520996], [0.2896665334701538, -0.7360923886299133, 0.6117687821388245, 1.6175918579101562], [0.0, 0.0, 0.0, 1.0]]}, "metacarpals": {"matrix": [[-0.7060229182243347, -0.4491335451602936, 0.5475494861602783, -0.38409626483917236], [-0.2590801417827606, -0.5557661056518555, -0.7899375557899475, 1.3842757940292358], [0.6590970158576965, -0.6995732188224792, 0.2760220170021057, 0.9006423950195312], [0.0, 0.0, 0.0, 1.0]]}, "finger5joint1": {"matrix": [[-0.6123255491256714, -0.627785325050354, 0.48056501150131226, -0.74176424741745], [-0.31138044595718384, -0.36721622943878174, -0.8764668703079224, 1.4375314712524414], [0.726704478263855, -0.6863216161727905, 0.029375769197940826, 0.27222195267677307], [0.0, 0.0, 0.0, 1.0]]}, "finger5joint2": {"matrix": [[0.5454094409942627, -0.6675999760627747, 0.5067919492721558, -1.404876470565796], [-0.8367598056793213, -0.46874067187309265, 0.2830454707145691, 1.0496511459350586], [0.04859281703829765, -0.5784388184547424, -0.8142768740653992, -0.4527205228805542], [0.0, 0.0, 0.0, 1.0]]}, "finger5joint3": {"matrix": [[0.4519716799259186, -0.822019636631012, 0.3464168310165405, -1.8637415170669556], [-0.8911731839179993, -0.4331345856189728, 0.13492321968078613, 0.7274692058563232], [0.03913554921746254, -0.36969882249832153, -0.9283268451690674, -0.8503018021583557], [0.0, 0.0, 0.0, 1.0]]}, "Bone": {"matrix": [[0.2867526710033417, -0.8490725755691528, 0.4436761140823364, -1.0853183269500732], [0.5738688707351685, -0.21859785914421082, -0.7892333269119263, 0.5165706276893616], [0.7671030163764954, 0.4809268116950989, 0.42457279562950134, -0.19158564507961273], [0.0, 0.0, 0.0, 1.0]]}, "finger1joint1": {"matrix": [[-0.6289975643157959, -0.7748140096664429, 0.06344372034072876, -1.7919062376022339], [-0.19274836778640747, 0.07637084275484085, -0.9782716035842896, 0.3346561789512634], [0.7531334757804871, -0.6275590658187866, -0.1973811537027359, 0.20863568782806396], [0.0, 0.0, 0.0, 1.0]]}, "finger1joint2": {"matrix": [[-0.6028238534927368, -0.14986515045166016, -0.7836732268333435, -2.229814052581787], [0.11275731772184372, 0.9563419818878174, -0.26962125301361084, 0.37781935930252075], [0.78986656665802, -0.2508990466594696, -0.5596072673797607, -0.14604708552360535], [0.0, 0.0, 0.0, 1.0]]}, "finger1joint3": {"matrix": [[-0.6731835007667542, 0.354255348443985, -0.6490971446037292, -2.2940590381622314], [0.04971060901880264, 0.8974742889404297, 0.43825626373291016, 0.7877874374389648], [0.7378028035163879, 0.2627597749233246, -0.6217750310897827, -0.25360336899757385], [0.0, 0.0, 0.0, 1.0]]}, "Bone.001": {"matrix": [[0.032790135592222214, -0.6915899515151978, 0.7215454578399658, -1.0853185653686523], [0.36875802278518677, -0.6626273393630981, -0.6518759727478027, 0.5165706276893616], [0.9289466738700867, 0.2874508500099182, 0.23330168426036835, -0.19158565998077393], [0.0, 0.0, 0.0, 1.0]]}, "finger2joint1": {"matrix": [[-0.6211639642715454, -0.39078447222709656, 0.6792955994606018, -1.5237059593200684], [-0.1430353969335556, -0.795707643032074, -0.588549017906189, 0.09654200077056885], [0.7705166339874268, -0.4627487361431122, 0.43836888670921326, -0.009375274181365967], [0.0, 0.0, 0.0, 1.0]]}, "finger2joint2": {"matrix": [[-0.7140645980834961, -0.4121881425380707, 0.5658731460571289, -1.861792802810669], [-0.15940244495868683, -0.691339910030365, -0.7047266960144043, -0.5918636322021484], [0.6816908717155457, -0.5934218764305115, 0.42795756459236145, -0.40972188115119934], [0.0, 0.0, 0.0, 1.0]]}, "finger2joint3": {"matrix": [[-0.8043161034584045, -0.430277556180954, 0.40980052947998047, -2.018266201019287], [-0.17403410375118256, -0.4888361692428589, -0.8548398017883301, -0.8543075919151306], [0.5681438446044922, -0.7588806748390198, 0.3182958662509918, -0.6349945068359375], [0.0, 0.0, 0.0, 1.0]]}, "Bone.002": {"matrix": [[-0.47007372975349426, -0.4323537051677704, 0.76948082447052, -1.0853184461593628], [-0.1874999850988388, -0.8029925227165222, -0.565726637840271, 0.5165706276893616], [0.8624815344810486, -0.4102107882499695, 0.2963992953300476, -0.19158564507961273], [0.0, 0.0, 0.0, 1.0]]}, "finger3joint1": {"matrix": [[-0.5091052651405334, -0.2466045767068863, 0.8246198296546936, -1.2675600051879883], [0.0538017638027668, -0.9653199911117554, -0.2554652988910675, 0.17810124158859253], [0.8590211272239685, -0.08569261431694031, 0.5047171115875244, -0.36449360847473145], [0.0, 0.0, 0.0, 1.0]]}, "finger3joint2": {"matrix": [[-0.5732954740524292, -0.8106165528297424, 0.1193019300699234, -1.4838769435882568], [-0.08964461088180542, -0.08267584443092346, -0.9925363659858704, -0.6686596274375916], [0.8144299387931824, -0.5797112584114075, -0.025269633159041405, -0.4396616220474243], [0.0, 0.0, 0.0, 1.0]]}, "finger3joint3": {"matrix": [[-0.6246952414512634, -0.6126073598861694, -0.48421889543533325, -2.008410930633545], [0.07455118000507355, 0.5704810619354248, -0.8179200887680054, -0.7221575379371643], [0.7773017287254333, -0.5470499396324158, -0.31070607900619507, -0.8147813081741333], [0.0, 0.0, 0.0, 1.0]]}, "Bone.003": {"matrix": [[-0.1219809278845787, 0.5435456037521362, 0.830469012260437, -1.0853184461593628], [-0.8427282571792603, -0.49874162673950195, 0.20264674723148346, 0.5165705680847168], [0.5243372321128845, -0.6751407384872437, 0.5188981890678406, -0.19158563017845154], [0.0, 0.0, 0.0, 1.0]]}, "finger4joint1": {"matrix": [[-0.39124763011932373, -0.7024932503700256, 0.5944982171058655, -0.8523442149162292], [0.06877680122852325, -0.6665064096450806, -0.7423197031021118, 0.3028002679347992], [0.9177117347717285, -0.24954307079315186, 0.30908435583114624, -0.4809640645980835], [0.0, 0.0, 0.0, 1.0]]}, "finger4joint2": {"matrix": [[-0.3956953287124634, -0.8791390061378479, -0.265592485666275, -1.5501723289489746], [0.039133161306381226, 0.2727932631969452, -0.9612762928009033, -0.35927993059158325], [0.9175475239753723, -0.3907660245895386, -0.07353942841291428, -0.7288499474525452], [0.0, 0.0, 0.0, 1.0]]}, "finger4joint3": {"matrix": [[-0.3173188269138336, -0.7081236839294434, -0.6307687759399414, -1.9168285131454468], [0.030379479750990868, 0.6572123765945435, -0.7530927062034607, -0.24550797045230865], [0.947831928730011, -0.2581329643726349, -0.18703332543373108, -0.891823947429657], [0.0, 0.0, 0.0, 1.0]]}}