{"root": {"matrix": [[0.6741005182266235, -0.7072712779045105, 0.2129690796136856, 0.0], [0.4092015326023102, 0.5976253747940063, 0.6894911527633667, 0.0], [-0.6149329543113708, -0.3776389956474304, 0.692276120185852, -2.9802322387695312e-08], [0.0, 0.0, 0.0, 1.0]]}, "carpals": {"matrix": [[0.33794134855270386, -0.5588849782943726, -0.7572601437568665, 0.8082287311553955], [-0.6115844249725342, -0.7419707179069519, 0.2746701240539551, 1.432847023010254], [-0.7153741121292114, 0.3703060448169708, -0.5925480723381042, -1.8381240367889404], [0.0, 0.0, 0.0, 1.0]]}, "metacarpals": {"matrix": [[0.1460215151309967, -0.9813562631607056, -0.12496928125619888, 0.2638782262802124], [-0.9264749884605408, -0.17994846403598785, 0.3305485248565674, 0.7101720571517944], [-0.3468741476535797, 0.06751369684934616, -0.9354785680770874, -1.4774482250213623], [0.0, 0.0, 0.0, 1.0]]}, "finger5joint1": {"matrix": [[-0.559084415435791, -0.8253533840179443, -0.0788421556353569, -0.2703651189804077], [-0.801811158657074, 0.5140254497528076, 0.3047563433647156, 0.6340686678886414], [-0.21100500226020813, 0.23360121250152588, -0.9491613507270813, -0.9932302236557007], [0.0, 0.0, 0.0, 1.0]]}, "finger5joint2": {"matrix": [[0.2462850958108902, -0.9691960215568542, -0.0013749708887189627, -1.1421630382537842], [0.26639312505722046, 0.06632988154888153, 0.9615792036056519, 1.177019476890564], [-0.9318679571151733, -0.23718905448913574, 0.27452352643013, -0.7464838027954102], [0.0, 0.0, 0.0, 1.0]]}, "finger5joint3": {"matrix": [[0.15443041920661926, -0.930778980255127, -0.3313623368740082, -1.8083254098892212], [0.21807724237442017, -0.2950012981891632, 0.930277407169342, 1.222610354423523], [-0.9636353254318237, -0.215925931930542, 0.15742477774620056, -0.9095121026039124], [0.0, 0.0, 0.0, 1.0]]}, "Bone": {"matrix": [[0.999143660068512, -0.0012699317885562778, -0.04135167598724365, -1.2682914733886719], [0.006074777338653803, -0.9841906428337097, 0.1770074963569641, 0.42922258377075195], [-0.040922731161117554, -0.17710736393928528, -0.983340322971344, -1.3720406293869019], [0.0, 0.0, 0.0, 1.0]]}, "finger1joint1": {"matrix": [[0.4238460958003998, -0.8425931334495544, -0.3322511911392212, -1.26934814453125], [-0.7983757853507996, -0.5207952260971069, 0.3022717535495758, -0.38980868458747864], [-0.42772719264030457, 0.1371445655822754, -0.8934431672096252, -1.5194271802902222], [0.0, 0.0, 0.0, 1.0]]}, "finger1joint2": {"matrix": [[0.521643877029419, -0.7385806441307068, -0.42706671357154846, -1.7455636262893677], [-0.8419188857078552, -0.5266355872154236, -0.11759010702371597, -0.6841509342193604], [-0.13805891573429108, 0.4208957254886627, -0.89654141664505, -1.4419159889221191], [0.0, 0.0, 0.0, 1.0]]}, "finger1joint3": {"matrix": [[0.5024549961090088, -0.44382065534591675, -0.741998553276062, -2.062180995941162], [-0.8296086192131042, -0.48917004466056824, -0.269187867641449, -0.9099109172821045], [-0.24349255859851837, 0.7508232593536377, -0.6139835119247437, -1.261484980583191], [0.0, 0.0, 0.0, 1.0]]}, "Bone.001": {"matrix": [[0.9275143146514893, -0.37285467982292175, -0.02638399600982666, -1.2682913541793823], [-0.3064122200012207, -0.798859715461731, 0.5176237225532532, 0.42922261357307434], [-0.21407565474510193, -0.4720193147659302, -0.8552013039588928, -1.3720406293869019], [0.0, 0.0, 0.0, 1.0]]}, "finger2joint1": {"matrix": [[0.37888938188552856, -0.9177871346473694, -0.11878196150064468, -1.5046377182006836], [-0.8508874773979187, -0.39595621824264526, 0.34526628255844116, -0.07716149091720581], [-0.3639136552810669, -0.029747726395726204, -0.9309574365615845, -1.6712459325790405], [0.0, 0.0, 0.0, 1.0]]}, "finger2joint2": {"matrix": [[0.3036889433860779, -0.4310947358608246, -0.849664568901062, -2.2986607551574707], [-0.9114589095115662, -0.39120247960090637, -0.12729080021381378, -0.41972261667251587], [-0.27751678228378296, 0.8130913376808167, -0.5117292404174805, -1.6969821453094482], [0.0, 0.0, 0.0, 1.0]]}, "finger2joint3": {"matrix": [[0.32693642377853394, 0.5399949550628662, -0.775575578212738, -2.462311029434204], [-0.9352696537971497, 0.0671369656920433, -0.34750959277153015, -0.5682294964790344], [-0.13558386266231537, 0.8389861583709717, 0.526990532875061, -1.3883192539215088], [0.0, 0.0, 0.0, 1.0]]}, "Bone.002": {"matrix": [[0.4051349461078644, -0.9102059006690979, 0.08596829324960709, -1.2682914733886719], [-0.7847474813461304, -0.2979598045349121, 0.5434989333152771, 0.42922258377075195], [-0.4690811038017273, -0.28765392303466797, -0.8349958658218384, -1.3720407485961914], [0.0, 0.0, 0.0, 1.0]]}, "finger3joint1": {"matrix": [[0.441498339176178, -0.6227008104324341, -0.6460050940513611, -1.6519522666931152], [-0.7857699394226074, -0.6159162521362305, 0.05668023228645325, 0.3036295175552368], [-0.43318018317222595, 0.48258715867996216, -0.761225700378418, -1.4932897090911865], [0.0, 0.0, 0.0, 1.0]]}, "finger3joint2": {"matrix": [[0.3622049391269684, -0.10359715670347214, -0.9263233542442322, -2.198173999786377], [-0.874874472618103, -0.38063523173332214, -0.2995184361934662, -0.2366408109664917], [-0.3215623199939728, 0.9189038276672363, -0.228502556681633, -1.069973111152649], [0.0, 0.0, 0.0, 1.0]]}, "finger3joint3": {"matrix": [[0.5072287917137146, 0.17650006711483002, -0.8435439467430115, -2.265209674835205], [-0.8298389911651611, -0.16410823166370392, -0.5333250164985657, -0.4829424321651459], [-0.23256464302539825, 0.9705236554145813, 0.06322616338729858, -0.47536855936050415], [0.0, 0.0, 0.0, 1.0]]}, "Bone.003": {"matrix": [[-0.1514304131269455, -0.6612326502799988, 0.7347380518913269, -1.2682914733886719], [-0.3845728039741516, 0.7241579294204712, 0.5724498629570007, 0.42922255396842957], [-0.9105891585350037, -0.19587388634681702, -0.3639516830444336, -1.3720405101776123], [0.0, 0.0, 0.0, 1.0]]}, "finger4joint1": {"matrix": [[0.5761035680770874, -0.8173374533653259, 0.007981874980032444, -1.5517085790634155], [-0.7557551860809326, -0.5289263129234314, 0.386096715927124, 0.7396107912063599], [-0.3113497495651245, -0.22846412658691406, -0.9224236011505127, -1.4559959173202515], [0.0, 0.0, 0.0, 1.0]]}, "finger4joint2": {"matrix": [[0.5572628974914551, -0.11714141815900803, -0.8220312595367432, -2.3636181354522705], [-0.7600846290588379, -0.47049805521965027, -0.448221355676651, 0.21419702470302582], [-0.33425912261009216, 0.8745908141136169, -0.3512286841869354, -1.6829428672790527], [0.0, 0.0, 0.0, 1.0]]}, "finger4joint3": {"matrix": [[0.5770370364189148, 0.5571250319480896, -0.5971928834915161, -2.412473440170288], [-0.7117049098014832, -0.015670841559767723, -0.7023033499717712, 0.017969753593206406], [-0.40062958002090454, 0.8302805423736572, 0.38746610283851624, -1.318183422088623], [0.0, 0.0, 0.0, 1.0]]}}