{"root": {"matrix": [[0.22383874654769897, -0.7803977727890015, 0.5838454365730286, -5.960464477539063e-08], [0.6468755602836609, -0.32911792397499084, -0.6879196166992188, -2.9802322387695312e-08], [0.729004979133606, 0.5316583514213562, 0.431150883436203, 5.960464477539063e-08], [0.0, 0.0, 0.0, 1.0]]}, "carpals": {"matrix": [[-0.832527220249176, -0.349565714597702, -0.42976969480514526, -0.32330018281936646], [0.5406107902526855, -0.3432177007198334, -0.768076479434967, 1.2180864810943604], [0.12098872661590576, -0.871782660484314, 0.47471708059310913, 2.120548963546753], [0.0, 0.0, 0.0, 1.0]]}, "metacarpals": {"matrix": [[-0.9230099320411682, -0.3573160171508789, 0.14275063574314117, -0.6637750267982483], [0.0829087346792221, -0.54697185754776, -0.8330352902412415, 0.8837945461273193], [0.3757375180721283, -0.7570645213127136, 0.5344850420951843, 1.2714378833770752], [0.0, 0.0, 0.0, 1.0]]}, "finger5joint1": {"matrix": [[-0.8371505737304688, -0.5464778542518616, 0.023251153528690338, -0.7644507884979248], [-0.08946915715932846, 0.09487426280975342, -0.9914605617523193, 0.8997905254364014], [0.5396053791046143, -0.8320819735527039, -0.1283169984817505, 0.5536055564880371], [0.0, 0.0, 0.0, 1.0]]}, "finger5joint2": {"matrix": [[0.02753458172082901, -0.7280755639076233, 0.6849431991577148, -1.3416801691055298], [-0.9902310967445374, 0.07382897287607193, 0.11828509718179703, 1.0000035762786865], [-0.1366892158985138, -0.6815088391304016, -0.7189305424690247, -0.32529956102371216], [0.0, 0.0, 0.0, 1.0]]}, "finger5joint3": {"matrix": [[-0.07830633968114853, -0.8431230783462524, 0.5319877862930298, -1.8421121835708618], [-0.9840179085731506, 0.15097153186798096, 0.09442439675331116, 1.0507487058639526], [-0.1599264293909073, -0.5160913467407227, -0.84147047996521, -0.793724536895752], [0.0, 0.0, 0.0, 1.0]]}, "Bone": {"matrix": [[0.1970881074666977, -0.9803807735443115, 0.003114738268777728, -1.221644639968872], [0.6216816306114197, 0.12252025306224823, -0.7736281752586365, 0.029819592833518982], [0.7580685019493103, 0.15440939366817474, 0.6336319446563721, 0.08945000171661377], [0.0, 0.0, 0.0, 1.0]]}, "finger1joint1": {"matrix": [[-0.5279723405838013, -0.7126227617263794, -0.4619673490524292, -2.0375051498413086], [0.06739259511232376, 0.5070922374725342, -0.8592528700828552, 0.13177943229675293], [0.8465832471847534, -0.48479485511779785, -0.21970507502555847, 0.2179475724697113], [0.0, 0.0, 0.0, 1.0]]}, "finger1joint2": {"matrix": [[-0.3478944003582001, 0.1305367350578308, -0.9284015893936157, -2.4402644634246826], [0.3156430125236511, 0.9487574696540833, 0.01511993445456028, 0.41837695240974426], [0.8828016519546509, -0.28778335452079773, -0.3712703287601471, -0.056047968566417694], [0.0, 0.0, 0.0, 1.0]]}, "finger1joint3": {"matrix": [[-0.44468140602111816, 0.6063852310180664, -0.6592080593109131, -2.384305238723755], [0.28053078055381775, 0.7932389974594116, 0.5404389500617981, 0.8250937461853027], [0.8506238460540771, 0.05539492890238762, -0.5228482484817505, -0.17941595613956451], [0.0, 0.0, 0.0, 1.0]]}, "Bone.001": {"matrix": [[-0.1472945660352707, -0.9227457642555237, 0.3561519980430603, -1.221644639968872], [0.5306388735771179, -0.3775947690010071, -0.7588441371917725, 0.029819592833518982], [0.8347013592720032, 0.07721453160047531, 0.5452623963356018, 0.08945000171661377], [0.0, 0.0, 0.0, 1.0]]}, "finger2joint1": {"matrix": [[-0.8741970062255859, -0.4831998944282532, 0.04792872443795204, -1.8065580129623413], [0.16877858340740204, -0.3949274718761444, -0.9030758142471313, -0.20953157544136047], [0.45529454946517944, -0.7813767790794373, 0.4267982244491577, 0.13839507102966309], [0.0, 0.0, 0.0, 1.0]]}, "finger2joint2": {"matrix": [[-0.9149846434593201, -0.26233434677124023, -0.3065674901008606, -2.224597930908203], [0.21510356664657593, 0.32567736506462097, -0.9206870198249817, -0.551202654838562], [0.3413700461387634, -0.908358097076416, -0.24156063795089722, -0.53761225938797], [0.0, 0.0, 0.0, 1.0]]}, "finger2joint3": {"matrix": [[-0.9079581499099731, 0.2755219042301178, -0.3157520890235901, -2.3241844177246094], [0.33243823051452637, 0.9323102235794067, -0.1424155980348587, -0.4275701642036438], [0.25514039397239685, -0.23427553474903107, -0.9380926489830017, -0.882439911365509], [0.0, 0.0, 0.0, 1.0]]}, "Bone.002": {"matrix": [[-0.7545572519302368, -0.5150153040885925, 0.40669697523117065, -1.2216445207595825], [0.12893638014793396, -0.7240145802497864, -0.67762690782547, 0.029819607734680176], [0.6434428691864014, -0.45887017250061035, 0.6127145886421204, 0.08945000171661377], [0.0, 0.0, 0.0, 1.0]]}, "finger3joint1": {"matrix": [[-0.7248393893241882, -0.526320219039917, 0.44451645016670227, -1.4387286901474], [0.3370743691921234, -0.8336753845214844, -0.4374542236328125, -0.2753596901893616], [0.6008235812187195, -0.16724881529808044, 0.7816895842552185, -0.10396838188171387], [0.0, 0.0, 0.0, 1.0]]}, "finger3joint2": {"matrix": [[-0.815635085105896, -0.4509758949279785, -0.3624362647533417, -1.900407075881958], [0.21772417426109314, 0.34114134311676025, -0.9144499897956848, -1.0066444873809814], [0.536037027835846, -0.8247684240341187, -0.1800583451986313, -0.2506759762763977], [0.0, 0.0, 0.0, 1.0]]}, "finger3joint3": {"matrix": [[-0.764426589012146, -0.047397781163454056, -0.6429660320281982, -2.1922247409820557], [0.38505470752716064, 0.7663185000419617, -0.5142847299575806, -0.7858985662460327], [0.5170928239822388, -0.6407100558280945, -0.5675432682037354, -0.7843673825263977], [0.0, 0.0, 0.0, 1.0]]}, "Bone.003": {"matrix": [[-0.5497030019760132, 0.537214994430542, 0.6397081613540649, -1.221644639968872], [-0.6510946154594421, -0.7553017139434814, 0.07480066269636154, 0.029819577932357788], [0.5233566761016846, -0.3753924071788788, 0.7649693489074707, 0.08944999426603317], [0.0, 0.0, 0.0, 1.0]]}, "finger4joint1": {"matrix": [[-0.7037313580513, -0.6569216847419739, 0.2705840468406677, -0.9913837313652039], [0.33849915862083435, -0.6448695063591003, -0.6852454543113708, -0.2939174175262451], [0.6246442198753357, -0.3906361758708954, 0.6761823892593384, -0.07145044207572937], [0.0, 0.0, 0.0, 1.0]]}, "finger4joint2": {"matrix": [[-0.7132488489151001, -0.700872540473938, 0.007301097735762596, -1.6439428329467773], [0.31033241748809814, -0.3251177966594696, -0.8933039307594299, -0.9345043301582336], [0.6284660696983337, -0.6348821520805359, 0.44939348101615906, -0.4594925045967102], [0.0, 0.0, 0.0, 1.0]]}, "finger4joint3": {"matrix": [[-0.6525498032569885, -0.72688889503479, -0.21403473615646362, -1.9362508058547974], [0.34931859374046326, -0.037915684282779694, -0.9362364411354065, -1.0700989961624146], [0.6724246740341187, -0.6857072114944458, 0.27865782380104065, -0.7242782115936279], [0.0, 0.0, 0.0, 1.0]]}}