{"root": {"matrix": [[0.3208025395870209, -0.566959798336029, 0.7587109804153442, 0.0], [0.9435017704963684, 0.26149627566337585, -0.2035292387008667, 0.0], [-0.08300711959600449, 0.7811378240585327, 0.6188161969184875, 0.0], [0.0, 0.0, 0.0, 1.0]]}, "carpals": {"matrix": [[-0.33442434668540955, -0.8971632122993469, -0.2885451316833496, 0.08523797988891602], [0.9103952646255493, -0.2284039407968521, -0.34498095512390137, 2.412543535232544], [0.24359942972660065, -0.3780601918697357, 0.8931571245193481, 0.5073007345199585], [0.0, 0.0, 0.0, 1.0]]}, "metacarpals": {"matrix": [[-0.8916928768157959, -0.2652013301849365, 0.36681294441223145, -0.7885934710502625], [0.08406733721494675, -0.8933160305023193, -0.44149619340896606, 2.1900794506073], [0.4447653591632843, -0.3628421127796173, 0.8188585042953491, 0.13907235860824585], [0.0, 0.0, 0.0, 1.0]]}, "finger5joint1": {"matrix": [[-0.8427578210830688, -0.3429911732673645, 0.41486868262290955, -0.9343693256378174], [0.22279109060764313, -0.9238541126251221, -0.3112192153930664, 1.8471574783325195], [0.49002373218536377, -0.16985343396663666, 0.8550007939338684, -0.4828833341598511], [0.0, 0.0, 0.0, 1.0]]}, "finger5joint2": {"matrix": [[0.5630398392677307, -0.7923122644424438, 0.23500370979309082, -1.296661376953125], [-0.1613018661737442, -0.38424789905548096, -0.909029483795166, 0.8713160157203674], [0.8105352520942688, 0.4739135503768921, -0.34414851665496826, -0.6622947454452515], [0.0, 0.0, 0.0, 1.0]]}, "finger5joint3": {"matrix": [[0.4728187620639801, -0.8803249597549438, 0.03833834081888199, -1.841245412826538], [-0.14617745578289032, -0.1212683618068695, -0.9817970395088196, 0.6072089672088623], [0.8689499497413635, 0.45860815048217773, -0.18602173030376434, -0.33655738830566406], [0.0, 0.0, 0.0, 1.0]]}, "Bone": {"matrix": [[0.0923009142279625, -0.9703140258789062, 0.22354181110858917, -1.202646255493164], [0.9296789765357971, 0.0035741806495934725, -0.368353009223938, 0.795365035533905], [0.3566191792488098, 0.2418215125799179, 0.902410626411438, -0.42742490768432617], [0.0, 0.0, 0.0, 1.0]]}, "finger1joint1": {"matrix": [[-0.8305975794792175, -0.5317484736442566, 0.1653812825679779, -2.010129928588867], [0.20326562225818634, -0.5659908652305603, -0.7989600300788879, 0.7983393669128418], [0.5184502005577087, -0.6299980282783508, 0.5781969428062439, -0.22618404030799866], [0.0, 0.0, 0.0, 1.0]]}, "finger1joint2": {"matrix": [[-0.8307077884674072, 0.10828933864831924, -0.5460749268531799, -2.3106625080108643], [0.4481424391269684, 0.7120370864868164, -0.5405287146568298, 0.478453665971756], [0.3302921652793884, -0.6937409043312073, -0.6400238871574402, -0.5822452306747437], [0.0, 0.0, 0.0, 1.0]]}, "finger1joint3": {"matrix": [[-0.8851502537727356, 0.27104097604751587, -0.37821391224861145, -2.2642407417297363], [0.3646716773509979, 0.908944308757782, -0.20207560062408447, 0.7836922407150269], [0.28900468349456787, -0.3167911767959595, -0.9033933281898499, -0.879640519618988], [0.0, 0.0, 0.0, 1.0]]}, "Bone.001": {"matrix": [[-0.21572807431221008, -0.8019216060638428, 0.5571200251579285, -1.2026463747024536], [0.8257402777671814, -0.4543473720550537, -0.33424705266952515, 0.7953650951385498], [0.5211660861968994, 0.3879300653934479, 0.7601946592330933, -0.4274248480796814], [0.0, 0.0, 0.0, 1.0]]}, "finger2joint1": {"matrix": [[-0.8595519065856934, -0.26492440700531006, 0.437018483877182, -1.710971474647522], [0.20446567237377167, -0.9619914293289185, -0.18101364374160767, 0.5073617100715637], [0.46836307644844055, -0.06623534113168716, 0.8810497522354126, -0.18152233958244324], [0.0, 0.0, 0.0, 1.0]]}, "finger2joint2": {"matrix": [[-0.9166803359985352, -0.39245346188545227, 0.07534729689359665, -1.9401705265045166], [0.13248290121555328, -0.4763320982456207, -0.8692270517349243, -0.3249042332172394], [0.3770216405391693, -0.786821186542511, 0.4886377453804016, -0.23882582783699036], [0.0, 0.0, 0.0, 1.0]]}, "finger2joint3": {"matrix": [[-0.9586853384971619, -0.25136128067970276, -0.13318994641304016, -2.0891523361206055], [0.15410901606082916, -0.06536969542503357, -0.9858888387680054, -0.5057277083396912], [0.23910775780677795, -0.9656832218170166, 0.10140607506036758, -0.5375159978866577], [0.0, 0.0, 0.0, 1.0]]}, "Bone.002": {"matrix": [[-0.7225157022476196, -0.3582649528980255, 0.5912842750549316, -1.2026464939117432], [0.28022152185440063, -0.9336094856262207, -0.22326883673667908, 0.795365035533905], [0.6320181488990784, 0.004375357646495104, 0.7749412059783936, -0.4274248778820038], [0.0, 0.0, 0.0, 1.0]]}, "finger3joint1": {"matrix": [[-0.5525729656219482, -0.4019281566143036, 0.730148434638977, -1.353658676147461], [0.7383177876472473, -0.6425231695175171, 0.20506243407726288, 0.4018392860889435], [0.3867170512676239, 0.652393639087677, 0.6517916917800903, -0.42558059096336365], [0.0, 0.0, 0.0, 1.0]]}, "finger3joint2": {"matrix": [[-0.6370785236358643, -0.6955596804618835, 0.33215591311454773, -1.7062227725982666], [0.6189142465591431, -0.718460202217102, -0.3174269497394562, -0.16177016496658325], [0.4594303369522095, 0.0033501917496323586, 0.8882075548171997, 0.14668706059455872], [0.0, 0.0, 0.0, 1.0]]}, "finger3joint3": {"matrix": [[-0.717576265335083, -0.15801142156124115, -0.6783189177513123, -2.1563055515289307], [0.6270610690116882, 0.2772904634475708, -0.7279451489448547, -0.6266716718673706], [0.3031151294708252, -0.9477037191390991, -0.099894218146801, 0.14885491132736206], [0.0, 0.0, 0.0, 1.0]]}, "Bone.003": {"matrix": [[-0.3483230471611023, 0.6750649809837341, 0.6503522992134094, -1.2026464939117432], [-0.4133221507072449, -0.7333231568336487, 0.5398164987564087, 0.7953650951385498], [0.8413296937942505, -0.08077447861433029, 0.5344527959823608, -0.4274248778820038], [0.0, 0.0, 0.0, 1.0]]}, "finger4joint1": {"matrix": [[-0.5034737586975098, -0.7668100595474243, 0.39814087748527527, -0.9133005142211914], [0.6525449156761169, -0.6394996643066406, -0.4064786434173584, 0.4810485243797302], [0.5663030743598938, 0.0551534928381443, 0.822349488735199, -0.46204641461372375], [0.0, 0.0, 0.0, 1.0]]}, "finger4joint2": {"matrix": [[-0.5131370425224304, -0.704285740852356, -0.49058282375335693, -1.6750181913375854], [0.629743218421936, 0.07943401485681534, -0.7727310061454773, -0.15420423448085785], [0.5831925868988037, -0.705458402633667, 0.40275877714157104, -0.40725916624069214], [0.0, 0.0, 0.0, 1.0]]}, "finger4joint3": {"matrix": [[-0.4455849826335907, -0.5757957696914673, -0.6855018138885498, -1.9687496423721313], [0.6321970224380493, 0.3397740125656128, -0.6963332295417786, -0.12107525765895844], [0.6338616609573364, -0.7436481714248657, 0.21261826157569885, -0.7014796733856201], [0.0, 0.0, 0.0, 1.0]]}}