{"root": {"matrix": [[-0.0292538870126009, -0.7657475471496582, -0.6424756646156311, 0.0], [-0.8333275318145752, 0.3736369013786316, -0.40738269686698914, 0.0], [0.5520048141479492, 0.523475170135498, -0.6490488648414612, 0.0], [0.0, 0.0, 0.0, 1.0]]}, "carpals": {"matrix": [[-0.010097838938236237, -0.9993399381637573, 0.03489246964454651, -0.7434518933296204], [0.6942675709724426, 0.01810617372393608, 0.7194889187812805, -1.473026156425476], [-0.7196458578109741, 0.03148994594812393, 0.6936267614364624, 1.8337007761001587], [0.0, 0.0, 0.0, 1.0]]}, "metacarpals": {"matrix": [[0.7823787927627563, -0.2616782784461975, 0.5651616454124451, -1.7168030738830566], [-0.34248992800712585, 0.5771464705467224, 0.7413516044616699, -1.4553908109664917], [-0.5201767683029175, -0.7735801339149475, 0.3619251549243927, 1.8643717765808105], [0.0, 0.0, 0.0, 1.0]]}, "finger5joint1": {"matrix": [[0.6988797187805176, -0.49423909187316895, 0.5170055031776428, -2.2359044551849365], [-0.1546933501958847, 0.6012837886810303, 0.7839179635047913, -1.370903730392456], [-0.6983100175857544, -0.6278417706489563, 0.34376972913742065, 1.3653020858764648], [0.0, 0.0, 0.0, 1.0]]}, "finger5joint2": {"matrix": [[0.513715922832489, 0.4252645671367645, -0.7451480627059937, -2.757955551147461], [0.6728813052177429, 0.3391258418560028, 0.657437264919281, -0.7357842922210693], [0.5322840213775635, -0.8391323089599609, -0.11193811893463135, 0.7021303176879883], [0.0, 0.0, 0.0, 1.0]]}, "finger5joint3": {"matrix": [[0.5914140939712524, 0.668720006942749, -0.45060235261917114, -2.465656280517578], [0.6643822193145752, -0.08742079883813858, 0.7422621250152588, -0.5026912689208984], [0.45697376132011414, -0.7383567690849304, -0.49598756432533264, 0.1253652423620224], [0.0, 0.0, 0.0, 1.0]]}, "Bone": {"matrix": [[0.33064085245132446, 0.6276388764381409, 0.7048020362854004, -2.1253554821014404], [-0.6837265491485596, -0.3554697334766388, 0.6373059153556824, -0.5543049573898315], [0.6505338549613953, -0.6926114559173584, 0.3116007149219513, 0.6565983891487122], [0.0, 0.0, 0.0, 1.0]]}, "finger1joint1": {"matrix": [[0.8572252988815308, -0.2800712287425995, 0.43211647868156433, -1.6030421257019043], [-0.41595906019210815, 0.11805417388677597, 0.901687741279602, -0.8501224517822266], [-0.3035500645637512, -0.9526926279067993, -0.015299011953175068, 0.08021572232246399], [0.0, 0.0, 0.0, 1.0]]}, "finger1joint2": {"matrix": [[0.6903897523880005, -0.5394919514656067, 0.4819857180118561, -1.7613322734832764], [-0.6730111837387085, -0.234576016664505, 0.7014483213424683, -0.7834007740020752], [-0.26536357402801514, -0.8086547255516052, -0.5250329971313477, -0.4582254886627197], [0.0, 0.0, 0.0, 1.0]]}, "finger1joint3": {"matrix": [[0.7549776434898376, -0.6387492418289185, 0.14835132658481598, -1.9926037788391113], [-0.5894519686698914, -0.5619261264801025, 0.5803319215774536, -0.8839596509933472], [-0.2873242199420929, -0.525583803653717, -0.800753653049469, -0.8048825263977051], [0.0, 0.0, 0.0, 1.0]]}, "Bone.001": {"matrix": [[0.6041343808174133, 0.6661846041679382, 0.4372864365577698, -2.1253554821014404], [-0.6834478974342346, 0.15097489953041077, 0.714216411113739, -0.5543049573898315], [0.4097808301448822, -0.7303453683853149, 0.5465118288993835, 0.6565983891487122], [0.0, 0.0, 0.0, 1.0]]}, "finger2joint1": {"matrix": [[0.8495174050331116, 0.027145056053996086, 0.5268614888191223, -1.70307195186615], [-0.4888230860233307, 0.4161182641983032, 0.7667444944381714, -0.4586044251918793], [-0.198423370718956, -0.9089050889015198, 0.36676904559135437, 0.19364440441131592], [0.0, 0.0, 0.0, 1.0]]}, "finger2joint2": {"matrix": [[0.7961525321006775, -0.5157942175865173, 0.3163814842700958, -1.6795873641967773], [-0.5179465413093567, -0.3105815351009369, 0.7970383167266846, -0.09860014915466309], [-0.3128456175327301, -0.7984330058097839, -0.5144240856170654, -0.5926938056945801], [0.0, 0.0, 0.0, 1.0]]}, "finger2joint3": {"matrix": [[0.7002625465393066, -0.7048024535179138, -0.11351441591978073, -1.8753913640975952], [-0.6192832589149475, -0.6788389086723328, 0.3945446014404297, -0.21650198101997375], [-0.35513415932655334, -0.20598740875720978, -0.9118380546569824, -0.8957921266555786], [0.0, 0.0, 0.0, 1.0]]}, "Bone.002": {"matrix": [[0.8905739784240723, 0.10807283967733383, 0.4418123960494995, -2.1253552436828613], [-0.395757257938385, 0.6628710031509399, 0.6355925798416138, -0.5543049573898315], [-0.2241743505001068, -0.7408927083015442, 0.6331064701080322, 0.6565983891487122], [0.0, 0.0, 0.0, 1.0]]}, "finger3joint1": {"matrix": [[0.8065409660339355, 0.36438554525375366, 0.46552640199661255, -2.079801559448242], [-0.39662355184555054, 0.917458713054657, -0.030966483056545258, -0.2748981714248657], [-0.43838509917259216, -0.1596628725528717, 0.884492039680481, 0.3443046808242798], [0.0, 0.0, 0.0, 1.0]]}, "finger3joint2": {"matrix": [[0.8353378176689148, -0.5496076345443726, 0.011923464946448803, -1.7601693868637085], [-0.24505937099456787, -0.352870374917984, 0.9030106067657471, 0.5298796892166138], [-0.4920940697193146, -0.7572410702705383, -0.4294523298740387, 0.20425140857696533], [0.0, 0.0, 0.0, 1.0]]}, "finger3joint3": {"matrix": [[0.7931247353553772, -0.2408847063779831, -0.559399425983429, -2.115809679031372], [-0.4106247127056122, -0.8898186683654785, -0.1990220546722412, 0.3015442490577698], [-0.44982272386550903, 0.38755229115486145, -0.804650604724884, -0.28574439883232117], [0.0, 0.0, 0.0, 1.0]]}, "Bone.003": {"matrix": [[0.8879494667053223, -0.3939959704875946, 0.2373030185699463, -2.1253554821014404], [0.4188927710056305, 0.9058123826980591, -0.06350233405828476, -0.5543049573898315], [-0.1899322271347046, 0.1557914912700653, 0.9693579077720642, 0.6565983891487122], [0.0, 0.0, 0.0, 1.0]]}, "finger4joint1": {"matrix": [[0.8068129420280457, 0.1872016042470932, 0.5603643655776978, -2.294229745864868], [-0.5901889204978943, 0.29874294996261597, 0.7499527335166931, -0.16605612635612488], [-0.027012554928660393, -0.9357925653457642, 0.3515142798423767, 0.7233736515045166], [0.0, 0.0, 0.0, 1.0]]}, "finger4joint2": {"matrix": [[0.8215623497962952, -0.06093709543347359, 0.5668523907661438, -2.108271360397339], [-0.5685939192771912, -0.014917067252099514, 0.8224827647209167, 0.13070286810398102], [-0.04166393727064133, -0.9980299472808838, -0.0469035767018795, -0.20620441436767578], [0.0, 0.0, 0.0, 1.0]]}, "finger4joint3": {"matrix": [[0.8154038786888123, -0.15458327531814575, 0.5578710436820984, -2.133685827255249], [-0.57735675573349, -0.28730154037475586, 0.764275074005127, 0.12448152154684067], [0.04213307797908783, -0.9452838897705078, -0.3235163986682892, -0.6224455833435059], [0.0, 0.0, 0.0, 1.0]]}}