{"root": {"matrix": [[0.08660449832677841, -0.9186046123504639, 0.3855712413787842, -5.960464477539063e-08], [0.3148787319660187, -0.3419457972049713, -0.8853951096534729, 0.0], [0.9451725482940674, 0.19808734953403473, 0.25963494181632996, 0.0], [0.0, 0.0, 0.0, 1.0]]}, "carpals": {"matrix": [[-0.7437180876731873, -0.0981365293264389, -0.6612505912780762, -0.7466397285461426], [0.6684672236442566, -0.11789728701114655, -0.734337568283081, 0.476929634809494], [-0.005894172471016645, -0.988164484500885, 0.15328334271907806, 2.3021841049194336], [0.0, 0.0, 0.0, 1.0]]}, "metacarpals": {"matrix": [[-0.8979705572128296, -0.4278408885002136, -0.1029607281088829, -0.84222412109375], [0.2864769995212555, -0.3907518982887268, -0.874782145023346, 0.36209836602211], [0.3340355455875397, -0.8150244355201721, 0.4734501242637634, 1.3397181034088135], [0.0, 0.0, 0.0, 1.0]]}, "finger5joint1": {"matrix": [[-0.7990329265594482, -0.5923852920532227, -0.10308175534009933, -0.8864622116088867], [0.277173787355423, -0.2107405960559845, -0.937423586845398, 0.44869834184646606], [0.5335925817489624, -0.7776037454605103, 0.3325822055339813, 0.6212347745895386], [0.0, 0.0, 0.0, 1.0]]}, "finger5joint2": {"matrix": [[-0.04990336298942566, -0.587498664855957, 0.8076845407485962, -1.5121822357177734], [-0.9369899034500122, -0.252433717250824, -0.24150951206684113, 0.22609886527061462], [0.34577324986457825, -0.7688443660736084, -0.5378833413124084, -0.20012646913528442], [0.0, 0.0, 0.0, 1.0]]}, "finger5joint3": {"matrix": [[-0.14892195165157318, -0.7210554480552673, 0.6766835451126099, -1.9159908294677734], [-0.9417405128479004, -0.10527968406677246, -0.3194379508495331, 0.05259232968091965], [0.3015734553337097, -0.6848316192626953, -0.6633689999580383, -0.728580117225647], [0.0, 0.0, 0.0, 1.0]]}, "Bone": {"matrix": [[0.2911587953567505, -0.9285632967948914, -0.2302100509405136, -1.510202407836914], [0.5028774738311768, 0.3532596528530121, -0.7888736724853516, -0.24797385931015015], [0.8138430118560791, 0.11392015963792801, 0.5698080658912659, 0.06723866611719131], [0.0, 0.0, 0.0, 1.0]]}, "finger1joint1": {"matrix": [[-0.5695112347602844, -0.48980945348739624, -0.6601086854934692, -2.2829413414001465], [0.1402103155851364, 0.7334115505218506, -0.6651679873466492, 0.04600450396537781], [0.8099368810653687, -0.4713745415210724, -0.34900975227355957, 0.16204161942005157], [0.0, 0.0, 0.0, 1.0]]}, "finger1joint2": {"matrix": [[-0.33158329129219055, 0.3335310220718384, -0.8825018405914307, -2.5597710609436035], [0.321371465921402, 0.9194093346595764, 0.22673065960407257, 0.46051281690597534], [0.8870021104812622, -0.2084307074546814, -0.41204801201820374, -0.10436906665563583], [0.0, 0.0, 0.0, 1.0]]}, "finger1joint3": {"matrix": [[-0.4312640428543091, 0.6969897150993347, -0.5729019045829773, -2.4167919158935547], [0.3087330460548401, 0.7106580138206482, 0.632178008556366, 0.8546485304832458], [0.847758948802948, 0.09576189517974854, -0.5216647982597351, -0.19371987879276276], [0.0, 0.0, 0.0, 1.0]]}, "Bone.001": {"matrix": [[-0.06945136934518814, -0.9902363419532776, 0.1208643689751625, -1.510202407836914], [0.49598342180252075, -0.13939692080020905, -0.8570698499679565, -0.24797381460666656], [0.8655498623847961, 0.00042207815567962825, 0.5008220076560974, 0.06723868101835251], [0.0, 0.0, 0.0, 1.0]]}, "finger2joint1": {"matrix": [[-0.7215150594711304, -0.48922455310821533, -0.4899745285511017, -2.13789701461792], [0.27350205183029175, 0.4487275779247284, -0.850787878036499, -0.33633527159690857], [0.6360914707183838, -0.7478652596473694, -0.1899598389863968, 0.06750631332397461], [0.0, 0.0, 0.0, 1.0]]}, "finger2joint2": {"matrix": [[-0.7144200801849365, 0.6191356182098389, -0.3259982168674469, -2.5611493587493896], [0.390408992767334, 0.7393450736999512, 0.5485886335372925, 0.05188092589378357], [0.5806760787963867, 0.2646501362323761, -0.7699189186096191, -0.5795085430145264], [0.0, 0.0, 0.0, 1.0]]}, "finger2joint3": {"matrix": [[-0.6066863536834717, 0.2795931100845337, 0.744149923324585, -2.326115131378174], [0.4220433533191681, -0.679996132850647, 0.5995702743530273, 0.33254843950271606], [0.6736548542976379, 0.6778144836425781, 0.29454395174980164, -0.47904306650161743], [0.0, 0.0, 0.0, 1.0]]}, "Bone.002": {"matrix": [[-0.7421279549598694, -0.6442082524299622, 0.18504521250724792, -1.5102025270462036], [0.2717326283454895, -0.5415503978729248, -0.7955403923988342, -0.24797381460666656], [0.6127050518989563, -0.5401098132133484, 0.5769519209861755, 0.0672386884689331], [0.0, 0.0, 0.0, 1.0]]}, "finger3joint1": {"matrix": [[-0.8505682945251465, -0.44110289216041565, 0.28628966212272644, -1.781742811203003], [0.3216836154460907, -0.8671185970306396, -0.38029587268829346, -0.47624272108078003], [0.41599687933921814, -0.2313729226589203, 0.8794389367103577, -0.16042301058769226], [0.0, 0.0, 0.0, 1.0]]}, "finger3joint2": {"matrix": [[-0.9200735688209534, -0.1455194503068924, -0.3637149930000305, -2.168670177459717], [0.19503331184387207, 0.6350496411323547, -0.7474449872970581, -1.236863136291504], [0.33974504470825195, -0.758640706539154, -0.555911123752594, -0.3633791208267212], [0.0, 0.0, 0.0, 1.0]]}, "finger3joint3": {"matrix": [[-0.8518772721290588, 0.1692940592765808, -0.4956253170967102, -2.2628328800201416], [0.3492130935192108, 0.8888601660728455, -0.2966107428073883, -0.8259350657463074], [0.3903273046016693, -0.4257547855377197, -0.8163192272186279, -0.8542805314064026], [0.0, 0.0, 0.0, 1.0]]}, "Bone.003": {"matrix": [[-0.7271726727485657, 0.35991519689559937, 0.5845347046852112, -1.5102026462554932], [-0.5253883600234985, -0.839846134185791, -0.13647572696208954, -0.24797379970550537], [0.44179943203926086, -0.40634921193122864, 0.7998082637786865, 0.06723868101835251], [0.0, 0.0, 0.0, 1.0]]}, "finger4joint1": {"matrix": [[-0.7623350024223328, -0.5983202457427979, 0.24669399857521057, -1.35593581199646], [0.44005024433135986, -0.7587180733680725, -0.4803149402141571, -0.6079482436180115], [0.47455352544784546, -0.25760310888290405, 0.8416882753372192, -0.10693049430847168], [0.0, 0.0, 0.0, 1.0]]}, "finger4joint2": {"matrix": [[-0.7709441184997559, -0.5290973782539368, -0.3545428514480591, -1.9502828121185303], [0.41318532824516296, 0.008141648955643177, -0.9106104373931885, -1.3616275787353516], [0.48468831181526184, -0.8485216498374939, 0.21233859658241272, -0.36282292008399963], [0.0, 0.0, 0.0, 1.0]]}, "finger4joint3": {"matrix": [[-0.7190248966217041, -0.12791332602500916, -0.6831111907958984, -2.170949697494507], [0.424355149269104, 0.6976071000099182, -0.5772926211357117, -1.358232021331787], [0.5503867268562317, -0.704969584941864, -0.44731616973876953, -0.7167097330093384], [0.0, 0.0, 0.0, 1.0]]}}