{"root": {"matrix": [[0.389667272567749, -0.5407961010932922, 0.7454522252082825, 0.0], [0.5056681632995605, -0.5508694052696228, -0.663959801197052, 0.0], [0.7697136998176575, 0.6356748342514038, 0.058807533234357834, 0.0], [0.0, 0.0, 0.0, 1.0]]}, "carpals": {"matrix": [[-0.8305816650390625, -0.5081716179847717, 0.22780553996562958, 0.2680739164352417], [-0.041564010083675385, -0.35135483741760254, -0.9353192448616028, 0.6790019273757935], [0.5553433895111084, -0.7863275408744812, 0.2707071602344513, 2.3562848567962646], [0.0, 0.0, 0.0, 1.0]]}, "metacarpals": {"matrix": [[-0.32744404673576355, -0.44242990016937256, 0.8348867893218994, -0.22688215970993042], [-0.8225196003913879, -0.3013933300971985, -0.4823104739189148, 0.3367844820022583], [0.4650178849697113, -0.8446404337882996, -0.26521801948547363, 1.5904065370559692], [0.0, 0.0, 0.0, 1.0]]}, "finger5joint1": {"matrix": [[-0.5979843735694885, -0.5135769248008728, 0.6153480410575867, -0.7653533816337585], [-0.7747135162353516, 0.5672066807746887, -0.2794554829597473, 0.5075193643569946], [-0.2055075466632843, -0.6438283920288086, -0.7370558381080627, 1.1359034776687622], [0.0, 0.0, 0.0, 1.0]]}, "finger5joint2": {"matrix": [[0.5889223217964172, -0.7643110752105713, 0.262675404548645, -1.307830572128296], [-0.2837396562099457, 0.10879436880350113, 0.952709436416626, 1.1066440343856812], [-0.7567443251609802, -0.635603129863739, -0.15279395878314972, 0.4558454155921936], [0.0, 0.0, 0.0, 1.0]]}, "finger5joint3": {"matrix": [[0.4996393918991089, -0.8662325143814087, -0.0010472643189132214, -1.8331685066223145], [-0.3243623673915863, -0.18821164965629578, 0.9270194172859192, 1.181422233581543], [-0.8032117486000061, -0.4628356099128723, -0.3750111758708954, 0.01897309720516205], [0.0, 0.0, 0.0, 1.0]]}, "Bone": {"matrix": [[0.3143296539783478, -0.5253965854644775, 0.7906674742698669, -0.9176380634307861], [0.2104240357875824, -0.7736034989356995, -0.5977116227149963, -0.13377422094345093], [0.9256987571716309, 0.35425397753715515, -0.13261061906814575, 0.271688312292099], [0.0, 0.0, 0.0, 1.0]]}, "finger1joint1": {"matrix": [[-0.1424030363559723, -0.3641245663166046, 0.9203990697860718, -1.354866623878479], [-0.7342337369918823, -0.5847410559654236, -0.3449327051639557, -0.7775574922561646], [0.6637935638427734, -0.7249074578285217, -0.18408381938934326, 0.5664941072463989], [0.0, 0.0, 0.0, 1.0]]}, "finger1joint2": {"matrix": [[-0.40855246782302856, -0.7589388489723206, 0.5070469379425049, -1.560662031173706], [-0.582510232925415, -0.2108759731054306, -0.7849923968315125, -1.108040452003479], [0.7026852965354919, -0.6160703897476196, -0.35593584179878235, 0.1567920744419098], [0.0, 0.0, 0.0, 1.0]]}, "finger1joint3": {"matrix": [[-0.32698217034339905, -0.9370967149734497, -0.12219756841659546, -1.8860065937042236], [-0.6508833169937134, 0.31706324219703674, -0.6897983551025391, -1.198439598083496], [0.6851521730422974, -0.14601516723632812, -0.7136145830154419, -0.10730715841054916], [0.0, 0.0, 0.0, 1.0]]}, "Bone.001": {"matrix": [[0.20895396173000336, -0.3024267554283142, 0.9299870729446411, -0.9176380038261414], [-0.13573825359344482, -0.950743556022644, -0.27867838740348816, -0.13377416133880615], [0.9684590101242065, -0.06800393015146255, -0.2397127002477646, 0.271688312292099], [0.0, 0.0, 0.0, 1.0]]}, "finger2joint1": {"matrix": [[-0.26861947774887085, -0.5966500043869019, 0.7562090158462524, -1.1093413829803467], [-0.7619763016700745, -0.3486423194408417, -0.5457475185394287, -0.7364349365234375], [0.5892667174339294, -0.722811758518219, -0.3609812557697296, 0.2285817563533783], [0.0, 0.0, 0.0, 1.0]]}, "finger2joint2": {"matrix": [[-0.39020395278930664, -0.6614482402801514, 0.6404895186424255, -1.6255325078964233], [-0.7366744875907898, -0.1930026113986969, -0.6481208205223083, -1.0380624532699585], [0.5523145794868469, -0.7247314453125, -0.4119618237018585, -0.3967580795288086], [0.0, 0.0, 0.0, 1.0]]}, "finger2joint3": {"matrix": [[-0.5191535353660583, -0.7304695248603821, 0.4437268376350403, -1.876629114151001], [-0.6930717825889587, 0.05600348487496376, -0.7186896800994873, -1.111329436302185], [0.5001307129859924, -0.6806447505950928, -0.5353423953056335, -0.6718780994415283], [0.0, 0.0, 0.0, 1.0]]}, "Bone.002": {"matrix": [[-0.0757579430937767, -0.2524663507938385, 0.9646353125572205, -0.9176381230354309], [-0.7558085918426514, -0.6164765357971191, -0.22070330381393433, -0.13377419114112854], [0.6503952145576477, -0.7457996606826782, -0.1441134661436081, 0.271688312292099], [0.0, 0.0, 0.0, 1.0]]}, "finger3joint1": {"matrix": [[-0.25994911789894104, -0.7320926189422607, 0.6296560168266296, -1.0240552425384521], [-0.7815524935722351, -0.22344166040420532, -0.5824512839317322, -0.39362525939941406], [0.5670998096466064, -0.6435167193412781, -0.5140854716300964, -0.04267376661300659], [0.0, 0.0, 0.0, 1.0]]}, "finger3joint2": {"matrix": [[-0.39666709303855896, -0.7409461140632629, -0.5418983101844788, -1.6662333011627197], [-0.7838605046272278, 0.580617368221283, -0.22010481357574463, -0.5896241068840027], [0.4777214825153351, 0.3374645411968231, -0.8111101984977722, -0.6071547269821167], [0.0, 0.0, 0.0, 1.0]]}, "finger3joint3": {"matrix": [[-0.33615612983703613, -0.14937545359134674, -0.9298847913742065, -2.1456849575042725], [-0.7058976888656616, 0.6935694813728333, 0.14377018809318542, -0.213918074965477], [0.6234641075134277, 0.7047328352928162, -0.33859115839004517, -0.3887880742549896], [0.0, 0.0, 0.0, 1.0]]}, "Bone.003": {"matrix": [[0.33883607387542725, 0.4272821247577667, 0.8382243514060974, -0.9176380634307861], [-0.9404581785202026, 0.17937584221363068, 0.2887257933616638, -0.13377419114112854], [-0.026989934965968132, -0.8861457109451294, 0.4626198410987854, 0.2716882824897766], [0.0, 0.0, 0.0, 1.0]]}, "finger4joint1": {"matrix": [[-0.3341073989868164, -0.7092214226722717, 0.6207873225212097, -0.7344965934753418], [-0.8219656944274902, -0.1030687540769577, -0.5601329803466797, -0.056890226900577545], [0.4612422287464142, -0.6974104046821594, -0.5485197901725769, -0.10813093185424805], [0.0, 0.0, 0.0, 1.0]]}, "finger4joint2": {"matrix": [[-0.3382273316383362, -0.9069474339485168, 0.2510940432548523, -1.4390082359313965], [-0.8347752094268799, 0.16596828401088715, -0.5249804258346558, -0.15927448868751526], [0.43445611000061035, -0.3871696889400482, -0.8132324814796448, -0.8009098768234253], [0.0, 0.0, 0.0, 1.0]]}, "finger4joint3": {"matrix": [[-0.26530271768569946, -0.9623693227767944, -0.058816537261009216, -1.8172621726989746], [-0.8379129767417908, 0.26031240820884705, -0.4797278940677643, -0.09005527198314667], [0.4769861698150635, -0.07798977196216583, -0.8754435181617737, -0.9623839855194092], [0.0, 0.0, 0.0, 1.0]]}}