{"root": {"matrix": [[0.17742900550365448, -0.7614558935165405, -0.6234612464904785, 5.960464477539063e-08], [-0.5705328583717346, 0.43660426139831543, -0.6956069469451904, 0.0], [0.8018797636032104, 0.4791259765625, -0.3569693863391876, 2.9802322387695312e-08], [0.0, 0.0, 0.0, 1.0]]}, "carpals": {"matrix": [[0.6114621162414551, -0.7650681138038635, -0.20195215940475464, -0.27398091554641724], [0.43304288387298584, 0.10994347929954529, 0.8946428894996643, -0.7846852540969849], [-0.6622594594955444, -0.6344943046569824, 0.39853382110595703, 2.3225393295288086], [0.0, 0.0, 0.0, 1.0]]}, "metacarpals": {"matrix": [[0.7052394151687622, -0.49922576546669006, 0.5033993124961853, -1.0191526412963867], [-0.30385956168174744, 0.4286835491657257, 0.8508228063583374, -0.6776009798049927], [-0.6405518054962158, -0.7529965043067932, 0.15063020586967468, 1.7045457363128662], [0.0, 0.0, 0.0, 1.0]]}, "finger5joint1": {"matrix": [[0.48910126090049744, -0.8306494355201721, 0.2660852074623108, -1.6348730325698853], [-0.09588760137557983, 0.25200921297073364, 0.9629623889923096, -0.7296483516693115], [-0.8669402003288269, -0.4965004026889801, 0.043609242886304855, 1.3252640962600708], [0.0, 0.0, 0.0, 1.0]]}, "finger5joint2": {"matrix": [[0.3166391849517822, 0.08243898302316666, -0.9449566006660461, -2.5122649669647217], [0.945878803730011, 0.04721018299460411, 0.32106685638427734, -0.46345803141593933], [0.07108020037412643, -0.9954769611358643, -0.063028484582901, 0.8008244037628174], [0.0, 0.0, 0.0, 1.0]]}, "finger5joint3": {"matrix": [[0.37449395656585693, 0.642389178276062, -0.6686478853225708, -2.455601692199707], [0.9270383715629578, -0.2740205228328705, 0.25595301389694214, -0.43100881576538086], [-0.018801625818014145, -0.7157154679298401, -0.698138415813446, 0.11659818887710571], [0.0, 0.0, 0.0, 1.0]]}, "Bone": {"matrix": [[0.5577841401100159, 0.5229001641273499, 0.6445556879043579, -1.7985827922821045], [-0.5408750176429749, -0.3600414991378784, 0.7601473331451416, -0.008306950330734253], [0.6295480132102966, -0.7726224064826965, 0.08199837803840637, 0.5289089679718018], [0.0, 0.0, 0.0, 1.0]]}, "finger1joint1": {"matrix": [[0.778610110282898, -0.5079842209815979, 0.368399441242218, -1.363431692123413], [-0.33134233951568604, 0.16574691236019135, 0.9288378953933716, -0.30792903900146484], [-0.5328962802886963, -0.8452690243721008, -0.0392642505466938, -0.11405780911445618], [0.0, 0.0, 0.0, 1.0]]}, "finger1joint2": {"matrix": [[0.639480710029602, -0.7110224366188049, 0.2924233078956604, -1.6505333185195923], [-0.6016492247581482, -0.22603249549865723, 0.7661117315292358, -0.21425247192382812], [-0.47862571477890015, -0.6658501029014587, -0.5723294019699097, -0.5917855501174927], [0.0, 0.0, 0.0, 1.0]]}, "finger1joint3": {"matrix": [[0.691460132598877, -0.705525815486908, -0.155293807387352, -1.9553368091583252], [-0.5122699737548828, -0.6304287910461426, 0.5832141637802124, -0.31114888191223145], [-0.5093745589256287, -0.3237171471118927, -0.7973359823226929, -0.8772245049476624], [0.0, 0.0, 0.0, 1.0]]}, "Bone.001": {"matrix": [[0.7736621499061584, 0.47332316637039185, 0.4212028384208679, -1.798582673072815], [-0.5371403694152832, 0.13738612830638885, 0.8322288393974304, -0.008306950330734253], [0.3360457718372345, -0.8701091408729553, 0.36053165793418884, 0.5289090275764465], [0.0, 0.0, 0.0, 1.0]]}, "finger2joint1": {"matrix": [[0.9384348392486572, -0.3451882004737854, 0.013597982935607433, -1.4985508918762207], [-0.23334400355815887, -0.6043650507926941, 0.7617696523666382, 0.07877984642982483], [-0.2547357976436615, -0.7180444598197937, -0.6477047801017761, -0.022638976573944092], [0.0, 0.0, 0.0, 1.0]]}, "finger2joint2": {"matrix": [[0.8980849385261536, -0.4397697150707245, 0.006774125155061483, -1.7971901893615723], [-0.356436163187027, -0.7187074422836304, 0.5970028638839722, -0.44408586621284485], [-0.25767529010772705, -0.5385740399360657, -0.8022102117538452, -0.6438543200492859], [0.0, 0.0, 0.0, 1.0]]}, "finger2joint3": {"matrix": [[0.8374959230422974, -0.544862687587738, -0.04153270274400711, -1.9641337394714355], [-0.4884263873100281, -0.7804937362670898, 0.390216201543808, -0.7169190049171448], [-0.24503038823604584, -0.3065190315246582, -0.9197857975959778, -0.8483059406280518], [0.0, 0.0, 0.0, 1.0]]}, "Bone.002": {"matrix": [[0.8778430223464966, -0.1485377550125122, 0.4553329348564148, -1.798582673072815], [-0.30223867297172546, 0.5656940340995789, 0.7672299742698669, -0.008306965231895447], [-0.371541827917099, -0.8111265897750854, 0.45169690251350403, 0.5289090275764465], [0.0, 0.0, 0.0, 1.0]]}, "finger3joint1": {"matrix": [[0.7535558938980103, -0.43280866742134094, 0.49480322003364563, -1.8611929416656494], [-0.3428773283958435, 0.3834246098995209, 0.8575665950775146, 0.23013877868652344], [-0.5608820915222168, -0.8158810138702393, 0.14053180813789368, 0.1870110034942627], [0.0, 0.0, 0.0, 1.0]]}, "finger3joint2": {"matrix": [[0.655869722366333, -0.24756404757499695, -0.7131248116493225, -2.240844488143921], [-0.3109418451786041, -0.9494273066520691, 0.04362037405371666, 0.5664716958999634], [-0.687859058380127, 0.19313088059425354, -0.6996785998344421, -0.528664767742157], [0.0, 0.0, 0.0, 1.0]]}, "finger3joint3": {"matrix": [[0.7533494234085083, 0.6355250477790833, -0.16903400421142578, -2.401038646697998], [-0.3605656325817108, 0.18421570956707, -0.9143614768981934, -0.04788398742675781], [-0.5499610304832458, 0.7497814297676086, 0.3679271638393402, -0.4036935567855835], [0.0, 0.0, 0.0, 1.0]]}, "Bone.003": {"matrix": [[0.7547398805618286, -0.49128904938697815, 0.4347445070743561, -1.7985827922821045], [0.5022017955780029, 0.8590699434280396, 0.09895454347133636, -0.008306950330734253], [-0.4220910668373108, 0.14364470541477203, 0.8951007127761841, 0.5289090275764465], [0.0, 0.0, 0.0, 1.0]]}, "finger4joint1": {"matrix": [[0.868123471736908, 0.058201830834150314, 0.4929240047931671, -2.0091586112976074], [-0.4962233603000641, 0.12403418868780136, 0.8592888712882996, 0.3599070906639099], [-0.011127348057925701, -0.9905693531036377, 0.13655836880207062, 0.5904780030250549], [0.0, 0.0, 0.0, 1.0]]}, "finger4joint2": {"matrix": [[0.878585934638977, -0.2869754135608673, 0.3817480206489563, -1.951343297958374], [-0.4765641391277313, -0.47459983825683594, 0.7400277853012085, 0.48311758041381836], [-0.03119235672056675, -0.8321056962013245, -0.5537388324737549, -0.3935130536556244], [0.0, 0.0, 0.0, 1.0]]}, "finger4joint3": {"matrix": [[0.8937215209007263, -0.31485846638679504, 0.3195711076259613, -2.0710301399230957], [-0.44623759388923645, -0.6972524523735046, 0.5609906911849976, 0.28517961502075195], [0.04618898779153824, -0.6439743638038635, -0.7636511921882629, -0.7405534386634827], [0.0, 0.0, 0.0, 1.0]]}}