{"root": {"matrix": [[0.43413206934928894, -0.5306442975997925, -0.7279738783836365, 0.0], [-0.7782418727874756, 0.18609143793582916, -0.5997579097747803, 0.0], [0.45372775197029114, 0.8269139528274536, -0.3321813941001892, 0.0], [0.0, 0.0, 0.0, 1.0]]}, "carpals": {"matrix": [[0.7119075655937195, -0.7015634775161743, -0.03156266734004021, 0.5442185401916504], [0.30508553981781006, 0.2684774398803711, 0.9136970043182373, -1.5103957653045654], [-0.632542610168457, -0.6600972414016724, 0.40516817569732666, 1.8728362321853638], [0.0, 0.0, 0.0, 1.0]]}, "metacarpals": {"matrix": [[0.24300314486026764, -0.6363062262535095, 0.7321637868881226, -0.13910001516342163], [-0.5612888336181641, 0.5233604907989502, 0.6411304473876953, -1.2489004135131836], [-0.7911410927772522, -0.5667520761489868, -0.22997327148914337, 1.2299054861068726], [0.0, 0.0, 0.0, 1.0]]}, "finger5joint1": {"matrix": [[0.22722192108631134, -0.8805269598960876, 0.4159835875034332, -0.846047580242157], [-0.41782912611961365, 0.29769372940063477, 0.8583686947822571, -1.1154879331588745], [-0.8796526789665222, -0.3688502311706543, -0.30026718974113464, 1.1398990154266357], [0.0, 0.0, 0.0, 1.0]]}, "finger5joint2": {"matrix": [[0.3672427833080292, -0.5240414142608643, -0.7684483528137207, -1.7761237621307373], [0.8413429856300354, -0.16509942710399628, 0.514668345451355, -0.8010423183441162], [-0.39657795429229736, -0.8355370163917542, 0.38026735186576843, 0.7502927780151367], [0.0, 0.0, 0.0, 1.0]]}, "finger5joint3": {"matrix": [[0.35846376419067383, -0.21985360980033875, -0.9072858691215515, -2.1363158226013184], [0.7926394939422607, -0.44175028800964355, 0.4202125668525696, -0.9145209789276123], [-0.4931790828704834, -0.8697819709777832, 0.01591341756284237, 0.17599888145923615], [0.0, 0.0, 0.0, 1.0]]}, "Bone": {"matrix": [[0.6019766926765442, 0.013815360143780708, 0.7983940243721008, -1.1325507164001465], [-0.656101644039154, -0.5613437294960022, 0.5044039487838745, -0.431789368391037], [0.4551420211791992, -0.8274673819541931, -0.328851580619812, 0.3450481593608856], [0.0, 0.0, 0.0, 1.0]]}, "finger1joint1": {"matrix": [[0.5153554677963257, -0.7241190671920776, 0.458323210477829, -1.121053695678711], [-0.6320198774337769, 0.040033742785453796, 0.7739170789718628, -0.8989327549934387], [-0.5787568092346191, -0.6885119080543518, -0.4370260238647461, -0.34355998039245605], [0.0, 0.0, 0.0, 1.0]]}, "finger1joint2": {"matrix": [[0.3657239079475403, -0.8613038063049316, 0.35270634293556213, -1.5303101539611816], [-0.8383081555366516, -0.14020945131778717, 0.526858925819397, -0.8763064742088318], [-0.40433308482170105, -0.4883615970611572, -0.773315966129303, -0.7326920032501221], [0.0, 0.0, 0.0, 1.0]]}, "finger1joint3": {"matrix": [[0.43091443181037903, -0.8986479043960571, -0.08212576806545258, -1.8995369672775269], [-0.774930477142334, -0.41514483094215393, 0.4765891432762146, -0.93641197681427], [-0.46238020062446594, -0.14172746241092682, -0.875281572341919, -0.9420445561408997], [0.0, 0.0, 0.0, 1.0]]}, "Bone.001": {"matrix": [[0.6608358025550842, 0.06646490842103958, 0.7475816607475281, -1.1325507164001465], [-0.7429762482643127, -0.0830327570438385, 0.6641470193862915, -0.4317893981933594], [0.106216199696064, -0.9943277835845947, -0.00548908393830061, 0.3450481593608856], [0.0, 0.0, 0.0, 1.0]]}, "finger2joint1": {"matrix": [[0.5039412975311279, -0.48938801884651184, 0.7117179036140442, -1.0904195308685303], [-0.6831755042076111, 0.27834486961364746, 0.675125777721405, -0.484422504901886], [-0.5285016298294067, -0.8264521956443787, -0.19406840205192566, -0.2852399945259094], [0.0, 0.0, 0.0, 1.0]]}, "finger2joint2": {"matrix": [[0.3896832764148712, -0.8847525715827942, 0.2556554675102234, -1.5138132572174072], [-0.7146598696708679, -0.11542052775621414, 0.689883291721344, -0.24361273646354675], [-0.5808683633804321, -0.4515427052974701, -0.6772746443748474, -1.000244140625], [0.0, 0.0, 0.0, 1.0]]}, "finger2joint3": {"matrix": [[0.2612200379371643, -0.7596948742866516, -0.5955061316490173, -1.849679946899414], [-0.7819471955299377, -0.5282605886459351, 0.330905944108963, -0.28742825984954834], [-0.565970242023468, 0.37921515107154846, -0.7320336699485779, -1.1716572046279907], [0.0, 0.0, 0.0, 1.0]]}, "Bone.002": {"matrix": [[0.5081645250320435, -0.32290875911712646, 0.7984351515769958, -1.132550835609436], [-0.600794792175293, 0.5313388109207153, 0.5972640514373779, -0.4317893981933594], [-0.6171016097068787, -0.7832040786743164, 0.076005719602108, 0.3450481593608856], [0.0, 0.0, 0.0, 1.0]]}, "finger3joint1": {"matrix": [[0.3425239622592926, -0.06722129136323929, 0.9371011853218079, -1.2686599493026733], [-0.6584483981132507, 0.6943113207817078, 0.29047754406929016, -0.20782470703125], [-0.6701664924621582, -0.7165281772613525, 0.1935565024614334, 0.014919698238372803], [0.0, 0.0, 0.0, 1.0]]}, "finger3joint2": {"matrix": [[0.29097163677215576, -0.8241502642631531, 0.48591348528862, -1.3276252746582031], [-0.551145076751709, 0.27075639367103577, 0.7892590165138245, 0.40121233463287354], [-0.7820323705673218, -0.49746066331863403, -0.37544387578964233, -0.6136054992675781], [0.0, 0.0, 0.0, 1.0]]}, "finger3joint3": {"matrix": [[0.16386163234710693, -0.9831732511520386, 0.0807449147105217, -1.8609168529510498], [-0.6618993878364563, -0.04888560250401497, 0.7479966878890991, 0.5764134526252747], [-0.7314633131027222, -0.17601291835308075, -0.6587721705436707, -0.9355025291442871], [0.0, 0.0, 0.0, 1.0]]}, "Bone.003": {"matrix": [[0.6029539108276367, -0.12163878977298737, 0.7884482145309448, -1.132550597190857], [0.19372659921646118, 0.9810501933097839, 0.00320324394851923, -0.4317893981933594], [-0.7738968729972839, 0.15081214904785156, 0.6150928139686584, 0.34504812955856323], [0.0, 0.0, 0.0, 1.0]]}, "finger4joint1": {"matrix": [[0.5278180241584778, -0.4276561141014099, 0.7338380217552185, -1.1846873760223389], [-0.7449744343757629, 0.1818775236606598, 0.6418201327323914, -0.011292219161987305], [-0.4079471826553345, -0.8854548931121826, -0.22259457409381866, 0.40968915820121765], [0.0, 0.0, 0.0, 1.0]]}, "finger4joint2": {"matrix": [[0.5319481492042542, -0.6904126405715942, 0.4902665913105011, -1.6095035076141357], [-0.7280768156051636, -0.07729779928922653, 0.6811230182647705, 0.16937747597694397], [-0.43235963582992554, -0.7192739844322205, -0.5437918901443481, -0.4698854684829712], [0.0, 0.0, 0.0, 1.0]]}, "finger4joint3": {"matrix": [[0.5802692770957947, -0.7575951218605042, 0.2988929748535156, -1.897449016571045], [-0.7290172576904297, -0.3195648193359375, 0.6053193807601929, 0.1371394395828247], [-0.3630715310573578, -0.569146454334259, -0.7377336025238037, -0.7698678970336914], [0.0, 0.0, 0.0, 1.0]]}}