{"root": {"matrix": [[0.36609435081481934, -0.6477850675582886, -0.6680938601493835, -5.960464477539063e-08], [-0.7018647789955139, 0.27919918298721313, -0.6553118228912354, 0.0], [0.6110324263572693, 0.7088175415992737, -0.3524443507194519, 0.0], [0.0, 0.0, 0.0, 1.0]]}, "carpals": {"matrix": [[0.5457124710083008, -0.8270202279090881, 0.13503800332546234, 0.2689616084098816], [0.4012972414493561, 0.3993891775608063, 0.8242865800857544, -1.2402899265289307], [-0.735634446144104, -0.39563316106796265, 0.549832820892334, 2.115260124206543], [0.0, 0.0, 0.0, 1.0]]}, "metacarpals": {"matrix": [[0.37649330496788025, -0.5182108879089355, 0.7679258584976196, -0.5365511178970337], [-0.6841325759887695, 0.4034073054790497, 0.6076386570930481, -0.8512872457504272], [-0.6246721148490906, -0.7541350722312927, -0.2026447355747223, 1.7299158573150635], [0.0, 0.0, 0.0, 1.0]]}, "finger5joint1": {"matrix": [[0.33852270245552063, -0.6940469145774841, 0.6353747844696045, -1.2142395973205566], [-0.5779069066047668, 0.37953057885169983, 0.7224816679954529, -0.7509961128234863], [-0.7425805330276489, -0.6117639541625977, -0.2726147174835205, 1.4925240278244019], [0.0, 0.0, 0.0, 1.0]]}, "finger5joint2": {"matrix": [[0.6551082730293274, -0.31257256865501404, -0.6878452301025391, -1.9473421573638916], [0.709394097328186, -0.058805473148822784, 0.7023541331291199, -0.3501085042953491], [-0.25998571515083313, -0.9480715394020081, 0.183213472366333, 0.84633469581604], [0.0, 0.0, 0.0, 1.0]]}, "finger5joint3": {"matrix": [[0.6599377989768982, -0.11784626543521881, -0.7420201301574707, -2.162184238433838], [0.6610581278800964, -0.3782689571380615, 0.6480078101158142, -0.3905275762081146], [-0.35704848170280457, -0.9181635975837708, -0.17173056304454803, 0.19469189643859863], [0.0, 0.0, 0.0, 1.0]]}, "Bone": {"matrix": [[0.5033218264579773, 0.15765826404094696, 0.8495944738388062, -1.3456223011016846], [-0.5541654825210571, -0.6954981088638306, 0.4573648273944855, -0.22145646810531616], [0.6629987359046936, -0.7010179758071899, -0.26269057393074036, 0.5525016188621521], [0.0, 0.0, 0.0, 1.0]]}, "finger1joint1": {"matrix": [[0.4592874348163605, -0.6860024333000183, 0.5643186569213867, -1.214421033859253], [-0.7140103578567505, 0.09282108396291733, 0.6939546465873718, -0.8002414107322693], [-0.5284355282783508, -0.7216541171073914, -0.44718122482299805, -0.030876904726028442], [0.0, 0.0, 0.0, 1.0]]}, "finger1joint2": {"matrix": [[0.27929598093032837, -0.9203932285308838, -0.2736237347126007, -1.6021345853805542], [-0.8930996060371399, -0.35366544127464294, 0.27801716327667236, -0.7477809190750122], [-0.35265663266181946, 0.16672411561012268, -0.9207802414894104, -0.4387401342391968], [0.0, 0.0, 0.0, 1.0]]}, "finger1joint3": {"matrix": [[0.28372684121131897, -0.62732994556427, -0.7252283692359924, -1.996692180633545], [-0.8467730283737183, -0.5188145637512207, 0.11750177294015884, -0.8993914127349854], [-0.44997167587280273, 0.5807653069496155, -0.6784076690673828, -0.36726826429367065], [0.0, 0.0, 0.0, 1.0]]}, "Bone.001": {"matrix": [[0.6234297752380371, 0.24429167807102203, 0.7427359223365784, -1.345622181892395], [-0.6987383961677551, -0.2521952688694, 0.669448733329773, -0.22145643830299377], [0.3508552610874176, -0.9363327026367188, 0.013470062054693699, 0.5525016188621521], [0.0, 0.0, 0.0, 1.0]]}, "finger2joint1": {"matrix": [[0.5741637349128723, -0.33204346895217896, 0.7483869194984436, -1.1907696723937988], [-0.7548511028289795, 0.13930772244930267, 0.6409310698509216, -0.3813188970088959], [-0.3170732259750366, -0.9329202771186829, -0.17065787315368652, -0.04102432727813721], [0.0, 0.0, 0.0, 1.0]]}, "finger2joint2": {"matrix": [[0.4701564610004425, -0.8059043884277344, 0.35982051491737366, -1.4780367612838745], [-0.7951471209526062, -0.20985713601112366, 0.5689469575881958, -0.2607969641685486], [-0.38300618529319763, -0.5536044239997864, -0.7394782900810242, -0.8481393456459045], [0.0, 0.0, 0.0, 1.0]]}, "finger2joint3": {"matrix": [[0.34057432413101196, -0.8987751603126526, -0.2760654091835022, -1.7839713096618652], [-0.8616048097610474, -0.41587433218955994, 0.2910071015357971, -0.34046217799186707], [-0.3763587176799774, 0.13874971866607666, -0.9160252809524536, -1.0582966804504395], [0.0, 0.0, 0.0, 1.0]]}, "Bone.002": {"matrix": [[0.6054258942604065, -0.17078644037246704, 0.7773618698120117, -1.345622181892395], [-0.6871260404586792, 0.38072532415390015, 0.618793785572052, -0.22145645320415497], [-0.4016430974006653, -0.9087793231010437, 0.1131492406129837, 0.5525016188621521], [0.0, 0.0, 0.0, 1.0]]}, "finger3joint1": {"matrix": [[0.42922839522361755, 0.041200052946805954, 0.9022557735443115, -1.4176104068756104], [-0.7194216251373291, 0.619566798210144, 0.31395748257637024, -0.06097683310508728], [-0.5460729002952576, -0.7838616371154785, 0.29557591676712036, 0.16944193840026855], [0.0, 0.0, 0.0, 1.0]]}, "finger3joint2": {"matrix": [[0.39501479268074036, -0.7506387233734131, 0.5296270847320557, -1.3814705610275269], [-0.6240343451499939, 0.20384706556797028, 0.7543389797210693, 0.48249560594558716], [-0.674199104309082, -0.6284804344177246, -0.3879016637802124, -0.5181469321250916], [0.0, 0.0, 0.0, 1.0]]}, "finger3joint3": {"matrix": [[0.2625892758369446, -0.9636853933334351, 0.048553217202425, -1.8671939373016357], [-0.7311069369316101, -0.16587230563163757, 0.6617920994758606, 0.6144010424613953], [-0.6297058463096619, -0.20927712321281433, -0.748113214969635, -0.9248242974281311], [0.0, 0.0, 0.0, 1.0]]}, "Bone.003": {"matrix": [[0.7347849011421204, -0.1372683048248291, 0.6642654538154602, -1.345622181892395], [0.07021411508321762, 0.9894404411315918, 0.12679660320281982, -0.22145648300647736], [-0.6746562123298645, -0.046527277678251266, 0.7366641759872437, 0.5525016188621521], [0.0, 0.0, 0.0, 1.0]]}, "finger4joint1": {"matrix": [[0.574173629283905, -0.2893546521663666, 0.7658970952033997, -1.4044581651687622], [-0.7905808091163635, 0.04725503548979759, 0.6105312705039978, 0.2026369422674179], [-0.21285276114940643, -0.9560546278953552, -0.2016255408525467, 0.5325590968132019], [0.0, 0.0, 0.0, 1.0]]}, "finger4joint2": {"matrix": [[0.5820723176002502, -0.5767617225646973, 0.5731819272041321, -1.691891074180603], [-0.7773528695106506, -0.1878862828016281, 0.6003504991531372, 0.24957814812660217], [-0.2385663092136383, -0.7950121760368347, -0.5577107667922974, -0.41714635491371155], [0.0, 0.0, 0.0, 1.0]]}, "finger4joint3": {"matrix": [[0.6195542812347412, -0.6682024002075195, 0.41189539432525635, -1.9324369430541992], [-0.7677431106567383, -0.4065612256526947, 0.49525541067123413, 0.17121776938438416], [-0.1634703129529953, -0.6230676174163818, -0.7648946046829224, -0.7487164735794067], [0.0, 0.0, 0.0, 1.0]]}}