{"root": {"matrix": [[0.20829154551029205, -0.9763386249542236, 0.05811624228954315, 0.0], [-0.8240112662315369, -0.20718345046043396, -0.5273333787918091, 0.0], [0.526896595954895, 0.06195062771439552, -0.8476686477661133, 0.0], [0.0, 0.0, 0.0, 1.0]]}, "carpals": {"matrix": [[-0.19096355140209198, -0.4816336929798126, -0.855313777923584, -0.4911440908908844], [0.7027921080589294, 0.5412321090698242, -0.46168240904808044, -2.006988525390625], [0.6852853298187256, -0.689272403717041, 0.23513276875019073, 1.3475013971328735], [0.0, 0.0, 0.0, 1.0]]}, "metacarpals": {"matrix": [[-0.08541708439588547, -0.7967398762702942, -0.5982551574707031, -0.9602524042129517], [0.6209102869033813, 0.4270280599594116, -0.6573561429977417, -1.4798314571380615], [0.7792139053344727, -0.4276122748851776, 0.45822852849960327, 0.6761543154716492], [0.0, 0.0, 0.0, 1.0]]}, "finger5joint1": {"matrix": [[-0.3795466423034668, -0.5834914445877075, -0.717970609664917, -1.153836965560913], [0.7110807299613953, 0.312481164932251, -0.629856526851654, -1.0746731758117676], [0.5918684601783752, -0.7495952248573303, 0.29630833864212036, 0.10690343379974365], [0.0, 0.0, 0.0, 1.0]]}, "finger5joint2": {"matrix": [[-0.6601796746253967, -0.5780526995658875, -0.4796011447906494, -1.7701627016067505], [-0.6659327149391174, 0.7457996010780334, 0.01777224987745285, -0.7446079850196838], [0.3474131226539612, 0.33111536502838135, -0.877306342124939, -0.6848732233047485], [0.0, 0.0, 0.0, 1.0]]}, "finger5joint3": {"matrix": [[-0.6838511824607849, -0.06943868845701218, -0.7263092398643494, -2.167478561401367], [-0.5933640599250793, 0.6322020292282104, 0.4982358515262604, -0.23199374973773956], [0.4245774745941162, 0.7716856002807617, -0.47353455424308777, -0.45728600025177], [0.0, 0.0, 0.0, 1.0]]}, "Bone": {"matrix": [[0.8216903805732727, -0.12027700245380402, -0.5570979118347168, -2.2041842937469482], [-0.2688528597354889, 0.7800856232643127, -0.5649638772010803, -0.8131221532821655], [0.5025362968444824, 0.61400306224823, 0.6086521148681641, 0.008532822132110596], [0.0, 0.0, 0.0, 1.0]]}, "finger1joint1": {"matrix": [[0.00042329070856794715, -0.5931711196899414, -0.8050761222839355, -2.3042776584625244], [0.5434243083000183, 0.6759641170501709, -0.4977571368217468, -0.1639445424079895], [0.8394580483436584, -0.43728724122047424, 0.32262980937957764, 0.5194985270500183], [0.0, 0.0, 0.0, 1.0]]}, "finger1joint2": {"matrix": [[0.25737816095352173, 0.3094325661659241, -0.9154276251792908, -2.6395251750946045], [0.6555380821228027, 0.6401007175445557, 0.4006751775741577, 0.21809571981430054], [0.7099481225013733, -0.7032228112220764, -0.03809681162238121, 0.27235329151153564], [0.0, 0.0, 0.0, 1.0]]}, "finger1joint3": {"matrix": [[0.15182046592235565, 0.9115754961967468, -0.38207387924194336, -2.5068764686584473], [0.6688184142112732, 0.1898723691701889, 0.718769907951355, 0.4924963712692261], [0.7277586460113525, -0.3646620810031891, -0.5808519124984741, -0.029106780886650085], [0.0, 0.0, 0.0, 1.0]]}, "Bone.001": {"matrix": [[0.6607642769813538, -0.5872953534126282, -0.4674125015735626, -2.2041845321655273], [-0.053719084709882736, 0.5841252207756042, -0.8098835945129395, -0.8131221532821655], [0.7486684918403625, 0.5602513551712036, 0.35442018508911133, 0.008532792329788208], [0.0, 0.0, 0.0, 1.0]]}, "finger2joint1": {"matrix": [[0.07778237760066986, 0.12830230593681335, -0.9886800050735474, -2.5764615535736084], [0.2080070674419403, 0.967771589756012, 0.1419534683227539, -0.44285473227500916], [0.9750296473503113, -0.21669389307498932, 0.0485878549516201, 0.36366701126098633], [0.0, 0.0, 0.0, 1.0]]}, "finger2joint2": {"matrix": [[0.18009862303733826, 0.25025978684425354, -0.9512802958488464, -2.465460777282715], [0.28065985441207886, 0.9138184189796448, 0.2935395836830139, 0.3944118022918701], [0.9427589774131775, -0.31985223293304443, 0.09433965384960175, 0.17619450390338898], [0.0, 0.0, 0.0, 1.0]]}, "finger2joint3": {"matrix": [[0.29188865423202515, 0.43071526288986206, -0.8539818525314331, -2.3704583644866943], [0.3562614619731903, 0.7796518802642822, 0.514995276927948, 0.7413123250007629], [0.8876252770423889, -0.4545621871948242, 0.07412441074848175, 0.054773345589637756], [0.0, 0.0, 0.0, 1.0]]}, "Bone.002": {"matrix": [[0.07138816267251968, -0.9297877550125122, -0.36110687255859375, -2.2041847705841064], [0.38153398036956787, 0.3599528670310974, -0.8513902425765991, -0.8131221532821655], [0.9215940833091736, -0.07699530571699142, 0.3804420232772827, 0.0085328109562397], [0.0, 0.0, 0.0, 1.0]]}, "finger3joint1": {"matrix": [[0.017940804362297058, -0.24237160384655, -0.9700174927711487, -2.596099615097046], [0.5379108786582947, 0.8201440572738647, -0.19497503340244293, -0.6613984107971191], [0.842810869216919, -0.5182849764823914, 0.14508838951587677, -0.023921489715576172], [0.0, 0.0, 0.0, 1.0]]}, "finger3joint2": {"matrix": [[0.01700683869421482, 0.5554218292236328, -0.8313947319984436, -2.8087034225463867], [0.667980432510376, 0.6124120354652405, 0.4227921664714813, 0.058016836643218994], [0.7439845204353333, -0.5625458359718323, -0.36059579253196716, -0.4785514771938324], [0.0, 0.0, 0.0, 1.0]]}, "finger3joint3": {"matrix": [[0.18411096930503845, 0.8249520063400269, -0.5343755483627319, -2.449300765991211], [0.6169189810752869, 0.3262580335140228, 0.7162166237831116, 0.45429661870002747], [0.765188992023468, -0.4615298807621002, -0.44886091351509094, -0.8425638675689697], [0.0, 0.0, 0.0, 1.0]]}, "Bone.003": {"matrix": [[-0.6249688863754272, -0.6451586484909058, 0.4395270347595215, -2.2041842937469482], [-0.0184586513787508, -0.5506572127342224, -0.8345271944999695, -0.8131222724914551], [0.78043133020401, -0.5296667814254761, 0.3322348892688751, 0.008532807230949402], [0.0, 0.0, 0.0, 1.0]]}, "finger4joint1": {"matrix": [[-0.08728230744600296, -0.39107733964920044, -0.9162095189094543, -2.4807121753692627], [0.6266157031059265, 0.6934293508529663, -0.3556796610355377, -1.0491445064544678], [0.774425208568573, -0.6051560044288635, 0.18453112244606018, -0.21849262714385986], [0.0, 0.0, 0.0, 1.0]]}, "finger4joint2": {"matrix": [[-0.11389995366334915, 0.7381327748298645, -0.6649709939956665, -2.869192123413086], [0.6353614926338196, 0.5686784386634827, 0.522417426109314, -0.36032024025917053], [0.7637684345245361, -0.3629937171936035, -0.5337537527084351, -0.8196298480033875], [0.0, 0.0, 0.0, 1.0]]}, "finger4joint3": {"matrix": [[-0.16512389481067657, 0.9370105266571045, -0.30780673027038574, -2.561344623565674], [0.5781800746917725, 0.3448046147823334, 0.7394707202911377, -0.12314559519290924], [0.7990253567695618, -0.055863410234451294, -0.5986965298652649, -0.9710210561752319], [0.0, 0.0, 0.0, 1.0]]}}