{"root": {"matrix": [[0.5122524499893188, -0.5390602350234985, 0.668589174747467, 0.0], [0.8246364593505859, 0.09122633934020996, -0.5582584142684937, 0.0], [0.2399420440196991, 0.8373122811317444, 0.4912596046924591, -5.960464477539063e-08], [0.0, 0.0, 0.0, 1.0]]}, "carpals": {"matrix": [[-0.5639349222183228, -0.7672842144966125, -0.3053719103336334, 0.555637538433075], [0.776726484298706, -0.3672194480895996, -0.5117086172103882, 2.0169506072998047], [0.2804875075817108, -0.5257608294487, 0.8030579686164856, 1.30696702003479], [0.0, 0.0, 0.0, 1.0]]}, "metacarpals": {"matrix": [[-0.8624476194381714, -0.45818892121315, 0.2150503545999527, -0.19169270992279053], [0.14004337787628174, -0.6243079900741577, -0.7685227394104004, 1.6592810153961182], [0.48638641834259033, -0.6326943039894104, 0.6025993227958679, 0.794879138469696], [0.0, 0.0, 0.0, 1.0]]}, "finger5joint1": {"matrix": [[-0.6641621589660645, -0.7291311025619507, 0.16509395837783813, -0.3903018832206726], [0.20158246159553528, -0.3873211443424225, -0.89963698387146, 1.5945801734924316], [0.7198979258537292, -0.5642247796058655, 0.40422412753105164, 0.10058596730232239], [0.0, 0.0, 0.0, 1.0]]}, "finger5joint2": {"matrix": [[0.24912330508232117, -0.9553136825561523, -0.15909911692142487, -1.1604628562927246], [-0.8679255247116089, -0.147337406873703, -0.4743380844593048, 1.185463547706604], [0.4297005236148834, 0.2562551498413086, -0.865846574306488, -0.49538901448249817], [0.0, 0.0, 0.0, 1.0]]}, "finger5joint3": {"matrix": [[0.1672312617301941, -0.9080936908721924, -0.3839254379272461, -1.817083477973938], [-0.8504534363746643, 0.0641293153166771, -0.522126317024231, 1.0841933488845825], [0.4987606406211853, 0.41382694244384766, -0.7615671753883362, -0.31925588846206665], [0.0, 0.0, 0.0, 1.0]]}, "Bone": {"matrix": [[0.2996247410774231, -0.9497641921043396, 0.09040307253599167, -0.907052755355835], [0.7011784315109253, 0.15495973825454712, -0.6959425806999207, 0.6845629215240479], [0.6469725370407104, 0.2719104290008545, 0.7123839855194092, -0.19293230772018433], [0.0, 0.0, 0.0, 1.0]]}, "finger1joint1": {"matrix": [[-0.7911781072616577, -0.6115430593490601, 0.007214110344648361, -1.697434902191162], [0.20024313032627106, -0.2701719105243683, -0.9417588114738464, 0.8135185241699219], [0.5778752565383911, -0.7436543703079224, 0.3362114727497101, 0.033348143100738525], [0.0, 0.0, 0.0, 1.0]]}, "finger1joint2": {"matrix": [[-0.7434169054031372, -0.2725200951099396, -0.6107895970344543, -2.0430657863616943], [0.48282375931739807, 0.4132826626300812, -0.7720612287521362, 0.6608232259750366], [0.4628310203552246, -0.8688671588897705, -0.1756620556116104, -0.3869491219520569], [0.0, 0.0, 0.0, 1.0]]}, "finger1joint3": {"matrix": [[-0.7909502983093262, -0.021153505891561508, -0.6115145683288574, -2.159890651702881], [0.38666364550590515, 0.7572854161262512, -0.5263173580169678, 0.8379907608032227], [0.47422462701797485, -0.6527413129806519, -0.5907956957817078, -0.7594181895256042], [0.0, 0.0, 0.0, 1.0]]}, "Bone.001": {"matrix": [[-0.030913814902305603, -0.9032973647117615, 0.42789921164512634, -0.907052755355835], [0.6249935626983643, -0.35155731439590454, -0.6969865560531616, 0.6845629811286926], [0.7800173759460449, 0.24588783085346222, 0.5754231214523315, -0.19293230772018433], [0.0, 0.0, 0.0, 1.0]]}, "finger2joint1": {"matrix": [[-0.8031426668167114, -0.45397549867630005, 0.3858337104320526, -1.4796382188796997], [0.23367084562778473, -0.835736870765686, -0.49693214893341064, 0.46171650290489197], [0.548050582408905, -0.3089493215084076, 0.7772969007492065, -0.03706800937652588], [0.0, 0.0, 0.0, 1.0]]}, "finger2joint2": {"matrix": [[-0.8731106519699097, -0.4687274098396301, 0.1340600550174713, -1.8723948001861572], [0.2020552009344101, -0.5981670618057251, -0.7754802703857422, -0.2613203525543213], [0.4436793327331543, -0.6499925255775452, 0.616974949836731, -0.3043552339076996], [0.0, 0.0, 0.0, 1.0]]}, "finger2joint3": {"matrix": [[-0.9295732378959656, -0.3338514268398285, -0.15632151067256927, -2.0503313541412354], [0.2005913257598877, -0.1023131012916565, -0.9743176698684692, -0.4883943796157837], [0.3092837333679199, -0.9370564818382263, 0.16207531094551086, -0.5511031150817871], [0.0, 0.0, 0.0, 1.0]]}, "Bone.002": {"matrix": [[-0.6587219834327698, -0.5732977390289307, 0.48725223541259766, -0.9070528149604797], [0.21373671293258667, -0.7635151743888855, -0.6093940734863281, 0.6845630407333374], [0.7213888764381409, -0.2972775399684906, 0.6254790425300598, -0.19293227791786194], [0.0, 0.0, 0.0, 1.0]]}, "finger3joint1": {"matrix": [[-0.3294021785259247, -0.8908128142356873, 0.3129641115665436, -1.1487035751342773], [0.5191894173622131, -0.44774413108825684, -0.7279886603355408, 0.3627336919307709], [0.7886296510696411, -0.07731319963932037, 0.6099884510040283, -0.3182377517223358], [0.0, 0.0, 0.0, 1.0]]}, "finger3joint2": {"matrix": [[-0.4780052900314331, -0.5360717177391052, -0.6958001255989075, -1.9301080703735352], [0.46970435976982117, 0.5133779048919678, -0.7182067632675171, -0.03001922369003296], [0.7422188520431519, -0.6701269149780273, 0.006398058962076902, -0.38605546951293945], [0.0, 0.0, 0.0, 1.0]]}, "finger3joint3": {"matrix": [[-0.380188912153244, 0.2954144775867462, -0.8764623999595642, -2.276989459991455], [0.6086758971214294, 0.7934116721153259, 0.0033928861375898123, 0.3021775186061859], [0.6963979601860046, -0.532191812992096, -0.4814578890800476, -0.8196814060211182], [0.0, 0.0, 0.0, 1.0]]}, "Bone.003": {"matrix": [[-0.47233957052230835, 0.4804007112979889, 0.7389927506446838, -0.907052755355835], [-0.5780705809593201, -0.8017578721046448, 0.15171900391578674, 0.6845629215240479], [0.6653792262077332, -0.3555271327495575, 0.6564075350761414, -0.19293229281902313], [0.0, 0.0, 0.0, 1.0]]}, "finger4joint1": {"matrix": [[-0.4503994286060333, -0.8525255918502808, 0.2652168869972229, -0.701143741607666], [0.4821648895740509, -0.48226630687713623, -0.7313930988311768, 0.34091395139694214], [0.7514367699623108, -0.2015407234430313, 0.6282705068588257, -0.34531813859939575], [0.0, 0.0, 0.0, 1.0]]}, "finger4joint2": {"matrix": [[-0.4646182358264923, -0.8381052613258362, -0.28584766387939453, -1.548007607460022], [0.4567698538303375, 0.049713268876075745, -0.8881945610046387, -0.13814963400363922], [0.7586111426353455, -0.5432380437850952, 0.3597237169742584, -0.5455204844474792], [0.0, 0.0, 0.0, 1.0]]}, "finger4joint3": {"matrix": [[-0.3891104459762573, -0.7574449181556702, -0.5242801308631897, -1.897550344467163], [0.46400055289268494, 0.33050841093063354, -0.8218681812286377, -0.11741606146097183], [0.7957990765571594, -0.56306391954422, 0.22285078465938568, -0.7720848917961121], [0.0, 0.0, 0.0, 1.0]]}}