{"root": {"matrix": [[0.3534383177757263, -0.9243590235710144, 0.143672376871109, -5.960464477539063e-08], [0.2941804528236389, -0.0359632708132267, -0.9550730586051941, 0.0], [0.8879973292350769, 0.37982499599456787, 0.2592175006866455, 0.0], [0.0, 0.0, 0.0, 1.0]]}, "carpals": {"matrix": [[-0.2755775451660156, -0.44729870557785034, -0.8508704900741577, -0.12163874506950378], [0.9595932960510254, -0.18039937317371368, -0.21595525741577148, 0.7374553680419922], [-0.05689983814954758, -0.8760020136833191, 0.47893887758255005, 2.3508188724517822], [0.0, 0.0, 0.0, 1.0]]}, "metacarpals": {"matrix": [[-0.41370689868927, -0.6642609238624573, -0.6225783228874207, -0.557305097579956], [0.907296895980835, -0.2443157285451889, -0.34223103523254395, 0.5617474317550659], [0.07522517442703247, -0.7064467072486877, 0.7037569284439087, 1.4975981712341309], [0.0, 0.0, 0.0, 1.0]]}, "finger5joint1": {"matrix": [[-0.592315137386322, -0.6372643113136292, -0.4930078387260437, -0.6076784729957581], [0.7923681735992432, -0.5716077089309692, -0.21311324834823608, 0.4039071798324585], [-0.14599740505218506, -0.5168739557266235, 0.8435198068618774, 0.7917485237121582], [0.0, 0.0, 0.0, 1.0]]}, "finger5joint2": {"matrix": [[-0.3078114092350006, -0.8511111736297607, 0.42527779936790466, -1.2808032035827637], [-0.16293424367904663, -0.39322352409362793, -0.9048908352851868, -0.1998661756515503], [0.9373921155929565, -0.3478279411792755, -0.017636705189943314, 0.24578887224197388], [0.0, 0.0, 0.0, 1.0]]}, "finger5joint3": {"matrix": [[-0.40886735916137695, -0.8859246969223022, 0.21900737285614014, -1.8658015727996826], [-0.14886599779129028, -0.17202192544937134, -0.9737797975540161, -0.4701424837112427], [0.9003697633743286, -0.43074941635131836, -0.06155010685324669, 0.006714537739753723], [0.0, 0.0, 0.0, 1.0]]}, "Bone": {"matrix": [[0.6426301002502441, -0.41380545496940613, -0.6448188424110413, -1.5944006443023682], [0.40958479046821594, 0.8967975378036499, -0.16731543838977814, 0.18030273914337158], [0.6475079655647278, -0.1565859168767929, 0.7457974553108215, 0.3946387469768524], [0.0, 0.0, 0.0, 1.0]]}, "finger1joint1": {"matrix": [[-0.3073984980583191, -0.45037218928337097, -0.8382546305656433, -1.9387644529342651], [0.9187955260276794, 0.08876363933086395, -0.3846241533756256, 0.9266065955162048], [0.24763065576553345, -0.8884173631668091, 0.38651418685913086, 0.26432985067367554], [0.0, 0.0, 0.0, 1.0]]}, "finger1joint2": {"matrix": [[-0.02852002903819084, -0.1645151823759079, -0.9859620332717896, -2.193305253982544], [0.9903100728988647, 0.12946487963199615, -0.05024797096848488, 0.9767738580703735], [0.13591410219669342, -0.9778410792350769, 0.15922881662845612, -0.23778438568115234], [0.0, 0.0, 0.0, 1.0]]}, "finger1joint3": {"matrix": [[-0.1221698671579361, 0.26961469650268555, -0.9551870226860046, -2.2638299465179443], [0.9747100472450256, 0.21403780579566956, -0.06425174325704575, 1.032273292541504], [0.18712301552295685, -0.9388798475265503, -0.28894495964050293, -0.6569688320159912], [0.0, 0.0, 0.0, 1.0]]}, "Bone.001": {"matrix": [[0.38394424319267273, -0.8083018064498901, -0.44635719060897827, -1.5944007635116577], [0.6660575270652771, 0.5772427320480347, -0.47239604592323303, 0.18030276894569397], [0.6394950747489929, -0.11592566967010498, 0.7600045204162598, 0.39463871717453003], [0.0, 0.0, 0.0, 1.0]]}, "finger2joint1": {"matrix": [[-0.3138629198074341, -0.803386926651001, -0.5060228705406189, -2.1067700386047363], [0.9379947185516357, -0.1797610968351364, -0.2963978052139282, 0.5462074875831604], [0.14715902507305145, -0.567674994468689, 0.8099930882453918, 0.3211553394794464], [0.0, 0.0, 0.0, 1.0]]}, "finger2joint2": {"matrix": [[-0.33711695671081543, 0.6569688320159912, -0.674346923828125, -2.801819086074829], [0.9412559270858765, 0.2502083480358124, -0.22678858041763306, 0.39068737626075745], [0.01973436027765274, -0.7111873030662537, -0.7027251720428467, -0.16996809840202332], [0.0, 0.0, 0.0, 1.0]]}, "finger2joint3": {"matrix": [[-0.19792719185352325, 0.7882752418518066, 0.5826205015182495, -2.5524232387542725], [0.9802163243293762, 0.158719003200531, 0.11825398355722427, 0.4856705367565155], [0.0007438607281073928, 0.5944997072219849, -0.8040951490402222, -0.4399464726448059], [0.0, 0.0, 0.0, 1.0]]}, "Bone.002": {"matrix": [[-0.2814238667488098, -0.8935876488685608, -0.34971627593040466, -1.5944006443023682], [0.8872482776641846, -0.10349772125482559, -0.4495317339897156, 0.18030275404453278], [0.3655013144016266, -0.4367939233779907, 0.8219607472419739, 0.39463871717453003], [0.0, 0.0, 0.0, 1.0]]}, "finger3joint1": {"matrix": [[-0.06386242806911469, -0.8161606192588806, -0.5742849111557007, -1.9710568189620972], [0.9116014838218689, 0.18645413219928741, -0.3663574755191803, 0.13667742908000946], [0.40608447790145874, -0.5469151735305786, 0.7321057319641113, 0.21052569150924683], [0.0, 0.0, 0.0, 1.0]]}, "finger3joint2": {"matrix": [[-0.16978543996810913, 0.34612736105918884, -0.9226964116096497, -2.6869778633117676], [0.943132758140564, 0.3285914659500122, -0.05028275400400162, 0.3002315163612366], [0.28578606247901917, -0.8787623047828674, -0.3822338879108429, -0.2692181468009949], [0.0, 0.0, 0.0, 1.0]]}, "finger3joint3": {"matrix": [[0.005181868560612202, 0.8670241236686707, -0.4982389807701111, -2.463005781173706], [0.953281819820404, 0.14620818197727203, 0.26434260606765747, 0.5128566026687622], [0.30203816294670105, -0.4763320982456207, -0.8257604837417603, -0.8378479480743408], [0.0, 0.0, 0.0, 1.0]]}, "Bone.003": {"matrix": [[-0.8357487916946411, -0.36084991693496704, 0.41389739513397217, -1.5944006443023682], [0.2970919907093048, -0.9310550689697266, -0.21183224022388458, 0.18030275404453278], [0.4618009924888611, -0.05407301336526871, 0.8853336572647095, 0.39463871717453003], [0.0, 0.0, 0.0, 1.0]]}, "finger4joint1": {"matrix": [[-0.26750046014785767, -0.7246673107147217, -0.6350592970848083, -1.749068021774292], [0.9379546642303467, -0.04491226002573967, -0.3438369631767273, -0.21876554191112518], [0.22064568102359772, -0.6876332759857178, 0.6917192339897156, 0.37146201729774475], [0.0, 0.0, 0.0, 1.0]]}, "finger4joint2": {"matrix": [[-0.2962549924850464, 0.14336754381656647, -0.9442871809005737, -2.4689228534698486], [0.9298641085624695, 0.26910027861595154, -0.2508735656738281, -0.2633795440196991], [0.21814100444316864, -0.9523813724517822, -0.2130344957113266, -0.31160473823547363], [0.0, 0.0, 0.0, 1.0]]}, "finger4joint3": {"matrix": [[-0.2933017909526825, 0.5484731793403625, -0.783039391040802, -2.4091296195983887], [0.9078467488288879, 0.4165094792842865, -0.0483102910220623, -0.15114781260490417], [0.29964664578437805, -0.7250494360923767, -0.620092511177063, -0.7088077068328857], [0.0, 0.0, 0.0, 1.0]]}}