{"root": {"matrix": [[0.34521380066871643, -0.7755903601646423, 0.5284761190414429, 0.0], [0.5100701451301575, -0.3176264464855194, -0.7993384003639221, 0.0], [0.7878172397613525, 0.5455024838447571, 0.28595638275146484, 0.0], [0.0, 0.0, 0.0, 1.0]]}, "carpals": {"matrix": [[-0.7801423668861389, -0.493581622838974, -0.38438886404037476, -0.03788313269615173], [0.5118623971939087, -0.15034115314483643, -0.8458098769187927, 0.9324790835380554], [0.35968688130378723, -0.8566062450408936, 0.3699333667755127, 2.283425807952881], [0.0, 0.0, 0.0, 1.0]]}, "metacarpals": {"matrix": [[-0.8793543577194214, -0.38270559906959534, 0.2833232879638672, -0.5186286568641663], [-0.13352955877780914, -0.37294095754623413, -0.9181964993476868, 0.7860476970672607], [0.45706191658973694, -0.8452520966529846, 0.2768446207046509, 1.449096441268921], [0.0, 0.0, 0.0, 1.0]]}, "finger5joint1": {"matrix": [[-0.7794016003608704, -0.5281111598014832, 0.33709269762039185, -0.6992805600166321], [-0.07411083579063416, -0.4565456509590149, -0.8866078853607178, 0.9743677377700806], [0.6221258640289307, -0.7160057425498962, 0.316693514585495, 0.7726534008979797], [0.0, 0.0, 0.0, 1.0]]}, "finger5joint2": {"matrix": [[0.40709930658340454, -0.8410267233848572, 0.35629141330718994, -1.2571097612380981], [-0.8420711755752563, -0.49668726325035095, -0.2102797031402588, 0.49213123321533203], [0.3538161814212799, -0.21441778540611267, -0.910405695438385, 0.01635637879371643], [0.0, 0.0, 0.0, 1.0]]}, "finger5joint3": {"matrix": [[0.3065716326236725, -0.93024080991745, 0.20165644586086273, -1.8351768255233765], [-0.871902585029602, -0.3594358265399933, -0.3325527310371399, 0.15074065327644348], [0.3818366229534149, -0.07387329638004303, -0.9212723970413208, -0.1310204714536667], [0.0, 0.0, 0.0, 1.0]]}, "Bone": {"matrix": [[0.21693560481071472, -0.9645442962646484, 0.15030981600284576, -1.1161384582519531], [0.42414090037345886, -0.04555142670869827, -0.9044497609138489, 0.2037832885980606], [0.8792286515235901, 0.2599600553512573, 0.39922085404396057, 0.12942321598529816], [0.0, 0.0, 0.0, 1.0]]}, "finger1joint1": {"matrix": [[-0.8140739798545837, -0.5653436183929443, -0.13292832672595978, -1.9188201427459717], [-0.0939580500125885, 0.35407933592796326, -0.9304835200309753, 0.16587594151496887], [0.5731101632118225, -0.7449926137924194, -0.34136533737182617, 0.3457587659358978], [0.0, 0.0, 0.0, 1.0]]}, "finger1joint2": {"matrix": [[-0.7234776020050049, -0.061977338045835495, -0.6875600218772888, -2.238340139389038], [0.18673323094844818, 0.9412659406661987, -0.2813345193862915, 0.3659939467906952], [0.6646133065223694, -0.33192944526672363, -0.6694114208221436, -0.07529489696025848], [0.0, 0.0, 0.0, 1.0]]}, "finger1joint3": {"matrix": [[-0.7866259813308716, 0.27257683873176575, -0.5540048480033875, -2.264909029006958], [0.12262298911809921, 0.9483712315559387, 0.29249873757362366, 0.7694990634918213], [0.6051307916641235, 0.16215336322784424, -0.7794374227523804, -0.21758760511875153], [0.0, 0.0, 0.0, 1.0]]}, "Bone.001": {"matrix": [[-0.10605011135339737, -0.8662932515144348, 0.48814862966537476, -1.1161383390426636], [0.27392539381980896, -0.49737390875816345, -0.823154866695404, 0.2037833034992218], [0.9558858871459961, 0.04642069712281227, 0.29004615545272827, 0.12942324578762054], [0.0, 0.0, 0.0, 1.0]]}, "finger2joint1": {"matrix": [[-0.8308265805244446, -0.3042203187942505, 0.46602240204811096, -1.6652674674987793], [-0.065732941031456, -0.7778666615486145, -0.6249819397926331, -0.11149394512176514], [0.5526356101036072, -0.5498846769332886, 0.6262749433517456, 0.1588485836982727], [0.0, 0.0, 0.0, 1.0]]}, "finger2joint2": {"matrix": [[-0.8944300413131714, -0.425330251455307, 0.13816262781620026, -1.9284634590148926], [-0.07776863127946854, -0.1563069224357605, -0.9846420884132385, -0.784464418888092], [0.44039398431777954, -0.8914380073547363, 0.10672818869352341, -0.31688353419303894], [0.0, 0.0, 0.0, 1.0]]}, "finger2joint3": {"matrix": [[-0.9460550546646118, -0.2499503344297409, -0.20616565644741058, -2.089925765991211], [-0.006889608222991228, 0.6516783833503723, -0.758463978767395, -0.8438010215759277], [0.3239321708679199, -0.7161282300949097, -0.6182457208633423, -0.65528804063797], [0.0, 0.0, 0.0, 1.0]]}, "Bone.002": {"matrix": [[-0.6877143383026123, -0.4879854619503021, 0.5375118255615234, -1.1161383390426636], [-0.1375412791967392, -0.6394059062004089, -0.7564671039581299, 0.203783318400383], [0.7128332853317261, -0.5941632390022278, 0.37261030077934265, 0.12942329049110413], [0.0, 0.0, 0.0, 1.0]]}, "finger3joint1": {"matrix": [[-0.6580880880355835, -0.724219560623169, 0.20597584545612335, -1.321829080581665], [-0.020585987716913223, -0.25615307688713074, -0.9664169549942017, -0.06573273241519928], [0.7526595592498779, -0.6402274370193481, 0.15366241335868835, -0.12102252244949341], [0.0, 0.0, 0.0, 1.0]]}, "finger3joint2": {"matrix": [[-0.7718130350112915, -0.38254377245903015, -0.5079022645950317, -1.9571012258529663], [-0.02332473173737526, 0.8152734637260437, -0.5786062479019165, -0.29042547941207886], [0.6354215741157532, -0.4347289502620697, -0.638161301612854, -0.682618260383606], [0.0, 0.0, 0.0, 1.0]]}, "finger3joint3": {"matrix": [[-0.6934260129928589, 0.07310689985752106, -0.7168092727661133, -2.2046377658843994], [0.11478649079799652, 0.9933425784111023, -0.009731519035995007, 0.23712190985679626], [0.7113258838653564, -0.08902809768915176, -0.6972010135650635, -0.9639227986335754], [0.0, 0.0, 0.0, 1.0]]}, "Bone.003": {"matrix": [[-0.42075860500335693, 0.5648685097694397, 0.7098489999771118, -1.1161383390426636], [-0.8279116749763489, -0.55897456407547, -0.04593086615204811, 0.2037833034992218], [0.3708426058292389, -0.6070181727409363, 0.7028545141220093, 0.12942324578762054], [0.0, 0.0, 0.0, 1.0]]}, "finger4joint1": {"matrix": [[-0.5596365332603455, -0.7776849865913391, 0.28637856245040894, -0.8740247488021851], [0.07109405845403671, -0.3893372118473053, -0.9183473587036133, -0.03580406308174133], [0.8256829977035522, -0.49358081817626953, 0.27317607402801514, -0.13075652718544006], [0.0, 0.0, 0.0, 1.0]]}, "finger4joint2": {"matrix": [[-0.5716820359230042, -0.7506948709487915, -0.3311138153076172, -1.6465450525283813], [0.04440385475754738, 0.3746643364429474, -0.926096498966217, -0.42255568504333496], [0.8192725777626038, -0.5441353917121887, -0.18085508048534393, -0.6210594773292542], [0.0, 0.0, 0.0, 1.0]]}, "finger4joint3": {"matrix": [[-0.5023961067199707, -0.5988305807113647, -0.6236982941627502, -1.9596319198608398], [0.02664859965443611, 0.710274338722229, -0.7034202218055725, -0.2662971019744873], [0.8642265796661377, -0.3700161874294281, -0.34088096022605896, -0.8479982018470764], [0.0, 0.0, 0.0, 1.0]]}}