{"root": {"matrix": [[0.37355363368988037, -0.9226256608963013, -0.09601884335279465, 0.0], [-0.6333490610122681, -0.17805452644824982, -0.7531039714813232, 0.0], [0.6777364015579224, 0.3421381413936615, -0.6508570313453674, 2.9802322387695312e-08], [0.0, 0.0, 0.0, 1.0]]}, "carpals": {"matrix": [[-0.0038083279505372047, -0.5711311101913452, -0.8208498954772949, -0.04750418663024902], [0.8848657011985779, 0.3804575502872467, -0.26882025599479675, -1.5219162702560425], [0.46583038568496704, -0.7273657917976379, 0.5039255023002625, 1.9407470226287842], [0.0, 0.0, 0.0, 1.0]]}, "metacarpals": {"matrix": [[0.11629150807857513, -0.7660030722618103, -0.6322304606437683, -0.6037824153900146], [0.8441217541694641, 0.4116627871990204, -0.34349948167800903, -1.1513530015945435], [0.5233877301216125, -0.4937334358692169, 0.6944727897644043, 1.2322971820831299], [0.0, 0.0, 0.0, 1.0]]}, "finger5joint1": {"matrix": [[-0.3470880091190338, -0.6407783627510071, -0.6847866177558899, -0.8012428879737854], [0.9272928833961487, -0.1253233104944229, -0.3527345061302185, -0.9232394099235535], [0.14020515978336334, -0.7574279308319092, 0.6376875042915344, 0.573018491268158], [0.0, 0.0, 0.0, 1.0]]}, "finger5joint2": {"matrix": [[-0.6301198601722717, -0.6982285976409912, 0.3397428095340729, -1.4780793190002441], [-0.37973007559776306, -0.10455863922834396, -0.9191691875457764, -1.055614948272705], [0.677313506603241, -0.7081974744796753, -0.19925431907176971, -0.22703170776367188], [0.0, 0.0, 0.0, 1.0]]}, "finger5joint3": {"matrix": [[-0.7102957367897034, -0.6817209124565125, 0.1753164380788803, -1.9579962491989136], [-0.3366502821445465, 0.11027074605226517, -0.9351504445075989, -1.1274818181991577], [0.6181795597076416, -0.7232539653778076, -0.30782678723335266, -0.7138006687164307], [0.0, 0.0, 0.0, 1.0]]}, "Bone": {"matrix": [[0.8254638314247131, 0.08653383702039719, -0.5577822923660278, -1.799725890159607], [-0.2457931786775589, 0.9446756839752197, -0.21719412505626678, -0.508633017539978], [0.5081287622451782, 0.3163852393627167, 0.8010651469230652, 0.46144211292266846], [0.0, 0.0, 0.0, 1.0]]}, "finger1joint1": {"matrix": [[0.2343927025794983, -0.5731858611106873, -0.7851864099502563, -1.7277135848999023], [0.7246935367584229, 0.6413865089416504, -0.25187763571739197, 0.27751439809799194], [0.6479809284210205, -0.5099812150001526, 0.5657205581665039, 0.7247340679168701], [0.0, 0.0, 0.0, 1.0]]}, "finger1joint2": {"matrix": [[0.4737356901168823, -0.3364444077014923, -0.8138669729232788, -2.051665782928467], [0.7539953589439392, 0.6324624419212341, 0.1774318665266037, 0.6400121450424194], [0.45504453778266907, -0.6977077126502991, 0.5532976984977722, 0.43650370836257935], [0.0, 0.0, 0.0, 1.0]]}, "finger1joint3": {"matrix": [[0.40089988708496094, 0.07981258630752563, -0.9126384854316711, -2.1958937644958496], [0.7443745732307434, 0.5523272156715393, 0.37528789043426514, 0.9111383557319641], [0.5340280532836914, -0.8297977447509766, 0.1620176136493683, 0.13740789890289307], [0.0, 0.0, 0.0, 1.0]]}, "Bone.001": {"matrix": [[0.7341715693473816, -0.4088900685310364, -0.542033851146698, -1.799725890159607], [0.0644996240735054, 0.8367164134979248, -0.5438244938850403, -0.5086330771446228], [0.6758931875228882, 0.3642997145652771, 0.6406667232513428, 0.46144217252731323], [0.0, 0.0, 0.0, 1.0]]}, "finger2joint1": {"matrix": [[0.24420484900474548, -0.7328199148178101, -0.6350894570350647, -2.0589146614074707], [0.7719262838363647, 0.5432993769645691, -0.3300834596157074, 0.02174779772758484], [0.5869356989860535, -0.4096342921257019, 0.698359489440918, 0.6923657655715942], [0.0, 0.0, 0.0, 1.0]]}, "finger2joint2": {"matrix": [[0.23457521200180054, 0.21487994492053986, -0.9480510354042053, -2.692913055419922], [0.8450819849967957, 0.4369145631790161, 0.30812618136405945, 0.49178266525268555], [0.48042774200439453, -0.8734597563743591, -0.07910172641277313, 0.33797112107276917], [0.0, 0.0, 0.0, 1.0]]}, "finger2joint3": {"matrix": [[0.3414398431777954, 0.9128678441047668, -0.22380976378917694, -2.6113409996032715], [0.8586829304695129, -0.20613190531730652, 0.46922576427459717, 0.6576426029205322], [0.3822070360183716, -0.3523941934108734, -0.8542457818984985, 0.006391450762748718], [0.0, 0.0, 0.0, 1.0]]}, "Bone.002": {"matrix": [[0.24956440925598145, -0.8619428277015686, -0.44132980704307556, -1.7997260093688965], [0.6381906270980835, 0.4891713261604309, -0.5944945812225342, -0.5086330771446228], [0.7283065319061279, -0.13328777253627777, 0.6721636652946472, 0.46144217252731323], [0.0, 0.0, 0.0, 1.0]]}, "finger3joint1": {"matrix": [[0.2084456980228424, -0.4368508458137512, -0.8750494122505188, -2.163043260574341], [0.7792079448699951, 0.6149030923843384, -0.12136294692754745, -0.30244240164756775], [0.5910885334014893, -0.6565478444099426, 0.46857160329818726, 0.40526002645492554], [0.0, 0.0, 0.0, 1.0]]}, "finger3joint2": {"matrix": [[0.17053423821926117, 0.2730565071105957, -0.9467619061470032, -2.54624080657959], [0.8707490563392639, 0.40797311067581177, 0.2745063304901123, 0.23693925142288208], [0.4612095057964325, -0.8712047934532166, -0.16819031536579132, -0.1706516146659851], [0.0, 0.0, 0.0, 1.0]]}, "finger3joint3": {"matrix": [[0.3406514823436737, 0.5794709920883179, -0.7403848767280579, -2.369551420211792], [0.831339955329895, 0.18215444684028625, 0.5250650644302368, 0.5009306073188782], [0.4391247034072876, -0.7943758964538574, -0.4196861684322357, -0.7343910932540894], [0.0, 0.0, 0.0, 1.0]]}, "Bone.003": {"matrix": [[-0.5143095254898071, -0.7878910303115845, 0.3386935293674469, -1.7997260093688965], [0.3576332926750183, -0.5559917092323303, -0.7503141760826111, -0.5086330771446228], [0.7794768214225769, -0.26476579904556274, 0.5677279233932495, 0.46144217252731323], [0.0, 0.0, 0.0, 1.0]]}, "finger4joint1": {"matrix": [[0.07168353348970413, -0.4736156761646271, -0.8778093457221985, -2.1374313831329346], [0.8788005709648132, 0.44625627994537354, -0.16901005804538727, -0.7469419240951538], [0.4717741012573242, -0.7593043446540833, 0.44820308685302734, 0.34795844554901123], [0.0, 0.0, 0.0, 1.0]]}, "finger4joint2": {"matrix": [[0.04384392499923706, 0.3116214871406555, -0.949194073677063, -2.6079015731811523], [0.8853716850280762, 0.4280238747596741, 0.18141648173332214, -0.3036491870880127], [0.46281132102012634, -0.8483437895774841, -0.25713464617729187, -0.40630340576171875], [0.0, 0.0, 0.0, 1.0]]}, "finger4joint3": {"matrix": [[0.03166905418038368, 0.7240905165672302, -0.6889772415161133, -2.477935791015625], [0.8439785838127136, 0.34990397095680237, 0.40653008222579956, -0.1251363456249237], [0.5354408025741577, -0.5943566560745239, -0.6000359058380127, -0.7601161003112793], [0.0, 0.0, 0.0, 1.0]]}}