{"root": {"matrix": [[0.5328925848007202, -0.1624482423067093, 0.8304433226585388, 0.0], [0.8451277017593384, 0.15117163956165314, -0.5127438902854919, 0.0], [-0.04224507510662079, 0.9750680923461914, 0.21784771978855133, -5.960464477539063e-08], [0.0, 0.0, 0.0, 1.0]]}, "carpals": {"matrix": [[-0.640352189540863, -0.7675231695175171, -0.029272276908159256, 0.9527519941329956], [0.4248587489128113, -0.32219916582107544, -0.8459802269935608, 2.116849422454834], [0.6398780941963196, -0.5541620254516602, 0.5324099659919739, 0.834384560585022], [0.0, 0.0, 0.0, 1.0]]}, "metacarpals": {"matrix": [[-0.35843342542648315, -0.6405161023139954, 0.6791643500328064, 0.20518898963928223], [-0.35770753026008606, -0.5777499079704285, -0.7336553931236267, 1.8030295372009277], [0.8623054027557373, -0.5059089064598083, -0.022032644599676132, 0.294634073972702], [0.0, 0.0, 0.0, 1.0]]}, "finger5joint1": {"matrix": [[-0.3108958303928375, -0.8253116011619568, 0.4713853597640991, -0.37682729959487915], [-0.46627432107925415, -0.2997380495071411, -0.8323131203651428, 1.8378926515579224], [0.8282099962234497, -0.47855764627456665, -0.2916344404220581, -0.13631415367126465], [0.0, 0.0, 0.0, 1.0]]}, "finger5joint2": {"matrix": [[0.5168542861938477, -0.829472005367279, 0.2117474377155304, -1.248581051826477], [-0.8031370639801025, -0.3841972053050995, 0.4553711414337158, 1.5212875604629517], [-0.29636505246162415, -0.4054228961467743, -0.8647541403770447, -0.6418012976646423], [0.0, 0.0, 0.0, 1.0]]}, "finger5joint3": {"matrix": [[0.4247165024280548, -0.9038463234901428, 0.0517386794090271, -1.8187062740325928], [-0.8593431711196899, -0.38450348377227783, 0.3371734023094177, 1.2572154998779297], [-0.28485941886901855, -0.1876644641160965, -0.9400195479393005, -0.9204626679420471], [0.0, 0.0, 0.0, 1.0]]}, "Bone": {"matrix": [[0.5177032351493835, -0.5636764764785767, 0.6436240077018738, -0.7948344945907593], [0.5755148530006409, -0.3272039294242859, -0.7494798302650452, 0.9010014533996582], [0.6330605149269104, 0.7584235072135925, 0.15500962734222412, -0.49523019790649414], [0.0, 0.0, 0.0, 1.0]]}, "finger1joint1": {"matrix": [[-0.25745484232902527, -0.9048042893409729, 0.33918413519859314, -1.2639191150665283], [-0.2967902421951294, -0.26000550389289856, -0.9188647866249084, 0.6287063956260681], [0.919582724571228, -0.33723270893096924, -0.20159746706485748, 0.1359204649925232], [0.0, 0.0, 0.0, 1.0]]}, "finger1joint2": {"matrix": [[-0.3303491771221161, -0.7143464088439941, -0.6169103384017944, -1.7752948999404907], [0.002317356411367655, 0.652988851070404, -0.7573638558387756, 0.48175692558288574], [0.9438559412956238, -0.25162407755851746, -0.21405893564224243, -0.05467616766691208], [0.0, 0.0, 0.0, 1.0]]}, "finger1joint3": {"matrix": [[-0.36469635367393494, -0.24026192724704742, -0.8995946645736694, -2.0815236568450928], [-0.09835285693407059, 0.9706710577011108, -0.21937234699726105, 0.7616825103759766], [0.9259175658226013, 0.008473475463688374, -0.3776305913925171, -0.16254326701164246], [0.0, 0.0, 0.0, 1.0]]}, "Bone.001": {"matrix": [[0.3685382306575775, -0.45828989148139954, 0.8087950944900513, -0.7948344945907593], [0.33824050426483154, -0.7442933320999146, -0.5758650302886963, 0.9010014533996582], [0.865894079208374, 0.48579561710357666, -0.11928843706846237, -0.49523019790649414], [0.0, 0.0, 0.0, 1.0]]}, "finger2joint1": {"matrix": [[-0.2906871736049652, -0.6043189167976379, 0.7418215274810791, -1.0853369235992432], [-0.2666482627391815, -0.6934206485748291, -0.6693775057792664, 0.42920607328414917], [0.9189119935035706, -0.39238497614860535, 0.04042784497141838, -0.18729227781295776], [0.0, 0.0, 0.0, 1.0]]}, "finger2joint2": {"matrix": [[-0.4114503562450409, -0.6668277978897095, 0.6213283538818359, -1.6081628799438477], [-0.26525813341140747, -0.5645866394042969, -0.7815880179405212, -0.17070606350898743], [0.8719785213470459, -0.4863970875740051, 0.05541782081127167, -0.5267636775970459], [0.0, 0.0, 0.0, 1.0]]}, "finger2joint3": {"matrix": [[-0.5390790700912476, -0.7348865866661072, 0.41150328516960144, -1.8613015413284302], [-0.2573588788509369, -0.3214835226535797, -0.911270797252655, -0.3850324749946594], [0.8019724488258362, -0.5971511602401733, -0.01582459919154644, -0.7114080190658569], [0.0, 0.0, 0.0, 1.0]]}, "Bone.002": {"matrix": [[-0.06816347688436508, -0.48798608779907227, 0.8701856136322021, -0.7948344349861145], [-0.26750877499580383, -0.8313358426094055, -0.4871545732021332, 0.9010014533996582], [0.9611413478851318, -0.2659884989261627, -0.07387389987707138, -0.49523019790649414], [0.0, 0.0, 0.0, 1.0]]}, "finger3joint1": {"matrix": [[0.39567723870277405, -0.5408820509910583, 0.7422168254852295, -1.0005254745483398], [0.33510154485702515, -0.6674234867095947, -0.6650208234786987, 0.5505850315093994], [0.855070948600769, 0.5118517875671387, -0.08283395320177078, -0.6073470115661621], [0.0, 0.0, 0.0, 1.0]]}, "finger3joint2": {"matrix": [[0.2760794460773468, -0.8629869818687439, -0.42312321066856384, -1.4749772548675537], [0.25089380145072937, 0.4896778464317322, -0.8350256681442261, -0.03486648201942444], [0.9278104901313782, 0.12437450885772705, 0.35170823335647583, -0.15836003422737122], [0.0, 0.0, 0.0, 1.0]]}, "finger3joint3": {"matrix": [[0.3001406788825989, -0.4531320035457611, -0.839396595954895, -2.0333988666534424], [0.41172370314598083, 0.8553178310394287, -0.31450745463371277, 0.28199437260627747], [0.8604643940925598, -0.2512030303478241, 0.44328102469444275, -0.07787974178791046], [0.0, 0.0, 0.0, 1.0]]}, "Bone.003": {"matrix": [[0.17192257940769196, 0.27017614245414734, 0.9473369717597961, -0.7948344945907593], [-0.868423581123352, -0.412423312664032, 0.27522239089012146, 0.9010014533996582], [0.46506232023239136, -0.8700068593025208, 0.1637224704027176, -0.49523013830184937], [0.0, 0.0, 0.0, 1.0]]}, "finger4joint1": {"matrix": [[-0.0594940185546875, -0.7207981944084167, 0.6905866861343384, -0.6790316104888916], [-0.08416776359081268, -0.6857261657714844, -0.7229764461517334, 0.7242287397384644], [0.9946738481521606, -0.10113794356584549, -0.019871406257152557, -0.8681319952011108], [0.0, 0.0, 0.0, 1.0]]}, "finger4joint2": {"matrix": [[-0.06265491992235184, -0.9819972515106201, 0.17819994688034058, -1.395043134689331], [-0.1138097271323204, -0.17035578191280365, -0.9787879586219788, 0.04305649921298027], [0.9915247559547424, -0.08160676807165146, -0.101087287068367, -0.9685983061790466], [0.0, 0.0, 0.0, 1.0]]}, "finger4joint3": {"matrix": [[0.016591310501098633, -0.9944649338722229, -0.10374810546636581, -1.8045977354049683], [-0.08492428809404373, 0.10198615491390228, -0.9911540150642395, -0.027992574498057365], [0.9962490797042847, 0.025255318731069565, -0.082762211561203, -1.0026334524154663], [0.0, 0.0, 0.0, 1.0]]}}