{"root": {"matrix": [[0.3155485689640045, -0.8676965832710266, 0.384098619222641, 0.0], [0.6074048280715942, -0.12628722190856934, -0.784290075302124, -1.4901161193847656e-08], [0.729032576084137, 0.48078498244285583, 0.4871932864189148, 0.0], [0.0, 0.0, 0.0, 1.0]]}, "carpals": {"matrix": [[-0.564579427242279, -0.4466772675514221, -0.6940671801567078, -0.17889341711997986], [0.8197159171104431, -0.4017762541770935, -0.40821754932403564, 1.3381930589675903], [-0.0965181216597557, -0.7994090914726257, 0.5929831266403198, 2.0645151138305664], [0.0, 0.0, 0.0, 1.0]]}, "metacarpals": {"matrix": [[-0.6133889555931091, -0.7377445101737976, -0.28193408250808716, -0.6139544248580933], [0.7468374371528625, -0.42571061849594116, -0.5108857154846191, 0.946865439414978], [0.25688084959983826, -0.5239304900169373, 0.8121013641357422, 1.2858953475952148], [0.0, 0.0, 0.0, 1.0]]}, "finger5joint1": {"matrix": [[-0.6415849924087524, -0.6169678568840027, -0.45576202869415283, -0.8113554120063782], [0.6726332902908325, -0.16693277657032013, -0.7209007143974304, 0.7830429077148438], [0.3686910569667816, -0.7690797448158264, 0.5220946669578552, 0.6077583432197571], [0.0, 0.0, 0.0, 1.0]]}, "finger5joint2": {"matrix": [[-0.45256054401397705, -0.6485691666603088, 0.6120018362998962, -1.4630414247512817], [-0.7347184419631958, -0.1177356094121933, -0.6680769920349121, 0.6067164540290833], [0.5053486824035645, -0.751994252204895, -0.4232335388660431, -0.2045993208885193], [0.0, 0.0, 0.0, 1.0]]}, "finger5joint3": {"matrix": [[-0.5441353917121887, -0.7050183415412903, 0.4548242390155792, -1.9088258743286133], [-0.7046014070510864, 0.08970436453819275, -0.703910231590271, 0.52579265832901], [0.4554700255393982, -0.703492283821106, -0.5455685257911682, -0.7214713096618652], [0.0, 0.0, 0.0, 1.0]]}, "Bone": {"matrix": [[0.6553127765655518, -0.6746659278869629, -0.33969226479530334, -1.7657783031463623], [0.5776232481002808, 0.7373730540275574, -0.35018885135650635, 0.2822129726409912], [0.4867403209209442, 0.03326918184757233, 0.8729127049446106, 0.4678943455219269], [0.0, 0.0, 0.0, 1.0]]}, "finger1joint1": {"matrix": [[-0.49956920742988586, -0.6640686988830566, -0.5562760829925537, -2.3272268772125244], [0.7857229709625244, -0.07694196701049805, -0.6137745380401611, 0.8958457112312317], [0.3647875487804413, -0.743701696395874, 0.5602119565010071, 0.4955805540084839], [0.0, 0.0, 0.0, 1.0]]}, "finger1joint2": {"matrix": [[-0.29310375452041626, 0.5033660531044006, -0.8128423094749451, -2.7025442123413086], [0.9366636872291565, 0.32165437936782837, -0.13856270909309387, 0.8523597717285156], [0.19170653820037842, -0.8019731640815735, -0.5657626390457153, 0.07525646686553955], [0.0, 0.0, 0.0, 1.0]]}, "finger1joint3": {"matrix": [[-0.39218446612358093, 0.8927348256111145, 0.22184589505195618, -2.4867594242095947], [0.9053810238838196, 0.33194732666015625, 0.26475703716278076, 0.9902477860450745], [0.16271671652793884, 0.30468854308128357, -0.9384496808052063, -0.26853621006011963], [0.0, 0.0, 0.0, 1.0]]}, "Bone.001": {"matrix": [[0.34351465106010437, -0.9366859793663025, -0.06794708222150803, -1.7657783031463623], [0.7474434971809387, 0.31648319959640503, -0.5840945243835449, 0.2822129726409912], [0.5686172246932983, 0.1498585045337677, 0.8088364601135254, 0.4678943455219269], [0.0, 0.0, 0.0, 1.0]]}, "finger2joint1": {"matrix": [[-0.4921504259109497, -0.04000953957438469, -0.8695900440216064, -2.3595283031463623], [0.7933166027069092, 0.3906412124633789, -0.46695613861083984, 0.48282650113105774], [0.3583804666996002, -0.9196729063987732, -0.16051392257213593, 0.5628872513771057], [0.0, 0.0, 0.0, 1.0]]}, "finger2joint2": {"matrix": [[-0.4112762212753296, 0.12678660452365875, -0.9026498198509216, -2.3941423892974854], [0.8651363849639893, 0.36613863706588745, -0.3427557349205017, 0.8207893371582031], [0.28703823685646057, -0.9218823909759521, -0.26027172803878784, -0.23276686668395996], [0.0, 0.0, 0.0, 1.0]]}, "finger2joint3": {"matrix": [[-0.3117094337940216, 0.3787555694580078, -0.8714247941970825, -2.3460123538970947], [0.9285645484924316, 0.3159215748310089, -0.1948363035917282, 0.9597815871238708], [0.2015066146850586, -0.8699065446853638, -0.4501746594905853, -0.5827285051345825], [0.0, 0.0, 0.0, 1.0]]}, "Bone.002": {"matrix": [[-0.4058689475059509, -0.9133833050727844, 0.03164030238986015, -1.7657783031463623], [0.7655127644538879, -0.3586658835411072, -0.5341807007789612, 0.2822129726409912], [0.4992600679397583, -0.19258615374565125, 0.8447778820991516, 0.46789437532424927], [0.0, 0.0, 0.0, 1.0]]}, "finger3joint1": {"matrix": [[0.03321037068963051, -0.934538722038269, -0.35430803894996643, -2.1507787704467773], [0.8017002940177917, 0.23659512400627136, -0.5489076375961304, 0.13103169202804565], [0.5968030095100403, -0.2658192217350006, 0.7570772767066956, 0.38671737909317017], [0.0, 0.0, 0.0, 1.0]]}, "finger3joint2": {"matrix": [[-0.10125964879989624, 0.7268801927566528, -0.6792580485343933, -2.97053861618042], [0.8497080206871033, 0.41830506920814514, 0.32096296548843384, 0.33856862783432007], [0.5174387097358704, -0.5446704626083374, -0.6599931120872498, 0.15354563295841217], [0.0, 0.0, 0.0, 1.0]]}, "finger3joint3": {"matrix": [[0.05059928819537163, 0.9812133312225342, 0.18617185950279236, -2.5001888275146484], [0.8033251166343689, -0.1507420837879181, 0.5761472582817078, 0.6092455387115479], [0.593387246131897, 0.12040356546640396, -0.7958606481552124, -0.19889988005161285], [0.0, 0.0, 0.0, 1.0]]}, "Bone.003": {"matrix": [[-0.7237220406532288, -0.0861968994140625, 0.6846870183944702, -1.7657783031463623], [0.03900955244898796, -0.9956920742988586, -0.08411663770675659, 0.2822129726409912], [0.6889880299568176, -0.03416771814227104, 0.7239667177200317, 0.4678943455219269], [0.0, 0.0, 0.0, 1.0]]}, "finger4joint1": {"matrix": [[-0.6342276930809021, -0.5571784973144531, -0.5360101461410522, -1.8027241230010986], [0.7378235459327698, -0.22902369499206543, -0.6349523067474365, -0.14456002414226532], [0.231022909283638, -0.7981852889060974, 0.5563526749610901, 0.4532494843006134], [0.0, 0.0, 0.0, 1.0]]}, "finger4joint2": {"matrix": [[-0.6570653915405273, 0.02240634709596634, -0.7535001635551453, -2.3562023639678955], [0.7199810147285461, 0.31482812762260437, -0.6184742450714111, -0.3720627427101135], [0.2233654260635376, -0.9488839507102966, -0.22299475967884064, -0.33963507413864136], [0.0, 0.0, 0.0, 1.0]]}, "finger4joint3": {"matrix": [[-0.645560622215271, 0.3895135521888733, -0.6569095253944397, -2.3468573093414307], [0.7002888917922974, 0.6451013684272766, -0.3056786358356476, -0.24075962603092194], [0.3047073781490326, -0.6573606729507446, -0.689224123954773, -0.7353793978691101], [0.0, 0.0, 0.0, 1.0]]}}