{"root": {"matrix": [[0.3417099118232727, -0.7269198894500732, -0.5956692099571228, -5.960464477539063e-08], [-0.43501338362693787, 0.4394935965538025, -0.7858808636665344, 0.0], [0.8330652117729187, 0.5276674032211304, -0.16604061424732208, 0.0], [0.0, 0.0, 0.0, 1.0]]}, "carpals": {"matrix": [[0.5750669240951538, -0.8087165355682373, -0.12359381467103958, 0.1282159686088562], [0.33073756098747253, 0.09163793176412582, 0.9392629265785217, -0.4652342200279236], [-0.7482715845108032, -0.5810162425041199, 0.3201710879802704, 2.419111967086792], [0.0, 0.0, 0.0, 1.0]]}, "metacarpals": {"matrix": [[0.5714713335037231, -0.5939980149269104, 0.566203773021698, -0.6594690084457397], [-0.5418255925178528, 0.24507147073745728, 0.803968071937561, -0.37597939372062683], [-0.616316020488739, -0.766228437423706, -0.18179182708263397, 1.8532055616378784], [0.0, 0.0, 0.0, 1.0]]}, "finger5joint1": {"matrix": [[0.5673981308937073, -0.7058336138725281, 0.42409688234329224, -1.331636905670166], [-0.469451367855072, 0.14585529267787933, 0.8708279728889465, -0.4717792272567749], [-0.676516592502594, -0.6931990385055542, -0.24859635531902313, 1.5988681316375732], [0.0, 0.0, 0.0, 1.0]]}, "finger5joint2": {"matrix": [[0.45205363631248474, -0.21317782998085022, -0.866142213344574, -2.0771894454956055], [0.8686710000038147, -0.11536753177642822, 0.48176807165145874, -0.3177163004875183], [-0.20262688398361206, -0.9701777100563049, 0.13302932679653168, 0.8666611909866333], [0.0, 0.0, 0.0, 1.0]]}, "finger5joint3": {"matrix": [[0.4771742522716522, 0.04161198437213898, -0.8778226971626282, -2.2237141132354736], [0.8262606263160706, -0.3614685833454132, 0.4320107698440552, -0.39701247215270996], [-0.29932841658592224, -0.9314550161361694, -0.20686565339565277, 0.19982407987117767], [0.0, 0.0, 0.0, 1.0]]}, "Bone": {"matrix": [[0.6251015067100525, 0.36694785952568054, 0.6889101266860962, -1.586864948272705], [-0.39292681217193604, -0.6146798729896545, 0.6839421391487122, 0.006645262241363525], [0.674430251121521, -0.6982247829437256, -0.24005353450775146, 0.6569103002548218], [0.0, 0.0, 0.0, 1.0]]}, "finger1joint1": {"matrix": [[0.6563889980316162, -0.6838387846946716, 0.3186185359954834, -1.281495451927185], [-0.5491658449172974, -0.14352665841579437, 0.8232961893081665, -0.5048838257789612], [-0.517271876335144, -0.7153770923614502, -0.4697501063346863, 0.0758562684059143], [0.0, 0.0, 0.0, 1.0]]}, "finger1joint2": {"matrix": [[0.5417609214782715, -0.810870885848999, -0.2213219553232193, -1.667986273765564], [-0.7707675695419312, -0.5842950344085693, 0.25400102138519287, -0.5860018730163574], [-0.33527958393096924, 0.0329798124730587, -0.9415411353111267, -0.32845935225486755], [0.0, 0.0, 0.0, 1.0]]}, "finger1joint3": {"matrix": [[0.5459434986114502, -0.574465274810791, -0.6098649501800537, -2.0155932903289795], [-0.7191237807273865, -0.6947992444038391, 0.010718860663473606, -0.836479663848877], [-0.42989158630371094, 0.43271633982658386, -0.7924327254295349, -0.31432145833969116], [0.0, 0.0, 0.0, 1.0]]}, "Bone.001": {"matrix": [[0.7889817953109741, 0.3284923732280731, 0.5192304849624634, -1.586864948272705], [-0.4941442310810089, -0.16297253966331482, 0.8539677858352661, 0.006645195186138153], [0.36514219641685486, -0.9303399920463562, 0.03374043479561806, 0.6569104194641113], [0.0, 0.0, 0.0, 1.0]]}, "finger2joint1": {"matrix": [[0.8020181059837341, -0.277443528175354, 0.5289534330368042, -1.3786391019821167], [-0.5442806482315063, 0.025287825614213943, 0.8385217189788818, -0.09666043519973755], [-0.246018648147583, -0.9604089260101318, -0.13072569668293, 0.06718313694000244], [0.0, 0.0, 0.0, 1.0]]}, "finger2joint2": {"matrix": [[0.7213142514228821, -0.628722071647644, 0.29054123163223267, -1.6186689138412476], [-0.6149150729179382, -0.3882909417152405, 0.6863739490509033, -0.07478268444538116], [-0.318724125623703, -0.673749566078186, -0.6666904091835022, -0.7637137174606323], [0.0, 0.0, 0.0, 1.0]]}, "finger2joint3": {"matrix": [[0.6155758500099182, -0.7431241273880005, -0.26235973834991455, -1.857342004776001], [-0.7142463326454163, -0.666770875453949, 0.212763711810112, -0.22218433022499084], [-0.3330438733100891, 0.05641717091202736, -0.9412218332290649, -1.0194801092147827], [0.0, 0.0, 0.0, 1.0]]}, "Bone.002": {"matrix": [[0.7862943410873413, -0.25106939673423767, 0.564539909362793, -1.586864948272705], [-0.4811965525150299, 0.32427552342414856, 0.8144292831420898, 0.00664520263671875], [-0.3875449001789093, -0.9120357036590576, 0.13416242599487305, 0.6569103002548218], [0.0, 0.0, 0.0, 1.0]]}, "finger3joint1": {"matrix": [[0.6302233338356018, 0.11859995871782303, 0.7673022150993347, -1.6926932334899902], [-0.5612606406211853, 0.7524473667144775, 0.34468722343444824, 0.14333057403564453], [-0.5364748239517212, -0.6478862166404724, 0.5407753586769104, 0.2724781632423401], [0.0, 0.0, 0.0, 1.0]]}, "finger3joint2": {"matrix": [[0.6108017563819885, -0.5120866894721985, 0.6038944125175476, -1.5886595249176025], [-0.4481644034385681, 0.4051668345928192, 0.7968615889549255, 0.803363561630249], [-0.6527402997016907, -0.7573682069778442, 0.017977725714445114, -0.2958356440067291], [0.0, 0.0, 0.0, 1.0]]}, "finger3joint3": {"matrix": [[0.47438010573387146, -0.7601051926612854, 0.44407618045806885, -1.9200206995010376], [-0.5551237463951111, 0.1332186907529831, 0.8210299611091614, 1.065539002418518], [-0.6832284927368164, -0.6359974145889282, -0.3587559461593628, -0.7859137058258057], [0.0, 0.0, 0.0, 1.0]]}, "Bone.003": {"matrix": [[0.6996725797653198, -0.4138786792755127, 0.5823767781257629, -1.5868648290634155], [0.28396546840667725, 0.9090682864189148, 0.30489060282707214, 0.00664520263671875], [-0.6556078791618347, -0.04794849082827568, 0.753577470779419, 0.6569103598594666], [0.0, 0.0, 0.0, 1.0]]}, "finger4joint1": {"matrix": [[0.792540431022644, -0.11916439980268478, 0.5980629920959473, -1.7642613649368286], [-0.604544460773468, -0.02481929585337639, 0.7961844205856323, 0.39628955721855164], [-0.08003351092338562, -0.9925640225410461, -0.09171028435230255, 0.6363586187362671], [0.0, 0.0, 0.0, 1.0]]}, "finger4joint2": {"matrix": [[0.8010013699531555, -0.3569505214691162, 0.4806067645549774, -1.8826342821121216], [-0.5894672870635986, -0.33009740710258484, 0.7372676134109497, 0.3716350793838501], [-0.10452117770910263, -0.8738544583320618, -0.47481903433799744, -0.3496137261390686], [0.0, 0.0, 0.0, 1.0]]}, "finger4joint3": {"matrix": [[0.820784330368042, -0.4153498411178589, 0.3921699523925781, -2.0315051078796387], [-0.5707094073295593, -0.5667250752449036, 0.5942330956459045, 0.23396369814872742], [-0.024562250822782516, -0.7115525007247925, -0.702203094959259, -0.7140660285949707], [0.0, 0.0, 0.0, 1.0]]}}