{"root": {"matrix": [[0.06930723041296005, -0.994009792804718, 0.08450500667095184, 5.960464477539063e-08], [-0.5654778480529785, -0.108930304646492, -0.8175383806228638, 0.0], [0.8218462467193604, 0.008875603787600994, -0.5696402192115784, 0.0], [0.0, 0.0, 0.0, 1.0]]}, "carpals": {"matrix": [[-0.4826028645038605, -0.24011394381523132, -0.8422823548316956, -0.8257170915603638], [0.7205708622932434, 0.4378148019313812, -0.5376759767532349, -1.2935233116149902], [0.4978674352169037, -0.8664081692695618, -0.038271673023700714, 1.9313139915466309], [0.0, 0.0, 0.0, 1.0]]}, "metacarpals": {"matrix": [[-0.7350652813911438, -0.4977470338344574, -0.4603549838066101, -1.0595866441726685], [0.4002067446708679, 0.22954265773296356, -0.8872115612030029, -0.8670942783355713], [0.5472782850265503, -0.8363956809043884, 0.03047269582748413, 1.087437629699707], [0.0, 0.0, 0.0, 1.0]]}, "finger5joint1": {"matrix": [[-0.875048041343689, -0.3156599998474121, -0.3669460415840149, -1.0252817869186401], [0.46306997537612915, -0.3252379894256592, -0.8244913816452026, -0.4413539469242096], [0.14091438055038452, -0.8913915753364563, 0.43077147006988525, 0.5015682578086853], [0.0, 0.0, 0.0, 1.0]]}, "finger5joint2": {"matrix": [[-0.11489566415548325, -0.7718332409858704, 0.6253573894500732, -1.358704686164856], [-0.7463899850845337, -0.3483397960662842, -0.5670632719993591, -0.7848938703536987], [0.6555152535438538, -0.531913697719574, -0.5360662937164307, -0.43998393416404724], [0.0, 0.0, 0.0, 1.0]]}, "finger5joint3": {"matrix": [[-0.2207021713256836, -0.860072672367096, 0.45996201038360596, -1.889212727546692], [-0.7432935833930969, -0.15702727437019348, -0.6502740979194641, -1.0243198871612549], [0.6315096020698547, -0.48540374636650085, -0.6046306490898132, -0.8055868744850159], [0.0, 0.0, 0.0, 1.0]]}, "Bone": {"matrix": [[0.41536083817481995, -0.7246771454811096, -0.5498347282409668, -1.8367078304290771], [-0.08910499513149261, 0.569122314453125, -0.8174103498458862, -0.508714497089386], [0.9052819609642029, 0.3885135352611542, 0.17181862890720367, -0.2184082269668579], [0.0, 0.0, 0.0, 1.0]]}, "finger1joint1": {"matrix": [[-0.6774656772613525, -0.4362627863883972, -0.5922118425369263, -2.439775228500366], [0.3426150381565094, 0.5252892374992371, -0.7789003849029541, -0.03509792685508728], [0.6508879661560059, -0.7305788993835449, -0.20639537274837494, 0.10490790009498596], [0.0, 0.0, 0.0, 1.0]]}, "finger1joint2": {"matrix": [[-0.4561326801776886, 0.5846900343894958, -0.6708803176879883, -2.6863417625427246], [0.5529139041900635, 0.7769066691398621, 0.301167756319046, 0.261784166097641], [0.69730144739151, -0.23356646299362183, -0.6776556968688965, -0.30799949169158936], [0.0, 0.0, 0.0, 1.0]]}, "finger1joint3": {"matrix": [[-0.5428715348243713, 0.7125930190086365, 0.4444115161895752, -2.435694456100464], [0.5516948699951172, -0.09637662023305893, 0.8284589052200317, 0.5948312282562256], [0.6331852078437805, 0.6949262619018555, -0.34081360697746277, -0.4081255793571472], [0.0, 0.0, 0.0, 1.0]]}, "Bone.001": {"matrix": [[0.07779227942228317, -0.9653545022010803, -0.24907593429088593, -1.836707592010498], [0.012959319166839123, 0.2507910430431366, -0.9679542779922485, -0.508714497089386], [0.9968852400779724, 0.07207159698009491, 0.032019756734371185, -0.2184082269668579], [0.0, 0.0, 0.0, 1.0]]}, "finger2joint1": {"matrix": [[-0.656353235244751, 0.08154617249965668, -0.7500335574150085, -2.4486303329467773], [0.38196322321891785, 0.8932347297668457, -0.2371399849653244, -0.3497421145439148], [0.6506183743476868, -0.44213274121284485, -0.6174253225326538, -0.1727232038974762], [0.0, 0.0, 0.0, 1.0]]}, "finger2joint2": {"matrix": [[-0.5741567611694336, 0.7732309103012085, 0.2691797912120819, -2.3780806064605713], [0.48144835233688354, 0.052931495010852814, 0.874874472618103, 0.42303895950317383], [0.6622322201728821, 0.6319113373756409, -0.40266159176826477, -0.555233895778656], [0.0, 0.0, 0.0, 1.0]]}, "finger2joint3": {"matrix": [[-0.5034200549125671, -0.23283487558364868, 0.8320792317390442, -2.08454966545105], [0.40423089265823364, -0.9145861864089966, -0.011356670409440994, 0.443132609128952], [0.7636526823043823, 0.33063480257987976, 0.55454021692276, -0.3153499960899353], [0.0, 0.0, 0.0, 1.0]]}, "Bone.002": {"matrix": [[-0.613436758518219, -0.7710937857627869, -0.17061513662338257, -1.8367079496383667], [0.19938446581363678, 0.05782468616962433, -0.9782136082649231, -0.508714497089386], [0.7641604542732239, -0.6340901851654053, 0.11827213317155838, -0.21840819716453552], [0.0, 0.0, 0.0, 1.0]]}, "finger3joint1": {"matrix": [[-0.5188673138618469, -0.40961650013923645, -0.7503272294998169, -2.161731719970703], [0.1628589928150177, 0.8142839074134827, -0.5571520328521729, -0.4843407869338989], [0.8391983509063721, -0.41128525137901306, -0.355795681476593, -0.4856835603713989], [0.0, 0.0, 0.0, 1.0]]}, "finger3joint2": {"matrix": [[-0.5476062893867493, 0.2606061100959778, -0.7951174378395081, -2.5210394859313965], [0.31105610728263855, 0.9455620646476746, 0.09568774700164795, 0.22993403673171997], [0.7767699956893921, -0.19492670893669128, -0.5988588929176331, -0.846455454826355], [0.0, 0.0, 0.0, 1.0]]}, "finger3joint3": {"matrix": [[-0.3924837112426758, 0.5683775544166565, -0.7231205701828003, -2.3524067401885986], [0.33705970644950867, 0.8203942775726318, 0.46189144253730774, 0.8417885899543762], [0.8557730317115784, -0.062449827790260315, -0.5135684013366699, -0.9725887179374695], [0.0, 0.0, 0.0, 1.0]]}, "Bone.003": {"matrix": [[-0.8979786038398743, 0.03006092645227909, 0.43901094794273376, -1.8367078304290771], [-0.3637292683124542, -0.6122047305107117, -0.70207279920578, -0.5087144374847412], [0.2476596087217331, -0.7901277542114258, 0.5606806874275208, -0.2184082269668579], [0.0, 0.0, 0.0, 1.0]]}, "finger4joint1": {"matrix": [[-0.44859054684638977, -0.8273897767066956, -0.33792346715927124, -1.8238232135772705], [0.30150365829467773, 0.21583832800388336, -0.9287136197090149, -0.7711173295974731], [0.8413453698158264, -0.5184972882270813, 0.15263789892196655, -0.5570722818374634], [0.0, 0.0, 0.0, 1.0]]}, "finger4joint2": {"matrix": [[-0.47388070821762085, 0.3153497278690338, -0.8221868276596069, -2.6457183361053467], [0.28838226199150085, 0.9377664923667908, 0.1934664249420166, -0.5567123889923096], [0.8320291638374329, -0.14542396366596222, -0.5353307127952576, -1.0721262693405151], [0.0, 0.0, 0.0, 1.0]]}, "finger4joint3": {"matrix": [[-0.48637598752975464, 0.8165146112442017, -0.3110334873199463, -2.514197826385498], [0.2065703123807907, 0.45334017276763916, 0.8670703768730164, -0.16560478508472443], [0.8489798307418823, 0.3574720323085785, -0.3891613185405731, -1.132777214050293], [0.0, 0.0, 0.0, 1.0]]}}