{"root": {"matrix": [[0.3645126223564148, -0.9304914474487305, 0.036280229687690735, 0.0], [-0.37892088294029236, -0.1838032454252243, -0.9069924354553223, 0.0], [0.8506171107292175, 0.3168628513813019, -0.4195813238620758, 2.9802322387695312e-08], [0.0, 0.0, 0.0, 1.0]]}, "carpals": {"matrix": [[-0.1745125651359558, -0.3666682541370392, -0.9138377904891968, -0.09052315354347229], [0.9031856656074524, 0.310032457113266, -0.29687583446502686, -0.9348595142364502], [0.3921745717525482, -0.8771738409996033, 0.2770649492740631, 2.280971050262451], [0.0, 0.0, 0.0, 1.0]]}, "metacarpals": {"matrix": [[-0.19633585214614868, -0.6436918377876282, -0.7396707534790039, -0.44765591621398926], [0.8435044288635254, 0.27375057339668274, -0.462126225233078, -0.6328897476196289], [0.4999524652957916, -0.7146474719047546, 0.4892098605632782, 1.4266088008880615], [0.0, 0.0, 0.0, 1.0]]}, "finger5joint1": {"matrix": [[-0.5230196118354797, -0.6981338262557983, -0.4889369606971741, -0.4762642979621887], [0.8510102033615112, -0.3959503173828125, -0.34497055411338806, -0.4345710575580597], [0.04724114015698433, -0.5965169072151184, 0.8012088537216187, 0.7298119068145752], [0.0, 0.0, 0.0, 1.0]]}, "finger5joint2": {"matrix": [[-0.1339651495218277, -0.9257317185401917, 0.3536572754383087, -1.213683843612671], [-0.3013102114200592, -0.30192816257476807, -0.9044617414474487, -0.8528023958206177], [0.9440682530403137, -0.22772687673568726, -0.23848497867584229, 0.09972765296697617], [0.0, 0.0, 0.0, 1.0]]}, "finger5joint3": {"matrix": [[-0.23906835913658142, -0.9617950916290283, 0.13340142369270325, -1.8499717712402344], [-0.27792757749557495, -0.0638582855463028, -0.9584768414497375, -1.0603282451629639], [0.9303773045539856, -0.26621735095977783, -0.2520432472229004, -0.056797027587890625], [0.0, 0.0, 0.0, 1.0]]}, "Bone": {"matrix": [[0.6658610701560974, -0.1801898330450058, -0.7239892482757568, -1.4526376724243164], [-0.1000991016626358, 0.9400464296340942, -0.32602548599243164, -0.20548909902572632], [0.739329993724823, 0.28955864906311035, 0.6079035401344299, 0.3108457326889038], [0.0, 0.0, 0.0, 1.0]]}, "finger1joint1": {"matrix": [[-0.009176484309136868, -0.9282501935958862, -0.37184274196624756, -1.6025893688201904], [0.6865745186805725, 0.2645041346549988, -0.6772390604019165, 0.5768058896064758], [0.7270015478134155, -0.26151230931282043, 0.6348857283592224, 0.5518128871917725], [0.0, 0.0, 0.0, 1.0]]}, "finger1joint2": {"matrix": [[0.12303666025400162, -0.5050522685050964, -0.8542739152908325, -2.127216100692749], [0.8547362685203552, 0.49133554100990295, -0.16737757623195648, 0.7262979745864868], [0.5042697787284851, -0.7095851898193359, 0.4921388328075409, 0.4040117859840393], [0.0, 0.0, 0.0, 1.0]]}, "finger1joint3": {"matrix": [[0.05433481186628342, 0.49282005429267883, -0.8684329986572266, -2.343723773956299], [0.814786970615387, 0.4808690845966339, 0.32386279106140137, 0.9369253516197205], [0.577208936214447, -0.7251848578453064, -0.37541526556015015, 0.09982426464557648], [0.0, 0.0, 0.0, 1.0]]}, "Bone.001": {"matrix": [[0.47533077001571655, -0.6400769948959351, -0.6036238670349121, -1.4526375532150269], [0.18612323701381683, 0.7437151074409485, -0.642063558101654, -0.20548909902572632], [0.8598945140838623, 0.19284434616565704, 0.4726438522338867, 0.3108457624912262], [0.0, 0.0, 0.0, 1.0]]}, "finger2joint1": {"matrix": [[-0.09822288900613785, -0.9590899348258972, -0.2655154764652252, -1.8583718538284302], [0.812786340713501, 0.07663576304912567, -0.5774988532066345, 0.26593977212905884], [0.5742216110229492, -0.2725309133529663, 0.7720078825950623, 0.433086633682251], [0.0, 0.0, 0.0, 1.0]]}, "finger2joint2": {"matrix": [[-0.15959343314170837, 0.10161153972148895, -0.9819392561912537, -2.6881275177001953], [0.8662622570991516, 0.49142685532569885, -0.08993954956531525, 0.33224111795425415], [0.47341278195381165, -0.8649706840515137, -0.16645066440105438, 0.1973067969083786], [0.0, 0.0, 0.0, 1.0]]}, "finger2joint3": {"matrix": [[-0.05850384011864662, 0.9942558407783508, -0.08962251991033554, -2.6495542526245117], [0.9214588403701782, 0.08832067996263504, 0.37830233573913574, 0.5187948346138], [0.38404515385627747, -0.060451440513134, -0.9213330745697021, -0.13105027377605438], [0.0, 0.0, 0.0, 1.0]]}, "Bone.002": {"matrix": [[-0.09616103768348694, -0.8550023436546326, -0.5096310973167419, -1.4526375532150269], [0.6620509028434753, 0.327385276556015, -0.6741715669631958, -0.20548909902572632], [0.7432642579078674, -0.4022306501865387, 0.5345733165740967, 0.3108457624912262], [0.0, 0.0, 0.0, 1.0]]}, "finger3joint1": {"matrix": [[0.06888221204280853, -0.599229633808136, -0.7976081967353821, -1.8130297660827637], [0.6287552714347839, 0.6468060612678528, -0.4316347539424896, -0.06749287247657776], [0.7745465040206909, -0.47176820039749146, 0.421322226524353, 0.1413014829158783], [0.0, 0.0, 0.0, 1.0]]}, "finger3joint2": {"matrix": [[0.004153016954660416, 0.06541521102190018, -0.9978494644165039, -2.33866286277771], [0.7393848299980164, 0.6716329455375671, 0.04710691422224045, 0.49987342953681946], [0.6732704043388367, -0.7379902005195618, -0.04557761177420616, -0.2725248634815216], [0.0, 0.0, 0.0, 1.0]]}, "finger3joint3": {"matrix": [[0.1751367151737213, 0.39610016345977783, -0.9013498425483704, -2.2963340282440186], [0.7533323168754578, 0.535523533821106, 0.38171303272247314, 0.9344738721847534], [0.6338909864425659, -0.745867908000946, -0.20460501313209534, -0.7500637173652649], [0.0, 0.0, 0.0, 1.0]]}, "Bone.003": {"matrix": [[-0.7783069610595703, -0.5616710782051086, 0.28064876794815063, -1.4526375532150269], [0.24745605885982513, -0.6851913928985596, -0.6850387454032898, -0.20548909902572632], [0.5770646929740906, -0.4637223780155182, 0.6722780466079712, 0.3108457624912262], [0.0, 0.0, 0.0, 1.0]]}, "finger4joint1": {"matrix": [[-0.22381211817264557, -0.8164481520652771, -0.5322782397270203, -1.6933808326721191], [0.8546149134635925, 0.09815196692943573, -0.5099011659622192, -0.49917545914649963], [0.4685523808002472, -0.5690150260925293, 0.67578125, 0.11208531260490417], [0.0, 0.0, 0.0, 1.0]]}, "finger4joint2": {"matrix": [[-0.25270548462867737, 0.06977438181638718, -0.9650238156318665, -2.5044069290161133], [0.846634566783905, 0.49874457716941833, -0.18564286828041077, -0.401675283908844], [0.4683476686477661, -0.8639357089996338, -0.18510887026786804, -0.4531509280204773], [0.0, 0.0, 0.0, 1.0]]}, "finger4joint3": {"matrix": [[-0.24348682165145874, 0.7174040675163269, -0.6527212858200073, -2.475306510925293], [0.8048705458641052, 0.5249695777893066, 0.2767486572265625, -0.1936674565076828], [0.541199803352356, -0.45797163248062134, -0.7052406668663025, -0.8134664297103882], [0.0, 0.0, 0.0, 1.0]]}}