{"root": {"matrix": [[0.28614750504493713, -0.9573478102684021, 0.04005957394838333, -5.960464477539063e-08], [-0.6064645051956177, -0.21332095563411713, -0.765960156917572, 0.0], [0.7418357729911804, 0.19488288462162018, -0.6416387557983398, -1.4901161193847656e-08], [0.0, 0.0, 0.0, 1.0]]}, "carpals": {"matrix": [[-0.11670304834842682, -0.4014923870563507, -0.9083964228630066, -0.29445624351501465], [0.8712002635002136, 0.39776986837387085, -0.28773051500320435, -1.4941915273666382], [0.4768546223640442, -0.8249743580818176, 0.30335935950279236, 1.9405338764190674], [0.0, 0.0, 0.0, 1.0]]}, "metacarpals": {"matrix": [[0.001955687301233411, -0.6470180153846741, -0.7624720335006714, -0.6855074167251587], [0.7968459129333496, 0.46167975664138794, -0.3897281289100647, -1.1067661046981812], [0.604179322719574, -0.6068105697631836, 0.5164766311645508, 1.1370139122009277], [0.0, 0.0, 0.0, 1.0]]}, "finger5joint1": {"matrix": [[-0.2963400185108185, -0.6197879910469055, -0.7266671657562256, -0.7414277791976929], [0.9158604741096497, 0.031389590352773666, -0.4002673029899597, -0.8227972388267517], [0.2708909511566162, -0.7841411232948303, 0.558337390422821, 0.47225120663642883], [0.0, 0.0, 0.0, 1.0]]}, "finger5joint2": {"matrix": [[-0.6042993068695068, -0.771761417388916, 0.19800502061843872, -1.3960926532745361], [-0.4592091143131256, 0.13427355885505676, -0.8781213164329529, -0.789641261100769], [0.6511135101318359, -0.6215739250183105, -0.4355418086051941, -0.35601523518562317], [0.0, 0.0, 0.0, 1.0]]}, "finger5joint3": {"matrix": [[-0.683688759803772, -0.7286387085914612, -0.04067807272076607, -1.926551342010498], [-0.3956247568130493, 0.41690394282341003, -0.8183345794677734, -0.6973503828048706], [0.6132292747497559, -0.5433929562568665, -0.5733005404472351, -0.7832448482513428], [0.0, 0.0, 0.0, 1.0]]}, "Bone": {"matrix": [[0.7016923427581787, 0.015846045687794685, -0.712303638458252, -1.6956822872161865], [-0.2984212338924408, 0.9143679141998291, -0.2736344635486603, -0.3859558403491974], [0.646971583366394, 0.40457403659820557, 0.6463338732719421, 0.18961408734321594], [0.0, 0.0, 0.0, 1.0]]}, "finger1joint1": {"matrix": [[0.13397592306137085, -0.8249601125717163, -0.5490819811820984, -1.6824952363967896], [0.6228804588317871, 0.5010474324226379, -0.6008087396621704, 0.37496986985206604], [0.770759642124176, -0.2615184187889099, 0.5809798240661621, 0.5262956619262695], [0.0, 0.0, 0.0, 1.0]]}, "finger1joint2": {"matrix": [[0.3112589716911316, -0.42653897404670715, -0.8492244482040405, -2.148744583129883], [0.7660786509513855, 0.6414134502410889, -0.04137787967920303, 0.6581510305404663], [0.5623534917831421, -0.6376934051513672, 0.5264081954956055, 0.3784911036491394], [0.0, 0.0, 0.0, 1.0]]}, "finger1joint3": {"matrix": [[0.23909300565719604, 0.458914577960968, -0.8557053804397583, -2.3315951824188232], [0.7338995933532715, 0.4916250705718994, 0.46871742606163025, 0.9331143498420715], [0.6357877850532532, -0.7400689125061035, -0.21925295889377594, 0.10512244701385498], [0.0, 0.0, 0.0, 1.0]]}, "Bone.001": {"matrix": [[0.576481282711029, -0.4783450663089752, -0.6624612808227539, -1.695682168006897], [-0.0015435194363817573, 0.8100976943969727, -0.5862925052642822, -0.385955810546875], [0.817108690738678, 0.33900943398475647, 0.4662678837776184, 0.18961414694786072], [0.0, 0.0, 0.0, 1.0]]}, "finger2joint1": {"matrix": [[0.09939098358154297, -0.8855901956558228, -0.4537082016468048, -1.9988973140716553], [0.7414838671684265, 0.3699864447116852, -0.5597422122955322, 0.1275518536567688], [0.663568377494812, -0.28078392148017883, 0.6934242248535156, 0.4045066833496094], [0.0, 0.0, 0.0, 1.0]]}, "finger2joint2": {"matrix": [[0.06039974465966225, 0.31898683309555054, -0.9458324313163757, -2.7650647163391113], [0.8204454779624939, 0.5238332748413086, 0.22905805706977844, 0.44764524698257446], [0.5685253739356995, -0.7898390293121338, -0.23007182776927948, 0.16158676147460938], [0.0, 0.0, 0.0, 1.0]]}, "finger2joint3": {"matrix": [[0.18085774779319763, 0.9821586608886719, 0.05152174457907677, -2.643972158432007], [0.851342499256134, -0.18256837129592896, 0.49181732535362244, 0.6465009450912476], [0.49244916439056396, -0.04508647695183754, -0.8691724538803101, -0.13824909925460815], [0.0, 0.0, 0.0, 1.0]]}, "Bone.002": {"matrix": [[0.09002318978309631, -0.8164012432098389, -0.5704249739646912, -1.695682168006897], [0.5729692578315735, 0.5109291672706604, -0.6408254504203796, -0.385955810546875], [0.8146178126335144, -0.26914671063423157, 0.5137683153152466, 0.18961411714553833], [0.0, 0.0, 0.0, 1.0]]}, "finger3joint1": {"matrix": [[0.20178881287574768, -0.46462875604629517, -0.8622071743011475, -2.0398037433624268], [0.5625460147857666, 0.7756097912788391, -0.2863062024116516, -0.17059409618377686], [0.8017627596855164, -0.42725762724876404, 0.4178844690322876, 0.07616609334945679], [0.0, 0.0, 0.0, 1.0]]}, "finger3joint2": {"matrix": [[0.15907567739486694, 0.188412144780159, -0.9691210985183716, -2.4473671913146973], [0.6887879967689514, 0.6820698976516724, 0.24566546082496643, 0.5097564458847046], [0.7072950005531311, -0.7065982818603516, -0.021275192499160767, -0.2986163794994354], [0.0, 0.0, 0.0, 1.0]]}, "finger3joint3": {"matrix": [[0.32893088459968567, 0.4853755533695221, -0.8100708723068237, -2.3254494667053223], [0.670646607875824, 0.48386266827583313, 0.5622364282608032, 0.9511105418205261], [0.6648592352867126, -0.7282083034515381, -0.16635793447494507, -0.7558422088623047], [0.0, 0.0, 0.0, 1.0]]}, "Bone.003": {"matrix": [[-0.6668845415115356, -0.7135819792747498, 0.2146289348602295, -1.695682168006897], [0.30034372210502625, -0.5210005640983582, -0.7989692091941833, -0.3859557807445526], [0.6819520592689514, -0.4683579206466675, 0.5617671012878418, 0.18961411714553833], [0.0, 0.0, 0.0, 1.0]]}, "finger4joint1": {"matrix": [[-0.08228504657745361, -0.7344826459884644, -0.6736200451850891, -2.001537322998047], [0.8493759632110596, 0.3018913269042969, -0.4329221546649933, -0.6092667579650879], [0.5213342905044556, -0.6077798008918762, 0.5990109443664551, -0.011133193969726562], [0.0, 0.0, 0.0, 1.0]]}, "finger4joint2": {"matrix": [[-0.11209243535995483, 0.3949568271636963, -0.9118354916572571, -2.731142044067383], [0.8475548028945923, 0.5170196294784546, 0.11975377798080444, -0.30938032269477844], [0.5187347531318665, -0.7594072818756104, -0.3927015960216522, -0.6148768663406372], [0.0, 0.0, 0.0, 1.0]]}, "finger4joint3": {"matrix": [[-0.13118469715118408, 0.9500259757041931, -0.283268004655838, -2.566420316696167], [0.7998008728027344, 0.27025505900382996, 0.5359852313995361, -0.09375063329935074], [0.5857548713684082, -0.15624502301216125, -0.7952851057052612, -0.9315973520278931], [0.0, 0.0, 0.0, 1.0]]}}