{"root": {"matrix": [[0.42885541915893555, -0.6018947958946228, -0.6736510396003723, 0.0], [-0.8843163847923279, -0.12734785676002502, -0.4491848945617676, 0.0], [0.1845739483833313, 0.7883560061454773, -0.5868792533874512, 5.960464477539063e-08], [0.0, 0.0, 0.0, 1.0]]}, "carpals": {"matrix": [[0.4533865749835968, -0.877914309501648, -0.15397053956985474, 0.45643702149391174], [0.7870951890945435, 0.31329604983329773, 0.5313438177108765, -2.0740084648132324], [-0.41823601722717285, -0.3620937466621399, 0.833046555519104, 1.2550455331802368], [0.0, 0.0, 0.0, 1.0]]}, "metacarpals": {"matrix": [[0.493478000164032, -0.6762122511863708, 0.5470067262649536, -0.3986462354660034], [0.011873460374772549, 0.6340969800949097, 0.7731621265411377, -1.76885986328125], [-0.8696771264076233, -0.37504372000694275, 0.3209419846534729, 0.902368426322937], [0.0, 0.0, 0.0, 1.0]]}, "finger5joint1": {"matrix": [[0.2261650264263153, -0.8438396453857422, 0.4866044223308563, -1.0961490869522095], [0.255862295627594, 0.5334699749946594, 0.8061909079551697, -1.7271373271942139], [-0.9398849010467529, -0.057828452438116074, 0.33655911684036255, 0.7089158296585083], [0.0, 0.0, 0.0, 1.0]]}, "finger5joint2": {"matrix": [[0.593062162399292, -0.3122422993183136, -0.7421466112136841, -1.987473487854004], [0.6854882836341858, 0.6793182492256165, 0.2619766891002655, -1.1636477708816528], [0.42235368490219116, -0.6641013622283936, 0.6169167160987854, 0.6478331685066223], [0.0, 0.0, 0.0, 1.0]]}, "finger5joint3": {"matrix": [[0.6012774705886841, -0.01449880562722683, -0.7989084124565125, -2.2020885944366455], [0.7304455041885376, 0.4152740240097046, 0.542214035987854, -0.6967285871505737], [0.3239045739173889, -0.9095805287361145, 0.26028573513031006, 0.1913730502128601], [0.0, 0.0, 0.0, 1.0]]}, "Bone": {"matrix": [[0.6956073641777039, 0.2804361581802368, 0.6614270806312561, -1.4544012546539307], [-0.6877411603927612, -0.006244098301976919, 0.725928783416748, -0.778858482837677], [0.2077067494392395, -0.9598522782325745, 0.18852411210536957, 0.31682103872299194], [0.0, 0.0, 0.0, 1.0]]}, "finger1joint1": {"matrix": [[0.589160680770874, -0.7614073157310486, 0.27045971155166626, -1.2210257053375244], [-0.05068031698465347, 0.299239844083786, 0.9528307914733887, -0.7840548157691956], [-0.8064248561859131, -0.5750775933265686, 0.1377120465040207, -0.4819561839103699], [0.0, 0.0, 0.0, 1.0]]}, "finger1joint2": {"matrix": [[0.4939520061016083, -0.8394546508789062, -0.22655504941940308, -1.6513566970825195], [-0.3443450331687927, -0.42812013626098633, 0.8355472683906555, -0.6149308681488037], [-0.7983970642089844, -0.33470726013183594, -0.500532865524292, -0.8069776296615601], [0.0, 0.0, 0.0, 1.0]]}, "finger1joint3": {"matrix": [[0.4989313781261444, -0.5866788625717163, -0.6378677487373352, -2.0112171173095703], [-0.24201680719852448, -0.8010615706443787, 0.5474740862846375, -0.7984590530395508], [-0.8321630954742432, -0.11877736449241638, -0.5416609644889832, -0.9504610300064087], [0.0, 0.0, 0.0, 1.0]]}, "Bone.001": {"matrix": [[0.8222993612289429, 0.21866093575954437, 0.5253673791885376, -1.4544012546539307], [-0.5586012005805969, 0.48631376028060913, 0.6719100475311279, -0.7788585424423218], [-0.10857288539409637, -0.8459822535514832, 0.5220398902893066, 0.31682106852531433], [0.0, 0.0, 0.0, 1.0]]}, "finger2joint1": {"matrix": [[0.7347380518913269, -0.4860486686229706, 0.47319814562797546, -1.315795660018921], [-0.17308484017848969, 0.5401548147201538, 0.823573887348175, -0.4705921709537506], [-0.655897319316864, -0.687014639377594, 0.31274476647377014, -0.2194332480430603], [0.0, 0.0, 0.0, 1.0]]}, "finger2joint2": {"matrix": [[0.6408869028091431, -0.7635605931282043, -0.07898744195699692, -1.7363001108169556], [-0.19889354705810547, -0.26455509662628174, 0.9436373710632324, -0.003277808427810669], [-0.7414210438728333, -0.5890548229217529, -0.3214171826839447, -0.8138032555580139], [0.0, 0.0, 0.0, 1.0]]}, "finger2joint3": {"matrix": [[0.5535560250282288, -0.38491368293762207, -0.7385234832763672, -2.02616024017334], [-0.3114405870437622, -0.9181180596351624, 0.24507857859134674, -0.1037072241306305], [-0.7723860144615173, 0.0943414568901062, -0.6281076669692993, -1.0374181270599365], [0.0, 0.0, 0.0, 1.0]]}, "Bone.002": {"matrix": [[0.7334933280944824, -0.35172268748283386, 0.5816172957420349, -1.4544012546539307], [-0.07180193066596985, 0.8108169436454773, 0.5808786153793335, -0.7788585424423218], [-0.6758934855461121, -0.4678318202495575, 0.5694745779037476, 0.31682106852531433], [0.0, 0.0, 0.0, 1.0]]}, "finger3joint1": {"matrix": [[0.5608582496643066, 0.07266364246606827, 0.8247169256210327, -1.6026557683944702], [-0.0497114472091198, 0.9972991943359375, -0.05406250059604645, -0.43709105253219604], [-0.8264181017875671, -0.010676388628780842, 0.5629556775093079, 0.11962524801492691], [0.0, 0.0, 0.0, 1.0]]}, "finger3joint2": {"matrix": [[0.5328713655471802, -0.5685870051383972, 0.6267032623291016, -1.5389165878295898], [0.11074446141719818, 0.781101644039154, 0.6145042777061462, 0.4377213716506958], [-0.8389182090759277, -0.2580477297306061, 0.479194700717926, 0.11026011407375336], [0.0, 0.0, 0.0, 1.0]]}, "finger3joint3": {"matrix": [[0.3910180330276489, -0.8005288243293762, 0.45415693521499634, -1.9068381786346436], [0.04444507136940956, 0.5092909336090088, 0.8594457507133484, 0.9431568384170532], [-0.9193092584609985, -0.3158737123012543, 0.2347215861082077, -0.05671747028827667], [0.0, 0.0, 0.0, 1.0]]}, "Bone.003": {"matrix": [[0.6218448281288147, -0.41056808829307556, 0.6668904423713684, -1.4544012546539307], [0.6818037033081055, 0.7027792930603027, -0.20308780670166016, -0.7788585424423218], [-0.3852953612804413, 0.5809775590896606, 0.7169466614723206, 0.31682100892066956], [0.0, 0.0, 0.0, 1.0]]}, "finger4joint1": {"matrix": [[0.816741943359375, -0.21462823450565338, 0.5355998277664185, -1.6303787231445312], [-0.38445696234703064, 0.489751935005188, 0.7825185656547546, -0.47763368487358093], [-0.4302617609500885, -0.8450309634208679, 0.3174857795238495, 0.5658393502235413], [0.0, 0.0, 0.0, 1.0]]}, "finger4joint2": {"matrix": [[0.8217974901199341, -0.42017367482185364, 0.3848411440849304, -1.8435816764831543], [-0.3579470217227936, 0.14478722214698792, 0.9224478602409363, 0.00886581838130951], [-0.4433085024356842, -0.8958182334899902, -0.03141405060887337, -0.27357983589172363], [0.0, 0.0, 0.0, 1.0]]}, "finger4joint3": {"matrix": [[0.8481626510620117, -0.44751226902008057, 0.28346526622772217, -2.0188205242156982], [-0.3821994662284851, -0.14643843472003937, 0.9124027490615845, 0.06925119459629059], [-0.36680132150650024, -0.8822064399719238, -0.2952425479888916, -0.6471923589706421], [0.0, 0.0, 0.0, 1.0]]}}