{"root": {"matrix": [[0.56413733959198, -0.6509615778923035, -0.507935106754303, 0.0], [-0.7904300093650818, -0.24794405698776245, -0.5601286888122559, 0.0], [0.23868268728256226, 0.7174766659736633, -0.6544141173362732, 5.960464477539063e-08], [0.0, 0.0, 0.0, 1.0]]}, "carpals": {"matrix": [[0.5707012414932251, -0.6536063551902771, -0.4970901310443878, 0.6957154273986816], [0.8210721611976624, 0.4629378616809845, 0.3339589834213257, -1.9672553539276123], [0.011844201944768429, -0.5987378358840942, 0.8008573651313782, 1.3156259059906006], [0.0, 0.0, 0.0, 1.0]]}, "metacarpals": {"matrix": [[0.38705533742904663, -0.9149377346038818, 0.11435464024543762, 0.05910670757293701], [0.6519895195960999, 0.3592718243598938, 0.6677073240280151, -1.5163565874099731], [-0.651995062828064, -0.1838817149400711, 0.7355880737304688, 0.7324588298797607], [0.0, 0.0, 0.0, 1.0]]}, "finger5joint1": {"matrix": [[0.46071040630340576, -0.8780652284622192, 0.1294112205505371, -0.5779769420623779], [0.6410521268844604, 0.43004319071769714, 0.6357001066207886, -1.7004060745239258], [-0.6138386130332947, -0.20991434156894684, 0.7610111236572266, 0.4393289089202881], [0.0, 0.0, 0.0, 1.0]]}, "finger5joint2": {"matrix": [[0.19188950955867767, -0.7008031010627747, -0.687061071395874, -1.5054528713226318], [0.5618888735771179, 0.6524267792701721, -0.5085464119911194, -1.2461633682250977], [0.8046483397483826, -0.2884671986103058, 0.5189675092697144, 0.2176022082567215], [0.0, 0.0, 0.0, 1.0]]}, "finger5joint3": {"matrix": [[0.1631610244512558, -0.5715415477752686, -0.8041879534721375, -1.987139344215393], [0.6474841833114624, 0.6770473718643188, -0.34981468319892883, -0.7977275848388672], [0.7444072961807251, -0.46362292766571045, 0.48053205013275146, 0.019328594207763672], [0.0, 0.0, 0.0, 1.0]]}, "Bone": {"matrix": [[0.950753927230835, 0.2061576545238495, 0.2314429134130478, -1.3693650960922241], [-0.3094180226325989, 0.5877273678779602, 0.7475537657737732, -0.9554336071014404], [0.01808866299688816, -0.7823524475097656, 0.6225731372833252, 0.4453684687614441], [0.0, 0.0, 0.0, 1.0]]}, "finger1joint1": {"matrix": [[0.5033586621284485, -0.8468689322471619, -0.17158915102481842, -1.1978031396865845], [0.6182816028594971, 0.21427688002586365, 0.7561830878257751, -0.46633410453796387], [-0.6036204695701599, -0.4867219030857086, 0.6314617395401001, -0.20569559931755066], [0.0, 0.0, 0.0, 1.0]]}, "finger1joint2": {"matrix": [[0.5485357046127319, -0.7950014472007751, -0.2590002417564392, -1.6764352321624756], [0.354288250207901, -0.05958319082856178, 0.9332359433174133, -0.34522944688796997], [-0.7573561072349548, -0.6036741733551025, 0.24897626042366028, -0.4807802438735962], [0.0, 0.0, 0.0, 1.0]]}, "finger1joint3": {"matrix": [[0.5482808947563171, -0.5323469042778015, -0.6449764966964722, -2.0172393321990967], [0.44892457127571106, -0.4633447229862213, 0.7640537023544312, -0.3707717955112457], [-0.7055882811546326, -0.7084619998931885, -0.015059424564242363, -0.7395654320716858], [0.0, 0.0, 0.0, 1.0]]}, "Bone.001": {"matrix": [[0.9846776723861694, -0.08275221288204193, 0.15349805355072021, -1.3693650960922241], [-0.0018981688190251589, 0.8750941753387451, 0.4839484691619873, -0.9554335474967957], [-0.17437300086021423, -0.47682467103004456, 0.8615288734436035, 0.4453684687614441], [0.0, 0.0, 0.0, 1.0]]}, "finger2joint1": {"matrix": [[0.9248114824295044, -0.37810179591178894, -0.04198238253593445, -1.4218202829360962], [0.3210817873477936, 0.7165921330451965, 0.6191944479942322, -0.40072566270828247], [-0.2040342092514038, -0.5861179828643799, 0.7841144800186157, 0.14311710000038147], [0.0, 0.0, 0.0, 1.0]]}, "finger2joint2": {"matrix": [[0.8867358565330505, -0.46175944805145264, -0.021854544058442116, -1.7489347457885742], [0.3259677290916443, 0.5910478830337524, 0.73783940076828, 0.21923325955867767], [-0.32778722047805786, -0.6613925695419312, 0.6746222376823425, -0.363962322473526], [0.0, 0.0, 0.0, 1.0]]}, "finger2joint3": {"matrix": [[0.8263033032417297, -0.5439690351486206, -0.1460145115852356, -1.9242260456085205], [0.3243674635887146, 0.2476693093776703, 0.9129322171211243, 0.4436047673225403], [-0.46044352650642395, -0.801721453666687, 0.3810960054397583, -0.615037739276886], [0.0, 0.0, 0.0, 1.0]]}, "Bone.002": {"matrix": [[0.6455478668212891, -0.7220024466514587, 0.24895837903022766, -1.3693650960922241], [0.6011950969696045, 0.6814472675323486, 0.4173651933670044, -0.9554336071014404], [-0.47099074721336365, -0.11975662410259247, 0.8739714026451111, 0.4453684389591217], [0.0, 0.0, 0.0, 1.0]]}, "finger3joint1": {"matrix": [[0.8065773844718933, -0.5249764323234558, -0.27172160148620605, -1.6736963987350464], [0.46700069308280945, 0.2840842604637146, 0.837380588054657, -0.6681966781616211], [-0.36241331696510315, -0.8023064732551575, 0.4743003845214844, 0.39488983154296875], [0.0, 0.0, 0.0, 1.0]]}, "finger3joint2": {"matrix": [[0.7233456373214722, -0.14303173124790192, -0.6755093932151794, -2.1341962814331055], [0.47320520877838135, -0.6097571849822998, 0.6358245015144348, -0.4190032184123993], [-0.5028398633003235, -0.779575526714325, -0.3733818531036377, -0.3088785409927368], [0.0, 0.0, 0.0, 1.0]]}, "finger3joint3": {"matrix": [[0.8186408281326294, 0.017468485981225967, -0.5740399956703186, -2.2267489433288574], [0.32869964838027954, -0.8338867425918579, 0.4433837831020355, -0.8135650157928467], [-0.47093918919563293, -0.5516589283943176, -0.6883956789970398, -0.8133265972137451], [0.0, 0.0, 0.0, 1.0]]}, "Bone.003": {"matrix": [[0.19360683858394623, -0.6753601431846619, 0.7116214036941528, -1.3693650960922241], [0.9765229821205139, 0.0628340020775795, -0.20604470372200012, -0.9554335474967957], [0.09444048255681992, 0.7348064184188843, 0.6716699600219727, 0.4453684687614441], [0.0, 0.0, 0.0, 1.0]]}, "finger4joint1": {"matrix": [[0.8852689266204834, -0.21815940737724304, 0.41073736548423767, -1.6588376760482788], [0.08582277595996857, 0.9446179270744324, 0.31675052642822266, -0.9285017251968384], [-0.4570920467376709, -0.24515876173973083, 0.8549641966819763, 0.760320782661438], [0.0, 0.0, 0.0, 1.0]]}, "finger4joint2": {"matrix": [[0.8878015875816345, -0.45468053221702576, 0.07122863829135895, -1.875548243522644], [0.11355432868003845, 0.3663965165615082, 0.9235033392906189, 0.009843036532402039], [-0.4459969699382782, -0.8117997050285339, 0.37691861391067505, 0.5167900919914246], [0.0, 0.0, 0.0, 1.0]]}, "finger4joint3": {"matrix": [[0.9213874340057373, -0.32907190918922424, -0.2067764550447464, -2.065178394317627], [0.06918246299028397, -0.38467299938201904, 0.9204563498497009, 0.16265341639518738], [-0.38243767619132996, -0.862402617931366, -0.33166685700416565, 0.17821857333183289], [0.0, 0.0, 0.0, 1.0]]}}