{"root": {"matrix": [[0.4395688474178314, -0.8965532779693604, 0.05451102927327156, 0.0], [0.3900299370288849, 0.1358540952205658, -0.9107251763343811, 0.0], [0.8091081380844116, 0.42158734798431396, 0.40939977765083313, 0.0], [0.0, 0.0, 0.0, 1.0]]}, "carpals": {"matrix": [[0.37294092774391174, -0.6211347579956055, -0.6892796158790588, 0.1103840172290802], [0.5561043620109558, -0.4450334906578064, 0.7019209861755371, 1.1174081563949585], [-0.7427400350570679, -0.645086407661438, 0.17944467067718506, 2.196406126022339], [0.0, 0.0, 0.0, 1.0]]}, "metacarpals": {"matrix": [[0.5912172794342041, -0.8022944927215576, -0.08237390220165253, -0.4945974349975586], [-0.0703943520784378, -0.15307924151420593, 0.9857034683227539, 0.6839482188224792], [-0.8034341931343079, -0.5769661664962769, -0.14698000252246857, 1.5680959224700928], [0.0, 0.0, 0.0, 1.0]]}, "finger5joint1": {"matrix": [[0.5537962913513184, -0.8100140690803528, 0.19283819198608398, -1.0222947597503662], [-0.1172867864370346, 0.1533994972705841, 0.9811789989471436, 0.20345602929592133], [-0.8243501782417297, -0.5659905672073364, -0.010051842778921127, 1.440276861190796], [0.0, 0.0, 0.0, 1.0]]}, "finger5joint2": {"matrix": [[0.2740401327610016, -0.35237666964530945, -0.89483642578125, -1.8778903484344482], [0.9511542320251465, 0.2368377447128296, 0.19802312552928925, 0.3654876947402954], [0.1421523094177246, -0.9053936004638672, 0.40006792545318604, 0.8424367308616638], [0.0, 0.0, 0.0, 1.0]]}, "finger5joint3": {"matrix": [[0.2887941300868988, -0.15746420621871948, -0.944352924823761, -2.120091199874878], [0.9567595720291138, 0.08328625559806824, 0.2787007987499237, 0.5282745361328125], [0.03476620838046074, -0.984005868434906, 0.1747082769870758, 0.22012795507907867], [0.0, 0.0, 0.0, 1.0]]}, "Bone": {"matrix": [[0.8880442380905151, 0.4549410045146942, 0.06637605279684067, -1.747201919555664], [0.05645080283284187, -0.2511744797229767, 0.9662942290306091, 0.44494903087615967], [0.4562787413597107, -0.8543652296066284, -0.24873577058315277, 0.667291522026062], [0.0, 0.0, 0.0, 1.0]]}, "finger1joint1": {"matrix": [[0.7983781695365906, -0.5201348662376404, 0.3034002184867859, -1.368605613708496], [0.01029609888792038, 0.5155743956565857, 0.8567829132080078, 0.23592472076416016], [-0.6020681858062744, -0.6809127926826477, 0.41697877645492554, -0.0437006950378418], [0.0, 0.0, 0.0, 1.0]]}, "finger1joint2": {"matrix": [[0.6783386468887329, -0.6422886848449707, 0.35682162642478943, -1.6625745296478271], [-0.2613604664802551, 0.24294407665729523, 0.9341675043106079, 0.5273162722587585], [-0.686693012714386, -0.7269408702850342, -0.003070424310863018, -0.4285378158092499], [0.0, 0.0, 0.0, 1.0]]}, "finger1joint3": {"matrix": [[0.7340921759605408, -0.6790071129798889, -0.007602316793054342, -1.9379132986068726], [-0.174146831035614, -0.1990721970796585, 0.9643874168395996, 0.6314623355865479], [-0.6563395261764526, -0.70662522315979, -0.26438412070274353, -0.7401654720306396], [0.0, 0.0, 0.0, 1.0]]}, "Bone.001": {"matrix": [[0.9908309578895569, 0.10039843618869781, -0.09040908515453339, -1.747201919555664], [0.0816732868552208, 0.0879601463675499, 0.9927700161933899, 0.44494903087615967], [0.10762487351894379, -0.9910513162612915, 0.07895385473966599, 0.667291522026062], [0.0, 0.0, 0.0, 1.0]]}, "finger2joint1": {"matrix": [[0.6882758140563965, -0.6887956261634827, -0.22767652571201324, -1.683561086654663], [-0.07247574627399445, -0.37755995988845825, 0.9231444001197815, 0.5007055401802063], [-0.7218194603919983, -0.6188769340515137, -0.30978628993034363, 0.039080262184143066], [0.0, 0.0, 0.0, 1.0]]}, "finger2joint2": {"matrix": [[0.6412496566772461, -0.17311975359916687, -0.7475481033325195, -2.2794718742370605], [-0.1913209855556488, -0.9795211553573608, 0.0627250224351883, 0.1740599125623703], [-0.743098258972168, 0.10279921442270279, -0.6612389087677002, -0.49634042382240295], [0.0, 0.0, 0.0, 1.0]]}, "finger2joint3": {"matrix": [[0.681374728679657, 0.29180681705474854, -0.6712501645088196, -2.34519100189209], [-0.30724114179611206, -0.7183517217636108, -0.6241582036018372, -0.19778239727020264], [-0.6643275022506714, 0.6315212845802307, -0.39981165528297424, -0.45731616020202637], [0.0, 0.0, 0.0, 1.0]]}, "Bone.002": {"matrix": [[0.7814993262290955, -0.6238778829574585, -0.005917089059948921, -1.7472018003463745], [0.10424131155014038, 0.12121521681547165, 0.9871376156806946, 0.44494903087615967], [-0.6151362061500549, -0.7720639705657959, 0.15976350009441376, 0.667291522026062], [0.0, 0.0, 0.0, 1.0]]}, "finger3joint1": {"matrix": [[0.8618327379226685, -0.25169605016708374, -0.44033318758010864, -2.0101726055145264], [0.14270682632923126, -0.7127669453620911, 0.6867299675941467, 0.49604249000549316], [-0.4867023527622223, -0.654684841632843, -0.5783669352531433, 0.34185880422592163], [0.0, 0.0, 0.0, 1.0]]}, "finger3joint2": {"matrix": [[0.8276164531707764, -0.024365566670894623, -0.5607648491859436, -2.2309558391571045], [0.0014580104034394026, -0.9989606142044067, 0.045557186007499695, -0.1291835904121399], [-0.5612921714782715, -0.03852153941988945, -0.8267205953598022, -0.23241864144802094], [0.0, 0.0, 0.0, 1.0]]}, "finger3joint3": {"matrix": [[0.9078880548477173, 0.07908298820257187, -0.411685585975647, -2.2467222213745117], [-0.055788226425647736, -0.9505178928375244, -0.30561986565589905, -0.7755913138389587], [-0.4154839813709259, 0.30043575167655945, -0.8585517406463623, -0.25734516978263855], [0.0, 0.0, 0.0, 1.0]]}, "Bone.003": {"matrix": [[0.19763575494289398, -0.8606449961662292, 0.46928688883781433, -1.7472018003463745], [0.6633184552192688, 0.46989694237709045, 0.5824135541915894, 0.44494903087615967], [-0.7217676043510437, 0.196181058883667, 0.6637500524520874, 0.6672914624214172], [0.0, 0.0, 0.0, 1.0]]}, "finger4joint1": {"matrix": [[0.9944002628326416, -0.09093307703733444, 0.053841885179281235, -2.116091012954712], [-0.04321423918008804, 0.1150452196598053, 0.9924197793006897, 0.6463559865951538], [-0.09643824398517609, -0.9891891479492188, 0.11047147214412689, 0.7513785362243652], [0.0, 0.0, 0.0, 1.0]]}, "finger4joint2": {"matrix": [[0.9929086565971375, -0.05129608139395714, -0.10724100470542908, -2.2064201831817627], [-0.021393846720457077, -0.9644877314567566, 0.26325955986976624, 0.7606371641159058], [-0.11693701893091202, -0.25909847021102905, -0.958745539188385, -0.2312414050102234], [0.0, 0.0, 0.0, 1.0]]}, "finger4joint3": {"matrix": [[0.9951984286308289, 0.0862010270357132, -0.046356573700904846, -2.227813959121704], [0.05500534549355507, -0.8843437433242798, -0.46358439326286316, 0.3583851456642151], [-0.08095679432153702, 0.4588085114955902, -0.8848389983177185, -0.33930179476737976], [0.0, 0.0, 0.0, 1.0]]}}