{"root": {"matrix": [[0.5845406651496887, -0.1797490268945694, -0.7912032008171082, -1.4901161193847656e-08], [-0.6280093193054199, -0.717666506767273, -0.3009304106235504, 0.0], [-0.513728141784668, 0.6727889776229858, -0.5323893427848816, 0.0], [0.0, 0.0, 0.0, 1.0]]}, "carpals": {"matrix": [[0.5298871994018555, -0.8332683444023132, -0.15774458646774292, 1.2349342107772827], [0.8476216793060303, 0.5263997912406921, 0.06663686782121658, -2.088857889175415], [0.027510305866599083, -0.16901780664920807, 0.9852288365364075, -0.4433913826942444], [0.0, 0.0, 0.0, 1.0]]}, "metacarpals": {"matrix": [[0.17635442316532135, -0.8542028069496155, 0.48911818861961365, 0.42333585023880005], [0.6909757852554321, 0.46132734417915344, 0.5565332174301147, -1.5761476755142212], [-0.7010358572006226, 0.2398216873407364, 0.6715906262397766, -0.6080136895179749], [0.0, 0.0, 0.0, 1.0]]}, "finger5joint1": {"matrix": [[-0.1295645534992218, -0.9324777722358704, 0.3371914327144623, -0.2962830066680908], [0.8258360624313354, 0.0867404043674469, 0.5571988821029663, -1.6630645990371704], [-0.5488237738609314, 0.3506580889225006, 0.7588353157043457, -0.6244176626205444], [0.0, 0.0, 0.0, 1.0]]}, "finger5joint2": {"matrix": [[0.3925211727619171, -0.8953074812889099, -0.21059691905975342, -1.2812334299087524], [0.5290507078170776, 0.407086580991745, -0.7445705533027649, -1.5714428424835205], [0.7523509860038757, 0.18084324896335602, 0.6334534287452698, -0.25402721762657166], [0.0, 0.0, 0.0, 1.0]]}, "finger5joint3": {"matrix": [[0.3182215094566345, -0.8408880233764648, -0.43776920437812805, -1.8966096639633179], [0.6049298048019409, 0.5356554388999939, -0.5891796350479126, -1.2916380167007446], [0.729927659034729, -0.0773300975561142, 0.6791355013847351, -0.1297273188829422], [0.0, 0.0, 0.0, 1.0]]}, "Bone": {"matrix": [[0.826728105545044, -0.04853347688913345, 0.5605041980743408, -0.9103118777275085], [-0.3944544792175293, 0.6603758335113525, 0.6389907598495483, -0.8558875918388367], [-0.4011557996273041, -0.7493650913238525, 0.5268070101737976, -0.2335854172706604], [0.0, 0.0, 0.0, 1.0]]}, "finger1joint1": {"matrix": [[0.3007717728614807, -0.8792423009872437, 0.36941736936569214, -0.9507007598876953], [0.6443701982498169, 0.4729166626930237, 0.6009464263916016, -0.30633094906806946], [-0.7030812501907349, 0.057293668389320374, 0.7087975144386292, -0.8571977615356445], [0.0, 0.0, 0.0, 1.0]]}, "finger1joint2": {"matrix": [[0.19154299795627594, -0.967988908290863, 0.16219934821128845, -1.447629451751709], [0.42122289538383484, 0.2303401082754135, 0.8772197365760803, -0.0390486903488636], [-0.8865000605583191, -0.0997033342719078, 0.45185911655426025, -0.8248166441917419], [0.0, 0.0, 0.0, 1.0]]}, "finger1joint3": {"matrix": [[0.24236765503883362, -0.9269996285438538, -0.2862333655357361, -1.8625904321670532], [0.49916043877601624, -0.1338375061750412, 0.8561110496520996, 0.0596943199634552], [-0.8319235444068909, -0.3503700792789459, 0.4302835464477539, -0.8675578832626343], [0.0, 0.0, 0.0, 1.0]]}, "Bone.001": {"matrix": [[0.8215237855911255, -0.14872172474861145, 0.5504364967346191, -0.9103118181228638], [-0.06951406598091125, 0.9320567846298218, 0.3555806875228882, -0.8558875322341919], [-0.5659205913543701, -0.3303811252117157, 0.7553686499595642, -0.2335854321718216], [0.0, 0.0, 0.0, 1.0]]}, "finger2joint1": {"matrix": [[0.3530087471008301, -0.4956364631652832, 0.7935547232627869, -1.0045840740203857], [0.561976432800293, 0.7904387712478638, 0.24369803071022034, -0.2650720775127411], [-0.7480420470237732, 0.35993146896362305, 0.5575678944587708, -0.4430086314678192], [0.0, 0.0, 0.0, 1.0]]}, "finger2joint2": {"matrix": [[0.23188984394073486, -0.781999945640564, 0.5785351991653442, -1.4333834648132324], [0.6062189340591431, 0.5813037157058716, 0.542756199836731, 0.4187752604484558], [-0.7607401013374329, 0.22485926747322083, 0.6088616251945496, -0.1316142976284027], [0.0, 0.0, 0.0, 1.0]]}, "finger2joint3": {"matrix": [[0.08803856372833252, -0.956136167049408, -0.2793789803981781, -1.730243444442749], [0.6179543137550354, -0.16755147278308868, 0.7681527137756348, 0.6394476294517517], [-0.7812690734863281, -0.24027058482170105, 0.5760974287986755, -0.046254031360149384], [0.0, 0.0, 0.0, 1.0]]}, "Bone.002": {"matrix": [[0.4763810336589813, -0.6102942228317261, 0.6329312920570374, -0.9103116989135742], [0.5944762825965881, 0.753955066204071, 0.27955225110054016, -0.8558875322341919], [-0.6478109359741211, 0.24308918416500092, 0.7219753861427307, -0.2335854470729828], [0.0, 0.0, 0.0, 1.0]]}, "finger3joint1": {"matrix": [[0.6468537449836731, -0.6890243291854858, 0.32684195041656494, -1.167556881904602], [0.3689289093017578, 0.6578233242034912, 0.6566275358200073, -0.5380879044532776], [-0.6674367189407349, -0.30416062474250793, 0.6797164082527161, -0.13112092018127441], [0.0, 0.0, 0.0, 1.0]]}, "finger3joint2": {"matrix": [[0.5165935158729553, -0.572056233882904, -0.6370892524719238, -1.771956443786621], [0.4425504803657532, -0.458580881357193, 0.7706182599067688, 0.038942575454711914], [-0.7329939603805542, -0.6800405383110046, 0.016263816505670547, -0.3979250192642212], [0.0, 0.0, 0.0, 1.0]]}, "finger3joint3": {"matrix": [[0.5873448252677917, -0.20132112503051758, -0.7838978171348572, -2.142122745513916], [0.28335273265838623, -0.8561173677444458, 0.4321737587451935, -0.257796049118042], [-0.7581142783164978, -0.4759546220302582, -0.44579121470451355, -0.8379657864570618], [0.0, 0.0, 0.0, 1.0]]}, "Bone.003": {"matrix": [[0.3448261618614197, -0.3079307973384857, 0.8867207169532776, -0.910311758518219], [0.9351469278335571, 0.03096836619079113, -0.3529036343097687, -0.8558875322341919], [0.08120959997177124, 0.9509045481681824, 0.29863932728767395, -0.23358546197414398], [0.0, 0.0, 0.0, 1.0]]}, "finger4joint1": {"matrix": [[0.49123334884643555, -0.5211803317070007, 0.6978973150253296, -1.0422968864440918], [0.3937051296234131, 0.8475712537765503, 0.35583534836769104, -0.842613935470581], [-0.7769721746444702, 0.09996749460697174, 0.621546745300293, 0.17399072647094727], [0.0, 0.0, 0.0, 1.0]]}, "finger4joint2": {"matrix": [[0.492542028427124, -0.8693295121192932, 0.04084519296884537, -1.5600162744522095], [0.41982847452163696, 0.2784518599510193, 0.8638333678245544, -0.00067138671875], [-0.7623293399810791, -0.4083264172077179, 0.5021185874938965, 0.2732943296432495], [0.0, 0.0, 0.0, 1.0]]}, "finger4joint3": {"matrix": [[0.5624508261680603, -0.6936227083206177, -0.45004042983055115, -1.9225811958312988], [0.3825470805168152, -0.264232873916626, 0.8853463530540466, 0.11546055227518082], [-0.7330118417739868, -0.6701256036758423, 0.11672531068325043, 0.10299651324748993], [0.0, 0.0, 0.0, 1.0]]}}