{"root": {"matrix": [[0.134910449385643, -0.6512338519096375, 0.7467888593673706, -5.960464477539063e-08], [0.932259738445282, -0.17191535234451294, -0.31833451986312866, 0.0], [0.3356947600841522, 0.7391478419303894, 0.5839259028434753, 5.960464477539063e-08], [0.0, 0.0, 0.0, 1.0]]}, "carpals": {"matrix": [[-0.9303764700889587, -0.021981367841362953, -0.36594557762145996, -0.41630056500434875], [0.19597122073173523, -0.8734322190284729, -0.4457702934741974, 1.9757966995239258], [-0.30983003973960876, -0.4864490032196045, 0.8169286847114563, 1.417006254196167], [0.0, 0.0, 0.0, 1.0]]}, "metacarpals": {"matrix": [[-0.806941032409668, -0.589690625667572, 0.033331699669361115, -0.4377102255821228], [0.4665369391441345, -0.6709900498390198, -0.576294481754303, 1.1250789165496826], [0.3622007369995117, -0.449485182762146, 0.8165619373321533, 0.943207859992981], [0.0, 0.0, 0.0, 1.0]]}, "finger5joint1": {"matrix": [[-0.7930691242218018, -0.570837676525116, -0.2125687301158905, -0.6463497877120972], [0.31286582350730896, -0.08231139928102493, -0.9462238550186157, 0.8973731398582458], [0.5226434469223022, -0.8169264793395996, 0.24387429654598236, 0.28723961114883423], [0.0, 0.0, 0.0, 1.0]]}, "finger5joint2": {"matrix": [[-0.33611932396888733, -0.8322802186012268, 0.44083189964294434, -1.249309778213501], [-0.9249417781829834, 0.2034909427165985, -0.32105085253715515, 0.8104298710823059], [0.17749911546707153, -0.5156552195549011, -0.8382083177566528, -0.5756572484970093], [0.0, 0.0, 0.0, 1.0]]}, "finger5joint3": {"matrix": [[-0.4361068606376648, -0.8970069885253906, 0.07203235477209091, -1.8213651180267334], [-0.882821261882782, 0.4109419584274292, -0.2274923473596573, 0.9502964019775391], [0.1744612455368042, -0.1628025770187378, -0.9711117148399353, -0.9300851225852966], [0.0, 0.0, 0.0, 1.0]]}, "Bone": {"matrix": [[0.4530133605003357, -0.8886517286300659, -0.07125253975391388, -1.3583807945251465], [0.7813051342964172, 0.43423810601234436, -0.4483294188976288, 0.07747721672058105], [0.42934924364089966, 0.14742927253246307, 0.8910238742828369, 0.2414366900920868], [0.0, 0.0, 0.0, 1.0]]}, "finger1joint1": {"matrix": [[-0.6901304721832275, -0.7226682305335999, 0.03834514692425728, -2.0979061126708984], [0.5485966205596924, -0.5569818615913391, -0.6235483884811401, 0.43884479999542236], [0.47197622060775757, -0.4092937409877777, 0.7808436751365662, 0.36412549018859863], [0.0, 0.0, 0.0, 1.0]]}, "finger1joint2": {"matrix": [[-0.6544432044029236, 0.19077594578266144, -0.7316478490829468, -2.506342649459839], [0.7234210968017578, 0.4394347667694092, -0.5325023531913757, 0.12405070662498474], [0.21992281079292297, -0.8777821063995361, -0.4255964159965515, 0.13280153274536133], [0.0, 0.0, 0.0, 1.0]]}, "finger1joint3": {"matrix": [[-0.7317308783531189, 0.6815425157546997, 0.008348382078111172, -2.424560070037842], [0.6491625905036926, 0.6931282877922058, 0.31330636143684387, 0.31242918968200684], [0.20774509012699127, 0.234675332903862, -0.9496152997016907, -0.24348920583724976], [0.0, 0.0, 0.0, 1.0]]}, "Bone.001": {"matrix": [[0.11390538513660431, -0.9597022533416748, 0.25689855217933655, -1.3583811521530151], [0.8234804272651672, -0.05345671996474266, -0.5648202896118164, 0.07747721672058105], [0.5557922720909119, 0.27588704228401184, 0.7842072248458862, 0.24143670499324799], [0.0, 0.0, 0.0, 1.0]]}, "finger2joint1": {"matrix": [[-0.7035571336746216, -0.47050192952156067, -0.532573938369751, -1.9667208194732666], [0.5619972944259644, 0.0902928039431572, -0.8221957683563232, 0.04359188675880432], [0.43493232131004333, -0.8777669668197632, 0.2008947730064392, 0.41631701588630676], [0.0, 0.0, 0.0, 1.0]]}, "finger2joint2": {"matrix": [[-0.6909830570220947, -0.06991543620824814, -0.7194818258285522, -2.373775005340576], [0.6414264440536499, 0.39966779947280884, -0.65485680103302, 0.12170861661434174], [0.33333835005760193, -0.9139896631240845, -0.23131799697875977, -0.34308215975761414], [0.0, 0.0, 0.0, 1.0]]}, "finger2joint3": {"matrix": [[-0.6273717880249023, 0.46554499864578247, -0.6242372989654541, -2.400315999984741], [0.7389646768569946, 0.6087727546691895, -0.28866326808929443, 0.2734290063381195], [0.24563291668891907, -0.6423887014389038, -0.7259482145309448, -0.6900476217269897], [0.0, 0.0, 0.0, 1.0]]}, "Bone.002": {"matrix": [[-0.5915766358375549, -0.7334449887275696, 0.33480650186538696, -1.3583811521530151], [0.5617557764053345, -0.6728366017341614, -0.48137420415878296, 0.07747723162174225], [0.5783315896987915, -0.09669015556573868, 0.8100515007972717, 0.2414366900920868], [0.0, 0.0, 0.0, 1.0]]}, "finger3joint1": {"matrix": [[-0.6640625, -0.4506872892379761, 0.5965750813484192, -1.667535424232483], [0.6238449811935425, -0.7737892866134644, 0.10985171049833298, -0.20613014698028564], [0.4121147692203522, 0.44511884450912476, 0.7950034737586975, 0.20068082213401794], [0.0, 0.0, 0.0, 1.0]]}, "finger3joint2": {"matrix": [[-0.7496086955070496, -0.4236532747745514, -0.5085317492485046, -2.0628697872161865], [0.4889061748981476, 0.16348819434642792, -0.8568793535232544, -0.8848838806152344], [0.446158766746521, -0.8909485936164856, 0.08457465469837189, 0.5911308526992798], [0.0, 0.0, 0.0, 1.0]]}, "finger3joint3": {"matrix": [[-0.673499345779419, 0.39789772033691406, -0.6229572892189026, -2.337007522583008], [0.6335405707359314, 0.7449034452438354, -0.20915311574935913, -0.779093861579895], [0.3808215260505676, -0.5355334281921387, -0.7537764310836792, 0.014615550637245178], [0.0, 0.0, 0.0, 1.0]]}, "Bone.003": {"matrix": [[-0.5919492840766907, 0.2833041250705719, 0.7545427083969116, -1.3583810329437256], [-0.23018431663513184, -0.9566187262535095, 0.1785935014486313, 0.07747721672058105], [0.7724059820175171, -0.0679655373096466, 0.6314820051193237, 0.24143670499324799], [0.0, 0.0, 0.0, 1.0]]}, "finger4joint1": {"matrix": [[-0.8116344809532166, -0.5833654999732971, -0.03055770881474018, -1.2369513511657715], [0.4641787111759186, -0.6122837066650391, -0.6400362253189087, -0.33254820108413696], [0.3546651601791382, -0.533659815788269, 0.7677366137504578, 0.21230533719062805], [0.0, 0.0, 0.0, 1.0]]}, "finger4joint2": {"matrix": [[-0.8252324461936951, -0.5125965476036072, -0.23714067041873932, -1.8164429664611816], [0.43757545948028564, -0.31479546427726746, -0.8422773480415344, -0.9407657384872437], [0.3570977449417114, -0.7988417148590088, 0.4840793311595917, -0.31781044602394104], [0.0, 0.0, 0.0, 1.0]]}, "finger4joint3": {"matrix": [[-0.7762085795402527, -0.48682335019111633, -0.40062791109085083, -2.0302278995513916], [0.4745030999183655, -0.032664671540260315, -0.8796473145484924, -1.0720551013946533], [0.4151465594768524, -0.8728892207145691, 0.2563539743423462, -0.6509776711463928], [0.0, 0.0, 0.0, 1.0]]}}