{"root": {"matrix": [[0.4678122103214264, -0.8228442072868347, 0.32261306047439575, 0.0], [0.5122660398483276, -0.04501888155937195, -0.857646107673645, 0.0], [0.7202328443527222, 0.5664809942245483, 0.40045467019081116, 5.960464477539063e-08], [0.0, 0.0, 0.0, 1.0]]}, "carpals": {"matrix": [[-0.25391823053359985, -0.5648270845413208, -0.7851723432540894, 0.216261625289917], [0.9135567545890808, -0.4067010283470154, -0.002869376912713051, 1.2108330726623535], [-0.31770962476730347, -0.7180280685424805, 0.6192705035209656, 2.138247013092041], [0.0, 0.0, 0.0, 1.0]]}, "metacarpals": {"matrix": [[-0.23455646634101868, -0.764540433883667, -0.6003839373588562, -0.3338766098022461], [0.9064462184906006, -0.39514291286468506, 0.14905454218387604, 0.8147087097167969], [-0.3511956036090851, -0.509253978729248, 0.7856981754302979, 1.438891887664795], [0.0, 0.0, 0.0, 1.0]]}, "finger5joint1": {"matrix": [[-0.12350958585739136, -0.8207575678825378, -0.5577652454376221, -0.4820413589477539], [0.9621267914772034, -0.23668935894966125, 0.13524095714092255, 0.3688463568687439], [-0.2430170625448227, -0.5199372172355652, 0.818906307220459, 0.8866883516311646], [0.0, 0.0, 0.0, 1.0]]}, "finger5joint2": {"matrix": [[-0.4325084388256073, -0.8305299878120422, -0.3509353995323181, -1.3489848375320435], [0.10318153351545334, 0.3410736322402954, -0.9343565702438354, 0.11883795261383057], [0.8957061767578125, -0.4403269290924072, -0.06182185560464859, 0.33749303221702576], [0.0, 0.0, 0.0, 1.0]]}, "finger5joint3": {"matrix": [[-0.4881747364997864, -0.6764109134674072, -0.5515006184577942, -1.919837236404419], [0.18585501611232758, 0.5368476510047913, -0.8229534029960632, 0.3532698154449463], [0.8527266979217529, -0.5042440891265869, -0.1363610178232193, 0.0348408967256546], [0.0, 0.0, 0.0, 1.0]]}, "Bone": {"matrix": [[0.7671375870704651, -0.25970378518104553, -0.5865607261657715, -1.5275365114212036], [0.5163745284080505, 0.7925208806991577, 0.32445016503334045, 0.19778084754943848], [0.38060063123703003, -0.5517829060554504, 0.7420770525932312, 0.6438050270080566], [0.0, 0.0, 0.0, 1.0]]}, "finger1joint1": {"matrix": [[-0.07803035527467728, -0.5943013429641724, -0.8004478812217712, -1.7436587810516357], [0.9845435619354248, -0.1722128987312317, 0.03188484534621239, 0.857306957244873], [-0.1567966341972351, -0.7855877876281738, 0.598553478717804, 0.18461811542510986], [0.0, 0.0, 0.0, 1.0]]}, "finger1joint2": {"matrix": [[0.1812790036201477, -0.32948368787765503, -0.9265949130058289, -2.079545021057129], [0.9313333034515381, -0.24508455395698547, 0.26935458183288574, 0.7599759697914124], [-0.31584206223487854, -0.9117969870567322, 0.2624305784702301, -0.2593790292739868], [0.0, 0.0, 0.0, 1.0]]}, "finger1joint3": {"matrix": [[0.09847304970026016, 0.11169660091400146, -0.9888511896133423, -2.2207891941070557], [0.9621846079826355, -0.2642907500267029, 0.06596434861421585, 0.6549122333526611], [-0.2539762556552887, -0.9579530358314514, -0.13349810242652893, -0.6502515077590942], [0.0, 0.0, 0.0, 1.0]]}, "Bone.001": {"matrix": [[0.5591898560523987, -0.6990683674812317, -0.44565656781196594, -1.5275365114212036], [0.788469135761261, 0.6145522594451904, 0.025333251804113388, 0.19778090715408325], [0.2561695873737335, -0.36555245518684387, 0.8948453068733215, 0.6438050866127014], [0.0, 0.0, 0.0, 1.0]]}, "finger2joint1": {"matrix": [[0.2471366673707962, -0.48562583327293396, -0.8385050296783447, -1.970664381980896], [0.8764801621437073, 0.48101159930229187, -0.02025177702307701, 0.5873355269432068], [0.41316547989845276, -0.7299280166625977, 0.5445171594619751, 0.4120873808860779], [0.0, 0.0, 0.0, 1.0]]}, "finger2joint2": {"matrix": [[0.2786347568035126, -0.012237890623509884, -0.9603189826011658, -2.390803098678589], [0.9144930839538574, 0.30882176756858826, 0.26140296459198, 1.0034821033477783], [0.29336848855018616, -0.9510409235954285, 0.09724011272192001, -0.21940913796424866], [0.0, 0.0, 0.0, 1.0]]}, "finger2joint3": {"matrix": [[0.36007755994796753, 0.48359373211860657, -0.7977975010871887, -2.395448684692383], [0.9168393611907959, -0.025330185890197754, 0.3984517455101013, 1.1207159757614136], [0.17248046398162842, -0.8749257922172546, -0.4524984657764435, -0.5804398059844971], [0.0, 0.0, 0.0, 1.0]]}, "Bone.002": {"matrix": [[-0.07968190312385559, -0.9367595911026001, -0.34078148007392883, -1.527536392211914], [0.9931568503379822, -0.10388869792222977, 0.05335426703095436, 0.19778087735176086], [-0.08538339287042618, -0.33419790863990784, 0.9386272430419922, 0.6438050866127014], [0.0, 0.0, 0.0, 1.0]]}, "finger3joint1": {"matrix": [[-0.15814165771007538, -0.5790141224861145, -0.7998334169387817, -1.9223899841308594], [0.9421330094337463, -0.33097216486930847, 0.05331999808549881, 0.1539907455444336], [-0.29559555649757385, -0.7451171875, 0.5978488922119141, 0.5029373168945312], [0.0, 0.0, 0.0, 1.0]]}, "finger3joint2": {"matrix": [[-0.21655885875225067, 0.11477117985486984, -0.9694997072219849, -2.430290699005127], [0.875159740447998, -0.4172852337360382, -0.24488498270511627, -0.1363319456577301], [-0.4326635003089905, -0.9014989733695984, -0.010076150298118591, -0.1506657600402832], [0.0, 0.0, 0.0, 1.0]]}, "finger3joint3": {"matrix": [[-0.04447491094470024, 0.45585188269615173, -0.888943612575531, -2.3560242652893066], [0.8820807933807373, -0.3998170495033264, -0.24915844202041626, -0.4063490033149719], [-0.46899405121803284, -0.7952014803886414, -0.38431617617607117, -0.7340079545974731], [0.0, 0.0, 0.0, 1.0]]}, "Bone.003": {"matrix": [[-0.7184653878211975, -0.5256348848342896, 0.45553842186927795, -1.527536392211914], [0.6382997035980225, -0.7584667801856995, 0.13153593242168427, 0.19778086245059967], [0.2763710021972656, 0.38527408242225647, 0.8804446458816528, 0.6438050270080566], [0.0, 0.0, 0.0, 1.0]]}, "finger4joint1": {"matrix": [[0.3121618330478668, -0.873227596282959, -0.3742031753063202, -1.752833604812622], [0.9492303729057312, 0.2705395221710205, 0.160530224442482, -0.12731274962425232], [-0.03894265368580818, -0.4053162932395935, 0.9133464694023132, 0.8089410066604614], [0.0, 0.0, 0.0, 1.0]]}, "finger4joint2": {"matrix": [[0.28477850556373596, 0.19140535593032837, -0.9392894506454468, -2.620262384414673], [0.9581053256988525, -0.08809167891740799, 0.27253222465515137, 0.14143013954162598], [-0.030579425394535065, -0.9775497317314148, -0.20847289264202118, 0.4063164293766022], [0.0, 0.0, 0.0, 1.0]]}, "finger4joint3": {"matrix": [[0.28159207105636597, 0.8836323618888855, -0.3740309178829193, -2.5404343605041504], [0.95802241563797, -0.23703721165657043, 0.16126428544521332, 0.10469037294387817], [0.05383913964033127, -0.4037410616874695, -0.9132874608039856, -0.0013832896947860718], [0.0, 0.0, 0.0, 1.0]]}}