{"root": {"matrix": [[0.4532463252544403, -0.881773054599762, 0.1305527538061142, 0.0], [0.3911362290382385, 0.06513050198554993, -0.9180253148078918, 0.0], [0.8009870648384094, 0.4671555161476135, 0.37441349029541016, 2.9802322387695312e-08], [0.0, 0.0, 0.0, 1.0]]}, "carpals": {"matrix": [[0.16411495208740234, -0.5033485293388367, -0.8483550548553467, 0.14723330736160278], [0.8209475874900818, -0.40712371468544006, 0.4003688097000122, 1.051505446434021], [-0.5469104647636414, -0.7621615529060364, 0.34640783071517944, 2.226576805114746], [0.0, 0.0, 0.0, 1.0]]}, "metacarpals": {"matrix": [[0.4448223412036896, -0.7704617381095886, -0.4566415548324585, -0.34302520751953125], [0.5759204626083374, -0.1444004774093628, 0.8046514987945557, 0.654969334602356], [-0.6858924627304077, -0.6209161281585693, 0.37949222326278687, 1.4842361211776733], [0.0, 0.0, 0.0, 1.0]]}, "finger5joint1": {"matrix": [[0.20213310420513153, -0.771195650100708, -0.6036549210548401, -0.6729075908660889], [0.5479254722595215, -0.42183244228363037, 0.7223814725875854, 0.1405026614665985], [-0.8117386102676392, -0.47677499055862427, 0.33729153871536255, 1.0941381454467773], [0.0, 0.0, 0.0, 1.0]]}, "finger5joint2": {"matrix": [[-0.5735614895820618, -0.7309504747390747, -0.3697810173034668, -1.4875001907348633], [0.7257166504859924, -0.2440362274646759, -0.6432584524154663, -0.3050672709941864], [0.37995031476020813, -0.6373043060302734, 0.6704328060150146, 0.5905338525772095], [0.0, 0.0, 0.0, 1.0]]}, "finger5joint3": {"matrix": [[-0.6180630922317505, -0.5643680095672607, -0.5472532510757446, -1.9899080991744995], [0.7340737581253052, -0.1652277708053589, -0.6586616635322571, -0.47280189394950867], [0.28130632638931274, -0.8088186383247375, 0.5164090991020203, 0.15249226987361908], [0.0, 0.0, 0.0, 1.0]]}, "Bone": {"matrix": [[0.8657488822937012, 0.37747400999069214, -0.3286212086677551, -1.5459299087524414], [0.16305148601531982, 0.40805840492248535, 0.8982775211334229, 0.4295201003551483], [0.47317296266555786, -0.8312649726867676, 0.29172852635383606, 0.5148136615753174], [0.0, 0.0, 0.0, 1.0]]}, "finger1joint1": {"matrix": [[0.667934000492096, -0.7408555150032043, -0.07068855315446854, -1.2318006753921509], [0.616195559501648, 0.4972687065601349, 0.6107591986656189, 0.7691013216972351], [-0.41733318567276, -0.4515046775341034, 0.7886546850204468, -0.17695480585098267], [0.0, 0.0, 0.0, 1.0]]}, "finger1joint2": {"matrix": [[0.672423243522644, -0.735027551651001, -0.08707047253847122, -1.6505160331726074], [0.39091718196868896, 0.25278159976005554, 0.8850340247154236, 1.0501468181610107], [-0.6285146474838257, -0.629154622554779, 0.4573111832141876, -0.4321354329586029], [0.0, 0.0, 0.0, 1.0]]}, "finger1joint3": {"matrix": [[0.6866592168807983, -0.5639326572418213, -0.45877978205680847, -1.965610384941101], [0.46899908781051636, -0.1385524570941925, 0.8722631931304932, 1.1585100889205933], [-0.5554628968238831, -0.8141147494316101, 0.16934573650360107, -0.7018437385559082], [0.0, 0.0, 0.0, 1.0]]}, "Bone.001": {"matrix": [[0.8972309827804565, -0.09261392802000046, -0.43173933029174805, -1.5459299087524414], [0.3961988091468811, 0.6005198955535889, 0.6945518255233765, 0.4295201301574707], [0.19494284689426422, -0.7942279577255249, 0.5754987001419067, 0.5148136615753174], [0.0, 0.0, 0.0, 1.0]]}, "finger2joint1": {"matrix": [[0.547340452671051, -0.678540050983429, -0.4898993968963623, -1.6046361923217773], [0.5715499520301819, -0.12454082071781158, 0.8110610842704773, 0.8101798295974731], [-0.6113499402999878, -0.7239285111427307, 0.3196534216403961, 0.01136559247970581], [0.0, 0.0, 0.0, 1.0]]}, "finger2joint2": {"matrix": [[0.5266574621200562, -0.31412503123283386, -0.7899094820022583, -2.1916744709014893], [0.4805375039577484, -0.6564967036247253, 0.5814599394798279, 0.7024334669113159], [-0.7012242078781128, -0.6858113408088684, -0.19479990005493164, -0.6149404048919678], [0.0, 0.0, 0.0, 1.0]]}, "finger2joint3": {"matrix": [[0.5556124448776245, 0.24754804372787476, -0.7937344312667847, -2.3109214305877686], [0.34817761182785034, -0.9361858367919922, -0.04825185611844063, 0.453216552734375], [-0.7550276517868042, -0.24955131113529205, -0.6063471436500549, -0.8752856254577637], [0.0, 0.0, 0.0, 1.0]]}, "Bone.002": {"matrix": [[0.5852118730545044, -0.7363414168357849, -0.33959999680519104, -1.5459297895431519], [0.6917248368263245, 0.23478616774082184, 0.6829291582107544, 0.4295201003551483], [-0.4231356680393219, -0.6345677971839905, 0.6467453241348267, 0.5148136615753174], [0.0, 0.0, 0.0, 1.0]]}, "finger3joint1": {"matrix": [[0.5674245953559875, -0.4824744164943695, -0.6672687530517578, -1.8563052415847778], [0.6101062297821045, -0.2978731095790863, 0.7341948747634888, 0.5284848213195801], [-0.5529916882514954, -0.8237048387527466, 0.1253402680158615, 0.2473369538784027], [0.0, 0.0, 0.0, 1.0]]}, "finger3joint2": {"matrix": [[0.5094488263130188, -0.005097575485706329, -0.8604857921600342, -2.279522657394409], [0.5263836979866028, -0.789216160774231, 0.31631964445114136, 0.26719602942466736], [-0.6807217597961426, -0.6140942573547363, -0.39938175678253174, -0.47520166635513306], [0.0, 0.0, 0.0, 1.0]]}, "finger3joint3": {"matrix": [[0.646007239818573, 0.23110264539718628, -0.7275067567825317, -2.2828211784362793], [0.42587989568710327, -0.9000644087791443, 0.09225226938724518, -0.24349015951156616], [-0.6334831714630127, -0.3694261908531189, -0.6798698306083679, -0.8725700378417969], [0.0, 0.0, 0.0, 1.0]]}, "Bone.003": {"matrix": [[-0.17087168991565704, -0.9312454462051392, 0.3218456506729126, -1.5459299087524414], [0.9501712322235107, -0.06930490583181381, 0.30392682552337646, 0.4295201301574707], [-0.2607247829437256, 0.3577410876750946, 0.8966848254203796, 0.5148136615753174], [0.0, 0.0, 0.0, 1.0]]}, "finger4joint1": {"matrix": [[0.6474148035049438, -0.6791368126869202, -0.3458711802959442, -1.9450796842575073], [0.5763847231864929, 0.13938787579536438, 0.805202841758728, 0.3998147249221802], [-0.49863266944885254, -0.7206549048423767, 0.481685996055603, 0.6681484580039978], [0.0, 0.0, 0.0, 1.0]]}, "finger4joint2": {"matrix": [[0.6248770952224731, 0.2761712372303009, -0.7302448749542236, -2.619706392288208], [0.5948694944381714, -0.7741888165473938, 0.21624474227428436, 0.5382769107818604], [-0.5056268572807312, -0.5695269703865051, -0.6480585336685181, -0.047720640897750854], [0.0, 0.0, 0.0, 1.0]]}, "finger4joint3": {"matrix": [[0.6103728413581848, 0.7918005585670471, -0.022280780598521233, -2.504525661468506], [0.6539385914802551, -0.5195739269256592, -0.5499154925346375, 0.21539145708084106], [-0.4469999074935913, 0.3210829794406891, -0.8349228501319885, -0.2852492034435272], [0.0, 0.0, 0.0, 1.0]]}}