{"root": {"matrix": [[0.37742874026298523, -0.8989234566688538, 0.2224503755569458, 0.0], [0.32755109667778015, -0.09509605169296265, -0.9400356411933899, 0.0], [0.8661742806434631, 0.42766034603118896, 0.25855132937431335, 0.0], [0.0, 0.0, 0.0, 1.0]]}, "carpals": {"matrix": [[-0.039876822382211685, -0.3121245205402374, -0.9492037892341614, -0.05134490132331848], [0.9325429797172546, -0.3527897894382477, 0.07683016359806061, 0.7533514499664307], [-0.3588498532772064, -0.8821095824241638, 0.3051377534866333, 2.3483633995056152], [0.0, 0.0, 0.0, 1.0]]}, "metacarpals": {"matrix": [[0.16754306852817535, -0.8243483304977417, -0.5407207012176514, -0.3553522825241089], [0.863985002040863, -0.14138855040073395, 0.4832589030265808, 0.4097363352775574], [-0.47482529282569885, -0.5481411814689636, 0.6885359883308411, 1.4891939163208008], [0.0, 0.0, 0.0, 1.0]]}, "finger5joint1": {"matrix": [[-0.16681455075740814, -0.7478808760643005, -0.6425315737724304, -0.6327456831932068], [0.7583370804786682, -0.513801634311676, 0.4011642634868622, -0.02134650945663452], [-0.6301566958427429, -0.42033541202545166, 0.6528554558753967, 0.9764608144760132], [0.0, 0.0, 0.0, 1.0]]}, "finger5joint2": {"matrix": [[-0.5627347826957703, -0.8098065853118896, -0.16595853865146637, -1.4227116107940674], [0.41476455330848694, -0.10293998569250107, -0.9040871262550354, -0.5640609264373779], [0.7150521278381348, -0.5775948166847229, 0.39380699396133423, 0.5324721932411194], [0.0, 0.0, 0.0, 1.0]]}, "finger5joint3": {"matrix": [[-0.6258831024169922, -0.5919078588485718, -0.507853090763092, -1.9793201684951782], [0.4524851441383362, 0.25478407740592957, -0.8546004891395569, -0.6348151564598083], [0.6352378129959106, -0.7646759152412415, 0.108364537358284, 0.13547100126743317], [0.0, 0.0, 0.0, 1.0]]}, "Bone": {"matrix": [[0.8830745816230774, 0.1121029481291771, -0.455644428730011, -1.642388939857483], [0.23176279664039612, 0.7401254773139954, 0.6312687397003174, 0.188989520072937], [0.4080010652542114, -0.6630587577819824, 0.6276047825813293, 0.633393406867981], [0.0, 0.0, 0.0, 1.0]]}, "finger1joint1": {"matrix": [[0.5491325259208679, -0.6458392143249512, -0.5304194688796997, -1.549098253250122], [0.8357284665107727, 0.42180585861206055, 0.3516215980052948, 0.8049128651618958], [-0.003356976667419076, -0.6363734006881714, 0.7713736295700073, 0.08160412311553955], [0.0, 0.0, 0.0, 1.0]]}, "finger1joint2": {"matrix": [[0.6973548531532288, -0.49036696553230286, -0.5227199792861938, -1.9141125679016113], [0.6803874969482422, 0.22364600002765656, 0.697893500328064, 1.0433083772659302], [-0.2253197282552719, -0.8423314690589905, 0.4896003007888794, -0.2780603766441345], [0.0, 0.0, 0.0, 1.0]]}, "finger1joint3": {"matrix": [[0.6583503484725952, -0.12051711976528168, -0.7430008053779602, -2.1243247985839844], [0.7389019131660461, -0.0847395658493042, 0.6684633493423462, 1.1391817331314087], [-0.14352290332317352, -0.989087700843811, 0.03326218202710152, -0.6391539573669434], [0.0, 0.0, 0.0, 1.0]]}, "Bone.001": {"matrix": [[0.8086521029472351, -0.3727261424064636, -0.45514461398124695, -1.6423890590667725], [0.5412037372589111, 0.7746207118034363, 0.3272019624710083, 0.1889895498752594], [0.23060773313045502, -0.5109184384346008, 0.8281195759773254, 0.6333934664726257], [0.0, 0.0, 0.0, 1.0]]}, "finger2joint1": {"matrix": [[0.36340099573135376, -0.9254015684127808, -0.10757002979516983, -1.878653883934021], [0.8641273975372314, 0.2916634678840637, 0.41014158725738525, 0.6800088882446289], [-0.3481713533401489, -0.24199993908405304, 0.9056557416915894, 0.3095306158065796], [0.0, 0.0, 0.0, 1.0]]}, "finger2joint2": {"matrix": [[0.2866058647632599, 0.1749309003353119, -0.9419426321983337, -2.6792640686035156], [0.8453471064567566, -0.5088332295417786, 0.16271771490573883, 0.9323413372039795], [-0.45082730054855347, -0.8429043292999268, -0.29371175169944763, 0.10016462206840515], [0.0, 0.0, 0.0, 1.0]]}, "finger2joint3": {"matrix": [[0.3877897262573242, 0.916495680809021, -0.09825629740953445, -2.6128575801849365], [0.7634630799293518, -0.37909621000289917, -0.5228862762451172, 0.7391798496246338], [-0.5164716243743896, 0.12775470316410065, -0.8467203378677368, -0.2198157012462616], [0.0, 0.0, 0.0, 1.0]]}, "Bone.002": {"matrix": [[0.3267890214920044, -0.8775830268859863, -0.35079434514045715, -1.6423890590667725], [0.9228156208992004, 0.2161683589220047, 0.31887713074684143, 0.1889895796775818], [-0.20401044189929962, -0.4279238283634186, 0.8804888129234314, 0.6333934664726257], [0.0, 0.0, 0.0, 1.0]]}, "finger3joint1": {"matrix": [[0.24812380969524384, -0.49166083335876465, -0.8346879482269287, -2.012299060821533], [0.87534499168396, -0.2553088366985321, 0.410595566034317, 0.28010669350624084], [-0.41497689485549927, -0.8325182795524597, 0.3670247793197632, 0.45301929116249084], [0.0, 0.0, 0.0, 1.0]]}, "finger3joint2": {"matrix": [[0.19945049285888672, 0.14363707602024078, -0.9693233370780945, -2.4435746669769287], [0.8073671460151672, -0.5846709609031677, 0.07948766648769379, 0.0561545193195343], [-0.5553176999092102, -0.7984536290168762, -0.23258060216903687, -0.27725034952163696], [0.0, 0.0, 0.0, 1.0]]}, "finger3joint3": {"matrix": [[0.3664928078651428, 0.43931084871292114, -0.8201760649681091, -2.350630044937134], [0.7524858117103577, -0.6584039330482483, -0.016415297985076904, -0.3221745491027832], [-0.5472185015678406, -0.6111548542976379, -0.571875274181366, -0.7939139604568481], [0.0, 0.0, 0.0, 1.0]]}, "Bone.003": {"matrix": [[-0.4220646321773529, -0.8069943785667419, 0.4130633473396301, -1.642388939857483], [0.8988962769508362, -0.4316712021827698, 0.0751364529132843, 0.1889895647764206], [0.11767303943634033, 0.40301355719566345, 0.9075973033905029, 0.6333934664726257], [0.0, 0.0, 0.0, 1.0]]}, "finger4joint1": {"matrix": [[0.5883270502090454, -0.7014418244361877, -0.40230607986450195, -1.9882824420928955], [0.7932527661323547, 0.40410253405570984, 0.45546799898147583, 0.00396689772605896], [-0.15691138803958893, -0.5870943665504456, 0.794165313243866, 0.8061329126358032], [0.0, 0.0, 0.0, 1.0]]}, "finger4joint2": {"matrix": [[0.564214825630188, 0.3968580365180969, -0.7239922881126404, -2.685065984725952], [0.810954749584198, -0.43097051978111267, 0.395748108625412, 0.4053857624530792], [-0.15496347844600677, -0.8104121685028076, -0.564993679523468, 0.22293737530708313], [0.0, 0.0, 0.0, 1.0]]}, "finger4joint3": {"matrix": [[0.5398033261299133, 0.8303751945495605, -0.1381625384092331, -2.5195512771606445], [0.838096559047699, -0.5455061793327332, -0.0041073826141655445, 0.22564396262168884], [-0.07877913117408752, -0.11357666552066803, -0.9904007315635681, -0.11505544930696487], [0.0, 0.0, 0.0, 1.0]]}}