{"root": {"matrix": [[0.3316906690597534, -0.8328278660774231, 0.44314679503440857, 0.0], [0.5810558199882507, -0.18970948457717896, -0.7914445400238037, 0.0], [0.743206262588501, 0.5200077891349792, 0.42099452018737793, 0.0], [0.0, 0.0, 0.0, 1.0]]}, "carpals": {"matrix": [[-0.6401476263999939, -0.2842516303062439, -0.7137309312820435, -0.11489704251289368], [0.7488023638725281, -0.4385787844657898, -0.4969341456890106, 1.217331051826477], [-0.1717727929353714, -0.8525545597076416, 0.49360349774360657, 2.1424026489257812], [0.0, 0.0, 0.0, 1.0]]}, "metacarpals": {"matrix": [[-0.7253460884094238, -0.6109161376953125, -0.3172606825828552, -0.3917563557624817], [0.6631588935852051, -0.4965097904205322, -0.5600876808166504, 0.7901579141616821], [0.18464365601539612, -0.6166515946388245, 0.7652758955955505, 1.3120197057724], [0.0, 0.0, 0.0, 1.0]]}, "finger5joint1": {"matrix": [[-0.7187313437461853, -0.6422466039657593, -0.26635363698005676, -0.48260343074798584], [0.6619242429733276, -0.5148006081581116, -0.5448271036148071, 0.6208552718162537], [0.2127944827079773, -0.5678901672363281, 0.7951219081878662, 0.6129072904586792], [0.0, 0.0, 0.0, 1.0]]}, "finger5joint2": {"matrix": [[-0.07284201681613922, -0.9563148617744446, 0.28311699628829956, -1.1609907150268555], [-0.4983236491680145, -0.2109982818365097, -0.8409239053726196, 0.07708565145730972], [0.8639253377914429, -0.20233826339244843, -0.46118494868278503, 0.013060614466667175], [0.0, 0.0, 0.0, 1.0]]}, "finger5joint3": {"matrix": [[-0.1772768199443817, -0.9743601083755493, -0.1385449320077896, -1.818299412727356], [-0.4687897264957428, 0.20738044381141663, -0.8586205244064331, -0.06794086843729019], [0.8653371930122375, -0.08726485818624496, -0.49353381991386414, -0.12601356208324432], [0.0, 0.0, 0.0, 1.0]]}, "Bone": {"matrix": [[0.5161608457565308, -0.7568714022636414, -0.40090328454971313, -1.3455660343170166], [0.6385518312454224, 0.652013897895813, -0.40881454944610596, 0.014968276023864746], [0.5708144903182983, -0.04498336836695671, 0.8198456168174744, 0.34925538301467896], [0.0, 0.0, 0.0, 1.0]]}, "finger1joint1": {"matrix": [[-0.45824000239372253, -0.8848398923873901, 0.08410852402448654, -1.9754252433776855], [0.7748167514801025, -0.4440350830554962, -0.44999077916145325, 0.5575661659240723], [0.43551698327064514, -0.14103497564792633, 0.8890634179115295, 0.31182077527046204], [0.0, 0.0, 0.0, 1.0]]}, "finger1joint2": {"matrix": [[-0.44429969787597656, -0.019129358232021332, -0.8956738710403442, -2.475517511367798], [0.8837542533874512, 0.15456439554691315, -0.4416879117488861, 0.3066071569919586], [0.14688850939273834, -0.9877973794937134, -0.051767170429229736, 0.2321109026670456], [0.0, 0.0, 0.0, 1.0]]}, "finger1joint3": {"matrix": [[-0.5317205786705017, 0.8467007875442505, -0.01925753988325596, -2.483717918395996], [0.8282110691070557, 0.5245929956436157, 0.19715140759944916, 0.3728663921356201], [0.17703063786029816, 0.08888004720211029, -0.9801837205886841, -0.1913415789604187], [0.0, 0.0, 0.0, 1.0]]}, "Bone.001": {"matrix": [[0.17857131361961365, -0.9791027903556824, -0.09731213003396988, -1.3455660343170166], [0.7685372233390808, 0.20055268704891205, -0.607559859752655, 0.01496829092502594], [0.6143797636032104, 0.03370486944913864, 0.7882899045944214, 0.34925541281700134], [0.0, 0.0, 0.0, 1.0]]}, "finger2joint1": {"matrix": [[-0.47731447219848633, -0.28676098585128784, -0.8306254744529724, -1.966203212738037], [0.6183058023452759, 0.5620614290237427, -0.549349308013916, 0.14209532737731934], [0.6243945360183716, -0.7757929563522339, -0.09097396582365036, 0.37062039971351624], [0.0, 0.0, 0.0, 1.0]]}, "finger2joint2": {"matrix": [[-0.4224797487258911, -0.08933569490909576, -0.9019588232040405, -2.214294195175171], [0.7147106528282166, 0.5791533589363098, -0.3921351134777069, 0.6283621788024902], [0.5574042797088623, -0.8103086352348328, -0.18083129823207855, -0.30055612325668335], [0.0, 0.0, 0.0, 1.0]]}, "finger2joint3": {"matrix": [[-0.34764429926872253, 0.1713842898607254, -0.9218299984931946, -2.2482075691223145], [0.8085817098617554, 0.5525463223457336, -0.2022075653076172, 0.8482183218002319], [0.47469866275787354, -0.8156712055206299, -0.3306677043437958, -0.6081625819206238], [0.0, 0.0, 0.0, 1.0]]}, "Bone.002": {"matrix": [[-0.5531882047653198, -0.8330004811286926, -0.009632633998990059, -1.3455660343170166], [0.7001646757125854, -0.45864543318748474, -0.5471871495246887, 0.01496829092502594], [0.45138928294181824, -0.3094417452812195, 0.8369547128677368, 0.34925538301467896], [0.0, 0.0, 0.0, 1.0]]}, "finger3joint1": {"matrix": [[-0.6610334515571594, -0.642589807510376, 0.38744401931762695, -1.6966842412948608], [0.7080918550491333, -0.7050568461418152, 0.038740724325180054, -0.1783553957939148], [0.24827584624290466, 0.29995492100715637, 0.921078622341156, 0.21882259845733643], [0.0, 0.0, 0.0, 1.0]]}, "finger3joint2": {"matrix": [[-0.7688513398170471, -0.2793002426624298, -0.5752031803131104, -2.26035213470459], [0.585655689239502, 0.05348554253578186, -0.8087934255599976, -0.7968182563781738], [0.25666141510009766, -0.9587128758430481, 0.12245146930217743, 0.4819374680519104], [0.0, 0.0, 0.0, 1.0]]}, "finger3joint3": {"matrix": [[-0.6740702390670776, 0.7176909446716309, -0.17478185892105103, -2.4410817623138428], [0.715247392654419, 0.6932735443115234, 0.08827783167362213, -0.7622087597846985], [0.18452797830104828, -0.06550697237253189, -0.9806417226791382, -0.13842669129371643], [0.0, 0.0, 0.0, 1.0]]}, "Bone.003": {"matrix": [[-0.8029419779777527, 0.03836672380566597, 0.5948209166526794, -1.3455660343170166], [-0.06304211169481277, -0.9977953433990479, -0.02074086293578148, 0.014968276023864746], [0.5927138328552246, -0.054152484983205795, 0.8035904169082642, 0.34925538301467896], [0.0, 0.0, 0.0, 1.0]]}, "finger4joint1": {"matrix": [[-0.7459424734115601, -0.5954012274742126, -0.2984406352043152, -1.3291213512420654], [0.6469919085502625, -0.5414965748786926, -0.5368266105651855, -0.412706196308136], [0.15802280604839325, -0.5935304164886475, 0.7891451120376587, 0.32604461908340454], [0.0, 0.0, 0.0, 1.0]]}, "finger4joint2": {"matrix": [[-0.7650186419487, -0.41840338706970215, -0.4895758330821991, -1.9205687046051025], [0.6239221692085266, -0.2931438684463501, -0.72442227602005, -0.950606644153595], [0.15958473086357117, -0.8596538305282593, 0.4853118360042572, -0.2635442018508911], [0.0, 0.0, 0.0, 1.0]]}, "finger4joint3": {"matrix": [[-0.7203468084335327, -0.3215295970439911, -0.61458820104599, -2.095069169998169], [0.6566609740257263, -0.030778013169765472, -0.7535575032234192, -1.0728660821914673], [0.2233753800392151, -0.946398913860321, 0.23330692946910858, -0.6220738887786865], [0.0, 0.0, 0.0, 1.0]]}}