{"root": {"matrix": [[0.6524755954742432, -0.5504560470581055, 0.5208394527435303, 0.0], [0.2720675766468048, 0.8116286396980286, 0.5169509053230286, -5.960464477539063e-08], [-0.7072868943214417, -0.19559426605701447, 0.6793291568756104, 1.4901161193847656e-08], [0.0, 0.0, 0.0, 1.0]]}, "carpals": {"matrix": [[0.02334268018603325, -0.7676407098770142, -0.640454888343811, 0.8782051205635071], [-0.3998921513557434, -0.5943157076835632, 0.6977641582489014, 1.3515901565551758], [-0.9162648916244507, 0.23982512950897217, -0.32084646821022034, -1.8673362731933594], [0.0, 0.0, 0.0, 1.0]]}, "metacarpals": {"matrix": [[-0.2094285488128662, -0.9090151786804199, -0.36032024025917053, 0.13052773475646973], [-0.6724452376365662, -0.13363637030124664, 0.7279824614524841, 0.7727302312850952], [-0.709899365901947, 0.3947559893131256, -0.5832757353782654, -1.6337480545043945], [0.0, 0.0, 0.0, 1.0]]}, "finger5joint1": {"matrix": [[-0.3851725161075592, -0.9220883250236511, -0.037347033619880676, -0.20324784517288208], [-0.7093290686607361, 0.26992619037628174, 0.6511465907096863, 0.5149907469749451], [-0.5903340578079224, 0.27729520201683044, -0.7580323219299316, -1.0439692735671997], [0.0, 0.0, 0.0, 1.0]]}, "finger5joint2": {"matrix": [[0.3964269459247589, -0.9064907431602478, 0.14532463252544403, -1.1772241592407227], [0.5925911068916321, 0.37356066703796387, 0.7136440277099609, 0.800106406211853], [-0.7011995315551758, -0.19678974151611328, 0.6852684020996094, -0.7510700225830078], [0.0, 0.0, 0.0, 1.0]]}, "finger5joint3": {"matrix": [[0.30146530270576477, -0.9515925049781799, -0.05991194024682045, -1.8002872467041016], [0.5846852660179138, 0.134863018989563, 0.7999716401100159, 1.0568677186965942], [-0.7531673908233643, -0.2761935591697693, 0.5970391035079956, -0.8863305449485779], [0.0, 0.0, 0.0, 1.0]]}, "Bone": {"matrix": [[0.8929332494735718, -0.2975783348083496, -0.33781203627586365, -1.2886974811553955], [-0.03388703987002373, -0.7926785945892334, 0.6086970567703247, 0.5640867948532104], [-0.4489114582538605, -0.5320786833763123, -0.7178932428359985, -1.01742422580719], [0.0, 0.0, 0.0, 1.0]]}, "finger1joint1": {"matrix": [[0.145716592669487, -0.7391102313995361, -0.6576338410377502, -1.5363383293151855], [-0.44401127099990845, -0.642880380153656, 0.6241462826728821, -0.09557056427001953], [-0.8840931057929993, 0.20104824006557465, -0.4218517243862152, -1.4602136611938477], [0.0, 0.0, 0.0, 1.0]]}, "finger1joint2": {"matrix": [[0.35377219319343567, -0.5253188014030457, -0.7738766074180603, -1.954067587852478], [-0.6000072360038757, -0.7621692419052124, 0.24308274686336517, -0.45891261100769043], [-0.7175211310386658, 0.3783355951309204, -0.584829568862915, -1.3465856313705444], [0.0, 0.0, 0.0, 1.0]]}, "finger1joint3": {"matrix": [[0.29261353611946106, -0.11668096482753754, -0.9490850567817688, -2.17926287651062], [-0.5439370274543762, -0.8366165161132812, -0.06484769284725189, -0.7856420874595642], [-0.7864540815353394, 0.5352177619934082, -0.3082726001739502, -1.1843992471694946], [0.0, 0.0, 0.0, 1.0]]}, "Bone.001": {"matrix": [[0.6931538581848145, -0.6929553151130676, -0.1983688324689865, -1.2886972427368164], [-0.22802816331386566, -0.47189295291900635, 0.8516570925712585, 0.5640867352485657], [-0.6837694048881531, -0.5450960397720337, -0.48510780930519104, -1.0174243450164795], [0.0, 0.0, 0.0, 1.0]]}, "finger2joint1": {"matrix": [[-0.08650223910808563, -0.9776501655578613, 0.1916169822216034, -1.7279503345489502], [-0.666426956653595, 0.19975294172763824, 0.7183129787445068, 0.26496148109436035], [-0.7405351996421814, -0.06556311994791031, -0.6688116192817688, -1.3629517555236816], [0.0, 0.0, 0.0, 1.0]]}, "finger2joint2": {"matrix": [[-0.19189444184303284, -0.09134955704212189, -0.9771546721458435, -2.573763370513916], [-0.7091501355171204, -0.6753809452056885, 0.20240172743797302, 0.437777578830719], [-0.6784413456916809, 0.731789231300354, 0.06482122838497162, -1.4196736812591553], [0.0, 0.0, 0.0, 1.0]]}, "finger2joint3": {"matrix": [[-0.11302126199007034, 0.8781706690788269, -0.4648030996322632, -2.6084413528442383], [-0.7971641421318054, -0.3593808114528656, -0.48515406250953674, 0.1813918948173523], [-0.5930896997451782, 0.3156917989253998, 0.740664005279541, -1.1418744325637817], [0.0, 0.0, 0.0, 1.0]]}, "Bone.002": {"matrix": [[0.01669401116669178, -0.9963836073875427, -0.08330990374088287, -1.288697361946106], [-0.5058483481407166, -0.0802878737449646, 0.8588778376579285, 0.5640867352485657], [-0.8624609708786011, 0.027803974226117134, -0.5053593516349792, -1.017424464225769], [0.0, 0.0, 0.0, 1.0]]}, "finger3joint1": {"matrix": [[0.06901437044143677, -0.8562890291213989, -0.5118649005889893, -1.7086831331253052], [-0.5740721225738525, -0.45371249318122864, 0.6816055178642273, 0.5302445888519287], [-0.8158912658691406, 0.24680671095848083, -0.5228843688964844, -1.005704641342163], [0.0, 0.0, 0.0, 1.0]]}, "finger3joint2": {"matrix": [[-0.04744825139641762, 0.12815462052822113, -0.9906183481216431, -2.459803819656372], [-0.6645959615707397, -0.7444162368774414, -0.06447113305330276, 0.1322563886642456], [-0.7456950545310974, 0.6553019285202026, 0.12049221992492676, -0.7892104387283325], [0.0, 0.0, 0.0, 1.0]]}, "finger3joint3": {"matrix": [[0.12623153626918793, 0.5198792815208435, -0.8448613286018372, -2.376877546310425], [-0.6803929209709167, -0.574402391910553, -0.4551122486591339, -0.34944069385528564], [-0.7218942046165466, 0.6322873830795288, 0.2812144160270691, -0.3651774525642395], [0.0, 0.0, 0.0, 1.0]]}, "Bone.003": {"matrix": [[-0.5461961627006531, -0.4949360489845276, 0.6758015751838684, -1.2886972427368164], [0.0833461582660675, 0.7706617116928101, 0.6317704916000366, 0.5640867352485657], [-0.8335005044937134, 0.401396244764328, -0.37968143820762634, -1.0174243450164795], [0.0, 0.0, 0.0, 1.0]]}, "finger4joint1": {"matrix": [[-0.018972888588905334, -0.9213472604751587, -0.3882763981819153, -1.5008366107940674], [-0.6290833950042725, -0.2908398509025574, 0.7208786010742188, 0.8944073915481567], [-0.7771062254905701, 0.25793543457984924, -0.5740863680839539, -0.8453781604766846], [0.0, 0.0, 0.0, 1.0]]}, "finger4joint2": {"matrix": [[-0.047582220286130905, -0.020837103947997093, -0.9986495971679688, -2.416065216064453], [-0.6215474009513855, -0.7820285558700562, 0.045932020992040634, 0.6054989099502563], [-0.7819300293922424, 0.6228938102722168, 0.024259358644485474, -0.5891556143760681], [0.0, 0.0, 0.0, 1.0]]}, "finger4joint3": {"matrix": [[-0.031071441248059273, 0.5884443521499634, -0.8079400658607483, -2.424755334854126], [-0.554994523525238, -0.6824255585670471, -0.47568479180336, 0.2793438732624054], [-0.8312733769416809, 0.4336223006248474, 0.34778741002082825, -0.3293697237968445], [0.0, 0.0, 0.0, 1.0]]}}