{"root": {"matrix": [[0.10885488241910934, -0.98675537109375, -0.12026848644018173, 5.960464477539063e-08], [-0.04911688342690468, 0.11550059169530869, -0.9920923113822937, 0.0], [0.9928434491157532, 0.11390130966901779, -0.03589361906051636, 0.0], [0.0, 0.0, 0.0, 1.0]]}, "carpals": {"matrix": [[0.3108404576778412, -0.10519756376743317, -0.9446223974227905, -0.7061583399772644], [0.9493218660354614, -0.014302732422947884, 0.3139796555042267, 0.11351460218429565], [-0.046540360897779465, -0.9943482875823975, 0.09542054682970047, 2.3608133792877197], [0.0, 0.0, 0.0, 1.0]]}, "metacarpals": {"matrix": [[0.46667590737342834, -0.8168417811393738, -0.3390912711620331, -0.8086200952529907], [0.8344002366065979, 0.2795126736164093, 0.4750249981880188, 0.09958380460739136], [-0.2932397723197937, -0.5046204924583435, 0.8120149374008179, 1.3923242092132568], [0.0, 0.0, 0.0, 1.0]]}, "finger5joint1": {"matrix": [[0.13450972735881805, -0.5114341974258423, -0.8487296104431152, -1.2171611785888672], [0.9123309254646301, -0.27035799622535706, 0.3075038492679596, -0.08272528648376465], [-0.38672858476638794, -0.8156846165657043, 0.43023157119750977, 0.821769654750824], [0.0, 0.0, 0.0, 1.0]]}, "finger5joint2": {"matrix": [[-0.8693821430206299, -0.4664659798145294, -0.163045272231102, -1.7573750019073486], [0.28848057985305786, -0.21123266220092773, -0.9338947534561157, -0.3682969808578491], [0.40118980407714844, -0.8589467406272888, 0.3182080090045929, -0.03981536626815796], [0.0, 0.0, 0.0, 1.0]]}, "finger5joint3": {"matrix": [[-0.898831844329834, -0.3360360562801361, -0.2813904881477356, -2.077993392944336], [0.3184763789176941, -0.05965708568692207, -0.9460514783859253, -0.513484537601471], [0.3011206388473511, -0.9399574398994446, 0.16064099967479706, -0.630199670791626], [0.0, 0.0, 0.0, 1.0]]}, "Bone": {"matrix": [[0.9048382639884949, 0.3722744584083557, -0.2065894901752472, -2.083936929702759], [-0.1864340454339981, 0.782685399055481, 0.5938398838043213, 0.5359806418418884], [0.3827659487724304, -0.49881353974342346, 0.7776084542274475, 0.6044715046882629], [0.0, 0.0, 0.0, 1.0]]}, "finger1joint1": {"matrix": [[0.5887543559074402, -0.5284579396247864, -0.6116373538970947, -1.774134874343872], [0.7916586995124817, 0.22417911887168884, 0.5683485269546509, 1.1873219013214111], [-0.16323183476924896, -0.8188256621360779, 0.5503449440002441, 0.18936502933502197], [0.0, 0.0, 0.0, 1.0]]}, "finger1joint2": {"matrix": [[0.7574670314788818, -0.3132054805755615, -0.57284015417099, -2.072807788848877], [0.5763876438140869, -0.09127449244260788, 0.8120629191398621, 1.3140230178833008], [-0.30662816762924194, -0.945288896560669, 0.11139057576656342, -0.27341753244400024], [0.0, 0.0, 0.0, 1.0]]}, "finger1joint3": {"matrix": [[0.7065374851226807, 0.11080628633499146, -0.6989467740058899, -2.20707368850708], [0.6586229205131531, -0.46427014470100403, 0.5921732187271118, 1.274895191192627], [-0.258883535861969, -0.8787349462509155, -0.4010035991668701, -0.6786472797393799], [0.0, 0.0, 0.0, 1.0]]}, "Bone.001": {"matrix": [[0.9463562369346619, -0.06986850500106812, -0.3154805302619934, -2.083937168121338], [0.16075167059898376, 0.9487480521202087, 0.2720952033996582, 0.5359806418418884], [0.28030070662498474, -0.3082128167152405, 0.909085214138031, 0.6044715046882629], [0.0, 0.0, 0.0, 1.0]]}, "finger2joint1": {"matrix": [[0.7252445816993713, -0.519106924533844, -0.45226985216140747, -2.128225564956665], [0.6884665489196777, 0.5412506461143494, 0.48276421427726746, 1.1373765468597412], [-0.00581471947953105, -0.6614946722984314, 0.7499270439147949, 0.40910041332244873], [0.0, 0.0, 0.0, 1.0]]}, "finger2joint2": {"matrix": [[0.7140085697174072, 0.40584900975227356, -0.5705068707466125, -2.5773303508758545], [0.6870201230049133, -0.563125729560852, 0.4592304825782776, 1.6056389808654785], [-0.13488870859146118, -0.7198443412780762, -0.6809028387069702, -0.16319099068641663], [0.0, 0.0, 0.0, 1.0]]}, "finger2joint3": {"matrix": [[0.8039476275444031, 0.5423198342323303, 0.244043231010437, -2.4232633113861084], [0.5740970373153687, -0.6006596088409424, -0.5564354658126831, 1.3918672800064087], [-0.1551789492368698, 0.5874492526054382, -0.7942432761192322, -0.43645572662353516], [0.0, 0.0, 0.0, 1.0]]}, "Bone.002": {"matrix": [[0.634447455406189, -0.7406215071678162, -0.22126026451587677, -2.083936929702759], [0.7724465131759644, 0.5969980955123901, 0.2166091799736023, 0.5359807014465332], [-0.028333278372883797, -0.30833864212036133, 0.950854480266571, 0.6044715046882629], [0.0, 0.0, 0.0, 1.0]]}, "finger3joint1": {"matrix": [[0.5456038117408752, -0.1876547485589981, -0.816763162612915, -2.3961164951324463], [0.8034425377845764, -0.16002888977527618, 0.5734726190567017, 0.7876213788986206], [-0.23832036554813385, -0.9691110253334045, 0.06345762312412262, 0.47450360655784607], [0.0, 0.0, 0.0, 1.0]]}, "finger3joint2": {"matrix": [[0.5403360724449158, 0.31484583020210266, -0.7803261876106262, -2.5607237815856934], [0.7451714873313904, -0.6097897291183472, 0.26995527744293213, 0.6472469568252563], [-0.3908403813838959, -0.7273434996604919, -0.5641054511070251, -0.37558263540267944], [0.0, 0.0, 0.0, 1.0]]}, "finger3joint3": {"matrix": [[0.6788098216056824, 0.5004136562347412, -0.5374042987823486, -2.3569931983947754], [0.6579775214195251, -0.739414393901825, 0.14258988201618195, 0.25266408920288086], [-0.3260103166103363, -0.450391560792923, -0.8311825394630432, -0.8462322950363159], [0.0, 0.0, 0.0, 1.0]]}, "Bone.003": {"matrix": [[-0.07650147378444672, -0.9105806350708008, 0.40619009733200073, -2.0839366912841797], [0.9393426775932312, -0.20242537558078766, -0.27687397599220276, 0.5359807014465332], [0.3343394696712494, 0.360370397567749, 0.8708329796791077, 0.6044715046882629], [0.0, 0.0, 0.0, 1.0]]}, "finger4joint1": {"matrix": [[0.46342289447784424, -0.4051990509033203, -0.788068950176239, -2.4742298126220703], [0.8337504863739014, -0.1018676906824112, 0.5426626801490784, 0.4492172598838806], [-0.30016496777534485, -0.9085353016853333, 0.29062727093696594, 0.7589333057403564], [0.0, 0.0, 0.0, 1.0]]}, "finger4joint2": {"matrix": [[0.43870848417282104, 0.7845507264137268, -0.4381948411464691, -2.8767378330230713], [0.8415195941925049, -0.529736340045929, -0.10594216734170914, 0.3480260670185089], [-0.31524452567100525, -0.32227203249931335, -0.8926147818565369, -0.14356845617294312], [0.0, 0.0, 0.0, 1.0]]}, "finger4joint3": {"matrix": [[0.37833666801452637, 0.9066495895385742, 0.18667514622211456, -2.5495307445526123], [0.884101390838623, -0.29417067766189575, -0.36308106780052185, 0.12709270417690277], [-0.2742726802825928, 0.30240657925605774, -0.912865936756134, -0.2779761552810669], [0.0, 0.0, 0.0, 1.0]]}}