{"root": {"matrix": [[0.17779304087162018, -0.9125134348869324, -0.3683868646621704, 0.0], [-0.9340470433235168, -0.038651999086141586, -0.35505229234695435, 0.0], [0.309751033782959, 0.40721648931503296, -0.8592025637626648, 0.0], [0.0, 0.0, 0.0, 1.0]]}, "carpals": {"matrix": [[0.8645625710487366, -0.328993558883667, -0.3798612952232361, -0.4496923089027405], [0.49379491806030273, 0.4158930480480194, 0.7636747360229492, -2.110239028930664], [-0.09326238185167313, -0.8478183746337891, 0.5220210552215576, 1.1956809759140015], [0.0, 0.0, 0.0, 1.0]]}, "metacarpals": {"matrix": [[0.40947139263153076, -0.5645897388458252, 0.71663898229599, -0.7701300978660583], [-0.039855048060417175, 0.7736903429031372, 0.6323087811470032, -1.7051618099212646], [-0.9114519357681274, -0.2874740958213806, 0.29430240392684937, 0.36991098523139954], [0.0, 0.0, 0.0, 1.0]]}, "finger5joint1": {"matrix": [[0.5559210777282715, -0.45238998532295227, 0.6973484754562378, -1.4589742422103882], [-0.18358056247234344, 0.751395046710968, 0.6338006258010864, -1.5167584419250488], [-0.8107094168663025, -0.48036280274391174, 0.3346664309501648, 0.24472033977508545], [0.0, 0.0, 0.0, 1.0]]}, "finger5joint2": {"matrix": [[0.7064201235771179, -0.26067885756492615, -0.6580401062965393, -1.936821460723877], [0.5868586301803589, 0.7354652285575867, 0.33865487575531006, -0.7230806946754456], [0.3956856429576874, -0.6254091262817383, 0.672529399394989, -0.2626735270023346], [0.0, 0.0, 0.0, 1.0]]}, "finger5joint3": {"matrix": [[0.7141510844230652, -0.20267844200134277, -0.6700069308280945, -2.115995168685913], [0.633417010307312, 0.5945191383361816, 0.4953070878982544, -0.21756966412067413], [0.29794400930404663, -0.7781180143356323, 0.552956759929657, -0.6925392150878906], [0.0, 0.0, 0.0, 1.0]]}, "Bone": {"matrix": [[0.558407187461853, 0.19021080434322357, 0.8074658513069153, -1.651611328125], [-0.821230947971344, -0.01088868547230959, 0.57049161195755, -0.49721625447273254], [0.1173059344291687, -0.9816828370094299, 0.15012672543525696, -0.07891589403152466], [0.0, 0.0, 0.0, 1.0]]}, "finger1joint1": {"matrix": [[0.493279367685318, -0.8413758277893066, 0.22082138061523438, -1.493320345878601], [-0.1344940960407257, 0.17703314125537872, 0.9749718308448792, -0.5062776803970337], [-0.8594106435775757, -0.5106328129768372, -0.0258332546800375, -0.8958601355552673], [0.0, 0.0, 0.0, 1.0]]}, "finger1joint2": {"matrix": [[0.4193548560142517, -0.5713487267494202, -0.7054799795150757, -1.9688478708267212], [-0.4284590482711792, -0.8096796274185181, 0.401050329208374, -0.406222403049469], [-0.8003525733947754, 0.13408686220645905, -0.5843427181243896, -1.18445885181427], [0.0, 0.0, 0.0, 1.0]]}, "finger1joint3": {"matrix": [[0.3664300739765167, -0.02028154954314232, -0.9302244782447815, -2.213775634765625], [-0.355646014213562, -0.9268996715545654, -0.11988552659749985, -0.7533186674118042], [-0.8597935438156128, 0.37476029992103577, -0.34685707092285156, -1.1269780397415161], [0.0, 0.0, 0.0, 1.0]]}, "Bone.001": {"matrix": [[0.6809035539627075, 0.23865103721618652, 0.6923986077308655, -1.651611328125], [-0.7031299471855164, 0.4775064289569855, 0.5268732309341431, -0.49721628427505493], [-0.20488594472408295, -0.8455962538719177, 0.49293866753578186, -0.07891583442687988], [0.0, 0.0, 0.0, 1.0]]}, "finger2joint1": {"matrix": [[0.4607519507408142, -0.03511196747422218, 0.8868340253829956, -1.50033438205719], [-0.14990481734275818, 0.9817823171615601, 0.11675386875867844, -0.19453275203704834], [-0.874777615070343, -0.18673530220985413, 0.4470948278903961, -0.6149255037307739], [0.0, 0.0, 0.0, 1.0]]}, "finger2joint2": {"matrix": [[0.37175440788269043, -0.5391596555709839, 0.7557151317596436, -1.5307114124298096], [-0.07065190374851227, 0.795264482498169, 0.6021313071250916, 0.6548551917076111], [-0.9256386160850525, -0.2772377133369446, 0.25755050778388977, -0.7764793634414673], [0.0, 0.0, 0.0, 1.0]]}, "finger2joint3": {"matrix": [[0.23843848705291748, -0.9166120886802673, 0.3208880126476288, -1.7353854179382324], [-0.03248855844140053, 0.32270440459251404, 0.9459417462348938, 0.9567506313323975], [-0.9706138968467712, -0.23597419261932373, 0.04716578125953674, -0.8817233443260193], [0.0, 0.0, 0.0, 1.0]]}, "Bone.002": {"matrix": [[0.6434730887413025, -0.22037211060523987, 0.7330610156059265, -1.6516114473342896], [-0.1792364865541458, 0.8876626491546631, 0.424180269241333, -0.49721628427505493], [-0.7441885471343994, -0.40433984994888306, 0.5316884517669678, -0.07891589403152466], [0.0, 0.0, 0.0, 1.0]]}, "finger3joint1": {"matrix": [[0.5217651724815369, 0.3748226761817932, 0.7663348317146301, -1.7445005178451538], [-0.5000060796737671, 0.8621991872787476, -0.0812777727842331, -0.12305760383605957], [-0.6911982297897339, -0.3407641649246216, 0.637279212474823, -0.2493492066860199], [0.0, 0.0, 0.0, 1.0]]}, "finger3joint2": {"matrix": [[0.5443428754806519, -0.7655091285705566, 0.3430548310279846, -1.415712833404541], [-0.35384854674339294, 0.16125266253948212, 0.9212971329689026, 0.6332476139068604], [-0.7605800628662109, -0.6228910088539124, -0.1830974966287613, -0.548261284828186], [0.0, 0.0, 0.0, 1.0]]}, "finger3joint3": {"matrix": [[0.4402412176132202, -0.829164981842041, -0.3444897532463074, -1.9110589027404785], [-0.49529606103897095, -0.5442798733711243, 0.6770825386047363, 0.7375910878181458], [-0.7489121556282043, -0.12745533883571625, -0.6502965688705444, -0.9513217806816101], [0.0, 0.0, 0.0, 1.0]]}, "Bone.003": {"matrix": [[0.7108325958251953, -0.20968787372112274, 0.6713777184486389, -1.651611328125], [0.565256655216217, 0.7383463382720947, -0.3678712844848633, -0.49721628427505493], [-0.4185710847377777, 0.6409957408905029, 0.6433681845664978, -0.07891587913036346], [0.0, 0.0, 0.0, 1.0]]}, "finger4joint1": {"matrix": [[0.5032863020896912, -0.3151223659515381, 0.8046121001243591, -1.7414876222610474], [-0.2166084349155426, 0.8553993701934814, 0.47050192952156067, -0.18074673414230347], [-0.8365306258201599, -0.4110829532146454, 0.36225274205207825, 0.19582736492156982], [0.0, 0.0, 0.0, 1.0]]}, "finger4joint2": {"matrix": [[0.5113736987113953, -0.626056969165802, -0.5886844396591187, -2.0545175075531006], [-0.18781718611717224, -0.7498884201049805, 0.6343432664871216, 0.6689720153808594], [-0.8385828733444214, -0.21382157504558563, -0.5010575652122498, -0.21252557635307312], [0.0, 0.0, 0.0, 1.0]]}, "finger4joint3": {"matrix": [[0.5702021718025208, 0.30960023403167725, -0.7609316110610962, -2.315622329711914], [-0.1340913623571396, -0.878767192363739, -0.45802515745162964, 0.35622134804725647], [-0.8104866147041321, 0.3632013201713562, -0.45956048369407654, -0.301702618598938], [0.0, 0.0, 0.0, 1.0]]}}