{"root": {"matrix": [[0.34378582239151, -0.8417935371398926, -0.4161669909954071, 0.0], [0.017331061884760857, 0.4487919211387634, -0.8934682011604309, 0.0], [0.9388881325721741, 0.29994913935661316, 0.16887742280960083, 0.0], [0.0, 0.0, 0.0, 1.0]]}, "carpals": {"matrix": [[0.8199450969696045, -0.49672725796699524, -0.28452056646347046, 0.00028961896896362305], [0.1152302548289299, -0.343634694814682, 0.9320069551467896, 0.5789279341697693], [-0.5607243776321411, -0.7969799637794495, -0.2245233803987503, 2.3978798389434814], [0.0, 0.0, 0.0, 1.0]]}, "metacarpals": {"matrix": [[0.4422200620174408, -0.6287108659744263, 0.6396592259407043, -0.48351961374282837], [-0.7839635014533997, 0.07550716400146484, 0.6161978244781494, 0.24422982335090637], [-0.43570926785469055, -0.7739644646644592, -0.459495484828949, 1.6216262578964233], [0.0, 0.0, 0.0, 1.0]]}, "finger5joint1": {"matrix": [[0.18087269365787506, -0.5469980239868164, 0.8173604607582092, -1.183035135269165], [-0.7052426338195801, 0.5071209073066711, 0.495440274477005, 0.17139434814453125], [-0.6855055093765259, -0.6660488843917847, -0.2940419316291809, 1.4454219341278076], [0.0, 0.0, 0.0, 1.0]]}, "finger5joint2": {"matrix": [[0.8762518763542175, -0.37069693207740784, -0.30784091353416443, -1.7608140707015991], [0.4588768780231476, 0.44704553484916687, 0.7678423523902893, 0.7070522308349609], [-0.1470179557800293, -0.8140841722488403, 0.5618289709091187, 0.74189293384552], [0.0, 0.0, 0.0, 1.0]]}, "finger5joint3": {"matrix": [[0.8534317016601562, -0.39353471994400024, -0.34173715114593506, -2.0156071186065674], [0.45563504099845886, 0.24494323134422302, 0.8558031916618347, 1.014322280883789], [-0.2530820965766907, -0.8860769271850586, 0.3883507549762726, 0.18234436213970184], [0.0, 0.0, 0.0, 1.0]]}, "Bone": {"matrix": [[0.6330950856208801, 0.22368551790714264, 0.741050124168396, -1.4651119709014893], [-0.24753375351428986, -0.8485665321350098, 0.46761277318000793, 0.3621174395084381], [0.733428418636322, -0.4794784486293793, -0.4818534851074219, 0.4132528305053711], [0.0, 0.0, 0.0, 1.0]]}, "finger1joint1": {"matrix": [[0.7034041285514832, -0.6506019234657288, 0.286251038312912, -1.278963565826416], [-0.682284414768219, -0.5051149129867554, 0.5285326242446899, -0.3440491259098053], [-0.19927489757537842, -0.5670766830444336, -0.7991952896118164, 0.014236778020858765], [0.0, 0.0, 0.0, 1.0]]}, "finger1joint2": {"matrix": [[0.5957239270210266, -0.7956963777542114, 0.10945416986942291, -1.646669626235962], [-0.800563633441925, -0.5992470979690552, 0.0008795557077974081, -0.6295291185379028], [0.06489001214504242, -0.0881490558385849, -0.9939912557601929, -0.30626267194747925], [0.0, 0.0, 0.0, 1.0]]}, "finger1joint3": {"matrix": [[0.6325345039367676, -0.6524103283882141, -0.4174455404281616, -1.98777174949646], [-0.7738323211669922, -0.5552265048027039, -0.30480659008026123, -0.8864164352416992], [-0.03291807323694229, 0.5158333778381348, -0.8560560345649719, -0.3440507650375366], [0.0, 0.0, 0.0, 1.0]]}, "Bone.001": {"matrix": [[0.7541266083717346, 0.21858073770999908, 0.619286060333252, -1.4651119709014893], [-0.46303635835647583, -0.49174177646636963, 0.7374191880226135, 0.3621174693107605], [0.46571436524391174, -0.8428595662117004, -0.26962465047836304, 0.4132528007030487], [0.0, 0.0, 0.0, 1.0]]}, "finger2joint1": {"matrix": [[0.8545211553573608, -0.4178445041179657, 0.3085438013076782, -1.3265571594238281], [-0.5189335346221924, -0.6611783504486084, 0.5418033003807068, 0.050410449504852295], [-0.022387193515896797, -0.6230962872505188, -0.7818244099617004, -0.1210220456123352], [0.0, 0.0, 0.0, 1.0]]}, "finger2joint2": {"matrix": [[0.7810485363006592, -0.5404521822929382, 0.3128489851951599, -1.6880549192428589], [-0.624438464641571, -0.6708784103393555, 0.39999809861183167, -0.5216073989868164], [-0.006296365987509489, -0.5077729225158691, -0.8614676594734192, -0.6600931882858276], [0.0, 0.0, 0.0, 1.0]]}, "finger2joint3": {"matrix": [[0.6828064918518066, -0.6951051950454712, 0.2249530553817749, -1.8932194709777832], [-0.7304919958114624, -0.6548093557357788, 0.19392207264900208, -0.7762837409973145], [0.012504953891038895, -0.2967377305030823, -0.9548768997192383, -0.8528521060943604], [0.0, 0.0, 0.0, 1.0]]}, "Bone.002": {"matrix": [[0.6831040978431702, -0.2937741279602051, 0.6686295866966248, -1.4651119709014893], [-0.6863078474998474, 0.05480238050222397, 0.7252435088157654, 0.3621174693107605], [-0.2497004270553589, -0.9543023705482483, -0.16418369114398956, 0.4132528305053711], [0.0, 0.0, 0.0, 1.0]]}, "finger3joint1": {"matrix": [[0.5053614974021912, 0.20306876301765442, 0.8386732935905457, -1.5889406204223633], [-0.7856515645980835, 0.5102397203445435, 0.3498671352863312, 0.3852172791957855], [-0.35687750577926636, -0.8357141017913818, 0.4173966944217682, 0.011004805564880371], [0.0, 0.0, 0.0, 1.0]]}, "finger3joint2": {"matrix": [[0.4981936514377594, -0.7989050149917603, 0.3369775414466858, -1.4108126163482666], [-0.7080607414245605, -0.15053610503673553, 0.6899194717407227, 0.8327900767326355], [-0.5004529356956482, -0.5823138356208801, -0.6406692266464233, -0.7220682501792908], [0.0, 0.0, 0.0, 1.0]]}, "finger3joint3": {"matrix": [[0.39417192339897156, -0.777682900428772, -0.48973244428634644, -1.9277682304382324], [-0.8205810785293579, -0.5377740859985352, 0.19350896775722504, 0.7353811264038086], [-0.41385409235954285, 0.32558923959732056, -0.8501269817352295, -1.0988719463348389], [0.0, 0.0, 0.0, 1.0]]}, "Bone.003": {"matrix": [[0.6648511290550232, -0.3038944602012634, 0.6823644042015076, -1.4651118516921997], [-0.03957725316286087, 0.8978883028030396, 0.4384407103061676, 0.3621174395084381], [-0.745926558971405, -0.3185037076473236, 0.584934651851654, 0.4132528305053711], [0.0, 0.0, 0.0, 1.0]]}, "finger4joint1": {"matrix": [[0.7146357297897339, -0.2031809687614441, 0.6693378686904907, -1.5953669548034668], [-0.6914101243019104, -0.35025760531425476, 0.6318792700767517, 0.7469698786735535], [0.1060546264052391, -0.9143503904342651, -0.39078783988952637, 0.27673596143722534], [0.0, 0.0, 0.0, 1.0]]}, "finger4joint2": {"matrix": [[0.7225820422172546, -0.6789032220840454, -0.13025130331516266, -1.7971986532211304], [-0.6869267225265503, -0.6840418577194214, -0.24539367854595184, 0.39903828501701355], [0.07750100642442703, 0.26679015159606934, -0.9606330990791321, -0.6315422654151917], [0.0, 0.0, 0.0, 1.0]]}, "finger4joint3": {"matrix": [[0.7783434987068176, -0.29038944840431213, -0.5566462874412537, -2.0803439617156982], [-0.6240241527557373, -0.26023390889167786, -0.7367983460426331, 0.11374983191490173], [0.069100022315979, 0.9208429455757141, -0.3837614059448242, -0.5202739834785461], [0.0, 0.0, 0.0, 1.0]]}}