{"root": {"matrix": [[0.2990579307079315, -0.7977301478385925, -0.5236324667930603, -5.960464477539063e-08], [-0.5459955334663391, 0.30699068307876587, -0.7795162796974182, 0.0], [0.7825939059257507, 0.5190215110778809, -0.34374916553497314, 5.960464477539063e-08], [0.0, 0.0, 0.0, 1.0]]}, "carpals": {"matrix": [[0.6848801374435425, -0.6957105994224548, -0.21662354469299316, -0.04564952850341797], [0.4394441246986389, 0.15722636878490448, 0.8844028115272522, -0.8466290235519409], [-0.5812294483184814, -0.7009040117263794, 0.41340741515159607, 2.316488742828369], [0.0, 0.0, 0.0, 1.0]]}, "metacarpals": {"matrix": [[0.504585325717926, -0.5845188498497009, 0.6353984475135803, -0.7232675552368164], [-0.39778175950050354, 0.4957949221134186, 0.7719823122024536, -0.6934914588928223], [-0.7662657499313354, -0.6422808766365051, 0.017660045996308327, 1.633812665939331], [0.0, 0.0, 0.0, 1.0]]}, "finger5joint1": {"matrix": [[0.5484132766723633, -0.40180864930152893, 0.7333433628082275, -1.4067540168762207], [-0.45972415804862976, 0.5876837968826294, 0.6657935976982117, -0.6583279371261597], [-0.6984958648681641, -0.7022656798362732, 0.13757260143756866, 1.3944710493087769], [0.0, 0.0, 0.0, 1.0]]}, "finger5joint2": {"matrix": [[0.7347278594970703, -0.3414139449596405, -0.5861835479736328, -1.8311735391616821], [0.6457910537719727, 0.6165688633918762, 0.4503289461135864, -0.037573784589767456], [0.20767413079738617, -0.7094211578369141, 0.6734926700592041, 0.6526873111724854], [0.0, 0.0, 0.0, 1.0]]}, "finger5joint3": {"matrix": [[0.7307989597320557, -0.2979787290096283, -0.6141181588172913, -2.0658392906188965], [0.6747545599937439, 0.45130738615989685, 0.5839754343032837, 0.38621556758880615], [0.10314399003982544, -0.8411477208137512, 0.5308777689933777, 0.16507728397846222], [0.0, 0.0, 0.0, 1.0]]}, "Bone": {"matrix": [[0.5995872020721436, 0.2924044728279114, 0.7449796199798584, -1.6358636617660522], [-0.6147774457931519, -0.4276943504810333, 0.6626657247543335, 0.08058205246925354], [0.5123899579048157, -0.8553228378295898, -0.07667627930641174, 0.6310338377952576], [0.0, 0.0, 0.0, 1.0]]}, "finger1joint1": {"matrix": [[0.6837069988250732, -0.7292384505271912, 0.027492057532072067, -1.3925282955169678], [-0.4375676214694977, -0.379515677690506, 0.8151699304580688, -0.27533990144729614], [-0.5840198397636414, -0.5693672299385071, -0.5785685777664185, -0.08075526356697083], [0.0, 0.0, 0.0, 1.0]]}, "finger1joint2": {"matrix": [[0.6573199033737183, -0.6570358276367188, -0.3690994083881378, -1.8046780824661255], [-0.6572967767715454, -0.7394177317619324, 0.14567780494689941, -0.48983392119407654], [-0.3686344027519226, 0.14685076475143433, -0.9179016351699829, -0.40254926681518555], [0.0, 0.0, 0.0, 1.0]]}, "finger1joint3": {"matrix": [[0.640220582485199, -0.37696024775505066, -0.6693418622016907, -2.086338520050049], [-0.6115924119949341, -0.7773607969284058, -0.14718922972679138, -0.8068101406097412], [-0.46483588218688965, 0.5035978555679321, -0.7282284498214722, -0.33959680795669556], [0.0, 0.0, 0.0, 1.0]]}, "Bone.001": {"matrix": [[0.7465543150901794, 0.291714072227478, 0.5979626774787903, -1.6358636617660522], [-0.6405191421508789, 0.07200480997562408, 0.764558732509613, 0.08058205246925354], [0.17997629940509796, -0.9537913203239441, 0.24060414731502533, 0.6310338377952576], [0.0, 0.0, 0.0, 1.0]]}, "finger2joint1": {"matrix": [[0.5593755841255188, -0.1410481035709381, 0.8168256282806396, -1.4509509801864624], [-0.4733946621417999, 0.7545479536056519, 0.45448264479637146, 0.12622469663619995], [-0.680438220500946, -0.6409074068069458, 0.35530444979667664, 0.026441097259521484], [0.0, 0.0, 0.0, 1.0]]}, "finger2joint2": {"matrix": [[0.4664398729801178, -0.5098186135292053, 0.722854495048523, -1.5729784965515137], [-0.4431859254837036, 0.5725334286689758, 0.6897762417793274, 0.7790210247039795], [-0.7655194401741028, -0.6420980095863342, 0.0411081537604332, -0.5280393362045288], [0.0, 0.0, 0.0, 1.0]]}, "finger2joint3": {"matrix": [[0.3384193480014801, -0.8502042293548584, 0.4032677114009857, -1.7665141820907593], [-0.4344419240951538, 0.23897907137870789, 0.8684173822402954, 0.996364176273346], [-0.8347049355506897, -0.4690856635570526, -0.28848913311958313, -0.7717902660369873], [0.0, 0.0, 0.0, 1.0]]}, "Bone.002": {"matrix": [[0.7290060520172119, -0.2388506382703781, 0.6414830684661865, -1.6358636617660522], [-0.4208475947380066, 0.5827010869979858, 0.6952311992645264, 0.08058203756809235], [-0.5398494601249695, -0.7767942547798157, 0.3242730498313904, 0.6310337781906128], [0.0, 0.0, 0.0, 1.0]]}, "finger3joint1": {"matrix": [[0.6607550978660583, 0.25394198298454285, 0.706339955329895, -1.736541509628296], [-0.7010064721107483, 0.5451611876487732, 0.459770530462265, 0.32619643211364746], [-0.268314391374588, -0.7989445328712463, 0.5382331013679504, 0.3036072254180908], [0.0, 0.0, 0.0, 1.0]]}, "finger3joint2": {"matrix": [[0.664691686630249, -0.6118416786193848, 0.42875948548316956, -1.5137883424758911], [-0.6232866644859314, -0.1376906782388687, 0.7697758078575134, 0.8044017553329468], [-0.4119449853897095, -0.778903603553772, -0.4728744626045227, -0.3972121477127075], [0.0, 0.0, 0.0, 1.0]]}, "finger3joint3": {"matrix": [[0.5519374012947083, -0.8330374360084534, 0.03759964182972908, -1.9096989631652832], [-0.7499118447303772, -0.476132333278656, 0.4592711329460144, 0.7153048515319824], [-0.3646879196166992, -0.2816854417324066, -0.8874997496604919, -0.9012253284454346], [0.0, 0.0, 0.0, 1.0]]}, "Bone.003": {"matrix": [[0.7091315388679504, -0.32733994722366333, 0.6244845986366272, -1.6358635425567627], [0.3930108845233917, 0.9188536405563354, 0.035358965396881104, 0.08058205246925354], [-0.5853842496871948, 0.2203553169965744, 0.7802363038063049, 0.6310338377952576], [0.0, 0.0, 0.0, 1.0]]}, "finger4joint1": {"matrix": [[0.7517443299293518, 0.0335119403898716, 0.6586025357246399, -1.7761679887771606], [-0.6574059724807739, 0.11674031615257263, 0.7444384694099426, 0.47442057728767395], [-0.051938097923994064, -0.9925966858863831, 0.10979003459215164, 0.7254824042320251], [0.0, 0.0, 0.0, 1.0]]}, "finger4joint2": {"matrix": [[0.7648923993110657, -0.6344382166862488, 0.11147846281528473, -1.7428785562515259], [-0.6400592923164368, -0.7290670871734619, 0.24245578050613403, 0.5903856158256531], [-0.07254813611507416, -0.2568056285381317, -0.9637360572814941, -0.2605224847793579], [0.0, 0.0, 0.0, 1.0]]}, "finger4joint3": {"matrix": [[0.8132705688476562, -0.47630348801612854, -0.3342539966106415, -2.007479190826416], [-0.5807176828384399, -0.7007401585578918, -0.4144027531147003, 0.2863187789916992], [-0.03684389963746071, 0.5311287045478821, -0.846489429473877, -0.3676265776157379], [0.0, 0.0, 0.0, 1.0]]}}