{"root": {"matrix": [[0.4685472846031189, -0.202601358294487, 0.8598930835723877, 0.0], [0.6592978239059448, 0.7280759215354919, -0.1877012997865677, 0.0], [-0.5880388617515564, 0.6548726558685303, 0.47471264004707336, 5.960464477539063e-08], [0.0, 0.0, 0.0, 1.0]]}, "carpals": {"matrix": [[-0.8134323954582214, -0.5815918445587158, -0.008849753066897392, 0.7646233439445496], [0.5814385414123535, -0.8134486675262451, 0.01517240609973669, 2.2247400283813477], [-0.016023002564907074, 0.0071960315108299255, 0.9998456239700317, -0.7422048449516296], [0.0, 0.0, 0.0, 1.0]]}, "metacarpals": {"matrix": [[-0.4504179358482361, -0.7755124568939209, 0.4423842132091522, 0.198156476020813], [0.6284207701683044, -0.6273441314697266, -0.4599200189113617, 1.4324458837509155], [0.6342009902000427, 0.07084708660840988, 0.7699153423309326, -0.7351958751678467], [0.0, 0.0, 0.0, 1.0]]}, "finger5joint1": {"matrix": [[0.028941165655851364, -0.9263660907745361, 0.37551024556159973, -0.34735435247421265], [0.8005337119102478, -0.2034839540719986, -0.5636841654777527, 1.153369665145874], [0.5985884070396423, 0.31692224740982056, 0.7356983423233032, -1.1227643489837646], [0.0, 0.0, 0.0, 1.0]]}, "finger5joint2": {"matrix": [[0.44474712014198303, -0.8119071125984192, -0.37816134095191956, -1.3258492946624756], [-0.574459433555603, 0.06535258889198303, -0.8159196972846985, 0.9384352564811707], [0.6871652007102966, 0.580116331577301, -0.43734267354011536, -0.7880080938339233], [0.0, 0.0, 0.0, 1.0]]}, "finger5joint3": {"matrix": [[0.3871508240699768, -0.7346240878105164, -0.5571722984313965, -1.883901596069336], [-0.520054817199707, 0.3250097930431366, -0.7898805141448975, 0.983354389667511], [0.7613519430160522, 0.5955631136894226, -0.25621727108955383, -0.38927382230758667], [0.0, 0.0, 0.0, 1.0]]}, "Bone": {"matrix": [[0.656406581401825, -0.6378841996192932, 0.4027825593948364, -1.0126338005065918], [0.7535043954849243, 0.5804659724235535, -0.30869099497795105, 0.45298755168914795], [-0.03689233586192131, 0.5061253309249878, 0.8616704344749451, -0.6245839595794678], [0.0, 0.0, 0.0, 1.0]]}, "finger1joint1": {"matrix": [[-0.3231084942817688, -0.946270763874054, -0.013122408650815487, -1.543473243713379], [0.6994216442108154, -0.2294338196516037, -0.6768819689750671, 0.9360441565513611], [0.6375030875205994, -0.22788457572460175, 0.7359743714332581, -0.20339266955852509], [0.0, 0.0, 0.0, 1.0]]}, "finger1joint2": {"matrix": [[-0.28478047251701355, -0.4171768128871918, -0.863054633140564, -2.078284978866577], [0.8767409324645996, 0.2506807744503021, -0.4104683995246887, 0.8063731789588928], [0.3875892162322998, -0.8735688924789429, 0.2943669259548187, -0.33218812942504883], [0.0, 0.0, 0.0, 1.0]]}, "finger1joint3": {"matrix": [[-0.35522282123565674, 0.2509753406047821, -0.9004598259925842, -2.2571215629577637], [0.8208739757537842, 0.5445800423622131, -0.17204180359840393, 0.9138357639312744], [0.44719430804252625, -0.8002772331237793, -0.39946651458740234, -0.7066726684570312], [0.0, 0.0, 0.0, 1.0]]}, "Bone.001": {"matrix": [[0.4445301592350006, -0.6539841294288635, 0.6121252775192261, -1.0126338005065918], [0.8634605407714844, 0.13098181784152985, -0.48711326718330383, 0.45298755168914795], [0.23838719725608826, 0.745082676410675, 0.6229150295257568, -0.6245839595794678], [0.0, 0.0, 0.0, 1.0]]}, "finger2joint1": {"matrix": [[0.1141241267323494, -0.7089448571205139, 0.6959686875343323, -1.427183747291565], [0.8586752414703369, -0.281940758228302, -0.4280022382736206, 0.5360147953033447], [0.49965211749076843, 0.6464565396308899, 0.576577365398407, -0.1522882580757141], [0.0, 0.0, 0.0, 1.0]]}, "finger2joint2": {"matrix": [[-0.015261199325323105, -0.8593816161155701, -0.511106550693512, -2.0405266284942627], [0.8655238747596741, 0.24458341300487518, -0.4370894134044647, 0.29209402203559875], [0.5006349682807922, -0.4490456283092499, 0.7400827407836914, 0.40699297189712524], [0.0, 0.0, 0.0, 1.0]]}, "finger2joint3": {"matrix": [[-0.06799900531768799, 0.3944038152694702, -0.91641765832901, -2.3667619228363037], [0.9234349131584167, 0.3726031184196472, 0.09183980524539948, 0.3849419355392456], [0.3776822090148926, -0.8400071859359741, -0.3895431160926819, 0.23652787506580353], [0.0, 0.0, 0.0, 1.0]]}, "Bone.002": {"matrix": [[-0.14706005156040192, -0.7028601765632629, 0.6959602236747742, -1.0126338005065918], [0.7177866101264954, -0.5599414110183716, -0.4138210415840149, 0.45298755168914795], [0.6805554628372192, 0.4386943280696869, 0.586848795413971, -0.6245839595794678], [0.0, 0.0, 0.0, 1.0]]}, "finger3joint1": {"matrix": [[-0.3370639979839325, -0.107968769967556, 0.9352701902389526, -1.3088964223861694], [0.7249647974967957, -0.663568913936615, 0.18466809391975403, 0.21696659922599792], [0.600678026676178, 0.7402828931808472, 0.3019389510154724, -0.4396699070930481], [0.0, 0.0, 0.0, 1.0]]}, "finger3joint2": {"matrix": [[-0.3859207332134247, -0.9139679670333862, 0.12540900707244873, -1.4036047458648682], [0.6032027006149292, -0.3528486490249634, -0.7152931094169617, -0.3651038110256195], [0.6980054974555969, -0.20039965212345123, 0.6874796748161316, 0.2096925973892212], [0.0, 0.0, 0.0, 1.0]]}, "finger3joint3": {"matrix": [[-0.4463777244091034, -0.6536721587181091, -0.6111132502555847, -1.9950153827667236], [0.6966392993927002, 0.17478403449058533, -0.6958046555519104, -0.5934251546859741], [0.5616410970687866, -0.7363174557685852, 0.3773537874221802, 0.08001793920993805], [0.0, 0.0, 0.0, 1.0]]}, "Bone.003": {"matrix": [[-0.08505532890558243, 0.1466679722070694, 0.9855221509933472, -1.0126339197158813], [-0.03158845007419586, -0.9890062808990479, 0.1444600522518158, 0.45298755168914795], [0.9958752989768982, -0.018844064325094223, 0.08875344693660736, -0.6245839595794678], [0.0, 0.0, 0.0, 1.0]]}, "finger4joint1": {"matrix": [[-0.6125810146331787, -0.6328607201576233, 0.47353073954582214, -0.9497690200805664], [0.47500118613243103, -0.7736037373542786, -0.41941720247268677, 0.029080212116241455], [0.631757915019989, -0.0319996103644371, 0.7745047807693481, -0.6326608657836914], [0.0, 0.0, 0.0, 1.0]]}, "finger4joint2": {"matrix": [[-0.6176689863204956, -0.7604025602340698, 0.20067983865737915, -1.5784269571304321], [0.4489552676677704, -0.5504456162452698, -0.7038809657096863, -0.7393860220909119], [0.6456963419914246, -0.34466949105262756, 0.6813801527023315, -0.6644480228424072], [0.0, 0.0, 0.0, 1.0]]}, "finger4joint3": {"matrix": [[-0.5551913976669312, -0.8306938409805298, -0.04134850576519966, -1.895562767982483], [0.5034064054489136, -0.29604408144950867, -0.8117508888244629, -0.9689564108848572], [0.6620755791664124, -0.47149258852005005, 0.582537829875946, -0.8081968426704407], [0.0, 0.0, 0.0, 1.0]]}}