{"root": {"matrix": [[0.28193730115890503, -0.04059887304902077, -0.9585734605789185, 0.0], [0.010877927765250206, -0.998904824256897, 0.04550647735595703, 0.0], [-0.9593711495399475, -0.023257341235876083, -0.28118687868118286, -1.862645149230957e-09], [0.0, 0.0, 0.0, 1.0]]}, "carpals": {"matrix": [[0.4037584960460663, -0.9096829295158386, 0.09724138677120209, 0.7056238651275635], [0.8666678071022034, 0.41436508297920227, 0.2778278589248657, -0.9582602977752686], [-0.29302865266799927, -0.027899272739887238, 0.9556962847709656, -2.1607446670532227], [0.0, 0.0, 0.0, 1.0]]}, "metacarpals": {"matrix": [[-0.798799991607666, -0.5980872511863708, 0.0648847222328186, -0.18040186166763306], [-0.18748341500759125, 0.34997129440307617, 0.9178071022033691, -0.5546711087226868], [-0.571636438369751, 0.7209795713424683, -0.39168843626976013, -2.1879186630249023], [0.0, 0.0, 0.0, 1.0]]}, "finger5joint1": {"matrix": [[-0.6812707781791687, -0.7165279984474182, 0.14985868334770203, -0.4082414507865906], [-0.24241244792938232, 0.41399070620536804, 0.8774096369743347, -0.6996123790740967], [-0.6907286643981934, 0.5614259839057922, -0.4557349979877472, -1.5150470733642578], [0.0, 0.0, 0.0, 1.0]]}, "finger5joint2": {"matrix": [[0.29171642661094666, -0.9471151232719421, 0.13369308412075043, -1.1650900840759277], [0.8267398476600647, 0.3199594020843506, 0.46273839473724365, -0.2623254954814911], [-0.48104292154312134, -0.02445901185274124, 0.8763554692268372, -0.9220283627510071], [0.0, 0.0, 0.0, 1.0]]}, "finger5joint3": {"matrix": [[0.1942194402217865, -0.980089545249939, -0.0412634052336216, -1.8160754442214966], [0.8262642025947571, 0.1407739520072937, 0.5454078316688538, -0.04240616410970688], [-0.5287397503852844, -0.1400233507156372, 0.8371541500091553, -0.938839852809906], [0.0, 0.0, 0.0, 1.0]]}, "Bone": {"matrix": [[0.45986777544021606, -0.8871592283248901, -0.038341108709573746, -1.1141819953918457], [-0.4510820209980011, -0.2705787122249603, 0.8504775166511536, -0.008268773555755615], [-0.7648832201957703, -0.37381216883659363, -0.5246118903160095, -1.0622692108154297], [0.0, 0.0, 0.0, 1.0]]}, "finger1joint1": {"matrix": [[-0.21696248650550842, -0.9273315072059631, -0.30493196845054626, -1.8524649143218994], [-0.11335669457912445, -0.28632596135139465, 0.9514029026031494, -0.2334410399198532], [-0.9695757031440735, 0.24098482728004456, -0.04299720749258995, -1.373350977897644], [0.0, 0.0, 0.0, 1.0]]}, "finger1joint2": {"matrix": [[-0.09523112326860428, -0.06736496090888977, -0.9931731820106506, -2.376572847366333], [-0.39188653230667114, -0.9146050214767456, 0.09961208701133728, -0.39526623487472534], [-0.915071427822113, 0.39869728684425354, 0.06069950386881828, -1.2371517419815063], [0.0, 0.0, 0.0, 1.0]]}, "finger1joint3": {"matrix": [[-0.1927872896194458, 0.5156131982803345, -0.8348509073257446, -2.4054510593414307], [-0.3459644019603729, -0.8318920135498047, -0.4338942766189575, -0.7873424291610718], [-0.9182273745536804, 0.20517928898334503, 0.33876198530197144, -1.0662367343902588], [0.0, 0.0, 0.0, 1.0]]}, "Bone.001": {"matrix": [[0.12469056993722916, -0.9497281312942505, 0.28717342019081116, -1.1141821146011353], [-0.41239064931869507, 0.21364033222198486, 0.8856023550033569, -0.008268788456916809], [-0.9024332761764526, -0.22885377705097198, -0.3650200366973877, -1.0622692108154297], [0.0, 0.0, 0.0, 1.0]]}, "finger2joint1": {"matrix": [[-0.719260036945343, -0.6743510961532593, -0.16707904636859894, -1.7161991596221924], [-0.24982663989067078, 0.026648612692952156, 0.9679237008094788, 0.12715430557727814], [-0.6482678651809692, 0.73792964220047, -0.1876380890607834, -1.2073359489440918], [0.0, 0.0, 0.0, 1.0]]}, "finger2joint2": {"matrix": [[-0.7587648630142212, -0.1832767277956009, -0.6250482797622681, -2.2996134757995605], [-0.3347681164741516, -0.7134370803833008, 0.6155791282653809, 0.15020933747291565], [-0.5587539076805115, 0.6763259172439575, 0.4799758195877075, -0.5689167976379395], [0.0, 0.0, 0.0, 1.0]]}, "finger2joint3": {"matrix": [[-0.7158735394477844, 0.3423384428024292, -0.6085468530654907, -2.369188070297241], [-0.4680439233779907, -0.8820287585258484, 0.054404858499765396, -0.12062311172485352], [-0.518130898475647, 0.323773592710495, 0.7916504740715027, -0.31217241287231445], [0.0, 0.0, 0.0, 1.0]]}, "Bone.002": {"matrix": [[-0.5773692727088928, -0.7302825450897217, 0.36514660716056824, -1.1141822338104248], [-0.16050823032855988, 0.5400111079216003, 0.8262112736701965, -0.008268803358078003], [-0.8005508184432983, 0.4184199273586273, -0.42900213599205017, -1.0622692108154297], [0.0, 0.0, 0.0, 1.0]]}, "finger3joint1": {"matrix": [[-0.6806997060775757, -0.4795285165309906, 0.5538052320480347, -1.4220036268234253], [-0.2693232595920563, 0.8668543100357056, 0.4195575714111328, 0.21935123205184937], [-0.6812583208084106, 0.13644011318683624, -0.7192155122756958, -0.8859010338783264], [0.0, 0.0, 0.0, 1.0]]}, "finger3joint2": {"matrix": [[-0.768925130367279, -0.5992097854614258, -0.2229386270046234, -1.842637062072754], [-0.1449364572763443, -0.1762513369321823, 0.9736164212226868, 0.9797398447990417], [-0.622693657875061, 0.7809500098228455, 0.048676747828722, -0.7662183046340942], [0.0, 0.0, 0.0, 1.0]]}, "finger3joint3": {"matrix": [[-0.7492532134056091, 0.1523662507534027, -0.6445184350013733, -2.2303740978240967], [-0.3151632845401764, -0.9379501342773438, 0.1446428745985031, 0.8656911253929138], [-0.5824874639511108, 0.31150269508361816, 0.7507824301719666, -0.2608809173107147], [0.0, 0.0, 0.0, 1.0]]}, "Bone.003": {"matrix": [[-0.5645058155059814, 0.28930768370628357, 0.7730680108070374, -1.1141821146011353], [0.6153584122657776, 0.7717262506484985, 0.16053849458694458, -0.008268803358078003], [-0.5501517057418823, 0.5663387775421143, -0.6136718988418579, -1.0622692108154297], [0.0, 0.0, 0.0, 1.0]]}, "finger4joint1": {"matrix": [[-0.4007413983345032, -0.9004624485969543, 0.1690366119146347, -0.9901793003082275], [-0.3629463315010071, 0.3254318833351135, 0.873134434223175, 0.3225081264972687], [-0.8412347435951233, 0.2885499596595764, -0.45723360776901245, -0.8195253610610962], [0.0, 0.0, 0.0, 1.0]]}, "finger4joint2": {"matrix": [[-0.4179386496543884, -0.49534618854522705, -0.7615504264831543, -1.8846617937088013], [-0.3384629487991333, -0.6930240988731384, 0.6365218758583069, 0.6457787752151489], [-0.8430715203285217, 0.523783802986145, 0.12198524177074432, -0.5328917503356934], [0.0, 0.0, 0.0, 1.0]]}, "finger4joint3": {"matrix": [[-0.3641307055950165, -0.26288914680480957, -0.8934750556945801, -2.091252088546753], [-0.288958340883255, -0.8801056146621704, 0.376718670129776, 0.3567441403865814], [-0.885387659072876, 0.39535200595855713, 0.2445095032453537, -0.3144409656524658], [0.0, 0.0, 0.0, 1.0]]}}