{"root": {"matrix": [[0.3735138475894928, -0.3418528735637665, -0.8623363971710205, 0.0], [-0.8532460927963257, -0.49134278297424316, -0.1747952401638031, 2.9802322387695312e-08], [-0.3639485538005829, 0.8010735511779785, -0.47520798444747925, 0.0], [0.0, 0.0, 0.0, 1.0]]}, "carpals": {"matrix": [[0.2918132543563843, -0.9253925681114197, -0.2418542504310608, 0.607029914855957], [0.8202622532844543, 0.11206821352243423, 0.5609012246131897, -2.390876531600952], [-0.49194973707199097, -0.36206236481666565, 0.7917676568031311, 0.014469534158706665], [0.0, 0.0, 0.0, 1.0]]}, "metacarpals": {"matrix": [[0.08830524235963821, -0.5394518375396729, 0.8373731374740601, -0.2942968010902405], [0.16303850710391998, 0.8371474742889404, 0.5221132040023804, -2.2817225456237793], [-0.9826598763465881, 0.09041869640350342, 0.1618759036064148, -0.33817702531814575], [0.0, 0.0, 0.0, 1.0]]}, "finger5joint1": {"matrix": [[0.40454021096229553, -0.6212611794471741, 0.6711047291755676, -0.9621080756187439], [-0.07055864483118057, 0.710442066192627, 0.700209379196167, -2.0473763942718506], [-0.911794126033783, -0.33061516284942627, 0.24356700479984283, -0.18074530363082886], [0.0, 0.0, 0.0, 1.0]]}, "finger5joint2": {"matrix": [[0.689308226108551, -0.5595773458480835, -0.4601380527019501, -1.6183290481567383], [0.6617878675460815, 0.7447814345359802, 0.085654616355896, -1.296956181526184], [0.2947719097137451, -0.3635561466217041, 0.883705735206604, -0.5299649834632874], [0.0, 0.0, 0.0, 1.0]]}, "finger5joint3": {"matrix": [[0.6583408117294312, -0.5301961302757263, -0.5343023538589478, -2.002946138381958], [0.7227033376693726, 0.6436790227890015, 0.25174692273139954, -0.7850418090820312], [0.21044397354125977, -0.5518774390220642, 0.8069349527359009, -0.7798497676849365], [0.0, 0.0, 0.0, 1.0]]}, "Bone": {"matrix": [[0.4738430678844452, -0.137380912899971, 0.8698270320892334, -1.136530876159668], [-0.8430373668670654, 0.21467557549476624, 0.49315518140792847, -0.9747030735015869], [-0.2544806897640228, -0.9669750332832336, -0.014094756916165352, -0.19700837135314941], [0.0, 0.0, 0.0, 1.0]]}, "finger1joint1": {"matrix": [[0.17503872513771057, -0.854396402835846, 0.48925256729125977, -1.2508575916290283], [0.06364467740058899, 0.5057039856910706, 0.8603559732437134, -0.7960526943206787], [-0.9825022220611572, -0.11945738643407822, 0.14289548993110657, -1.0017129182815552], [0.0, 0.0, 0.0, 1.0]]}, "finger1joint2": {"matrix": [[0.034823741763830185, -0.8113734722137451, -0.5834897756576538, -1.7337439060211182], [-0.21144619584083557, -0.5766083598136902, 0.7891849875450134, -0.5102397203445435], [-0.976768970489502, 0.09589435905218124, -0.19164159893989563, -1.069227695465088], [0.0, 0.0, 0.0, 1.0]]}, "finger1joint3": {"matrix": [[0.005296252202242613, -0.3900013267993927, -0.9207990169525146, -2.081566333770752], [-0.1091388389468193, -0.915536642074585, 0.38714471459388733, -0.7574223279953003], [-0.9940124154090881, 0.09844457358121872, -0.047413259744644165, -1.028119444847107], [0.0, 0.0, 0.0, 1.0]]}, "Bone.001": {"matrix": [[0.49848052859306335, 0.004916068632155657, 0.8668868541717529, -1.1365309953689575], [-0.6562987565994263, 0.6554709076881409, 0.37367022037506104, -0.9747030735015869], [-0.566382110118866, -0.7552042603492737, 0.32996588945388794, -0.19700828194618225], [0.0, 0.0, 0.0, 1.0]]}, "finger2joint1": {"matrix": [[0.3053877353668213, -0.3634178936481476, 0.8801508545875549, -1.1334145069122314], [-0.13529948890209198, 0.8983683586120605, 0.41788509488105774, -0.5592108368873596], [-0.9425666928291321, -0.24670104682445526, 0.22518043220043182, -0.6757199764251709], [0.0, 0.0, 0.0, 1.0]]}, "finger2joint2": {"matrix": [[0.18862271308898926, -0.7132996320724487, 0.6749999523162842, -1.447825312614441], [-0.09154076874256134, 0.6715745329856873, 0.7352601289749146, 0.21801161766052246], [-0.9777737855911255, -0.20047682523727417, 0.06137816607952118, -0.8891531229019165], [0.0, 0.0, 0.0, 1.0]]}, "finger2joint3": {"matrix": [[0.04449155554175377, -0.9808447360992432, 0.1896415650844574, -1.7186055183410645], [-0.07923781871795654, 0.18576669692993164, 0.979393482208252, 0.47295236587524414], [-0.9958621859550476, -0.05860152468085289, -0.06945503503084183, -0.9652574062347412], [0.0, 0.0, 0.0, 1.0]]}, "Bone.002": {"matrix": [[0.34702080488204956, -0.2407459020614624, 0.9064314365386963, -1.1365309953689575], [-0.01917678490281105, 0.9644680619239807, 0.26350200176239014, -0.9747030735015869], [-0.9376612901687622, -0.10882315784692764, 0.330073744058609, -0.19700834155082703], [0.0, 0.0, 0.0, 1.0]]}, "finger3joint1": {"matrix": [[0.1448696255683899, -0.05667131021618843, 0.9878264665603638, -1.238007664680481], [0.07942235469818115, 0.9958028197288513, 0.04548124596476555, -0.5681701898574829], [-0.9862580299377441, 0.07186664640903473, 0.148762509226799, -0.24287839233875275], [0.0, 0.0, 0.0, 1.0]]}, "finger3joint2": {"matrix": [[0.09565498679876328, -0.8828153610229492, 0.45987725257873535, -1.2877187728881836], [0.23405705392360687, 0.4689900577068329, 0.8516250848770142, 0.30532971024513245], [-0.9675057530403137, 0.02617538347840309, 0.25149041414260864, -0.17983828485012054], [0.0, 0.0, 0.0, 1.0]]}, "finger3joint3": {"matrix": [[-0.026961734518408775, -0.9888298511505127, -0.14659012854099274, -1.8589712381362915], [0.11048713326454163, -0.1486927568912506, 0.9826915264129639, 0.6088038682937622], [-0.9935117363929749, 0.01029880903661251, 0.11326201260089874, -0.16290071606636047], [0.0, 0.0, 0.0, 1.0]]}, "Bone.003": {"matrix": [[0.595772922039032, 0.08867940306663513, 0.7982422113418579, -1.1365309953689575], [0.6251210570335388, 0.5728114247322083, -0.5301985144615173, -0.9747030735015869], [-0.5042599439620972, 0.8148759603500366, 0.28583019971847534, -0.19700834155082703], [0.0, 0.0, 0.0, 1.0]]}, "finger4joint1": {"matrix": [[0.206385999917984, -0.3809782862663269, 0.9012547731399536, -1.098521113395691], [-0.06294505298137665, 0.9140076637268066, 0.4007834792137146, -0.7291850447654724], [-0.9764437675476074, -0.13944564759731293, 0.16465766727924347, 0.1522633582353592], [0.0, 0.0, 0.0, 1.0]]}, "finger4joint2": {"matrix": [[0.2149634063243866, -0.9677774906158447, 0.13113832473754883, -1.4769694805145264], [-0.03422563895583153, 0.12672972679138184, 0.9913463592529297, 0.17875273525714874], [-0.976021945476532, -0.21759149432182312, -0.0058805630542337894, 0.013743750751018524], [0.0, 0.0, 0.0, 1.0]]}, "finger4joint3": {"matrix": [[0.29272541403770447, -0.8007370233535767, -0.5226202011108398, -1.8805935382843018], [-0.05914008989930153, -0.5606763958930969, 0.8259199857711792, 0.23160700500011444], [-0.9543656706809998, -0.2108599841594696, -0.21147991716861725, -0.07700557261705399], [0.0, 0.0, 0.0, 1.0]]}}