{"root": {"matrix": [[0.5245787501335144, -0.1875058263540268, -0.8304569125175476, -1.4901161193847656e-08], [-0.8486306071281433, -0.19323641061782837, -0.4924284815788269, 0.0], [-0.06814136356115341, 0.9630686640739441, -0.26049095392227173, 0.0], [0.0, 0.0, 0.0, 1.0]]}, "carpals": {"matrix": [[0.5861993432044983, -0.8096526265144348, 0.02885805256664753, 1.096152663230896], [0.5353391170501709, 0.4138365685939789, 0.7363089919090271, -2.0529370307922363], [-0.6080970764160156, -0.41617509722709656, 0.6760295629501343, 0.8178533315658569], [0.0, 0.0, 0.0, 1.0]]}, "metacarpals": {"matrix": [[0.05290858447551727, -0.737758219242096, 0.6729884147644043, 0.3075559735298157], [-0.138452410697937, 0.6620038747787476, 0.7366012334823608, -1.6498627662658691], [-0.9889547228813171, -0.13214939832687378, -0.06711871922016144, 0.41250133514404297], [0.0, 0.0, 0.0, 1.0]]}, "finger5joint1": {"matrix": [[0.0410001166164875, -0.9525728821754456, 0.3015357255935669, -0.39958930015563965], [0.028211716562509537, 0.30277276039123535, 0.9526448845863342, -1.550797462463379], [-0.9987607002258301, -0.03055165894329548, 0.039287470281124115, 0.5382257699966431], [0.0, 0.0, 0.0, 1.0]]}, "finger5joint2": {"matrix": [[0.23517845571041107, -0.8149411082267761, -0.5296805500984192, -1.4057656526565552], [0.9718461632728577, 0.18912732601165771, 0.14051777124404907, -1.2309869527816772], [-0.014336610212922096, -0.5478148460388184, 0.8364765048027039, 0.505954921245575], [0.0, 0.0, 0.0, 1.0]]}, "finger5joint3": {"matrix": [[0.1868751347064972, -0.6614403128623962, -0.7263427972793579, -1.9659032821655273], [0.9760414361953735, 0.04113440588116646, 0.21365921199321747, -1.100993275642395], [-0.11144512891769409, -0.7488685250282288, 0.6532805562019348, 0.12942257523536682], [0.0, 0.0, 0.0, 1.0]]}, "Bone": {"matrix": [[0.6774851679801941, -0.1786045879125595, 0.7135223150253296, -0.8442894816398621], [-0.7353397607803345, -0.14204831421375275, 0.6626441478729248, -0.6162908673286438], [-0.01699664443731308, -0.9736131429672241, -0.22757071256637573, 0.2061794400215149], [0.0, 0.0, 0.0, 1.0]]}, "finger1joint1": {"matrix": [[0.31078657507896423, -0.8252601027488708, 0.4715478718280792, -0.9929220676422119], [-0.2602382302284241, 0.4032756984233856, 0.8772937059402466, -0.7345016598701477], [-0.9141594767570496, -0.39536601305007935, -0.08943156152963638, -0.6040493249893188], [0.0, 0.0, 0.0, 1.0]]}, "finger1joint2": {"matrix": [[0.16890618205070496, -0.9468015432357788, 0.27392977476119995, -1.459341049194336], [-0.5229933261871338, 0.14947693049907684, 0.8391270637512207, -0.5065790414810181], [-0.8354331851005554, -0.28499725461006165, -0.46992331743240356, -0.827501654624939], [0.0, 0.0, 0.0, 1.0]]}, "finger1joint3": {"matrix": [[0.23040051758289337, -0.9572424292564392, -0.17493565380573273, -1.8652194738388062], [-0.44045349955558777, -0.2628900706768036, 0.8584224581718445, -0.44250068068504333], [-0.8677074909210205, -0.12072999775409698, -0.4821907877922058, -0.9496753215789795], [0.0, 0.0, 0.0, 1.0]]}, "Bone.001": {"matrix": [[0.6562275886535645, -0.1567370593547821, 0.7381048202514648, -0.8442894816398621], [-0.6564457416534424, 0.3637658655643463, 0.6608728170394897, -0.6162908673286438], [-0.37208065390586853, -0.9182088971138, 0.1358238309621811, 0.20617946982383728], [0.0, 0.0, 0.0, 1.0]]}, "finger2joint1": {"matrix": [[0.31794846057891846, -0.6020655035972595, 0.7324109077453613, -0.9436425566673279], [-0.33267760276794434, 0.6525355577468872, 0.680824875831604, -0.3857056200504303], [-0.8878254294395447, -0.46012401580810547, 0.00717895058915019, -0.3758581280708313], [0.0, 0.0, 0.0, 1.0]]}, "finger2joint2": {"matrix": [[0.19314976036548615, -0.7507660388946533, 0.631698727607727, -1.4645189046859741], [-0.3337920904159546, 0.5551415681838989, 0.7618400454521179, 0.17883481085300446], [-0.9226461052894592, -0.3580052852630615, -0.14337436854839325, -0.773934006690979], [0.0, 0.0, 0.0, 1.0]]}, "finger2joint3": {"matrix": [[0.04854227975010872, -0.9151531457901001, 0.400172621011734, -1.7495219707489014], [-0.33464446663856506, 0.36258789896965027, 0.8697945475578308, 0.38957569003105164], [-0.9410932064056396, -0.17613737285137177, -0.28865018486976624, -0.9098386764526367], [0.0, 0.0, 0.0, 1.0]]}, "Bone.002": {"matrix": [[0.3493809103965759, -0.48000356554985046, 0.8046922087669373, -0.8442895412445068], [-0.22719591856002808, 0.7897850871086121, 0.5697553753852844, -0.616290807723999], [-0.9090186357498169, -0.3818844258785248, 0.16688098013401031, 0.20617946982383728], [0.0, 0.0, 0.0, 1.0]]}, "finger3joint1": {"matrix": [[0.1291365623474121, -0.23416315019130707, 0.9635825157165527, -1.0466159582138062], [-0.20219872891902924, 0.9450854063034058, 0.25676625967025757, -0.28338849544525146], [-0.9707932472229004, -0.22799299657344818, 0.07469752430915833, 0.04521133005619049], [0.0, 0.0, 0.0, 1.0]]}, "finger3joint2": {"matrix": [[0.053006891161203384, -0.9743720293045044, 0.21860773861408234, -1.2520194053649902], [-0.06002232804894447, 0.2154107242822647, 0.9746769666671753, 0.5456229448318481], [-0.9967886209487915, -0.06478582322597504, -0.04706576466560364, -0.15477991104125977], [0.0, 0.0, 0.0, 1.0]]}, "finger3joint3": {"matrix": [[-0.032918814569711685, -0.9166687726974487, -0.39828985929489136, -1.8825163841247559], [-0.21231088042259216, -0.3829972743988037, 0.8990198969841003, 0.6850110292434692], [-0.9766475558280945, 0.11415601521730423, -0.18201081454753876, -0.1967015415430069], [0.0, 0.0, 0.0, 1.0]]}, "Bone.003": {"matrix": [[0.41951844096183777, -0.06983135640621185, 0.905056893825531, -0.8442894816398621], [0.5612598061561584, 0.8035672903060913, -0.19815833866596222, -0.616290807723999], [-0.7134364247322083, 0.591103196144104, 0.37630483508110046, 0.2061794400215149], [0.0, 0.0, 0.0, 1.0]]}, "finger4joint1": {"matrix": [[0.3069145381450653, -0.6306754350662231, 0.7127774953842163, -0.8742204904556274], [-0.37235280871391296, 0.6096574068069458, 0.6997646689414978, -0.2718662917613983], [-0.8758747577667236, -0.48017266392707825, -0.047721054404973984, 0.4595377743244171], [0.0, 0.0, 0.0, 1.0]]}, "finger4joint2": {"matrix": [[0.3060833811759949, -0.9504227042198181, -0.05485780909657478, -1.500707745552063], [-0.34469765424728394, -0.16435496509075165, 0.9242133498191833, 0.3337424099445343], [-0.8874097466468811, -0.2639770209789276, -0.3779148459434509, -0.01744607836008072], [0.0, 0.0, 0.0, 1.0]]}, "finger4joint3": {"matrix": [[0.38479849696159363, -0.7585724592208862, -0.5258305668830872, -1.8970937728881836], [-0.3433254659175873, -0.646452784538269, 0.6813411712646484, 0.2651960253715515], [-0.8567714691162109, -0.08164802938699722, -0.5091913342475891, -0.12754109501838684], [0.0, 0.0, 0.0, 1.0]]}}