{"root": {"matrix": [[0.40684404969215393, -0.2622183859348297, 0.8750539422035217, 0.0], [0.7629204988479614, 0.6243883371353149, -0.16760516166687012, 0.0], [-0.5024242997169495, 0.7357858419418335, 0.4540804624557495, -5.960464477539063e-08], [0.0, 0.0, 0.0, 1.0]]}, "carpals": {"matrix": [[-0.5652065873146057, -0.8247808814048767, 0.01666269823908806, 0.5650244951248169], [0.7153043746948242, -0.5000461935997009, -0.4881528615951538, 2.3553295135498047], [0.4109513759613037, -0.2639884650707245, 0.8725989460945129, -0.46707093715667725], [0.0, 0.0, 0.0, 1.0]]}, "metacarpals": {"matrix": [[-0.052370451390743256, -0.6492046117782593, 0.7588084936141968, -0.23830711841583252], [0.023786937817931175, -0.7604465484619141, -0.6489645838737488, 1.8682875633239746], [0.9983443021774292, -0.015936942771077156, 0.055267512798309326, -0.7241941094398499], [0.0, 0.0, 0.0, 1.0]]}, "finger5joint1": {"matrix": [[-0.06527993083000183, -0.645980715751648, 0.7605571150779724, -0.9117483496665955], [-0.04042862728238106, -0.7598447799682617, -0.6488460302352905, 1.6971131563186646], [0.9970476031303406, -0.07310506701469421, 0.02348649874329567, -0.9311992526054382], [0.0, 0.0, 0.0, 1.0]]}, "finger5joint2": {"matrix": [[0.8466594219207764, -0.5320804715156555, 0.007588283158838749, -1.594079852104187], [-0.5315197110176086, -0.8449090123176575, 0.06012479588389397, 0.8945101499557495], [-0.025579798966646194, -0.054938822984695435, -0.9981618523597717, -1.008418083190918], [0.0, 0.0, 0.0, 1.0]]}, "finger5joint3": {"matrix": [[0.7915818095207214, -0.6075659394264221, -0.06527760624885559, -1.9597972631454468], [-0.6105756759643555, -0.7821598649024963, -0.12418819218873978, 0.31377458572387695], [0.024395011365413666, 0.13816186785697937, -0.9901089668273926, -1.0461795330047607], [0.0, 0.0, 0.0, 1.0]]}, "Bone": {"matrix": [[0.5667957663536072, -0.2800014317035675, 0.7748169898986816, -1.251895785331726], [0.8071208000183105, 0.0001131890167016536, -0.5903860926628113, 0.6810193657875061], [0.16522134840488434, 0.9599995017051697, 0.2260591685771942, -0.7490761280059814], [0.0, 0.0, 0.0, 1.0]]}, "finger1joint1": {"matrix": [[0.04952468350529671, -0.888325035572052, 0.45653656125068665, -1.4849094152450562], [0.1054861918091774, -0.44988852739334106, -0.8868329524993896, 0.6811135411262512], [0.9931867122650146, 0.09207839518785477, 0.0714254155755043, 0.04982360079884529], [0.0, 0.0, 0.0, 1.0]]}, "finger1joint2": {"matrix": [[-0.07406606525182724, -0.4835066497325897, -0.8722013831138611, -1.9869716167449951], [0.379457026720047, 0.7951522469520569, -0.4730169475078583, 0.42684629559516907], [0.9222400188446045, -0.36599746346473694, 0.1245761439204216, 0.10186433792114258], [0.0, 0.0, 0.0, 1.0]]}, "finger1joint3": {"matrix": [[-0.14422719180583954, 0.07498147338628769, -0.9866995811462402, -2.1942429542541504], [0.30017372965812683, 0.9534562230110168, 0.02857867442071438, 0.7677149176597595], [0.9429180026054382, -0.29205939173698425, -0.1600218266248703, -0.055032774806022644], [0.0, 0.0, 0.0, 1.0]]}, "Bone.001": {"matrix": [[0.5258105397224426, -0.18462014198303223, 0.8303242325782776, -1.2518959045410156], [0.6839650869369507, -0.4885596036911011, -0.5417572259902954, 0.6810193657875061], [0.5056823492050171, 0.8527746200561523, -0.13061606884002686, -0.7490761280059814], [0.0, 0.0, 0.0, 1.0]]}, "finger2joint1": {"matrix": [[0.012475412338972092, -0.39433690905570984, 0.9188810586929321, -1.3689234256744385], [0.13289152085781097, -0.9101468324661255, -0.3923930525779724, 0.3713294565677643], [0.9910519123077393, 0.12700672447681427, 0.04104960709810257, -0.20851624011993408], [0.0, 0.0, 0.0, 1.0]]}, "finger2joint2": {"matrix": [[-0.10820609331130981, -0.512447714805603, 0.8518734574317932, -1.7100834846496582], [0.08573208749294281, -0.8585224747657776, -0.5055578947067261, -0.41608312726020813], [0.9904248118400574, 0.01832837238907814, 0.13683061301708221, -0.09863650798797607], [0.0, 0.0, 0.0, 1.0]]}, "finger2joint3": {"matrix": [[-0.24195004999637604, -0.6711536049842834, 0.700722873210907, -1.9046173095703125], [0.03152386099100113, -0.727235734462738, -0.6856632232666016, -0.7419922947883606], [0.9697763323783875, -0.14380687475204468, 0.19711214303970337, -0.09167876094579697], [0.0, 0.0, 0.0, 1.0]]}, "Bone.002": {"matrix": [[0.2350255250930786, -0.3990475833415985, 0.8862977623939514, -1.251895785331726], [0.15802936255931854, -0.8840193152427673, -0.43992769718170166, 0.6810194253921509], [0.9590566754341125, 0.2434552162885666, -0.1447058618068695, -0.7490761280059814], [0.0, 0.0, 0.0, 1.0]]}, "finger3joint1": {"matrix": [[0.5389755368232727, -0.17745168507099152, 0.8234172463417053, -1.4200983047485352], [0.7213728427886963, -0.4074661433696747, -0.5599932074546814, 0.3083963990211487], [0.4348866939544678, 0.8958136439323425, -0.09160546958446503, -0.6464572548866272], [0.0, 0.0, 0.0, 1.0]]}, "finger3joint2": {"matrix": [[0.47178220748901367, -0.7689824104309082, -0.4313783645629883, -1.5757555961608887], [0.6690418720245361, 0.6308777928352356, -0.392907053232193, -0.04902541637420654], [0.5742859244346619, -0.10324373096227646, 0.8121185302734375, 0.13933390378952026], [0.0, 0.0, 0.0, 1.0]]}, "finger3joint3": {"matrix": [[0.49886414408683777, -0.3304172158241272, -0.8012232780456543, -2.0733489990234375], [0.7560515403747559, 0.6178648471832275, 0.2159375101327896, 0.3592032194137573], [0.4236984848976135, -0.7134897708892822, 0.5580430030822754, 0.07252691686153412], [0.0, 0.0, 0.0, 1.0]]}, "Bone.003": {"matrix": [[0.4287455379962921, 0.09192591160535812, 0.8987361788749695, -1.2518959045410156], [-0.5860171318054199, -0.7288284301757812, 0.35410863161087036, 0.6810193657875061], [0.6875762343406677, -0.6784974932670593, -0.2586117088794708, -0.7490761280059814], [0.0, 0.0, 0.0, 1.0]]}, "finger4joint1": {"matrix": [[0.3546563982963562, -0.26959022879600525, 0.8952874541282654, -1.2124944925308228], [0.6274390816688538, -0.6412931680679321, -0.441659152507782, 0.3686293363571167], [0.6932090520858765, 0.7183756232261658, -0.058287251740694046, -1.039893388748169], [0.0, 0.0, 0.0, 1.0]]}, "finger4joint2": {"matrix": [[0.36560529470443726, -0.9261974096298218, 0.09214507788419724, -1.4802944660186768], [0.6039282083511353, 0.1607273519039154, -0.7806644439697266, -0.268405020236969], [0.7082394361495972, 0.34106406569480896, 0.6181195974349976, -0.3262884020805359], [0.0, 0.0, 0.0, 1.0]]}, "finger4joint3": {"matrix": [[0.439943790435791, -0.8365960717201233, -0.3264293372631073, -1.8665771484375], [0.5998325943946838, 0.5442755818367004, -0.5864847898483276, -0.20137161016464233], [0.6683186888694763, 0.06221738085150719, 0.7412683367729187, -0.18404322862625122], [0.0, 0.0, 0.0, 1.0]]}}