{"root": {"matrix": [[0.27645143866539, -0.5592144727706909, -0.7815713286399841, -5.960464477539063e-08], [-0.9259715676307678, 0.0626566931605339, -0.37235844135284424, 0.0], [0.25719884037971497, 0.8266518712043762, -0.500495195388794, 0.0], [0.0, 0.0, 0.0, 1.0]]}, "carpals": {"matrix": [[0.8695788979530334, -0.4924162030220032, 0.036859773099422455, 0.1656886339187622], [0.2909052073955536, 0.5711768865585327, 0.7675485014915466, -1.9908682107925415], [-0.39900678396224976, -0.6567214131355286, 0.639930009841919, 1.4470577239990234], [0.0, 0.0, 0.0, 1.0]]}, "metacarpals": {"matrix": [[0.33366119861602783, -0.5358728170394897, 0.7755710482597351, -0.3139217495918274], [-0.3374634385108948, 0.7002993226051331, 0.6290459632873535, -1.4345452785491943], [-0.8802207112312317, -0.47161513566970825, 0.05282529443502426, 0.8074148893356323], [0.0, 0.0, 0.0, 1.0]]}, "finger5joint1": {"matrix": [[-0.17323076725006104, -0.9790483117103577, 0.1070297509431839, -0.9973189830780029], [0.15035758912563324, 0.08110912144184113, 0.9852986335754395, -1.2344619035720825], [-0.9733362197875977, 0.18677683174610138, 0.13315686583518982, 0.6709964871406555], [0.0, 0.0, 0.0, 1.0]]}, "finger5joint2": {"matrix": [[0.13684597611427307, -0.3283761739730835, -0.9345810413360596, -2.0314605236053467], [0.9876307249069214, 0.11812443286180496, 0.10310935974121094, -1.148788571357727], [0.0765383169054985, -0.9371313452720642, 0.3404794931411743, 0.8682836890220642], [0.0, 0.0, 0.0, 1.0]]}, "finger5joint3": {"matrix": [[0.15683679282665253, 0.09340130537748337, -0.9831977486610413, -2.25716495513916], [0.9871640205383301, -0.04521000012755394, 0.15317465364933014, -1.067597508430481], [-0.030143583193421364, -0.9946014285087585, -0.09929297119379044, 0.22416043281555176], [0.0, 0.0, 0.0, 1.0]]}, "Bone": {"matrix": [[0.5134451985359192, 0.1118212342262268, 0.8508054614067078, -1.1505680084228516], [-0.7946805357933044, -0.31217584013938904, 0.5206040740013123, -0.34118372201919556], [0.3238155245780945, -0.9434204697608948, -0.0714230015873909, 0.07109272480010986], [0.0, 0.0, 0.0, 1.0]]}, "finger1joint1": {"matrix": [[0.4320879280567169, -0.9003299474716187, 0.05201798677444458, -1.057511806488037], [-0.43003883957862854, -0.15499821305274963, 0.8894051909446716, -0.6009725332260132], [-0.7926957011222839, -0.4066711366176605, -0.4541497230529785, -0.7140101194381714], [0.0, 0.0, 0.0, 1.0]]}, "finger1joint2": {"matrix": [[0.41365382075309753, -0.9056546092033386, -0.09316745400428772, -1.5663586854934692], [-0.6772189140319824, -0.374472439289093, 0.6333597302436829, -0.6885741949081421], [-0.608493983745575, -0.19889697432518005, -0.7682284712791443, -0.9438518285751343], [0.0, 0.0, 0.0, 1.0]]}, "finger1joint3": {"matrix": [[0.43503764271736145, -0.7449738383293152, -0.5057234168052673, -1.954598069190979], [-0.5953983664512634, -0.6593443155288696, 0.45909202098846436, -0.8491044044494629], [-0.6754576563835144, 0.10138455778360367, -0.7303958535194397, -1.0291156768798828], [0.0, 0.0, 0.0, 1.0]]}, "Bone.001": {"matrix": [[0.6175170540809631, 0.2011842429637909, 0.7603929042816162, -1.1505680084228516], [-0.7861513495445251, 0.18891818821430206, 0.5884517431259155, -0.34118372201919556], [-0.02526485174894333, -0.9611631035804749, 0.27482157945632935, 0.07109272480010986], [0.0, 0.0, 0.0, 1.0]]}, "finger2joint1": {"matrix": [[0.527278482913971, -0.7061272263526917, 0.4726114273071289, -1.023040771484375], [-0.4778076410293579, 0.2135341614484787, 0.8521164655685425, -0.22143155336380005], [-0.7026214599609375, -0.6751202344894409, -0.22480101883411407, -0.5381727814674377], [0.0, 0.0, 0.0, 1.0]]}, "finger2joint2": {"matrix": [[0.4153209328651428, -0.8924927711486816, -0.17596878111362457, -1.6339459419250488], [-0.5332329869270325, -0.3955768346786499, 0.7477840781211853, -0.03669270873069763], [-0.7370012998580933, -0.21673807501792908, -0.6401979923248291, -1.122252345085144], [0.0, 0.0, 0.0, 1.0]]}, "finger2joint3": {"matrix": [[0.32426437735557556, -0.4983341097831726, -0.8040618896484375, -1.9727507829666138], [-0.6397550702095032, -0.7416529655456543, 0.2016526311635971, -0.1868601143360138], [-0.6968255043029785, 0.44901397824287415, -0.5593035221099854, -1.2045297622680664], [0.0, 0.0, 0.0, 1.0]]}, "Bone.002": {"matrix": [[0.570853590965271, -0.19539766013622284, 0.7974622249603271, -1.1505680084228516], [-0.440923810005188, 0.7463738322257996, 0.4985096752643585, -0.34118372201919556], [-0.6926127076148987, -0.6361960768699646, 0.3399147689342499, 0.07109273970127106], [0.0, 0.0, 0.0, 1.0]]}, "finger3joint1": {"matrix": [[0.3884197175502777, -0.154227614402771, 0.9084844589233398, -1.232930064201355], [-0.404392272233963, 0.8573561906814575, 0.31844449043273926, -0.026579618453979492], [-0.8280079364776611, -0.4910741150379181, 0.2706455886363983, -0.19707030057907104], [0.0, 0.0, 0.0, 1.0]]}, "finger3joint2": {"matrix": [[0.323607474565506, -0.7641434669494629, 0.5579990744590759, -1.368215799331665], [-0.27578267455101013, 0.48795291781425476, 0.8281579613685608, 0.7254773378372192], [-0.9051088690757751, -0.4218844473361969, -0.05283224210143089, -0.6278314590454102], [0.0, 0.0, 0.0, 1.0]]}, "finger3joint3": {"matrix": [[0.18684691190719604, -0.9366024732589722, 0.29641881585121155, -1.862677812576294], [-0.3865678310394287, 0.20729343593120575, 0.8986625671386719, 1.041222095489502], [-0.903135359287262, -0.28249824047088623, -0.3233281373977661, -0.9008245468139648], [0.0, 0.0, 0.0, 1.0]]}, "Bone.003": {"matrix": [[0.7098662257194519, -0.11236932873725891, 0.6953151226043701, -1.1505680084228516], [0.3578980267047882, 0.9077927470207214, -0.2186802625656128, -0.34118372201919556], [-0.6066290140151978, 0.40408578515052795, 0.6846282482147217, 0.07109272480010986], [0.0, 0.0, 0.0, 1.0]]}, "finger4joint1": {"matrix": [[0.3267069160938263, -0.612016499042511, 0.7202070951461792, -1.1987316608428955], [-0.33631017804145813, 0.6368662118911743, 0.6937552094459534, 0.04791390895843506], [-0.8832654356956482, -0.46886759996414185, 0.0022413062397390604, 0.244291752576828], [0.0, 0.0, 0.0, 1.0]]}, "finger4joint2": {"matrix": [[0.3264380693435669, -0.7093110084533691, -0.6247526407241821, -1.806683897972107], [-0.308163583278656, -0.7047116756439209, 0.6390743851661682, 0.6805506348609924], [-0.8935731649398804, -0.01609228551387787, -0.4486285150051117, -0.22146208584308624], [0.0, 0.0, 0.0, 1.0]]}, "finger4joint3": {"matrix": [[0.39337465167045593, -0.2339332103729248, -0.8891183733940125, -2.102511167526245], [-0.2578328847885132, -0.9563482999801636, 0.13754825294017792, 0.38664156198501587], [-0.8824840784072876, 0.17513585090637207, -0.43651893734931946, -0.22817359864711761], [0.0, 0.0, 0.0, 1.0]]}}