{"root": {"matrix": [[0.28349635004997253, -0.8460485339164734, -0.4514772593975067, -5.960464477539063e-08], [-0.5407221913337708, 0.24778741598129272, -0.803878664970398, 1.4901161193847656e-08], [0.7919906973838806, 0.4720204472541809, -0.38723045587539673, 2.9802322387695312e-08], [0.0, 0.0, 0.0, 1.0]]}, "carpals": {"matrix": [[0.7504616379737854, -0.5906254649162292, -0.29659515619277954, -0.13624852895736694], [0.403835654258728, 0.05453735962510109, 0.9132043123245239, -0.8899136781692505], [-0.523186206817627, -0.8051006197929382, 0.27944403886795044, 2.2966222763061523], [0.0, 0.0, 0.0, 1.0]]}, "metacarpals": {"matrix": [[0.4714042544364929, -0.5736762285232544, 0.6698309183120728, -0.7115142941474915], [-0.4604630768299103, 0.4876692593097687, 0.7417223453521729, -0.8367946147918701], [-0.7521646618843079, -0.6580834984779358, -0.034267231822013855, 1.512459397315979], [0.0, 0.0, 0.0, 1.0]]}, "finger5joint1": {"matrix": [[0.44945695996284485, -0.40445834398269653, 0.796493411064148, -1.397155523300171], [-0.4754085838794708, 0.6465722918510437, 0.5965991616249084, -0.7828217148780823], [-0.7562903165817261, -0.6468054056167603, 0.09832356870174408, 1.2829867601394653], [0.0, 0.0, 0.0, 1.0]]}, "finger5joint2": {"matrix": [[0.802864134311676, -0.3387325704097748, -0.49058032035827637, -1.8243738412857056], [0.5709627866744995, 0.6736143827438354, 0.46930214762687683, -0.09986528754234314], [0.17149418592453003, -0.6568888425827026, 0.7342248558998108, 0.5997841358184814], [0.0, 0.0, 0.0, 1.0]]}, "finger5joint3": {"matrix": [[0.7935208678245544, -0.32035183906555176, -0.5173962712287903, -2.057196617126465], [0.6046480536460876, 0.5110918283462524, 0.6108888983726501, 0.3631334900856018], [0.06873776763677597, -0.797595739364624, 0.5992624759674072, 0.14828144013881683], [0.0, 0.0, 0.0, 1.0]]}, "Bone": {"matrix": [[0.5808767080307007, 0.25642943382263184, 0.7725451588630676, -1.6071821451187134], [-0.6139015555381775, -0.4852141737937927, 0.6226488947868347, -0.075407475233078], [0.5345153212547302, -0.8359492421150208, -0.12442708015441895, 0.4850082993507385], [0.0, 0.0, 0.0, 1.0]]}, "finger1joint1": {"matrix": [[0.7944172620773315, -0.5385259389877319, 0.2808752655982971, -1.393784761428833], [-0.4788226783275604, -0.2707837224006653, 0.8351075649261475, -0.4791967570781708], [-0.3736708164215088, -0.7979134917259216, -0.4729735553264618, -0.21065834164619446], [0.0, 0.0, 0.0, 1.0]]}, "finger1joint2": {"matrix": [[0.6817923784255981, -0.6550499796867371, 0.3256818354129791, -1.6981478929519653], [-0.7048295140266418, -0.46898868680000305, 0.5322262048721313, -0.6322378516197205], [-0.19589385390281677, -0.5924180746078491, -0.781451404094696, -0.6616217494010925], [0.0, 0.0, 0.0, 1.0]]}, "finger1joint3": {"matrix": [[0.7348403334617615, -0.6769776344299316, -0.04136307165026665, -1.978957176208496], [-0.6296228766441345, -0.7035698294639587, 0.32949092984199524, -0.8332856297492981], [-0.25216004252433777, -0.21608026325702667, -0.9432520866394043, -0.9155816435813904], [0.0, 0.0, 0.0, 1.0]]}, "Bone.001": {"matrix": [[0.7201657891273499, 0.27642643451690674, 0.6363563537597656, -1.6071821451187134], [-0.6638793349266052, 0.008099132217466831, 0.7477955222129822, -0.0754074826836586], [0.20155645906925201, -0.9610008001327515, 0.18934670090675354, 0.4850082993507385], [0.0, 0.0, 0.0, 1.0]]}, "finger2joint1": {"matrix": [[0.5243510007858276, -0.06124019995331764, 0.849297046661377, -1.4319599866867065], [-0.533892035484314, 0.7533562779426575, 0.38394415378570557, -0.07027357816696167], [-0.6633362770080566, -0.6547544598579407, 0.36232760548591614, -0.12415432929992676], [0.0, 0.0, 0.0, 1.0]]}, "finger2joint2": {"matrix": [[0.4359256625175476, -0.6771180629730225, 0.592857301235199, -1.4849417209625244], [-0.496764600276947, 0.36826765537261963, 0.7858774662017822, 0.5814918279647827], [-0.7504622936248779, -0.6370946764945984, -0.17583082616329193, -0.6906144618988037], [0.0, 0.0, 0.0, 1.0]]}, "finger2joint3": {"matrix": [[0.30065619945526123, -0.9311038851737976, -0.20652168989181519, -1.7419869899749756], [-0.5194669365882874, -0.3414744436740875, 0.7832935452461243, 0.7212921977043152], [-0.799849808216095, -0.12822094559669495, -0.5863440632820129, -0.9324660897254944], [0.0, 0.0, 0.0, 1.0]]}, "Bone.002": {"matrix": [[0.69883131980896, -0.2270643264055252, 0.6782894134521484, -1.6071821451187134], [-0.48188379406929016, 0.5513339042663574, 0.6810423135757446, -0.075407475233078], [-0.5286045670509338, -0.8027902841567993, 0.2758709192276001, 0.4850082993507385], [0.0, 0.0, 0.0, 1.0]]}, "finger3joint1": {"matrix": [[0.555763840675354, 0.2144598364830017, 0.8032020330429077, -1.7028920650482178], [-0.5852265357971191, 0.7871303558349609, 0.19477029144763947, 0.156985342502594], [-0.5904545783996582, -0.5783012509346008, 0.5629661679267883, 0.14662417769432068], [0.0, 0.0, 0.0, 1.0]]}, "finger3joint2": {"matrix": [[0.5511007308959961, -0.5788789391517639, 0.600988507270813, -1.5147719383239746], [-0.4605106711387634, 0.3896231949329376, 0.7975735068321228, 0.8474414348602295], [-0.6958577036857605, -0.7163047790527344, -0.05185811221599579, -0.36065101623535156], [0.0, 0.0, 0.0, 1.0]]}, "finger3joint3": {"matrix": [[0.41277870535850525, -0.8546187877655029, 0.31502464413642883, -1.8893530368804932], [-0.5681696534156799, 0.028727399185299873, 0.8224096894264221, 1.0995590686798096], [-0.7118967771530151, -0.5184606313705444, -0.47371017932891846, -0.82415771484375], [0.0, 0.0, 0.0, 1.0]]}, "Bone.003": {"matrix": [[0.7148627638816833, -0.28125277161598206, 0.6402093768119812, -1.6071821451187134], [0.3284923732280731, 0.9433057904243469, 0.047610148787498474, -0.075407475233078], [-0.6173036098480225, 0.17626939713954926, 0.7667236924171448, 0.48500826954841614], [0.0, 0.0, 0.0, 1.0]]}, "finger4joint1": {"matrix": [[0.6882142424583435, -0.03967854380607605, 0.7244215607643127, -1.727732539176941], [-0.7008687853813171, 0.22164621949195862, 0.6779789328575134, 0.3289117217063904], [-0.18746675550937653, -0.9743192791938782, 0.12473082542419434, 0.5605608224868774], [0.0, 0.0, 0.0, 1.0]]}, "finger4joint2": {"matrix": [[0.7009841203689575, -0.7063682675361633, -0.09831016510725021, -1.7671475410461426], [-0.6823811531066895, -0.7043823003768921, 0.1954507976770401, 0.5490859746932983], [-0.20730841159820557, -0.06992307305335999, -0.975773274898529, -0.4072880148887634], [0.0, 0.0, 0.0, 1.0]]}, "finger4joint3": {"matrix": [[0.7586384415626526, -0.33778655529022217, -0.5571064949035645, -2.0617475509643555], [-0.6242529153823853, -0.6216260194778442, -0.4731689691543579, 0.25531426072120667], [-0.1864819973707199, 0.7067394852638245, -0.6824538111686707, -0.4364503026008606], [0.0, 0.0, 0.0, 1.0]]}}