{"root": {"matrix": [[0.4072677195072174, -0.3204822540283203, 0.855233371257782, -2.9802322387695312e-08], [0.788002073764801, 0.5967038869857788, -0.1516484171152115, 0.0], [-0.46172037720680237, 0.7356871962547302, 0.4955589175224304, 5.960464477539063e-08], [0.0, 0.0, 0.0, 1.0]]}, "carpals": {"matrix": [[-0.8946122527122498, -0.3856417238712311, 0.22571906447410583, 0.5111813545227051], [0.3279339671134949, -0.909750759601593, -0.2545831501483917, 2.3831586837768555], [0.30352601408958435, -0.15373235940933228, 0.9403393864631653, -0.3797798752784729], [0.0, 0.0, 0.0, 1.0]]}, "metacarpals": {"matrix": [[-0.1434035450220108, -0.7784656882286072, 0.6110861897468567, 0.13556861877441406], [0.05102676898241043, -0.6224627494812012, -0.780984103679657, 1.4970670938491821], [0.9883478879928589, -0.08081422746181488, 0.1289859414100647, -0.5295142531394958], [0.0, 0.0, 0.0, 1.0]]}, "finger5joint1": {"matrix": [[-0.4434443712234497, -0.7929825782775879, 0.4177743196487427, -0.5348965525627136], [-0.2331952452659607, -0.34798291325569153, -0.9080349802970886, 1.454164743423462], [0.8654344081878662, -0.5000861883163452, -0.030608778819441795, -0.8021143078804016], [0.0, 0.0, 0.0, 1.0]]}, "finger5joint2": {"matrix": [[0.5751401782035828, -0.8117489218711853, -0.10137394070625305, -1.372502088546753], [-0.8177931904792786, -0.5736573934555054, -0.04616216942667961, 1.0866000652313232], [-0.02068185992538929, 0.10945262014865875, -0.9937766790390015, -1.3303414583206177], [0.0, 0.0, 0.0, 1.0]]}, "finger5joint3": {"matrix": [[0.5015522241592407, -0.6490126848220825, -0.5720376968383789, -1.930445671081543], [-0.8639885783195496, -0.3418542742729187, -0.3696739077568054, 0.6923051476478577], [0.04436950013041496, 0.6796451210975647, -0.7321977019309998, -1.255110740661621], [0.0, 0.0, 0.0, 1.0]]}, "Bone": {"matrix": [[0.6924686431884766, -0.3665323555469513, 0.621402382850647, -1.0798324346542358], [0.6866660714149475, 0.07063417881727219, -0.7235331535339355, 0.5252299308776855], [0.22130616009235382, 0.9277201890945435, 0.30059733986854553, -0.655687689781189], [0.0, 0.0, 0.0, 1.0]]}, "finger1joint1": {"matrix": [[-0.028036808595061302, -0.9744918942451477, 0.2226639837026596, -1.3848562240600586], [0.11329013854265213, -0.22441381216049194, -0.9678860902786255, 0.5840108394622803], [0.9931662082672119, -0.0019108224660158157, 0.11669214814901352, 0.11634954065084457], [0.0, 0.0, 0.0, 1.0]]}, "finger1joint2": {"matrix": [[-0.07500150054693222, -0.5717360377311707, -0.8170021176338196, -1.9356179237365723], [0.4070565104484558, 0.7303858399391174, -0.548490047454834, 0.45717698335647583], [0.9103184938430786, -0.37370362877845764, 0.17794881761074066, 0.11526958644390106], [0.0, 0.0, 0.0, 1.0]]}, "finger1joint3": {"matrix": [[-0.13633011281490326, 0.03712138533592224, -0.9899676442146301, -2.180711507797241], [0.3223453462123871, 0.946580171585083, -0.008896025829017162, 0.7702814340591431], [0.9367538094520569, -0.32032421231269836, -0.14101332426071167, -0.04493100196123123], [0.0, 0.0, 0.0, 1.0]]}, "Bone.001": {"matrix": [[0.5957770943641663, -0.35680830478668213, 0.7195395827293396, -1.0798324346542358], [0.5796633958816528, -0.4290798306465149, -0.6927340626716614, 0.5252299308776855], [0.5559133291244507, 0.8298059701919556, -0.04880722984671593, -0.6556877493858337], [0.0, 0.0, 0.0, 1.0]]}, "finger2joint1": {"matrix": [[-0.05869214981794357, -0.3350178897380829, 0.9403817653656006, -1.3060075044631958], [0.14541487395763397, -0.9348272085189819, -0.3239634335041046, 0.2532433271408081], [0.9876282215118408, 0.11773135513067245, 0.10358364880084991, -0.12968727946281433], [0.0, 0.0, 0.0, 1.0]]}, "finger2joint2": {"matrix": [[-0.17539888620376587, -0.6041000485420227, 0.7773661017417908, -1.5958478450775146], [0.08959466218948364, -0.7961249351501465, -0.5984626412391663, -0.5555214881896973], [0.9804121255874634, -0.03532189130783081, 0.1937636137008667, -0.02783212438225746], [0.0, 0.0, 0.0, 1.0]]}, "finger2joint3": {"matrix": [[-0.3122836649417877, -0.8395938277244568, 0.44447797536849976, -1.8251739740371704], [0.0508035309612751, -0.48196694254875183, -0.8747150897979736, -0.8577435612678528], [0.9486293196678162, -0.2505783140659332, 0.19316478073596954, -0.04124090075492859], [0.0, 0.0, 0.0, 1.0]]}, "Bone.002": {"matrix": [[0.16684944927692413, -0.58304762840271, 0.7951204180717468, -1.0798324346542358], [0.12713071703910828, -0.7869713306427002, -0.603749692440033, 0.5252299904823303], [0.9777520298957825, 0.20181946456432343, -0.05718246102333069, -0.6556877493858337], [0.0, 0.0, 0.0, 1.0]]}, "finger3joint1": {"matrix": [[0.13197855651378632, 0.02535301074385643, 0.9909281730651855, -1.3255928754806519], [0.4438297748565674, -0.895379364490509, -0.03620411828160286, 0.1935136318206787], [0.8863390684127808, 0.4445815980434418, -0.12942324578762054, -0.570618748664856], [0.0, 0.0, 0.0, 1.0]]}, "finger3joint2": {"matrix": [[0.0957854837179184, -0.9754955768585205, 0.198074072599411, -1.3033535480499268], [0.29773271083831787, -0.16180159151554108, -0.940837562084198, -0.5918965935707092], [0.9498317837715149, 0.14909160137176514, 0.274938702583313, -0.18064001202583313], [0.0, 0.0, 0.0, 1.0]]}, "finger3joint3": {"matrix": [[0.012594403699040413, -0.8391849398612976, -0.5437001585960388, -1.9345775842666626], [0.4433082342147827, 0.49207156896591187, -0.749228298664093, -0.6965951919555664], [0.8962807655334473, -0.23159074783325195, 0.37821486592292786, -0.08416576683521271], [0.0, 0.0, 0.0, 1.0]]}, "Bone.003": {"matrix": [[0.23950980603694916, 0.015646135434508324, 0.9707677960395813, -1.0798324346542358], [-0.6449136734008789, -0.7448519468307495, 0.17111916840076447, 0.5252299308776855], [0.7257556319236755, -0.667046308517456, -0.16830888390541077, -0.655687689781189], [0.0, 0.0, 0.0, 1.0]]}, "finger4joint1": {"matrix": [[-0.1379065364599228, -0.46698376536369324, 0.8734458088874817, -1.073126196861267], [0.06638356298208237, -0.8842467069625854, -0.46227753162384033, 0.20597189664840698], [0.9882180094718933, -0.005768810864537954, 0.15294353663921356, -0.9415966868400574], [0.0, 0.0, 0.0, 1.0]]}, "finger4joint2": {"matrix": [[-0.13168293237686157, -0.7729034423828125, 0.6207088232040405, -1.5370087623596191], [0.037157364189624786, -0.6295697689056396, -0.7760546207427979, -0.6724025011062622], [0.9905950427055359, -0.07912943512201309, 0.11162267625331879, -0.947327196598053], [0.0, 0.0, 0.0, 1.0]]}, "finger4joint3": {"matrix": [[-0.07604482024908066, -0.9232845902442932, 0.37651342153549194, -1.8593580722808838], [0.10071099549531937, -0.3827876150608063, -0.9183302521705627, -0.9349726438522339], [0.9920050501823425, -0.031915389001369476, 0.12209390848875046, -0.980329155921936], [0.0, 0.0, 0.0, 1.0]]}}