{"root": {"matrix": [[0.28706541657447815, -0.19133590161800385, -0.9386075139045715, 0.0], [-0.532785177230835, -0.8461966514587402, 0.009549872018396854, 0.0], [-0.7960737347602844, 0.49733468890190125, -0.3448547422885895, 0.0], [0.0, 0.0, 0.0, 1.0]]}, "carpals": {"matrix": [[0.7789559364318848, -0.5368239879608154, 0.32411032915115356, 0.5674325227737427], [0.5818049907684326, 0.8115224838256836, -0.05416601896286011, -2.034224510192871], [-0.23394528031349182, 0.23076196014881134, 0.9444671273231506, -1.2747299671173096], [0.0, 0.0, 0.0, 1.0]]}, "metacarpals": {"matrix": [[-0.19146892428398132, -0.7061261534690857, 0.6817077398300171, 0.04456913471221924], [0.483580082654953, 0.5365368127822876, 0.6915767192840576, -1.2438064813613892], [-0.8541016578674316, 0.46207574009895325, 0.23873832821846008, -1.04996919631958], [0.0, 0.0, 0.0, 1.0]]}, "finger5joint1": {"matrix": [[-0.44945693016052246, -0.8919572234153748, 0.04899624362587929, -0.6052315831184387], [0.6955236792564392, -0.31500115990638733, 0.6457715034484863, -1.3069653511047363], [-0.5605667233467102, 0.3243246078491211, 0.7619568109512329, -0.7346205115318298], [0.0, 0.0, 0.0, 1.0]]}, "finger5joint2": {"matrix": [[0.00318880844861269, -0.7190126180648804, -0.6949892044067383, -1.5473814010620117], [0.7016242146492004, 0.4968213140964508, -0.5107755064964294, -1.6396923065185547], [0.7125396132469177, -0.4859926104545593, 0.5060611367225647, -0.39204540848731995], [0.0, 0.0, 0.0, 1.0]]}, "finger5joint3": {"matrix": [[-0.025691606104373932, -0.4651300013065338, -0.8848690986633301, -2.041584014892578], [0.771992564201355, 0.5531308054924011, -0.3131665885448456, -1.298209547996521], [0.6351116299629211, -0.6911584138870239, 0.34486624598503113, -0.7260851860046387], [0.0, 0.0, 0.0, 1.0]]}, "Bone": {"matrix": [[0.6078627109527588, -0.4125298857688904, 0.678470253944397, -1.0578898191452026], [-0.5119444727897644, 0.4495408833026886, 0.7320010662078857, -0.4061236083507538], [-0.6069723963737488, -0.7922952771186829, 0.06206664815545082, -0.32854074239730835], [0.0, 0.0, 0.0, 1.0]]}, "finger1joint1": {"matrix": [[-0.018491709604859352, -0.9472403526306152, 0.3199900984764099, -1.40119206905365], [0.4055655300617218, 0.2854258418083191, 0.8683596253395081, -0.03202122449874878], [-0.9138787388801575, 0.14583438634872437, 0.37888994812965393, -0.9878790974617004], [0.0, 0.0, 0.0, 1.0]]}, "finger1joint2": {"matrix": [[-0.09608825296163559, -0.6723533868789673, -0.7339672446250916, -1.936551809310913], [0.11613936722278595, -0.7399157881736755, 0.6625980138778687, 0.12929527461528778], [-0.9885739088058472, -0.02157455123960972, 0.14918386936187744, -0.9054566621780396], [0.0, 0.0, 0.0, 1.0]]}, "finger1joint3": {"matrix": [[-0.14519363641738892, 0.04791418835520744, -0.9882423877716064, -2.224778890609741], [0.20971226692199707, -0.9746416211128235, -0.07806592434644699, -0.18789446353912354], [-0.9669226408004761, -0.2185811549425125, 0.13146357238292694, -0.9147053360939026], [0.0, 0.0, 0.0, 1.0]]}, "Bone.001": {"matrix": [[0.5079554319381714, -0.347246378660202, 0.7882899641990662, -1.0578898191452026], [-0.23956385254859924, 0.8220898509025574, 0.51650470495224, -0.4061236083507538], [-0.8273995518684387, -0.45120713114738464, 0.33439725637435913, -0.32854074239730835], [0.0, 0.0, 0.0, 1.0]]}, "finger2joint1": {"matrix": [[-0.11694401502609253, -0.2420385330915451, 0.9631932973861694, -1.2780036926269531], [0.39757272601127625, 0.8773355484008789, 0.2687339782714844, 0.11498570442199707], [-0.9100876450538635, 0.414366215467453, -0.006371276918798685, -0.6145535707473755], [0.0, 0.0, 0.0, 1.0]]}, "finger2joint2": {"matrix": [[-0.22686158120632172, -0.9573960304260254, 0.17867998778820038, -1.4874029159545898], [0.4487398862838745, 0.06007595732808113, 0.8916406631469727, 0.8740116953849792], [-0.8643876910209656, 0.2824598550796509, 0.41599276661872864, -0.25606510043144226], [0.0, 0.0, 0.0, 1.0]]}, "finger2joint3": {"matrix": [[-0.3502272963523865, -0.700185239315033, -0.6221585273742676, -1.8508461713790894], [0.3711913228034973, -0.7135950922966003, 0.5941369533538818, 0.8968174457550049], [-0.8599752187728882, -0.02285679243505001, 0.5098231434822083, -0.14883869886398315], [0.0, 0.0, 0.0, 1.0]]}, "Bone.002": {"matrix": [[0.10949806123971939, -0.5075523853302002, 0.8546348214149475, -1.057889699935913], [0.3934033513069153, 0.8117256164550781, 0.4316655397415161, -0.40612363815307617], [-0.912821888923645, 0.2889496386051178, 0.2885551154613495, -0.32854074239730835], [0.0, 0.0, 0.0, 1.0]]}, "finger3joint1": {"matrix": [[0.42029547691345215, -0.1297839879989624, 0.898057758808136, -1.2718281745910645], [-0.3728024363517761, 0.8776293396949768, 0.30130520462989807, -0.063973069190979], [-0.8272665143013, -0.461435467004776, 0.3204798102378845, -0.20674559473991394], [0.0, 0.0, 0.0, 1.0]]}, "finger3joint2": {"matrix": [[0.359327495098114, -0.7437797784805298, 0.5636268854141235, -1.3856723308563232], [-0.24074380099773407, 0.509641170501709, 0.8260194659233093, 0.7058671712875366], [-0.9016240835189819, -0.4325012266635895, 0.004067562520503998, -0.6115082502365112], [0.0, 0.0, 0.0, 1.0]]}, "finger3joint3": {"matrix": [[0.22207756340503693, -0.9231677055358887, 0.3137561082839966, -1.866957664489746], [-0.3506360650062561, 0.22464892268180847, 0.9091683030128479, 1.035645842552185], [-0.9097997546195984, -0.3119201064109802, -0.27380654215812683, -0.8913712501525879], [0.0, 0.0, 0.0, 1.0]]}, "Bone.003": {"matrix": [[0.2720912992954254, 0.12150803208351135, 0.9545691013336182, -1.0578898191452026], [0.9125120043754578, 0.282284677028656, -0.2960355579853058, -0.4061235785484314], [-0.30543091893196106, 0.9516043663024902, -0.03407037630677223, -0.32854074239730835], [0.0, 0.0, 0.0, 1.0]]}, "finger4joint1": {"matrix": [[0.19511595368385315, -0.6365996599197388, 0.7461035251617432, -1.00580894947052], [0.11407358199357986, 0.7702913284301758, 0.6274058222770691, -0.28513091802597046], [-0.9741235375404358, -0.03730619698762894, 0.22291523218154907, 0.07933539152145386], [0.0, 0.0, 0.0, 1.0]]}, "finger4joint2": {"matrix": [[0.19484277069568634, -0.919430673122406, -0.3415893316268921, -1.6381810903549194], [0.14379511773586273, -0.3177244961261749, 0.9372159242630005, 0.4800449013710022], [-0.9702364206314087, -0.23172858357429504, 0.07030331343412399, 0.04227695241570473], [0.0, 0.0, 0.0, 1.0]]}, "finger4joint3": {"matrix": [[0.27557307481765747, -0.44047316908836365, -0.854425311088562, -2.021641492843628], [0.15598297119140625, -0.8565717935562134, 0.4918878674507141, 0.34753382205963135], [-0.9485400915145874, -0.26882681250572205, -0.16734178364276886, -0.054368458688259125], [0.0, 0.0, 0.0, 1.0]]}}