{"root": {"matrix": [[0.4664541780948639, -0.8844260573387146, 0.0145278200507164, 0.0], [-0.2572839558124542, -0.15137118101119995, -0.9544064998626709, 0.0], [0.8463010191917419, 0.4414491057395935, -0.29815641045570374, 0.0], [0.0, 0.0, 0.0, 1.0]]}, "carpals": {"matrix": [[-0.23326945304870605, -0.5949466824531555, -0.7691707015037537, 0.18755000829696655], [0.9202399849891663, 0.12054593116044998, -0.372326135635376, -0.6227051019668579], [0.3142348527908325, -0.7946740388870239, 0.5193740725517273, 2.3795058727264404], [0.0, 0.0, 0.0, 1.0]]}, "metacarpals": {"matrix": [[-0.43699175119400024, -0.6996695399284363, -0.5652437210083008, -0.39192450046539307], [0.8359151482582092, -0.08388875424861908, -0.5424097180366516, -0.505294144153595], [0.33209025859832764, -0.7095244526863098, 0.6215230822563171, 1.605498194694519], [0.0, 0.0, 0.0, 1.0]]}, "finger5joint1": {"matrix": [[-0.49755242466926575, -0.7794549465179443, -0.38064587116241455, -0.48200446367263794], [0.8355864882469177, -0.31286075711250305, -0.4515674412250519, -0.4767115116119385], [0.2328876107931137, -0.5427411198616028, 0.8069666624069214, 0.8866495490074158], [0.0, 0.0, 0.0, 1.0]]}, "finger5joint2": {"matrix": [[-0.2586943209171295, -0.8371174335479736, 0.4819864332675934, -1.305321216583252], [-0.4555312395095825, -0.3342798054218292, -0.8250744938850403, -0.807177722454071], [0.8518027663230896, -0.4330020248889923, -0.29485729336738586, 0.31336709856987], [0.0, 0.0, 0.0, 1.0]]}, "finger5joint3": {"matrix": [[-0.36185523867607117, -0.8821060657501221, 0.30157747864723206, -1.8807011842727661], [-0.43863096833229065, -0.12434994429349899, -0.8900222182273865, -1.0369399785995483], [0.8225952982902527, -0.45434048771858215, -0.341922789812088, 0.015749633312225342], [0.0, 0.0, 0.0, 1.0]]}, "Bone": {"matrix": [[0.6690398454666138, -0.4514991044998169, -0.5903676748275757, -1.4843028783798218], [0.2575685679912567, 0.8859568238258362, -0.3856666088104248, -0.6362677216529846], [0.6971684694290161, 0.10596639662981033, 0.709032416343689, 0.49773359298706055], [0.0, 0.0, 0.0, 1.0]]}, "finger1joint1": {"matrix": [[-0.04467219114303589, -0.5053862929344177, -0.8617358803749084, -1.8600349426269531], [0.5366685390472412, 0.7154186367988586, -0.4473957121372223, 0.10101458430290222], [0.8426097631454468, -0.48245254158973694, 0.23926563560962677, 0.5859175324440002], [0.0, 0.0, 0.0, 1.0]]}, "finger1joint2": {"matrix": [[0.22992777824401855, -0.2292894423007965, -0.9458114504814148, -2.1456682682037354], [0.6329824328422546, 0.773435652256012, -0.033622391521930695, 0.5053536891937256], [0.7392337322235107, -0.590951144695282, 0.32297059893608093, 0.3132457733154297], [0.0, 0.0, 0.0, 1.0]]}, "finger1joint3": {"matrix": [[0.14121684432029724, 0.2139323204755783, -0.9665870666503906, -2.2439610958099365], [0.5975196361541748, 0.7600533366203308, 0.2555173337459564, 0.8369128704071045], [0.7893213629722595, -0.6136379837989807, -0.020496290177106857, 0.05991475284099579], [0.0, 0.0, 0.0, 1.0]]}, "Bone.001": {"matrix": [[0.40226972103118896, -0.8321495056152344, -0.38171449303627014, -1.4843028783798218], [0.4947172999382019, 0.5484011173248291, -0.6741740703582764, -0.6362677216529846], [0.770346462726593, 0.08235923200845718, 0.6322839260101318, 0.49773359298706055], [0.0, 0.0, 0.0, 1.0]]}, "finger2joint1": {"matrix": [[-0.2441585808992386, -0.8398054242134094, -0.48488467931747437, -2.011788845062256], [0.822485089302063, 0.08554574102163315, -0.5623164772987366, -0.2886452078819275], [0.5137165188789368, -0.5361048579216003, 0.6698407530784607, 0.5499398112297058], [0.0, 0.0, 0.0, 1.0]]}, "finger2joint2": {"matrix": [[-0.2732445299625397, 0.21760694682598114, -0.9370082020759583, -2.7383456230163574], [0.8752822875976562, 0.46029770374298096, -0.14834679663181305, -0.21463541686534882], [0.399021714925766, -0.8606815934181213, -0.3162412643432617, 0.08612923324108124], [0.0, 0.0, 0.0, 1.0]]}, "finger2joint3": {"matrix": [[-0.16165761649608612, 0.978951632976532, 0.12458007782697678, -2.655738353729248], [0.9320314526557922, 0.10996868461370468, 0.34528815746307373, -0.03989885747432709], [0.3243207633495331, 0.1719309389591217, -0.9301910996437073, -0.2405996322631836], [0.0, 0.0, 0.0, 1.0]]}, "Bone.002": {"matrix": [[-0.28593623638153076, -0.9157800674438477, -0.28211188316345215, -1.4843027591705322], [0.7475230693817139, -0.028973756358027458, -0.6636035442352295, -0.6362677216529846], [0.5995413064956665, -0.40063339471817017, 0.6928513050079346, 0.49773359298706055], [0.0, 0.0, 0.0, 1.0]]}, "finger3joint1": {"matrix": [[-0.3659757673740387, -0.9146576523780823, 0.17164748907089233, -1.8703136444091797], [0.8384140133857727, -0.4041038751602173, -0.3657348155975342, -0.6484804749488831], [0.40388593077659607, 0.010061584413051605, 0.9147539734840393, 0.32886260747909546], [0.0, 0.0, 0.0, 1.0]]}, "finger3joint2": {"matrix": [[-0.5123791694641113, 0.2500484883785248, -0.8215491771697998, -2.6726341247558594], [0.7775171995162964, 0.5412489771842957, -0.32018202543258667, -1.0029529333114624], [0.3646019399166107, -0.8028232455253601, -0.4717416763305664, 0.33768850564956665], [0.0, 0.0, 0.0, 1.0]]}, "finger3joint3": {"matrix": [[-0.35388118028640747, 0.9314653873443604, -0.08449840545654297, -2.5108327865600586], [0.8461699485778809, 0.35734066367149353, 0.3953531086444855, -0.6527214050292969], [0.3984527885913849, 0.06840785592794418, -0.9146341681480408, -0.1818026602268219], [0.0, 0.0, 0.0, 1.0]]}, "Bone.003": {"matrix": [[-0.8137841820716858, -0.3334883451461792, 0.4759627878665924, -1.4843029975891113], [0.12690967321395874, -0.9011849164962769, -0.4144388735294342, -0.6362676620483398], [0.5671411752700806, -0.27685973048210144, 0.7756929397583008, 0.49773356318473816], [0.0, 0.0, 0.0, 1.0]]}, "finger4joint1": {"matrix": [[-0.5698745846748352, -0.6774618625640869, -0.46506762504577637, -1.6272423267364502], [0.799528956413269, -0.3264566659927368, -0.5041618943214417, -1.0225329399108887], [0.1897263526916504, -0.6591442227363586, 0.7276898622512817, 0.3790661096572876], [0.0, 0.0, 0.0, 1.0]]}, "finger4joint2": {"matrix": [[-0.5941285490989685, -0.12699437141418457, -0.7942814826965332, -2.3002052307128906], [0.781950831413269, 0.14032062888145447, -0.6073406338691711, -1.3468217849731445], [0.18858322501182556, -0.981927752494812, 0.015934856608510017, -0.27570077776908875], [0.0, 0.0, 0.0, 1.0]]}, "finger4joint3": {"matrix": [[-0.5698327422142029, 0.33685868978500366, -0.749544084072113, -2.3531699180603027], [0.7763808369636536, 0.519601047039032, -0.35671719908714294, -1.2882992029190063], [0.2693009078502655, -0.7852010130882263, -0.5576164722442627, -0.685226321220398], [0.0, 0.0, 0.0, 1.0]]}}