{"root": {"matrix": [[0.5087940096855164, -0.4982590973377228, -0.7020445466041565, -2.9802322387695312e-08], [-0.832308828830719, -0.0763222873210907, -0.5490327477455139, 0.0], [0.21997885406017303, 0.8636624217033386, -0.45353779196739197, 0.0], [0.0, 0.0, 0.0, 1.0]]}, "carpals": {"matrix": [[0.5883839726448059, -0.7857624292373657, -0.1907396763563156, 0.7418485283851624], [0.6408729553222656, 0.3093479573726654, 0.7025562524795532, -1.8952244520187378], [-0.4930373728275299, -0.5356128215789795, 0.6855894327163696, 1.393832802772522], [0.0, 0.0, 0.0, 1.0]]}, "metacarpals": {"matrix": [[0.28777146339416504, -0.7259135246276855, 0.6246895790100098, -0.023479342460632324], [-0.022883832454681396, 0.6468833088874817, 0.7622452974319458, -1.593921422958374], [-0.957425594329834, -0.23364774882793427, 0.16954293847084045, 0.8721492290496826], [0.0, 0.0, 0.0, 1.0]]}, "finger5joint1": {"matrix": [[0.2960260808467865, -0.8414708971977234, 0.4519902169704437, -0.7452070116996765], [0.06989315152168274, 0.491012841463089, 0.8683437705039978, -1.5343126058578491], [-0.952619194984436, -0.22546136379241943, 0.2041657567024231, 0.8370643854141235], [0.0, 0.0, 0.0, 1.0]]}, "finger5joint2": {"matrix": [[0.4805133640766144, -0.5791541337966919, -0.6585491299629211, -1.6340293884277344], [0.8476638197898865, 0.49927279353141785, 0.1794213056564331, -1.015669345855713], [0.22488321363925934, -0.6444426774978638, 0.7308356165885925, 0.5989158153533936], [0.0, 0.0, 0.0, 1.0]]}, "finger5joint3": {"matrix": [[0.45987164974212646, -0.455020546913147, -0.7625443339347839, -2.032102346420288], [0.8794025778770447, 0.35247325897216797, 0.32002022862434387, -0.6725015640258789], [0.12316082417964935, -0.817751944065094, 0.5622390508651733, 0.1559678167104721], [0.0, 0.0, 0.0, 1.0]]}, "Bone": {"matrix": [[0.7061880230903625, 0.05960877239704132, 0.7055105566978455, -1.156831979751587], [-0.7047731876373291, -0.0361969992518425, 0.7085083723068237, -0.5839569568634033], [0.06777068227529526, -0.9975652694702148, 0.016448821872472763, 0.5073602199554443], [0.0, 0.0, 0.0, 1.0]]}, "finger1joint1": {"matrix": [[0.5547329783439636, -0.7528204917907715, 0.3543056547641754, -1.1072262525558472], [-0.14948920905590057, 0.3287241458892822, 0.9325196743011475, -0.6140797138214111], [-0.8184888958930969, -0.570264458656311, 0.06981567293405533, -0.3228013217449188], [0.0, 0.0, 0.0, 1.0]]}, "finger1joint2": {"matrix": [[0.4354667067527771, -0.8614051938056946, 0.2614378035068512, -1.5327039957046509], [-0.43284812569618225, 0.05428193882107735, 0.8998308777809143, -0.4282918870449066], [-0.7893105149269104, -0.5050093531608582, -0.3492196500301361, -0.6451023817062378], [0.0, 0.0, 0.0, 1.0]]}, "finger1joint3": {"matrix": [[0.49101218581199646, -0.8545044660568237, -0.16949644684791565, -1.9019744396209717], [-0.34119272232055664, -0.36765527725219727, 0.8651108145713806, -0.40502211451530457], [-0.8015576004981995, -0.3669491112232208, -0.47207391262054443, -0.861591637134552], [0.0, 0.0, 0.0, 1.0]]}, "Bone.001": {"matrix": [[0.762669026851654, 0.03759346902370453, 0.6456953883171082, -1.1568318605422974], [-0.5866899490356445, 0.4604533016681671, 0.6661660075187683, -0.5839569568634033], [-0.2722690999507904, -0.8868873119354248, 0.3732292950153351, 0.5073602199554443], [0.0, 0.0, 0.0, 1.0]]}, "finger2joint1": {"matrix": [[0.6097646951675415, -0.44080713391304016, 0.6586925387382507, -1.1330020427703857], [-0.26756882667541504, 0.667793869972229, 0.694591760635376, -0.29208311438560486], [-0.7460519671440125, -0.5997833013534546, 0.28925102949142456, -0.05482316017150879], [0.0, 0.0, 0.0, 1.0]]}, "finger2joint2": {"matrix": [[0.5039118528366089, -0.6606931686401367, 0.5563786625862122, -1.5143656730651855], [-0.26912227272987366, 0.49198102951049805, 0.8279657959938049, 0.28565800189971924], [-0.8207593560218811, -0.5669556856155396, 0.07010788470506668, -0.5737250447273254], [0.0, 0.0, 0.0, 1.0]]}, "finger2joint3": {"matrix": [[0.3730632960796356, -0.8820298314094543, 0.28783130645751953, -1.7651758193969727], [-0.2838146984577179, 0.18686749041080475, 0.9404941201210022, 0.4724220633506775], [-0.8833304643630981, -0.432554692029953, -0.18061964213848114, -0.7889506816864014], [0.0, 0.0, 0.0, 1.0]]}, "Bone.002": {"matrix": [[0.5626147985458374, -0.42569881677627563, 0.7086924910545349, -1.156831979751587], [-0.10987270623445511, 0.8111279010772705, 0.5744554996490479, -0.5839570164680481], [-0.8193854093551636, -0.40106311440467834, 0.4095799922943115, 0.5073602199554443], [0.0, 0.0, 0.0, 1.0]]}, "finger3joint1": {"matrix": [[0.4193042814731598, -0.08081386238336563, 0.904241681098938, -1.3362681865692139], [-0.1901227831840515, 0.966126561164856, 0.17450623214244843, -0.24205845594406128], [-0.887714684009552, -0.24508807063102722, 0.38973644375801086, 0.33830806612968445], [0.0, 0.0, 0.0, 1.0]]}, "finger3joint2": {"matrix": [[0.3658529222011566, -0.7112711071968079, 0.6002042293548584, -1.4071567058563232], [-0.04158933088183403, 0.6317750811576843, 0.7740350365638733, 0.6054099798202515], [-0.9297429919242859, -0.3081449568271637, 0.2015555500984192, 0.12332133203744888], [0.0, 0.0, 0.0, 1.0]]}, "finger3joint3": {"matrix": [[0.22396378219127655, -0.9218882322311401, 0.3161681294441223, -1.8674062490463257], [-0.13976508378982544, 0.2906744182109833, 0.9465588927268982, 1.0142191648483276], [-0.9645236730575562, -0.2561841309070587, -0.06374714523553848, -0.07607320696115494], [0.0, 0.0, 0.0, 1.0]]}, "Bone.003": {"matrix": [[0.5381245017051697, -0.25254032015800476, 0.8041426539421082, -1.1568318605422974], [0.6530906558036804, 0.7280391454696655, -0.20840181410312653, -0.5839570164680481], [-0.5328174233436584, 0.637324333190918, 0.556707501411438, 0.5073601007461548], [0.0, 0.0, 0.0, 1.0]]}, "finger4joint1": {"matrix": [[0.580599308013916, -0.3557886779308319, 0.7323378324508667, -1.2650755643844604], [-0.3760462701320648, 0.6806017160415649, 0.6287844777107239, -0.2719052731990814], [-0.7221450209617615, -0.6404647827148438, 0.2613639831542969, 0.7805297374725342], [0.0, 0.0, 0.0, 1.0]]}, "finger4joint2": {"matrix": [[0.586324155330658, -0.8094925284385681, 0.030751490965485573, -1.6185014247894287], [-0.3481338322162628, -0.21751701831817627, 0.911859929561615, 0.4041765630245209], [-0.7314550280570984, -0.5453512668609619, -0.40934717655181885, 0.14431831240653992], [0.0, 0.0, 0.0, 1.0]]}, "finger4joint3": {"matrix": [[0.6510719060897827, -0.6077244877815247, -0.45472636818885803, -1.9561108350753784], [-0.3421495258808136, -0.7697677612304688, 0.5388790965080261, 0.31345829367637634], [-0.6775239109992981, -0.1952648162841797, -0.7091069221496582, -0.0831274688243866], [0.0, 0.0, 0.0, 1.0]]}}