{"root": {"matrix": [[0.19966626167297363, -0.9217135906219482, 0.3325318694114685, -5.960464477539063e-08], [0.8177125453948975, -0.030248206108808517, -0.574831485748291, 0.0], [0.5398885607719421, 0.3866899311542511, 0.7476571798324585, 2.9802322387695312e-08], [0.0, 0.0, 0.0, 1.0]]}, "carpals": {"matrix": [[-0.8173215985298157, 0.005009230691939592, -0.5761597752571106, -0.48803359270095825], [0.5072471499443054, -0.4680328369140625, -0.7236334681510925, 1.8842544555664062], [-0.27328652143478394, -0.8836966753005981, 0.3799925148487091, 1.5153858661651611], [0.0, 0.0, 0.0, 1.0]]}, "metacarpals": {"matrix": [[-0.7696974873542786, -0.5289940237998962, 0.3573945462703705, -0.48315465450286865], [0.20272226631641388, -0.7333698868751526, -0.6489006876945496, 1.4283931255340576], [0.6053670048713684, -0.4270053505897522, 0.6717118620872498, 0.6546706557273865], [0.0, 0.0, 0.0, 1.0]]}, "finger5joint1": {"matrix": [[-0.699057400226593, -0.6477328538894653, 0.30292031168937683, -0.7970002293586731], [0.18024638295173645, -0.5695652365684509, -0.8019391894340515, 1.241247296333313], [0.6919752955436707, -0.5060011744499207, 0.5149103403091431, 0.02845025062561035], [0.0, 0.0, 0.0, 1.0]]}, "finger5joint2": {"matrix": [[0.37632787227630615, -0.6083055734634399, 0.6988139748573303, -1.48118257522583], [-0.7673816084861755, -0.6272889375686646, -0.1327914595603943, 0.6396312713623047], [0.5191361904144287, -0.48628389835357666, -0.7028691172599792, -0.5060248374938965], [0.0, 0.0, 0.0, 1.0]]}, "finger5joint3": {"matrix": [[0.27884989976882935, -0.7643921375274658, 0.5813319087028503, -1.8992924690246582], [-0.8141114115715027, -0.5092428922653198, -0.27909451723098755, 0.20847362279891968], [0.5093769431114197, -0.39544346928596497, -0.7643029689788818, -0.8402647972106934], [0.0, 0.0, 0.0, 1.0]]}, "Bone": {"matrix": [[0.37161147594451904, -0.8939943313598633, 0.25035756826400757, -1.309061050415039], [0.8081008791923523, 0.1787261664867401, -0.5612751245498657, 0.28339916467666626], [0.4570312201976776, 0.41089048981666565, 0.7888543009757996, -0.012003213167190552], [0.0, 0.0, 0.0, 1.0]]}, "finger1joint1": {"matrix": [[-0.21305403113365173, -0.9169524908065796, -0.3373514711856842, -2.053032159805298], [0.3421144187450409, 0.25340649485588074, -0.9048439860343933, 0.43213286995887756], [0.9151859879493713, -0.3081934154033661, 0.2597135007381439, 0.3299347460269928], [0.0, 0.0, 0.0, 1.0]]}, "finger1joint2": {"matrix": [[-0.08184626698493958, 0.2684628963470459, -0.9598066210746765, -2.5712738037109375], [0.5962193608283997, 0.7848970293998718, 0.1686980426311493, 0.5753527879714966], [0.7986384630203247, -0.5584480166435242, -0.22430361807346344, 0.15575051307678223], [0.0, 0.0, 0.0, 1.0]]}, "finger1joint3": {"matrix": [[-0.18842169642448425, 0.8072469830513, -0.5593295097351074, -2.456188440322876], [0.5810396075248718, 0.5507891774177551, 0.5991862416267395, 0.9118251800537109], [0.7917639017105103, -0.21209295094013214, -0.5728230476379395, -0.08364696800708771], [0.0, 0.0, 0.0, 1.0]]}, "Bone.001": {"matrix": [[0.07402309030294418, -0.826445460319519, 0.5581291913986206, -1.309061050415039], [0.7487383484840393, -0.3236188590526581, -0.5784993171691895, 0.28339916467666626], [0.6587192416191101, 0.46071508526802063, 0.5948362350463867, -0.012003213167190552], [0.0, 0.0, 0.0, 1.0]]}, "finger2joint1": {"matrix": [[-0.7054510116577148, -0.5783408284187317, 0.4097077548503876, -1.8329315185546875], [0.30680230259895325, -0.7702783346176147, -0.5590558052062988, 0.07826244831085205], [0.6389138102531433, -0.26868709921836853, 0.7208300232887268, 0.2800365090370178], [0.0, 0.0, 0.0, 1.0]]}, "finger2joint2": {"matrix": [[-0.7896918654441833, -0.317367285490036, -0.5250377058982849, -2.333282232284546], [0.2862333357334137, 0.5663578510284424, -0.7728577256202698, -0.5881430506706238], [0.5426390767097473, -0.7606027722358704, -0.35640695691108704, 0.04758217930793762], [0.0, 0.0, 0.0, 1.0]]}, "finger2joint3": {"matrix": [[-0.7707879543304443, 0.5503320097923279, -0.3209678530693054, -2.4537603855133057], [0.41720858216285706, 0.816769003868103, 0.3985286355018616, -0.3731442987918854], [0.481479674577713, 0.17327038943767548, -0.8591590523719788, -0.24115511775016785], [0.0, 0.0, 0.0, 1.0]]}, "Bone.002": {"matrix": [[-0.5319827795028687, -0.5759578347206116, 0.6206985712051392, -1.3090612888336182], [0.3200337588787079, -0.8154219388961792, -0.48235392570495605, 0.28339919447898865], [0.7839468121528625, -0.05795940384268761, 0.6181163787841797, -0.012003229930996895], [0.0, 0.0, 0.0, 1.0]]}, "finger3joint1": {"matrix": [[-0.5115095376968384, -0.2725570797920227, 0.8149052262306213, -1.551833152770996], [0.5874651670455933, -0.8030267357826233, 0.10016283392906189, -0.06030935049057007], [0.6270906925201416, 0.5299627184867859, 0.5708735585212708, -0.03643369674682617], [0.0, 0.0, 0.0, 1.0]]}, "finger3joint2": {"matrix": [[-0.579394519329071, -0.7750774025917053, -0.2521049678325653, -1.7909152507781982], [0.44876453280448914, -0.045164257287979126, -0.8925079703330994, -0.7647096514701843], [0.6803766489028931, -0.6302499175071716, 0.373995304107666, 0.42843979597091675], [0.0, 0.0, 0.0, 1.0]]}, "finger3joint3": {"matrix": [[-0.5664792060852051, 0.26064398884773254, -0.7817710041999817, -2.292452573776245], [0.589660108089447, 0.7909120321273804, -0.1635817587375641, -0.7939345240592957], [0.5756754875183105, -0.5536449551582336, -0.6017266511917114, 0.020617499947547913], [0.0, 0.0, 0.0, 1.0]]}, "Bone.003": {"matrix": [[-0.3172640800476074, 0.4516547918319702, 0.8338773250579834, -1.3090611696243286], [-0.465420663356781, -0.840282142162323, 0.27804577350616455, 0.28339916467666626], [0.8262729048728943, -0.2998897433280945, 0.476800799369812, -0.012003213167190552], [0.0, 0.0, 0.0, 1.0]]}, "finger4joint1": {"matrix": [[-0.7356547713279724, -0.553125262260437, 0.39097851514816284, -1.1154731512069702], [0.25402334332466125, -0.7603721618652344, -0.5977507829666138, -0.07676202058792114], [0.6279203295707703, -0.34042054414749146, 0.6998782157897949, -0.14054179191589355], [0.0, 0.0, 0.0, 1.0]]}, "finger4joint2": {"matrix": [[-0.7404537200927734, -0.6538717150688171, 0.1554979681968689, -1.6649250984191895], [0.22493642568588257, -0.45910391211509705, -0.8594340682029724, -0.832084596157074], [0.6333494186401367, -0.6013940572738647, 0.4870249330997467, -0.4787015914916992], [0.0, 0.0, 0.0, 1.0]]}, "finger4joint3": {"matrix": [[-0.6857324838638306, -0.7235361337661743, -0.07915735244750977, -1.9376307725906372], [0.2748695909976959, -0.15672531723976135, -0.948621928691864, -1.0235599279403687], [0.6739563345909119, -0.6722589731216431, 0.30634987354278564, -0.7295207977294922], [0.0, 0.0, 0.0, 1.0]]}}