{"root": {"matrix": [[0.3780410587787628, -0.5015769004821777, 0.7781423926353455, 0.0], [0.3329828381538391, -0.7106016278266907, -0.6198126673698425, 0.0], [0.8638330101966858, 0.49342262744903564, -0.1016201376914978, 0.0], [0.0, 0.0, 0.0, 1.0]]}, "carpals": {"matrix": [[-0.8666455745697021, -0.3772643208503723, 0.32649168372154236, 0.2764946520328522], [-0.3066285252571106, -0.11347407102584839, -0.9450409412384033, 0.12716680765151978], [0.3935786783695221, -0.9191272258758545, -0.01733836531639099, 2.4479305744171143], [0.0, 0.0, 0.0, 1.0]]}, "metacarpals": {"matrix": [[-0.12659725546836853, -0.5058906674385071, 0.8532570004463196, -0.09095853567123413], [-0.9710363149642944, -0.11251472681760788, -0.21078139543533325, 0.01664373278617859], [0.202636256814003, -0.8552278280258179, -0.4769943654537201, 1.5527063608169556], [0.0, 0.0, 0.0, 1.0]]}, "finger5joint1": {"matrix": [[-0.33979520201683044, -0.6713244318962097, 0.6586823463439941, -0.7084434628486633], [-0.9116671681404114, 0.4071919023990631, -0.05529572069644928, 0.20952719449996948], [-0.2310887575149536, -0.6192882061004639, -0.7503864169120789, 1.2253183126449585], [0.0, 0.0, 0.0, 1.0]]}, "finger5joint2": {"matrix": [[0.7207396626472473, -0.6903204321861267, 0.06317730993032455, -1.4175448417663574], [-0.053913623094558716, 0.03504012152552605, 0.9979304671287537, 0.6396327018737793], [-0.691105842590332, -0.7226540446281433, -0.0119628282263875, 0.5711812973022461], [0.0, 0.0, 0.0, 1.0]]}, "finger5joint3": {"matrix": [[0.6485708951950073, -0.748539388179779, -0.13799983263015747, -1.8920263051986694], [-0.10526508837938309, -0.2677699625492096, 0.9577150344848633, 0.6637169718742371], [-0.7538399696350098, -0.6066194772720337, -0.25246280431747437, 0.07447579503059387], [0.0, 0.0, 0.0, 1.0]]}, "Bone": {"matrix": [[0.40626853704452515, -0.34344640374183655, 0.8467527031898499, -0.8807944059371948], [-0.021406913176178932, -0.9299981594085693, -0.36694014072418213, -0.15902292728424072], [0.9135026931762695, 0.13094983994960785, -0.3851813077926636, 0.21745821833610535], [0.0, 0.0, 0.0, 1.0]]}, "finger1joint1": {"matrix": [[0.07496898621320724, -0.5827071070671082, 0.8092167973518372, -1.1666063070297241], [-0.9159260988235474, -0.36110201478004456, -0.1751701831817627, -0.9329559803009033], [0.39428260922431946, -0.7280503511428833, -0.5607882738113403, 0.3264330327510834], [0.0, 0.0, 0.0, 1.0]]}, "finger1joint2": {"matrix": [[-0.16332364082336426, -0.9147830009460449, 0.3694554567337036, -1.4959396123886108], [-0.8116970658302307, -0.08826520293951035, -0.577370822429657, -1.1370429992675781], [0.5607790350914001, -0.3941839933395386, -0.7281109690666199, -0.08504526317119598], [0.0, 0.0, 0.0, 1.0]]}, "finger1joint3": {"matrix": [[-0.09139689803123474, -0.9311449527740479, -0.3530091643333435, -1.888092041015625], [-0.8622085452079773, 0.2513601779937744, -0.43978917598724365, -1.174880862236023], [0.4982399046421051, 0.26417237520217896, -0.8258145451545715, -0.2540254592895508], [0.0, 0.0, 0.0, 1.0]]}, "Bone.001": {"matrix": [[0.3629578948020935, -0.15802963078022003, 0.9183070659637451, -0.88079434633255], [-0.3778771460056305, -0.9258019924163818, -0.00996470358222723, -0.15902292728424072], [0.8517451882362366, -0.3433906137943268, -0.39574313163757324, 0.21745821833610535], [0.0, 0.0, 0.0, 1.0]]}, "finger2joint1": {"matrix": [[-0.08133279532194138, -0.7608053088188171, 0.643863320350647, -0.9809668064117432], [-0.9445563554763794, -0.14735044538974762, -0.2934294044971466, -0.7458736896514893], [0.31811609864234924, -0.6320305466651917, -0.706639289855957, -0.00021147727966308594], [0.0, 0.0, 0.0, 1.0]]}, "finger2joint2": {"matrix": [[-0.20895205438137054, -0.9627913236618042, -0.17138126492500305, -1.639176607131958], [-0.922836184501648, 0.25211918354034424, -0.29122012853622437, -0.8733538389205933], [0.3235926926136017, 0.09730604290962219, -0.9411795139312744, -0.5470120906829834], [0.0, 0.0, 0.0, 1.0]]}, "finger2joint3": {"matrix": [[-0.301847904920578, -0.4306298792362213, -0.8505558967590332, -2.0046679973602295], [-0.8580911159515381, 0.5114713311195374, 0.04556805640459061, -0.7776451706886292], [0.4154120087623596, 0.7436093091964722, -0.5239060521125793, -0.5100730657577515], [0.0, 0.0, 0.0, 1.0]]}, "Bone.002": {"matrix": [[0.13547442853450775, -0.2573082447052002, 0.9567857384681702, -0.8807944059371948], [-0.9161731600761414, -0.40017250180244446, 0.022105582058429718, -0.1590229570865631], [0.37719130516052246, -0.8795760869979858, -0.28995224833488464, 0.21745823323726654], [0.0, 0.0, 0.0, 1.0]]}, "finger3joint1": {"matrix": [[0.16489100456237793, -0.37340930104255676, 0.9128944277763367, -0.9892522692680359], [-0.7555446624755859, -0.642777144908905, -0.12645110487937927, -0.3276997208595276], [0.6340056657791138, -0.6688817143440247, -0.3881157338619232, -0.15329194068908691], [0.0, 0.0, 0.0, 1.0]]}, "finger3joint2": {"matrix": [[0.06823266297578812, -0.8975891470909119, 0.43552014231681824, -1.3168001174926758], [-0.8421956300735474, -0.2858433425426483, -0.45716536045074463, -0.8915319442749023], [0.5348371267318726, -0.3355993330478668, -0.7754496335983276, -0.7400226593017578], [0.0, 0.0, 0.0, 1.0]]}, "finger3joint3": {"matrix": [[-0.05059627443552017, -0.9936515092849731, 0.10048191994428635, -1.8976123332977295], [-0.7664527297019958, -0.025871774181723595, -0.6417794227600098, -1.0764955282211304], [0.640304684638977, -0.10948606580495834, -0.7602778673171997, -0.9571823477745056], [0.0, 0.0, 0.0, 1.0]]}, "Bone.003": {"matrix": [[0.4731352627277374, 0.263994961977005, 0.8405055403709412, -0.88079434633255], [-0.8055525422096252, 0.5159075856208801, 0.2914178669452667, -0.1590229868888855], [-0.3566904664039612, -0.814951479434967, 0.45675575733184814, 0.21745821833610535], [0.0, 0.0, 0.0, 1.0]]}, "finger4joint1": {"matrix": [[-0.32395434379577637, -0.6744163036346436, 0.6634877324104309, -0.7676408886909485], [-0.9451894760131836, 0.26101231575012207, -0.19618649780750275, 0.062105029821395874], [-0.040867049247026443, -0.6906769871711731, -0.7220073938369751, -0.13184583187103271], [0.0, 0.0, 0.0, 1.0]]}, "finger4joint2": {"matrix": [[-0.3264564573764801, -0.8776747584342957, 0.3508743345737457, -1.4375784397125244], [-0.94256991147995, 0.33001908659935, -0.05146772041916847, 0.3213840126991272], [-0.0706232488155365, -0.347525417804718, -0.9350069165229797, -0.8179360628128052], [0.0, 0.0, 0.0, 1.0]]}, "finger4joint3": {"matrix": [[-0.25746679306030273, -0.9628738760948181, 0.08114386349916458, -1.803624153137207], [-0.9658867716789246, 0.25886762142181396, 0.0070616803131997585, 0.45902273058891296], [-0.02780497446656227, -0.07655741274356842, -0.9966771602630615, -0.9628759622573853], [0.0, 0.0, 0.0, 1.0]]}}