{"root": {"matrix": [[0.3432970643043518, -0.4827081859111786, 0.805692195892334, -2.9802322387695312e-08], [0.5436200499534607, -0.5974133610725403, -0.5895545482635498, 0.0], [0.7659141421318054, 0.640382707118988, 0.057319559156894684, 0.0], [0.0, 0.0, 0.0, 1.0]]}, "carpals": {"matrix": [[-0.8549085259437561, -0.39988359808921814, 0.3304907977581024, 0.2132936716079712], [-0.18392474949359894, -0.3620438575744629, -0.9138357639312744, 0.7109061479568481], [0.4850802421569824, -0.8420314788818359, 0.2359658032655716, 2.3524675369262695], [0.0, 0.0, 0.0, 1.0]]}, "metacarpals": {"matrix": [[-0.19863148033618927, -0.47678202390670776, 0.8562850952148438, -0.17619049549102783], [-0.8819255828857422, -0.29414162039756775, -0.3683582544326782, 0.3582775890827179], [0.42749568819999695, -0.8283472657203674, -0.36206066608428955, 1.5323339700698853], [0.0, 0.0, 0.0, 1.0]]}, "finger5joint1": {"matrix": [[-0.5519907474517822, -0.5363404750823975, 0.6384707093238831, -0.7656702399253845], [-0.7866151332855225, 0.588982105255127, -0.18530124425888062, 0.4966983199119568], [-0.2766631841659546, -0.6045152544975281, -0.747006356716156, 1.1335508823394775], [0.0, 0.0, 0.0, 1.0]]}, "finger5joint2": {"matrix": [[0.635995090007782, -0.7472045421600342, 0.19286006689071655, -1.3321917057037354], [-0.19554072618484497, 0.0857197493314743, 0.9769419431686401, 1.1188236474990845], [-0.7465077042579651, -0.6590421199798584, -0.09159158915281296, 0.4950180649757385], [0.0, 0.0, 0.0, 1.0]]}, "finger5joint3": {"matrix": [[0.5518754720687866, -0.8337511420249939, -0.017084848135709763, -1.8457717895507812], [-0.24017122387886047, -0.17852626740932465, 0.9541727900505066, 1.1777418851852417], [-0.7985930442810059, -0.5224811434745789, -0.2987672984600067, 0.042035311460494995], [0.0, 0.0, 0.0, 1.0]]}, "Bone": {"matrix": [[0.3662320375442505, -0.4091807007789612, 0.8357301950454712, -0.9205795526504517], [0.18447245657444, -0.848376989364624, -0.4962118864059448, -0.10095912218093872], [0.9120545983314514, 0.33589792251586914, -0.23522044718265533, 0.23905396461486816], [0.0, 0.0, 0.0, 1.0]]}, "finger1joint1": {"matrix": [[-0.04439413547515869, -0.46820831298828125, 0.8825020790100098, -1.2610948085784912], [-0.8164202570915222, -0.4920997619628906, -0.30215170979499817, -0.806968092918396], [0.5757489800453186, -0.7339062094688416, -0.36040857434272766, 0.5185840129852295], [0.0, 0.0, 0.0, 1.0]]}, "finger1joint2": {"matrix": [[-0.3015972971916199, -0.8119170069694519, 0.49982964992523193, -1.525715947151184], [-0.6756556034088135, -0.18787690997123718, -0.7128756642341614, -1.0850921869277954], [0.6727023720741272, -0.5527138710021973, -0.49191316962242126, 0.10379613935947418], [0.0, 0.0, 0.0, 1.0]]}, "finger1joint3": {"matrix": [[-0.21943655610084534, -0.971501886844635, -0.08961907029151917, -1.8737714290618896], [-0.7370270490646362, 0.22525723278522491, -0.6372207403182983, -1.165631890296936], [0.6392485499382019, -0.07377761602401733, -0.7654527425765991, -0.13314320147037506], [0.0, 0.0, 0.0, 1.0]]}, "Bone.001": {"matrix": [[0.30204108357429504, -0.2046298235654831, 0.9310733079910278, -0.9205795526504517], [-0.17329475283622742, -0.9722024202346802, -0.15745218098163605, -0.10095912218093872], [0.9374111294746399, -0.11379315704107285, -0.32910653948783875, 0.23905393481254578], [0.0, 0.0, 0.0, 1.0]]}, "finger2joint1": {"matrix": [[-0.1564825028181076, -0.6841930747032166, 0.7123150825500488, -1.0502910614013672], [-0.830051064491272, -0.2997617721557617, -0.47027426958084106, -0.7172223329544067], [0.5352832078933716, -0.6648475527763367, -0.5210078954696655, 0.16692233085632324], [0.0, 0.0, 0.0, 1.0]]}, "finger2joint2": {"matrix": [[-0.2828685939311981, -0.9532876014709473, -0.10596121102571487, -1.6422200202941895], [-0.8067321181297302, 0.29621535539627075, -0.5113116502761841, -0.9765608906745911], [0.5188145041465759, -0.05915147066116333, -0.8528377413749695, -0.40826982259750366], [0.0, 0.0, 0.0, 1.0]]}, "finger2joint3": {"matrix": [[-0.3797343969345093, -0.4318387806415558, -0.8181177973747253, -2.004103660583496], [-0.7184972763061523, 0.6947359442710876, -0.03321737051010132, -0.8641127347946167], [0.5827204585075378, 0.5752017498016357, -0.5740900039672852, -0.4307246804237366], [0.0, 0.0, 0.0, 1.0]]}, "Bone.002": {"matrix": [[0.05912536010146141, -0.24694955348968506, 0.9672228097915649, -0.920579731464386], [-0.7995930910110474, -0.5917795896530151, -0.10221387445926666, -0.10095913708209991], [0.5976243615150452, -0.7673411965370178, -0.232448548078537, 0.23905394971370697], [0.0, 0.0, 0.0, 1.0]]}, "finger3joint1": {"matrix": [[0.004633928183466196, -0.3573819100856781, 0.9339467287063599, -1.0246714353561401], [-0.6856032013893127, -0.6810265779495239, -0.2571984529495239, -0.3504002094268799], [0.7279607057571411, -0.639124870300293, -0.24817818403244019, -0.08438807725906372], [0.0, 0.0, 0.0, 1.0]]}, "finger3joint2": {"matrix": [[-0.08816851675510406, -0.876215398311615, 0.47378551959991455, -1.3381602764129639], [-0.7741634249687195, -0.23902627825737, -0.5861206650733948, -0.9477841854095459], [0.6268151998519897, -0.4184645712375641, -0.6572594046592712, -0.6450166702270508], [0.0, 0.0, 0.0, 1.0]]}, "finger3joint3": {"matrix": [[-0.20994916558265686, -0.9701486825942993, 0.12137874960899353, -1.9051419496536255], [-0.6754659414291382, 0.05416883900761604, -0.7353988289833069, -1.102453351020813], [0.7068713307380676, -0.23638339340686798, -0.6666750311851501, -0.9157967567443848], [0.0, 0.0, 0.0, 1.0]]}, "Bone.003": {"matrix": [[0.4331122934818268, 0.3306252658367157, 0.8385109305381775, -0.9205796718597412], [-0.8932015299797058, 0.2821696996688843, 0.35010164976119995, -0.10095914453268051], [-0.12085004150867462, -0.9005926251411438, 0.4175260365009308, 0.23905394971370697], [0.0, 0.0, 0.0, 1.0]]}, "finger4joint1": {"matrix": [[-0.43768712878227234, -0.6855615973472595, 0.5817517042160034, -0.7788671255111694], [-0.889578104019165, 0.2361341118812561, -0.39101308584213257, 0.019984260201454163], [0.130692258477211, -0.688654899597168, -0.7132135629653931, -0.14695757627487183], [0.0, 0.0, 0.0, 1.0]]}, "finger4joint2": {"matrix": [[-0.44197195768356323, -0.8570995330810547, 0.2646521329879761, -1.4598759412765503], [-0.8913159370422363, 0.3863658905029297, -0.23722748458385468, 0.2545502185821533], [0.10107512772083282, -0.3407364785671234, -0.9347096085548401, -0.8310390710830688], [0.0, 0.0, 0.0, 1.0]]}, "finger4joint3": {"matrix": [[-0.37301912903785706, -0.9278002381324768, -0.006558617111295462, -1.81734037399292], [-0.9167821407318115, 0.36965835094451904, -0.15120439231395721, 0.4156891107559204], [0.1427120417356491, -0.0503891259431839, -0.9884805679321289, -0.9731476306915283], [0.0, 0.0, 0.0, 1.0]]}}