{"root": {"matrix": [[0.40200772881507874, -0.6099392771720886, 0.6829083561897278, -5.960464477539063e-08], [0.526348352432251, -0.45634549856185913, -0.7174302935600281, -2.9802322387695312e-08], [0.7492311000823975, 0.6478601694107056, 0.13758604228496552, 5.960464477539063e-08], [0.0, 0.0, 0.0, 1.0]]}, "carpals": {"matrix": [[-0.9270138144493103, -0.3739282488822937, -0.028683288022875786, 0.2353346049785614], [0.15519697964191437, -0.31287452578544617, -0.9370289444923401, 0.8243026733398438], [0.3414074778556824, -0.873090386390686, 0.34807148575782776, 2.3130345344543457], [0.0, 0.0, 0.0, 1.0]]}, "metacarpals": {"matrix": [[-0.575589120388031, -0.544334352016449, 0.6102433800697327, -0.12886929512023926], [-0.5472412705421448, -0.298115998506546, -0.7820829749107361, 0.5195647478103638], [0.6076380014419556, -0.7841087579727173, -0.12629005312919617, 1.4626495838165283], [0.0, 0.0, 0.0, 1.0]]}, "finger5joint1": {"matrix": [[-0.6442188024520874, -0.6070863604545593, 0.4652182161808014, -0.5895425081253052], [-0.6596724390983582, 0.1332162469625473, -0.7396522760391235, 0.7671846747398376], [0.3870583176612854, -0.7833895087242126, -0.48629871010780334, 0.9605148434638977], [0.0, 0.0, 0.0, 1.0]]}, "finger5joint2": {"matrix": [[0.46345600485801697, -0.868938148021698, 0.173649862408638, -1.2307909727096558], [-0.7485183477401733, -0.27901268005371094, 0.6015579104423523, 0.9078972935676575], [-0.47426638007164, -0.40877553820610046, -0.7797264456748962, 0.13304221630096436], [0.0, 0.0, 0.0, 1.0]]}, "finger5joint3": {"matrix": [[0.37004584074020386, -0.9144017696380615, -0.16411824524402618, -1.8280425071716309], [-0.8032748103141785, -0.4036768972873688, 0.43794310092926025, 0.7161221504211426], [-0.46670690178871155, -0.03022671863436699, -0.8838949799537659, -0.1479235589504242], [0.0, 0.0, 0.0, 1.0]]}, "Bone": {"matrix": [[0.39531078934669495, -0.7479898929595947, 0.5331419110298157, -0.978726327419281], [0.2750706672668457, -0.4573822617530823, -0.845658004283905, 0.0541229248046875], [0.87639319896698, 0.4809495508670807, 0.024941785261034966, 0.23843815922737122], [0.0, 0.0, 0.0, 1.0]]}, "finger1joint1": {"matrix": [[-0.35493606328964233, -0.2358362376689911, 0.9046554565429688, -1.6011942625045776], [-0.4569588601589203, -0.8004270195960999, -0.3879498541355133, -0.3265049159526825], [0.8156033158302307, -0.5510876774787903, 0.1763327568769455, 0.6386784315109253], [0.0, 0.0, 0.0, 1.0]]}, "finger1joint2": {"matrix": [[-0.6087235808372498, -0.4725577235221863, 0.6372948288917542, -1.7344838380813599], [-0.301046222448349, -0.6056138277053833, -0.7366158962249756, -0.778889000415802], [0.7340481281280518, -0.640250563621521, 0.22638952732086182, 0.32721564173698425], [0.0, 0.0, 0.0, 1.0]]}, "finger1joint3": {"matrix": [[-0.5233045816421509, -0.7939163446426392, 0.3095950186252594, -1.9370614290237427], [-0.3516758978366852, -0.1297225058078766, -0.9270901083946228, -1.0385056734085083], [0.7761934995651245, -0.5940273404121399, -0.21131691336631775, 0.05275075137615204], [0.0, 0.0, 0.0, 1.0]]}, "Bone.001": {"matrix": [[0.1788884401321411, -0.6122345328330994, 0.7701736688613892, -0.9787262678146362], [0.002358888043090701, -0.7825316190719604, -0.6226062178611755, 0.0541229248046875], [0.983866274356842, 0.1131938248872757, -0.1385418176651001, 0.2384381890296936], [0.0, 0.0, 0.0, 1.0]]}, "finger2joint1": {"matrix": [[-0.516565203666687, -0.6612362265586853, 0.5439914464950562, -1.366811752319336], [-0.48844364285469055, -0.2942495346069336, -0.8214863538742065, -0.44191107153892517], [0.7032657861709595, -0.6900603771209717, -0.17097772657871246, 0.3101899027824402], [0.0, 0.0, 0.0, 1.0]]}, "finger2joint2": {"matrix": [[-0.622297465801239, -0.670403242111206, -0.4041101932525635, -1.9388794898986816], [-0.4350372850894928, 0.72537761926651, -0.5334507822990417, -0.6964807510375977], [0.650759756565094, -0.1561618596315384, -0.7430509924888611, -0.2868151068687439], [0.0, 0.0, 0.0, 1.0]]}, "finger2joint3": {"matrix": [[-0.6564698815345764, -0.0019311198266223073, -0.7543495297431946, -2.193375825881958], [-0.2995501756668091, 0.9184412956237793, 0.2583313286304474, -0.4211154878139496], [0.6923270225524902, 0.3955523371696472, -0.6035073399543762, -0.3460967242717743], [0.0, 0.0, 0.0, 1.0]]}, "Bone.002": {"matrix": [[-0.31080690026283264, -0.4711337089538574, 0.8254888653755188, -0.978726327419281], [-0.5341428518295288, -0.631806492805481, -0.5617044568061829, 0.05412289500236511], [0.7861871719360352, -0.6155105233192444, -0.0552830696105957, 0.2384382039308548], [0.0, 0.0, 0.0, 1.0]]}, "finger3joint1": {"matrix": [[-0.3606775403022766, -0.3232489824295044, 0.874883770942688, -1.1773139238357544], [-0.3462463319301605, -0.8245847225189209, -0.44740745425224304, -0.2121899127960205], [0.8660399913787842, -0.46429502964019775, 0.18548521399497986, -0.02100566029548645], [0.0, 0.0, 0.0, 1.0]]}, "finger3joint2": {"matrix": [[-0.4409172534942627, -0.7593727111816406, 0.4784817397594452, -1.4608620405197144], [-0.4546555280685425, -0.2706782817840576, -0.8485409021377563, -0.9355003237724304], [0.7738735675811768, -0.5916805267333984, -0.22590641677379608, -0.4282766878604889], [0.0, 0.0, 0.0, 1.0]]}, "finger3joint3": {"matrix": [[-0.5522264242172241, -0.8254724144935608, 0.11679540574550629, -1.9522372484207153], [-0.3183480501174927, 0.0793115496635437, -0.9446502923965454, -1.1106510162353516], [0.7705196142196655, -0.5588422417640686, -0.30658549070358276, -0.8111414909362793], [0.0, 0.0, 0.0, 1.0]]}, "Bone.003": {"matrix": [[-0.005454402416944504, 0.4358677268028259, 0.8999941349029541, -0.9787263870239258], [-0.9839256405830383, -0.16298876702785492, 0.0729723572731018, 0.05412290245294571], [0.1784951537847519, -0.8851293325424194, 0.4297502934932709, 0.2384382039308548], [0.0, 0.0, 0.0, 1.0]]}, "finger4joint1": {"matrix": [[-0.6005208492279053, -0.7549218535423279, 0.26356667280197144, -0.7919048070907593], [-0.5469349026679993, 0.14735208451747894, -0.8241051435470581, -0.015737250447273254], [0.5832980871200562, -0.6390460729598999, -0.5013812184333801, -0.1409454345703125], [0.0, 0.0, 0.0, 1.0]]}, "finger4joint2": {"matrix": [[-0.6124666333198547, -0.7894482612609863, -0.04068826884031296, -1.5418133735656738], [-0.5592249631881714, 0.46908560395240784, -0.6835391521453857, 0.1306362897157669], [0.5587052702903748, -0.3958909511566162, -0.7287786602973938, -0.7757475972175598], [0.0, 0.0, 0.0, 1.0]]}, "finger4joint3": {"matrix": [[-0.5440622568130493, -0.7906163334846497, -0.280929833650589, -1.871062994003296], [-0.5862234234809875, 0.5977278351783752, -0.5468667149543762, 0.3262745141983032], [0.6002814769744873, -0.13284173607826233, -0.7886791229248047, -0.9408590197563171], [0.0, 0.0, 0.0, 1.0]]}}