{"root": {"matrix": [[0.27535125613212585, -0.6856784820556641, 0.6738150119781494, 0.0], [0.3576233685016632, -0.5775468349456787, -0.7338563799858093, 0.0], [0.8923493027687073, 0.44304025173187256, 0.08618635684251785, 0.0], [0.0, 0.0, 0.0, 1.0]]}, "carpals": {"matrix": [[-0.9379311203956604, -0.3122408092021942, 0.15096570551395416, -0.12420815229415894], [-0.12253781408071518, -0.10886415094137192, -0.9864749908447266, 0.3259485065937042], [0.32445263862609863, -0.9437445998191833, 0.06384562700986862, 2.4419901371002197], [0.0, 0.0, 0.0, 1.0]]}, "metacarpals": {"matrix": [[-0.2774668335914612, -0.2995467185974121, 0.9128437638282776, -0.4283287227153778], [-0.9223699569702148, -0.18276797235012054, -0.3403371572494507, 0.2199154645204544], [0.26878541707992554, -0.9364119172096252, -0.22558102011680603, 1.522788405418396], [0.0, 0.0, 0.0, 1.0]]}, "finger5joint1": {"matrix": [[-0.32832756638526917, -0.5487639307975769, 0.768803596496582, -0.9260992407798767], [-0.9384629130363464, 0.2818756699562073, -0.19958294928073883, 0.4174632728099823], [-0.10718311369419098, -0.7870221138000488, -0.6075422763824463, 1.034040927886963], [0.0, 0.0, 0.0, 1.0]]}, "finger5joint2": {"matrix": [[0.6930180191993713, -0.6759681105613708, -0.2505844831466675, -1.5057432651519775], [-0.2761138081550598, -0.5699622631072998, 0.7738887667655945, 0.7152007222175598], [-0.6659480929374695, -0.4671288728713989, -0.5816381573677063, 0.20273134112358093], [0.0, 0.0, 0.0, 1.0]]}, "finger5joint3": {"matrix": [[0.6396263241767883, -0.5801539421081543, -0.5042807459831238, -1.9703600406646729], [-0.3703021705150604, -0.8074466586112976, 0.45924484729766846, 0.3234456777572632], [-0.6736127138137817, -0.10700869560241699, -0.7312962412834167, -0.11834272742271423], [0.0, 0.0, 0.0, 1.0]]}, "Bone": {"matrix": [[0.17480608820915222, -0.465423047542572, 0.8676543235778809, -0.896004319190979], [0.06622237712144852, -0.8736696243286133, -0.48199155926704407, -0.06543600559234619], [0.9823731184005737, 0.14171315729618073, -0.12190152704715729, 0.06078951805830002], [0.0, 0.0, 0.0, 1.0]]}, "finger1joint1": {"matrix": [[-0.2127954661846161, -0.6006773710250854, 0.7706520557403564, -1.2833237648010254], [-0.9002493023872375, -0.1860695779323578, -0.39361050724983215, -0.7924931645393372], [0.37982773780822754, -0.7775373458862305, -0.5011647343635559, 0.17872142791748047], [0.0, 0.0, 0.0, 1.0]]}, "finger1joint2": {"matrix": [[-0.4252655804157257, -0.9050674438476562, 0.0014339296612888575, -1.6228135824203491], [-0.7337626814842224, 0.343845933675766, -0.5859712362289429, -0.8976556658744812], [0.5298503637313843, -0.2502453327178955, -0.8103304505348206, -0.26072582602500916], [0.0, 0.0, 0.0, 1.0]]}, "finger1joint3": {"matrix": [[-0.38944196701049805, -0.5505163669586182, -0.7384216785430908, -2.010801076889038], [-0.8014514446258545, 0.5976227521896362, -0.022862715646624565, -0.7502545714378357], [0.4538838565349579, 0.5829054713249207, -0.673951268196106, -0.36800187826156616], [0.0, 0.0, 0.0, 1.0]]}, "Bone.001": {"matrix": [[0.10805945843458176, -0.17423757910728455, 0.9787564277648926, -0.896004319190979], [-0.2905751168727875, -0.947063684463501, -0.1365147829055786, -0.06543606519699097], [0.9507306218147278, -0.2696506679058075, -0.15296845138072968, 0.06078951805830002], [0.0, 0.0, 0.0, 1.0]]}, "finger2joint1": {"matrix": [[-0.2469170093536377, -0.5591619610786438, 0.791435182094574, -1.0064506530761719], [-0.8824109435081482, -0.20778940618038177, -0.42210689187049866, -0.6657642722129822], [0.4004778563976288, -0.802596390247345, -0.4421040713787079, -0.11013764142990112], [0.0, 0.0, 0.0, 1.0]]}, "finger2joint2": {"matrix": [[-0.3685489296913147, -0.8447292447090149, 0.3880772590637207, -1.4902091026306152], [-0.8547865748405457, 0.1438547968864441, -0.49864375591278076, -0.8455330729484558], [0.36539214849472046, -0.515497624874115, -0.7750808000564575, -0.8045030832290649], [0.0, 0.0, 0.0, 1.0]]}, "finger2joint3": {"matrix": [[-0.4961966872215271, -0.8417390584945679, -0.21275319159030914, -1.8108820915222168], [-0.7846483588218689, 0.539660632610321, -0.30511167645454407, -0.7909233570098877], [0.3716388940811157, 0.0155412582680583, -0.9282469749450684, -1.0001944303512573], [0.0, 0.0, 0.0, 1.0]]}, "Bone.002": {"matrix": [[-0.05944925919175148, -0.0856439396739006, 0.9945505261421204, -0.8960043787956238], [-0.8664425015449524, -0.49034494161605835, -0.09401682764291763, -0.06543608009815216], [0.49572473764419556, -0.8673099875450134, -0.045055091381073, 0.060789525508880615], [0.0, 0.0, 0.0, 1.0]]}, "finger3joint1": {"matrix": [[0.04532837122678757, -0.4293350577354431, 0.902006983757019, -0.9321041107177734], [-0.5671470165252686, -0.7543692588806152, -0.33056211471557617, -0.2721214294433594], [0.8223681449890137, -0.49658656120300293, -0.2776905596256256, -0.3047904074192047], [0.0, 0.0, 0.0, 1.0]]}, "finger3joint2": {"matrix": [[-0.058155421167612076, -0.9147397875785828, 0.39983606338500977, -1.3087090253829956], [-0.6660389304161072, -0.2627941071987152, -0.6980913281440735, -0.9338402152061462], [0.7436463832855225, -0.3069039285182953, -0.593969464302063, -0.740386962890625], [0.0, 0.0, 0.0, 1.0]]}, "finger3joint3": {"matrix": [[-0.16987669467926025, -0.9844980835914612, 0.04365018755197525, -1.9006191492080688], [-0.5513660907745361, 0.05824020132422447, -0.8322280645370483, -1.1038891077041626], [0.8167846202850342, -0.16544316709041595, -0.5527124404907227, -0.9389784336090088], [0.0, 0.0, 0.0, 1.0]]}, "Bone.003": {"matrix": [[0.45163288712501526, 0.5039175748825073, 0.7362709045410156, -0.8960043787956238], [-0.881243109703064, 0.38090378046035767, 0.27986204624176025, -0.06543608754873276], [-0.13942107558250427, -0.7752285599708557, 0.616102397441864, 0.060789525508880615], [0.0, 0.0, 0.0, 1.0]]}, "finger4joint1": {"matrix": [[-0.3673778474330902, -0.7561224699020386, 0.5415828824043274, -0.680015504360199], [-0.9187532067298889, 0.2044658362865448, -0.33776620030403137, 0.09782668948173523], [0.14465747773647308, -0.6216687560081482, -0.7698062658309937, -0.2714884281158447], [0.0, 0.0, 0.0, 1.0]]}, "finger4joint2": {"matrix": [[-0.3740874230861664, -0.903812825679779, 0.20779958367347717, -1.4311165809631348], [-0.9201756715774536, 0.3338378965854645, -0.2045203596353531, 0.30093467235565186], [0.11547680199146271, -0.267720490694046, -0.9565512537956238, -0.8890286684036255], [0.0, 0.0, 0.0, 1.0]]}, "finger4joint3": {"matrix": [[-0.3006620407104492, -0.9514968395233154, -0.06523586064577103, -1.8080633878707886], [-0.941650927066803, 0.30701079964637756, -0.13797643780708313, 0.44016599655151367], [0.15131230652332306, 0.019945308566093445, -0.9882845282554626, -1.0006850957870483], [0.0, 0.0, 0.0, 1.0]]}}