{"root": {"matrix": [[0.434200257062912, -0.7817860841751099, 0.4475272595882416, 0.0], [0.3409578502178192, -0.3172122836112976, -0.8849430084228516, 0.0], [0.83379727602005, 0.5368303656578064, 0.12882238626480103, 5.960464477539063e-08], [0.0, 0.0, 0.0, 1.0]]}, "carpals": {"matrix": [[-0.5889858603477478, -0.4809383451938629, -0.6494564414024353, 0.16639378666877747], [0.8031620383262634, -0.2592637240886688, -0.5363888144493103, 0.5600656270980835], [0.08958964794874191, -0.8375442028045654, 0.5389741063117981, 2.3965861797332764], [0.0, 0.0, 0.0, 1.0]]}, "metacarpals": {"matrix": [[-0.6676716804504395, -0.6488177180290222, -0.36503398418426514, -0.30203723907470703], [0.6810166835784912, -0.3342438340187073, -0.6515344977378845, 0.3075443506240845], [0.30071693658828735, -0.6836053729057312, 0.665020763874054, 1.5808231830596924], [0.0, 0.0, 0.0, 1.0]]}, "finger5joint1": {"matrix": [[-0.46971145272254944, -0.7762452363967896, -0.4204927086830139, -0.4049810767173767], [0.6743935942649841, -0.008127741515636444, -0.7383272647857666, 0.26532670855522156], [0.5697055459022522, -0.630378246307373, 0.5273125171661377, 0.8643770217895508], [0.0, 0.0, 0.0, 1.0]]}, "finger5joint2": {"matrix": [[-0.39572885632514954, -0.9015078544616699, 0.1751612275838852, -1.2249075174331665], [-0.7465757727622986, 0.20472513139247894, -0.6330180764198303, 0.25674161314964294], [0.5348109602928162, -0.3812744617462158, -0.7540599703788757, 0.19852599501609802], [0.0, 0.0, 0.0, 1.0]]}, "finger5joint3": {"matrix": [[-0.4872017502784729, -0.8715054988861084, -0.05578408017754555, -1.8445454835891724], [-0.6882156133651733, 0.4224887192249298, -0.5897983908653259, 0.3974563479423523], [0.5375807881355286, -0.24895912408828735, -0.8056212663650513, -0.06353733688592911], [0.0, 0.0, 0.0, 1.0]]}, "Bone": {"matrix": [[0.5664189457893372, -0.6994372606277466, -0.43584030866622925, -1.3150218725204468], [0.48931393027305603, 0.7109751105308533, -0.5050605535507202, -0.21430307626724243], [0.6631298065185547, 0.07281331717967987, 0.7449541687965393, 0.5135253667831421], [0.0, 0.0, 0.0, 1.0]]}, "finger1joint1": {"matrix": [[-0.1384647637605667, -0.7972936630249023, -0.5874947309494019, -1.8970848321914673], [0.552104115486145, 0.43033668398857117, -0.7141367197036743, 0.3773616552352905], [0.8221973180770874, -0.42324087023735046, 0.3806026875972748, 0.5741196870803833], [0.0, 0.0, 0.0, 1.0]]}, "finger1joint2": {"matrix": [[0.06295105814933777, -0.12651264667510986, -0.9899653792381287, -2.347698211669922], [0.734595000743866, 0.677334725856781, -0.03984765708446503, 0.6205786466598511], [0.6755792498588562, -0.7247150540351868, 0.13557462394237518, 0.33491310477256775], [0.0, 0.0, 0.0, 1.0]]}, "finger1joint3": {"matrix": [[-0.033030588179826736, 0.6556584239006042, -0.7543346881866455, -2.4019317626953125], [0.7014362812042236, 0.5528550148010254, 0.4498205780982971, 0.9109408855438232], [0.7119664549827576, -0.5142598152160645, -0.4781635105609894, 0.0242396742105484], [0.0, 0.0, 0.0, 1.0]]}, "Bone.001": {"matrix": [[0.2408038079738617, -0.9589284658432007, -0.14989791810512543, -1.3150219917297363], [0.6378034949302673, 0.27275726199150085, -0.720284640789032, -0.21430307626724243], [0.7315872311592102, 0.07784200459718704, 0.6772889494895935, 0.5135253667831421], [0.0, 0.0, 0.0, 1.0]]}, "finger2joint1": {"matrix": [[-0.5357524752616882, -0.30368146300315857, -0.787874698638916, -1.9228708744049072], [0.7066681981086731, 0.3494516909122467, -0.6152262687683105, -0.041406720876693726], [0.46215710043907166, -0.8863749504089355, 0.02738247625529766, 0.5628681182861328], [0.0, 0.0, 0.0, 1.0]]}, "finger2joint2": {"matrix": [[-0.48590806126594543, -0.13956479728221893, -0.8627946972846985, -2.185600757598877], [0.7891924977302551, 0.3541570007801056, -0.50174480676651, 0.26092106103897095], [0.3755909204483032, -0.9247128963470459, -0.06194419786334038, -0.20397824048995972], [0.0, 0.0, 0.0, 1.0]]}, "finger2joint3": {"matrix": [[-0.41965919733047485, 0.1224999949336052, -0.8993773460388184, -2.238581657409668], [0.8662596344947815, 0.34996259212493896, -0.3565392792224884, 0.3953648805618286], [0.27107253670692444, -0.9287192225456238, -0.2529817521572113, -0.555014431476593], [0.0, 0.0, 0.0, 1.0]]}, "Bone.002": {"matrix": [[-0.4936954379081726, -0.8677257299423218, -0.057590190321207047, -1.3150217533111572], [0.6585944294929504, -0.32981956005096436, -0.6763671040534973, -0.21430307626724243], [0.5679069757461548, -0.37184780836105347, 0.7343096137046814, 0.5135253667831421], [0.0, 0.0, 0.0, 1.0]]}, "finger3joint1": {"matrix": [[-0.5979771018028259, -0.7014713883399963, 0.3877640962600708, -1.680776834487915], [0.7104927897453308, -0.6878289580345154, -0.14863170683383942, -0.3533253073692322], [0.3709765374660492, 0.18662525713443756, 0.9096962213516235, 0.3567878007888794], [0.0, 0.0, 0.0, 1.0]]}, "finger3joint2": {"matrix": [[-0.7159592509269714, -0.21058659255504608, -0.6656240224838257, -2.2960946559906006], [0.5980174541473389, 0.3069840371608734, -0.7403621077537537, -0.9566762447357178], [0.3602465093135834, -0.9281237721443176, -0.09385351091623306, 0.5204919576644897], [0.0, 0.0, 0.0, 1.0]]}, "finger3joint3": {"matrix": [[-0.6033827662467957, 0.690511167049408, -0.3989024758338928, -2.432361125946045], [0.7284870743751526, 0.6807724833488464, 0.0765213668346405, -0.7580328583717346], [0.3244009017944336, -0.2444237917661667, -0.9137948155403137, -0.0800786167383194], [0.0, 0.0, 0.0, 1.0]]}, "Bone.003": {"matrix": [[-0.8069025278091431, -0.0452691912651062, 0.5889471769332886, -1.3150218725204468], [-0.09406975656747818, -0.9744855761528015, -0.20378625392913818, -0.21430310606956482], [0.583145797252655, -0.21983785927295685, 0.7820563316345215, 0.5135253667831421], [0.0, 0.0, 0.0, 1.0]]}, "finger4joint1": {"matrix": [[-0.7250537276268005, -0.601897656917572, -0.3346875309944153, -1.3344252109527588], [0.648583173751831, -0.4333464503288269, -0.6257399916648865, -0.6319864392280579], [0.23159605264663696, -0.6707679033279419, 0.7045802474021912, 0.41929858922958374], [0.0, 0.0, 0.0, 1.0]]}, "finger4joint2": {"matrix": [[-0.744988203048706, -0.4094790518283844, -0.5266107320785522, -1.9323256015777588], [0.6262749433517456, -0.15747690200805664, -0.7635316252708435, -1.062455177307129], [0.22972141206264496, -0.8986252546310425, 0.3737650215625763, -0.24701473116874695], [0.0, 0.0, 0.0, 1.0]]}, "finger4joint3": {"matrix": [[-0.7005878686904907, -0.3010534644126892, -0.6469488143920898, -2.1031041145324707], [0.648300051689148, 0.1102583259344101, -0.7533591389656067, -1.128132939338684], [0.29813310503959656, -0.9472113251686096, 0.1179274171590805, -0.6217979192733765], [0.0, 0.0, 0.0, 1.0]]}}