{"root": {"matrix": [[0.2822591960430145, -0.48066574335098267, 0.8302350044250488, 0.0], [0.8160854578018188, -0.3346412777900696, -0.4711897373199463, 0.0], [0.5043157339096069, 0.8105403184890747, 0.2978087365627289, 5.960464477539063e-08], [0.0, 0.0, 0.0, 1.0]]}, "carpals": {"matrix": [[-0.7853860855102539, -0.5794696807861328, 0.2176770269870758, 0.0744979977607727], [0.13673487305641174, -0.5053754448890686, -0.8519970774650574, 1.5709776878356934], [0.6037152409553528, -0.6393826603889465, 0.4761485457420349, 1.9003853797912598], [0.0, 0.0, 0.0, 1.0]]}, "metacarpals": {"matrix": [[-0.37643495202064514, -0.2395460456609726, 0.8949381113052368, -0.48990195989608765], [-0.723279595375061, -0.5276594161987305, -0.44546833634376526, 1.0787451267242432], [0.5789327621459961, -0.8149803280830383, 0.025370556861162186, 1.2776304483413696], [0.0, 0.0, 0.0, 1.0]]}, "finger5joint1": {"matrix": [[-0.4353116452693939, -0.518867015838623, 0.7357176542282104, -0.9287005662918091], [-0.8927833437919617, 0.14355917274951935, -0.42699936032295227, 1.0877881050109863], [0.11593697965145111, -0.8427143096923828, -0.5257290005683899, 0.7005268335342407], [0.0, 0.0, 0.0, 1.0]]}, "finger5joint2": {"matrix": [[0.7436394691467285, -0.601493239402771, 0.29190003871917725, -1.4767653942108154], [-0.4171627461910248, -0.07625345885753632, 0.9056269526481628, 1.2394256591796875], [-0.5224704146385193, -0.7952297329902649, -0.3076258897781372, -0.18960893154144287], [0.0, 0.0, 0.0, 1.0]]}, "finger5joint3": {"matrix": [[0.6670361161231995, -0.7185217142105103, 0.1969486027956009, -1.8901928663253784], [-0.47168266773223877, -0.20265938341617584, 0.8581632375717163, 1.1870139837265015], [-0.5766956806182861, -0.6653230786323547, -0.47409558296203613, -0.7361982464790344], [0.0, 0.0, 0.0, 1.0]]}, "Bone": {"matrix": [[0.10197047889232635, -0.5488872528076172, 0.829653263092041, -0.863899827003479], [0.4453671872615814, -0.7205601334571838, -0.5314517617225647, 0.25492238998413086], [0.8895221948623657, 0.42369285225868225, 0.17098043859004974, 0.005219995975494385], [0.0, 0.0, 0.0, 1.0]]}, "finger1joint1": {"matrix": [[-0.1895829439163208, -0.45028308033943176, 0.8725269436836243, -1.3206770420074463], [-0.5339469313621521, -0.6984766125679016, -0.47647759318351746, -0.34471890330314636], [0.8239895701408386, -0.5562149882316589, -0.10800807923078537, 0.35781192779541016], [0.0, 0.0, 0.0, 1.0]]}, "finger1joint2": {"matrix": [[-0.4371844232082367, -0.8637793660163879, 0.2505092918872833, -1.5751672983169556], [-0.3494492769241333, -0.09350799024105072, -0.932277500629425, -0.7394828200340271], [0.8287067413330078, -0.4951173663139343, -0.26096683740615845, 0.04345126450061798], [0.0, 0.0, 0.0, 1.0]]}, "finger1joint3": {"matrix": [[-0.3775815963745117, -0.7331357002258301, -0.5656360387802124, -1.9454553127288818], [-0.4384002089500427, 0.6795895099639893, -0.5881863832473755, -0.7795681357383728], [0.8156208395957947, 0.025886690244078636, -0.578007161617279, -0.16879740357398987], [0.0, 0.0, 0.0, 1.0]]}, "Bone.001": {"matrix": [[0.0073414030484855175, -0.23364704847335815, 0.9722936153411865, -0.863899827003479], [0.10936729609966278, -0.966299295425415, -0.23303252458572388, 0.25492236018180847], [0.9939740896224976, 0.10804791748523712, 0.018459247425198555, 0.005219988524913788], [0.0, 0.0, 0.0, 1.0]]}, "finger2joint1": {"matrix": [[-0.36327698826789856, -0.6101239323616028, 0.7041152715682983, -1.0120048522949219], [-0.641875684261322, -0.3838791251182556, -0.6638013124465942, -0.3575989902019501], [0.6752963066101074, -0.693098247051239, -0.2521693706512451, 0.07370984554290771], [0.0, 0.0, 0.0, 1.0]]}, "finger2joint2": {"matrix": [[-0.48047125339508057, -0.7682751417160034, 0.4229661822319031, -1.5398529767990112], [-0.6098588109016418, -0.05389869585633278, -0.7906749844551086, -0.6897115707397461], [0.6302534341812134, -0.6378461718559265, -0.4426426887512207, -0.5259233713150024], [0.0, 0.0, 0.0, 1.0]]}, "finger2joint3": {"matrix": [[-0.6012780666351318, -0.798046886920929, 0.039818696677684784, -1.8315026760101318], [-0.5389112234115601, 0.3682346045970917, -0.7576131224632263, -0.7101724743843079], [0.589948296546936, -0.4769948422908783, -0.6514878869056702, -0.7680602669715881], [0.0, 0.0, 0.0, 1.0]]}, "Bone.002": {"matrix": [[-0.17295049130916595, -0.059130407869815826, 0.9831538796424866, -0.8638998866081238], [-0.591719925403595, -0.7917394638061523, -0.15171003341674805, 0.25492236018180847], [0.7873725295066833, -0.6079900860786438, 0.10194296389818192, 0.005219995975494385], [0.0, 0.0, 0.0, 1.0]]}, "finger3joint1": {"matrix": [[0.10943145304918289, -0.46108871698379517, 0.8805803656578064, -0.8888238668441772], [0.10749007016420364, -0.8752161264419556, -0.4716380536556244, -0.07880377769470215], [0.9881651997566223, 0.146265909075737, -0.046213820576667786, -0.25105389952659607], [0.0, 0.0, 0.0, 1.0]]}, "finger3joint2": {"matrix": [[0.0009025813778862357, -0.9336357712745667, 0.3582223951816559, -1.293282389640808], [-0.014039252884685993, -0.35819894075393677, -0.9335397481918335, -0.8465272188186646], [0.9999009370803833, -0.004186352714896202, -0.013430774211883545, -0.12275215238332748], [0.0, 0.0, 0.0, 1.0]]}, "finger3joint3": {"matrix": [[-0.10567309707403183, -0.9943775534629822, 0.006814122200012207, -1.8974195718765259], [0.12539441883563995, -0.020122764632105827, -0.9919028282165527, -1.0783107280731201], [0.9864630103111267, -0.10396280139684677, 0.12681595981121063, -0.12546104192733765], [0.0, 0.0, 0.0, 1.0]]}, "Bone.003": {"matrix": [[0.38336390256881714, 0.5944240689277649, 0.7068890333175659, -0.863899827003479], [-0.8839232921600342, 0.01422104425728321, 0.4674154222011566, 0.25492236018180847], [0.2677902281284332, -0.8040260076522827, 0.5308770537376404, 0.005219995975494385], [0.0, 0.0, 0.0, 1.0]]}, "finger4joint1": {"matrix": [[-0.3879724144935608, -0.8359785676002502, 0.3880939781665802, -0.6091180443763733], [-0.7268224954605103, 0.01857953704893589, -0.6865736842155457, 0.26101773977279663], [0.5667505264282227, -0.5484470725059509, -0.6148164868354797, -0.33940112590789795], [0.0, 0.0, 0.0, 1.0]]}, "finger4joint2": {"matrix": [[-0.3994671702384949, -0.9160459637641907, 0.03585134074091911, -1.4395450353622437], [-0.7393278479576111, 0.2987883388996124, -0.6034230589866638, 0.2794739007949829], [0.5420514941215515, -0.26755356788635254, -0.7966146469116211, -0.8842060565948486], [0.0, 0.0, 0.0, 1.0]]}, "finger4joint3": {"matrix": [[-0.3224189877510071, -0.9170530438423157, -0.23464730381965637, -1.8215937614440918], [-0.7526994943618774, 0.3986906409263611, -0.5239167809486389, 0.4040874242782593], [0.5740113258361816, 0.007698301691561937, -0.8188109397888184, -0.9957926869392395], [0.0, 0.0, 0.0, 1.0]]}}