{"root": {"matrix": [[0.6431390047073364, -0.762658953666687, 0.06872797012329102, -5.960464477539063e-08], [0.5480303168296814, 0.521108865737915, 0.6542998552322388, 5.960464477539063e-08], [-0.5348223447799683, -0.3831407129764557, 0.7531057000160217, 2.9802322387695312e-08], [0.0, 0.0, 0.0, 1.0]]}, "carpals": {"matrix": [[0.4058060646057129, -0.528959333896637, -0.745334267616272, 0.7002121806144714], [-0.6483215093612671, -0.7414076328277588, 0.1731865108013153, 1.6758655309677124], [-0.6442053914070129, 0.41293612122535706, -0.643803596496582, -1.669180154800415], [0.0, 0.0, 0.0, 1.0]]}, "metacarpals": {"matrix": [[0.26701951026916504, -0.9464294910430908, -0.18158069252967834, 0.18500900268554688], [-0.9397308230400085, -0.29747137427330017, 0.16857174038887024, 0.9537389874458313], [-0.21355652809143066, 0.12562504410743713, -0.968819797039032, -1.2669827938079834], [0.0, 0.0, 0.0, 1.0]]}, "finger5joint1": {"matrix": [[-0.5083507895469666, -0.7977036833763123, -0.32441946864128113, -0.3272457718849182], [-0.8609075546264648, 0.46183058619499207, 0.2134251594543457, 0.8795267343521118], [-0.020423326641321182, 0.3877902626991272, -0.9215213060379028, -0.7592796087265015], [0.0, 0.0, 0.0, 1.0]]}, "finger5joint2": {"matrix": [[-0.19416572153568268, -0.9798355102539062, -0.04713035002350807, -1.1698379516601562], [0.20470139384269714, -0.08745716512203217, 0.974909245967865, 1.3673455715179443], [-0.9593730568885803, 0.1796463131904602, 0.21755513548851013, -0.3496675193309784], [0.0, 0.0, 0.0, 1.0]]}, "finger5joint3": {"matrix": [[-0.28190016746520996, -0.8400737047195435, -0.4634735584259033, -1.843313217163086], [0.14165818691253662, -0.5142136812210083, 0.8458821773529053, 1.307233214378357], [-0.9489282369613647, 0.1727994680404663, 0.26396045088768005, -0.22619029879570007], [0.0, 0.0, 0.0, 1.0]]}, "Bone": {"matrix": [[0.9882401823997498, 0.1313105672597885, -0.0783485472202301, -1.2926301956176758], [0.1334121972322464, -0.990811824798584, 0.02220061607658863, 0.4893036484718323], [-0.07471352070569992, -0.032392360270023346, -0.9966787099838257, -1.0708471536636353], [0.0, 0.0, 0.0, 1.0]]}, "finger1joint1": {"matrix": [[0.5855388045310974, -0.8106408715248108, -0.002305429894477129, -1.1833553314208984], [-0.7520105242729187, -0.54424649477005, 0.3718542754650116, -0.3352377414703369], [-0.30269521474838257, -0.216001495718956, -0.9282881617546082, -1.0978038311004639], [0.0, 0.0, 0.0, 1.0]]}, "finger1joint2": {"matrix": [[0.5745329260826111, -0.8154613971710205, -0.0702449232339859, -1.6415117979049683], [-0.818480372428894, -0.572550356388092, -0.047705188393592834, -0.6428340673446655], [-0.0013171200407668948, 0.08490228652954102, -0.9963883757591248, -1.2198832035064697], [0.0, 0.0, 0.0, 1.0]]}, "finger1joint3": {"matrix": [[0.5939932465553284, -0.6433513164520264, -0.48298120498657227, -1.9910868406295776], [-0.7975445985794067, -0.549547553062439, -0.24883723258972168, -0.8882770538330078], [-0.10533151775598526, 0.5330067276954651, -0.8395290374755859, -1.1834869384765625], [0.0, 0.0, 0.0, 1.0]]}, "Bone.001": {"matrix": [[0.9578246474266052, -0.26607659459114075, -0.10851173847913742, -1.2926301956176758], [-0.20802193880081177, -0.9025691151618958, 0.37695547938346863, 0.4893036484718323], [-0.19823850691318512, -0.33848467469215393, -0.9198529720306396, -1.0708471536636353], [0.0, 0.0, 0.0, 1.0]]}, "finger2joint1": {"matrix": [[0.5743525624275208, -0.48492133617401123, -0.659522533416748, -1.461291790008545], [-0.7193009257316589, -0.6835777759552002, -0.12380288541316986, -0.08282017707824707], [-0.3908005356788635, 0.5455018281936646, -0.7414193153381348, -1.2854070663452148], [0.0, 0.0, 0.0, 1.0]]}, "finger2joint2": {"matrix": [[0.5866274237632751, -0.44891616702079773, -0.6740490794181824, -1.8808212280273438], [-0.7636390924453735, -0.5837673544883728, -0.27580907940864563, -0.6742167472839355], [-0.2696729600429535, 0.6765275001525879, -0.6852641105651855, -0.8134667873382568], [0.0, 0.0, 0.0, 1.0]]}, "finger2joint3": {"matrix": [[0.58913254737854, -0.36019647121429443, -0.723312497138977, -2.051236867904663], [-0.7978367209434509, -0.4010795056819916, -0.45010146498680115, -0.8958243727684021], [-0.1279810667037964, 0.8422548770904541, -0.5236672163009644, -0.5566458702087402], [0.0, 0.0, 0.0, 1.0]]}, "Bone.002": {"matrix": [[0.5026012063026428, -0.8645180463790894, -0.0005082854186184704, -1.2926303148269653], [-0.7843360304832458, -0.4562329649925232, 0.4203191101551056, 0.4893035888671875], [-0.3636056184768677, -0.21085432171821594, -0.9073761105537415, -1.0708472728729248], [0.0, 0.0, 0.0, 1.0]]}, "finger3joint1": {"matrix": [[0.8509402275085449, -0.3830089271068573, 0.3594505488872528, -1.6570333242416382], [-0.5242937803268433, -0.5777965188026428, 0.6255134344100952, 0.2969968318939209], [-0.03188813477754593, -0.7207324504852295, -0.6924794912338257, -1.159724473953247], [0.0, 0.0, 0.0, 1.0]]}, "finger3joint2": {"matrix": [[0.7650797963142395, -0.35913434624671936, -0.5344858765602112, -1.9930016994476318], [-0.6329262852668762, -0.572231113910675, -0.521493673324585, -0.20983558893203735], [-0.11856333166360855, 0.7372745871543884, -0.665108323097229, -1.7919378280639648], [0.0, 0.0, 0.0, 1.0]]}, "finger3joint3": {"matrix": [[0.8252916932106018, 0.05381052941083908, -0.5621367692947388, -2.2253904342651367], [-0.563816249370575, 0.1343974769115448, -0.8148915767669678, -0.5801150798797607], [0.031699877232313156, 0.9894654750823975, 0.1412563920021057, -1.31486177444458], [0.0, 0.0, 0.0, 1.0]]}, "Bone.003": {"matrix": [[-0.10941465944051743, -0.7568251490592957, 0.6443942189216614, -1.2926301956176758], [-0.5320149660110474, 0.5922011733055115, 0.6051921844482422, 0.4893035888671875], [-0.8396359086036682, -0.27661049365997314, -0.4674379229545593, -1.0708471536636353], [0.0, 0.0, 0.0, 1.0]]}, "finger4joint1": {"matrix": [[0.18671292066574097, -0.9244673848152161, 0.3324123024940491, -1.6170201301574707], [-0.9582523107528687, -0.09679702669382095, 0.2690398097038269, 0.7431325316429138], [-0.21654222905635834, -0.3687681257724762, -0.903946578502655, -1.1894078254699707], [0.0, 0.0, 0.0, 1.0]]}, "finger4joint2": {"matrix": [[0.17185625433921814, -0.00783046055585146, -0.9850906729698181, -2.5353479385375977], [-0.9548453688621521, -0.24732990562915802, -0.1646134853363037, 0.6469783782958984], [-0.24235360324382782, 0.9688996076583862, -0.04998200759291649, -1.5557270050048828], [0.0, 0.0, 0.0, 1.0]]}, "finger4joint3": {"matrix": [[0.18630445003509521, 0.9131157398223877, -0.362642765045166, -2.53861403465271], [-0.9284705519676208, 0.04292231425642967, -0.3689166009426117, 0.5438262820243835], [-0.32129836082458496, 0.4054340720176697, 0.8557981252670288, -1.151634931564331], [0.0, 0.0, 0.0, 1.0]]}}