{"root": {"matrix": [[0.7381321787834167, -0.6294990181922913, -0.24267640709877014, -5.960464477539063e-08], [-0.5831133723258972, -0.7761897444725037, 0.2398088574409485, 0.0], [-0.33932241797447205, -0.035502828657627106, -0.9399999380111694, 0.0], [0.0, 0.0, 0.0, 1.0]]}, "carpals": {"matrix": [[-0.47061410546302795, -0.7970359325408936, -0.3784915804862976, 1.0803859233856201], [-0.4960232973098755, 0.5937496423721313, -0.6335787773132324, -2.1054036617279053], [0.7297142744064331, -0.11043059825897217, -0.6747754216194153, -0.6964388489723206], [0.0, 0.0, 0.0, 1.0]]}, "metacarpals": {"matrix": [[-0.4603435695171356, -0.8664380311965942, 0.19330981373786926, 0.30407774448394775], [-0.8726111054420471, 0.4016086459159851, -0.27795711159706116, -1.527095079421997], [0.16319774091243744, -0.29664018750190735, -0.9409414529800415, -0.8039976954460144], [0.0, 0.0, 0.0, 1.0]]}, "finger5joint1": {"matrix": [[-0.23477187752723694, -0.9573282599449158, 0.16853627562522888, -0.18911874294281006], [-0.9577295184135437, 0.19815769791603088, -0.20853650569915771, -1.0304535627365112], [0.16624118387699127, -0.21037079393863678, -0.9633834362030029, -0.6148438453674316], [0.0, 0.0, 0.0, 1.0]]}, "finger5joint2": {"matrix": [[0.2341124415397644, -0.9632430672645569, -0.1317322552204132, -1.2003180980682373], [-0.19258539378643036, -0.17876051366329193, 0.964860200881958, -0.8211450576782227], [-0.9529436826705933, -0.20051617920398712, -0.22735676169395447, -0.8370527625083923], [0.0, 0.0, 0.0, 1.0]]}, "finger5joint3": {"matrix": [[0.15006192028522491, -0.9297947883605957, -0.33609870076179504, -1.8623886108398438], [-0.2612588107585907, -0.36515673995018005, 0.8935345411300659, -0.9440134167671204], [-0.9535326957702637, -0.046276822686195374, -0.29771336913108826, -0.9748745560646057], [0.0, 0.0, 0.0, 1.0]]}, "Bone": {"matrix": [[0.7654427289962769, -0.6229485869407654, 0.16134504973888397, -1.0486724376678467], [-0.5066114068031311, -0.7379629611968994, -0.4458198845386505, -0.9000723958015442], [0.39678964018821716, 0.259510338306427, -0.8804612755775452, -1.2671353816986084], [0.0, 0.0, 0.0, 1.0]]}, "finger1joint1": {"matrix": [[-0.21551580727100372, -0.8839902281761169, -0.4148661494255066, -1.5670826435089111], [-0.9642584919929504, 0.2597138583660126, -0.05247877165675163, -1.5141960382461548], [0.1541372388601303, 0.38872820138931274, -0.9083676338195801, -1.0511739253997803], [0.0, 0.0, 0.0, 1.0]]}, "finger1joint2": {"matrix": [[-0.0612499862909317, -0.4784279465675354, -0.8759879469871521, -2.066694974899292], [-0.9074956178665161, 0.3921000361442566, -0.15069568157196045, -1.367411494255066], [0.41557201743125916, 0.7857251167297363, -0.45818743109703064, -0.8314732313156128], [0.0, 0.0, 0.0, 1.0]]}, "finger1joint3": {"matrix": [[-0.13205547630786896, 0.14193440973758698, -0.9810279011726379, -2.2717888355255127], [-0.9318622350692749, 0.31962281465530396, 0.1716800183057785, -1.1993247270584106], [0.33792629837989807, 0.9368541240692139, 0.09005530178546906, -0.49464577436447144], [0.0, 0.0, 0.0, 1.0]]}, "Bone.001": {"matrix": [[0.5229114890098572, -0.7616751790046692, 0.3826410472393036, -1.0486724376678467], [-0.7752084732055664, -0.6116098165512085, -0.1580660492181778, -0.9000725746154785], [0.35442212224006653, -0.21397213637828827, -0.9102749824523926, -1.2671352624893188], [0.0, 0.0, 0.0, 1.0]]}, "finger2joint1": {"matrix": [[-0.35287386178970337, -0.69327712059021, -0.6283681392669678, -1.5314860343933105], [-0.9095407724380493, 0.4117586612701416, 0.05648007616400719, -1.287761926651001], [0.21957971155643463, 0.5914568305015564, -0.7758628726005554, -1.4027687311172485], [0.0, 0.0, 0.0, 1.0]]}, "finger2joint2": {"matrix": [[-0.354536771774292, -0.3051857054233551, -0.8838354349136353, -2.1312739849090576], [-0.869889497756958, 0.45431438088417053, 0.19206905364990234, -0.9315294027328491], [0.34292247891426086, 0.8369346857070923, -0.42654913663864136, -0.8910704851150513], [0.0, 0.0, 0.0, 1.0]]}, "finger2joint3": {"matrix": [[-0.30680009722709656, 0.08397974818944931, -0.9480615854263306, -2.2471275329589844], [-0.8256990909576416, 0.47194787859916687, 0.3090079426765442, -0.7590641975402832], [0.47338613867759705, 0.877617359161377, -0.07545178383588791, -0.5733562707901001], [0.0, 0.0, 0.0, 1.0]]}, "Bone.002": {"matrix": [[-0.16236667335033417, -0.8604234457015991, 0.48301997780799866, -1.0486724376678467], [-0.9795135855674744, 0.08145088702440262, -0.18417057394981384, -0.900072455406189], [0.11912231147289276, -0.5030279159545898, -0.8560214042663574, -1.2671351432800293], [0.0, 0.0, 0.0, 1.0]]}, "finger3joint1": {"matrix": [[-0.20326635241508484, -0.9043256640434265, 0.375336617231369, -1.4113497734069824], [-0.9484876990318298, 0.08672254532575607, -0.30471348762512207, -0.865740180015564], [0.24301016330718994, -0.417940229177475, -0.8753695487976074, -1.4791666269302368], [0.0, 0.0, 0.0, 1.0]]}, "finger3joint2": {"matrix": [[-0.358108788728714, -0.2821166217327118, -0.8900381922721863, -2.2046074867248535], [-0.9102987051010132, 0.3174891471862793, 0.26562559604644775, -0.7896686792373657], [0.20764011144638062, 0.9053235054016113, -0.3705061972141266, -1.845776081085205], [0.0, 0.0, 0.0, 1.0]]}, "finger3joint3": {"matrix": [[-0.2168859988451004, 0.5514012575149536, -0.805553674697876, -2.387159585952759], [-0.9251145720481873, 0.14734333753585815, 0.3499327600002289, -0.5842276811599731], [0.31164640188217163, 0.8211251497268677, 0.47815266251564026, -1.259959101676941], [0.0, 0.0, 0.0, 1.0]]}, "Bone.003": {"matrix": [[-0.29094401001930237, -0.01818195916712284, 0.9565672278404236, -1.0486725568771362], [-0.7111517786979675, 0.6729392409324646, -0.20350894331932068, -0.900072455406189], [-0.6400114297866821, -0.7394742965698242, -0.2087177336215973, -1.2671352624893188], [0.0, 0.0, 0.0, 1.0]]}, "finger4joint1": {"matrix": [[-0.6865487694740295, -0.7049853801727295, -0.17789310216903687, -1.0564656257629395], [-0.7126656770706177, 0.7009648680686951, -0.027489500120282173, -0.6116377115249634], [0.14407654106616974, 0.10790540277957916, -0.9836655855178833, -1.5840884447097778], [0.0, 0.0, 0.0, 1.0]]}, "finger4joint2": {"matrix": [[-0.7058359384536743, -0.5675625801086426, -0.4238724410533905, -1.7567692995071411], [-0.6968079805374146, 0.6639866232872009, 0.27125653624534607, 0.08467209339141846], [0.12749060988426208, 0.4868203103542328, -0.864147961139679, -1.47689950466156], [0.0, 0.0, 0.0, 1.0]]}, "finger4joint3": {"matrix": [[-0.6499373912811279, -0.47818127274513245, -0.5906974673271179, -1.993478536605835], [-0.7534841299057007, 0.5069015026092529, 0.4187029302120209, 0.3615962266921997], [0.09920956939458847, 0.7172120213508606, -0.6897565126419067, -1.2738648653030396], [0.0, 0.0, 0.0, 1.0]]}}