{"root": {"matrix": [[0.16106443107128143, -0.8242584466934204, 0.5428224802017212, 0.0], [0.8648310303688049, -0.14712947607040405, -0.48002102971076965, 0.0], [0.4755266606807709, 0.546764075756073, 0.6891469359397888, 0.0], [0.0, 0.0, 0.0, 1.0]]}, "carpals": {"matrix": [[-0.9872800707817078, -0.1587546467781067, 0.008648894727230072, -0.5035821199417114], [0.08053676038980484, -0.5462710857391357, -0.8337274789810181, 1.8657469749450684], [0.13708283007144928, -0.8224260210990906, 0.5521081686019897, 1.5330944061279297], [0.0, 0.0, 0.0, 1.0]]}, "metacarpals": {"matrix": [[-0.3687518537044525, -0.2178512066602707, 0.9036386013031006, -0.6582081913948059], [-0.5631518363952637, -0.7210628986358643, -0.4036434590816498, 1.3336822986602783], [0.7395145893096924, -0.657729983329773, 0.14320994913578033, 0.7320563793182373], [0.0, 0.0, 0.0, 1.0]]}, "finger5joint1": {"matrix": [[-0.13525192439556122, -0.5051366090774536, 0.852375328540802, -1.0895533561706543], [-0.32978540658950806, -0.7882776260375977, -0.5194802284240723, 1.1870534420013428], [0.9343169927597046, -0.35136157274246216, -0.05997065082192421, 0.1680387407541275], [0.0, 0.0, 0.0, 1.0]]}, "finger5joint2": {"matrix": [[0.8528993725776672, -0.5208519697189331, -0.03571242094039917, -1.6231154203414917], [-0.5181364417076111, -0.8528686761856079, 0.06441203504800797, 0.354417622089386], [-0.06400718539953232, -0.03643300011754036, -0.997283935546875, -0.2030947357416153], [0.0, 0.0, 0.0, 1.0]]}, "finger5joint3": {"matrix": [[0.8012171983718872, -0.5870348811149597, -0.11593346297740936, -1.9811149835586548], [-0.5982503890991211, -0.7898001670837402, -0.13531997799873352, -0.23178887367248535], [-0.012126733548939228, 0.17777810990810394, -0.9839956164360046, -0.22813642024993896], [0.0, 0.0, 0.0, 1.0]]}, "Bone": {"matrix": [[0.08106561750173569, -0.539188802242279, 0.8382742404937744, -0.9983342885971069], [0.6569448709487915, -0.603594958782196, -0.45177021622657776, 0.2079029679298401], [0.749567449092865, 0.5873231291770935, 0.3052864968776703, -0.2948427200317383], [0.0, 0.0, 0.0, 1.0]]}, "finger1joint1": {"matrix": [[-0.3163027763366699, -0.596950113773346, 0.7372943758964539, -1.4470406770706177], [-0.47529366612434387, -0.5728951096534729, -0.6677476167678833, -0.2944013178348541], [0.8210044503211975, -0.5616416335105896, -0.10251827538013458, 0.1939203143119812], [0.0, 0.0, 0.0, 1.0]]}, "finger1joint2": {"matrix": [[-0.5137557983398438, -0.6835638880729675, -0.5184547305107117, -1.784423828125], [-0.2378709316253662, 0.6941051483154297, -0.6794374585151672, -0.6181892156600952], [0.8243011236190796, -0.22573962807655334, -0.5192003846168518, -0.12350736558437347], [0.0, 0.0, 0.0, 1.0]]}, "finger1joint3": {"matrix": [[-0.5381943583488464, -0.3266037106513977, -0.7769664525985718, -2.077456474304199], [-0.33076032996177673, 0.929755449295044, -0.16171638667583466, -0.3206377327442169], [0.7752060890197754, 0.16995476186275482, -0.6084165573120117, -0.22027823328971863], [0.0, 0.0, 0.0, 1.0]]}, "Bone.001": {"matrix": [[-0.007878180593252182, -0.21480561792850494, 0.9766249060630798, -0.9983344078063965], [0.35586607456207275, -0.9133185148239136, -0.19801098108291626, 0.2079029679298401], [0.9345034956932068, 0.3459877669811249, 0.0836372897028923, -0.2948427200317383], [0.0, 0.0, 0.0, 1.0]]}, "finger2joint1": {"matrix": [[-0.3030409812927246, -0.5202666521072388, 0.7984287738800049, -1.1344962120056152], [-0.4081379771232605, -0.6862441301345825, -0.6020731925964355, -0.3710346817970276], [0.8611556887626648, -0.5083219408988953, -0.004380513448268175, -0.07552668452262878], [0.0, 0.0, 0.0, 1.0]]}, "finger2joint2": {"matrix": [[-0.42133069038391113, -0.6468439698219299, 0.6356674432754517, -1.5846043825149536], [-0.41113096475601196, -0.4885254502296448, -0.769619345664978, -0.9647380709648132], [0.8083634972572327, -0.5856066942214966, -0.060106802731752396, -0.5153008699417114], [0.0, 0.0, 0.0, 1.0]]}, "finger2joint3": {"matrix": [[-0.5478435754776001, -0.8291486501693726, 0.11126376688480377, -1.8301570415496826], [-0.39402705430984497, 0.13841822743415833, -0.9086158871650696, -1.1501903533935547], [0.7379767894744873, -0.5416202545166016, -0.4025384783744812, -0.7376067638397217], [0.0, 0.0, 0.0, 1.0]]}, "Bone.002": {"matrix": [[-0.1707882583141327, -0.034669481217861176, 0.9846975803375244, -0.9983344078063965], [-0.37867769598960876, -0.920316755771637, -0.09808162599802017, 0.20790298283100128], [0.9096342325210571, -0.3896341025829315, 0.14405067265033722, -0.2948427200317383], [0.0, 0.0, 0.0, 1.0]]}, "finger3joint1": {"matrix": [[-0.24149470031261444, -0.4263664782047272, 0.8717177510261536, -1.012947916984558], [-0.28915512561798096, -0.8258821368217468, -0.48405349254608154, -0.1800197958946228], [0.926320493221283, -0.36895784735679626, 0.07616008073091507, -0.4590774476528168], [0.0, 0.0, 0.0, 1.0]]}, "finger3joint2": {"matrix": [[-0.3395070433616638, -0.9393306970596313, -0.04891548678278923, -1.3869487047195435], [-0.39710962772369385, 0.19028379023075104, -0.8978284597396851, -0.9044683575630188], [0.8526657223701477, -0.28539419174194336, -0.4376198649406433, -0.7827203869819641], [0.0, 0.0, 0.0, 1.0]]}, "finger3joint3": {"matrix": [[-0.3726262152194977, -0.654175341129303, -0.6581825613975525, -1.9947710037231445], [-0.23053494095802307, 0.7522846460342407, -0.6171881556510925, -0.7813394665718079], [0.8988900184631348, -0.07824645936489105, -0.4311310946941376, -0.9673933386802673], [0.0, 0.0, 0.0, 1.0]]}, "Bone.003": {"matrix": [[0.3982199430465698, 0.6044093370437622, 0.6900074481964111, -0.9983344078063965], [-0.7789658904075623, -0.17440098524093628, 0.6023257374763489, 0.2079029679298401], [0.4843892455101013, -0.7773503661155701, 0.40136420726776123, -0.2948426902294159], [0.0, 0.0, 0.0, 1.0]]}, "finger4joint1": {"matrix": [[-0.3744052052497864, -0.8624715805053711, 0.34053388237953186, -0.7392727136611938], [-0.5654909610748291, -0.07867299020290375, -0.8209933638572693, 0.1331513226032257], [0.734874427318573, -0.4999530613422394, -0.4582642912864685, -0.6280301213264465], [0.0, 0.0, 0.0, 1.0]]}, "finger4joint2": {"matrix": [[-0.3874317705631256, -0.8442863821983337, -0.3702388107776642, -1.596016764640808], [-0.5828937888145447, 0.5354816913604736, -0.6111413240432739, 0.055000826716423035], [0.7142345905303955, -0.020965633913874626, -0.6995919942855835, -1.12466299533844], [0.0, 0.0, 0.0, 1.0]]}, "finger4joint3": {"matrix": [[-0.31045106053352356, -0.593990683555603, -0.7421555519104004, -1.9481371641159058], [-0.6163860559463501, 0.7201424837112427, -0.3185317814350128, 0.27833032608032227], [0.723662793636322, 0.35856589674949646, -0.5896967053413391, -1.1334069967269897], [0.0, 0.0, 0.0, 1.0]]}}