{"root": {"matrix": [[0.48719024658203125, -0.8562628626823425, 0.17163804173469543, 0.0], [0.4620896577835083, 0.08598815649747849, -0.88265460729599, 7.450580596923828e-09], [0.7410255670547485, 0.5093328952789307, 0.4375627338886261, 0.0], [0.0, 0.0, 0.0, 1.0]]}, "carpals": {"matrix": [[0.09224705398082733, -0.5319797992706299, -0.8417171239852905, 0.24434736371040344], [0.8081622123718262, -0.45382159948349, 0.37539270520210266, 1.228403925895691], [-0.5816906690597534, -0.7148728370666504, 0.38806238770484924, 2.125159740447998], [0.0, 0.0, 0.0, 1.0]]}, "metacarpals": {"matrix": [[0.3641771674156189, -0.7734687924385071, -0.5187684893608093, -0.27379775047302246], [0.6175088882446289, -0.21643976867198944, 0.7561987042427063, 0.7863844633102417], [-0.6971782445907593, -0.5957343578338623, 0.3988015353679657, 1.428877830505371], [0.0, 0.0, 0.0, 1.0]]}, "finger5joint1": {"matrix": [[0.17910052835941315, -0.847849428653717, -0.4990731477737427, -0.5656887888908386], [0.5706222653388977, -0.32371410727500916, 0.7547180652618408, 0.24344173073768616], [-0.8014442920684814, -0.41995251178741455, 0.42582449316978455, 1.047187328338623], [0.0, 0.0, 0.0, 1.0]]}, "finger5joint2": {"matrix": [[-0.3859620988368988, -0.7548902034759521, -0.5302578806877136, -1.4612486362457275], [0.7534918785095215, 0.07366281747817993, -0.653317391872406, -0.09848850220441818], [0.5322433114051819, -0.651700496673584, 0.5403727293014526, 0.6036031246185303], [0.0, 0.0, 0.0, 1.0]]}, "finger5joint3": {"matrix": [[-0.42496874928474426, -0.5550217628479004, -0.7150886058807373, -1.9801112413406372], [0.7918980717658997, 0.15474358201026917, -0.5907211899757385, -0.04785746708512306], [0.4385186433792114, -0.8173153400421143, 0.3737597167491913, 0.1556665301322937], [0.0, 0.0, 0.0, 1.0]]}, "Bone": {"matrix": [[0.8615064024925232, 0.3084079623222351, -0.40334954857826233, -1.481397271156311], [0.24448658525943756, 0.44426777958869934, 0.8618888258934021, 0.4484618604183197], [0.4450085163116455, -0.8411363959312439, 0.30733802914619446, 0.4987711012363434], [0.0, 0.0, 0.0, 1.0]]}, "finger1joint1": {"matrix": [[0.6272289752960205, -0.7738050818443298, -0.08836907893419266, -1.2247439622879028], [0.6696785688400269, 0.4779091775417328, 0.5684482455253601, 0.8181760311126709], [-0.3976358473300934, -0.4157259464263916, 0.8179592490196228, -0.20121219754219055], [0.0, 0.0, 0.0, 1.0]]}, "finger1joint2": {"matrix": [[0.6397011280059814, -0.7583913207054138, -0.12499899417161942, -1.6620819568634033], [0.45511898398399353, 0.24268591403961182, 0.8567206263542175, 1.0882799625396729], [-0.6193941235542297, -0.6049344539642334, 0.5004048347473145, -0.4361715316772461], [0.0, 0.0, 0.0, 1.0]]}, "finger1joint3": {"matrix": [[0.651143491268158, -0.5037267208099365, -0.5676894187927246, -1.987191915512085], [0.5303303599357605, -0.2330893576145172, 0.8151190280914307, 1.1923154592514038], [-0.5429198145866394, -0.8318222761154175, 0.11536712944507599, -0.6954969763755798], [0.0, 0.0, 0.0, 1.0]]}, "Bone.001": {"matrix": [[0.8610929846763611, -0.1764739751815796, -0.47683897614479065, -1.481397271156311], [0.48018714785575867, 0.5905678272247314, 0.6485752463340759, 0.4484618604183197], [0.16714905202388763, -0.7874554991722107, 0.5932744741439819, 0.4987711012363434], [0.0, 0.0, 0.0, 1.0]]}, "finger2joint1": {"matrix": [[0.4690881371498108, -0.7129693031311035, -0.5211820006370544, -1.5932612419128418], [0.6228508949279785, -0.1512998342514038, 0.7675708532333374, 0.8228131532669067], [-0.62610924243927, -0.684677004814148, 0.37310072779655457, -0.0003840327262878418], [0.0, 0.0, 0.0, 1.0]]}, "finger2joint2": {"matrix": [[0.4488394260406494, -0.3102397620677948, -0.8380298614501953, -2.210085868835449], [0.533007025718689, -0.6597719192504883, 0.5297210812568665, 0.6919162273406982], [-0.7172492742538452, -0.6844354867935181, -0.13077154755592346, -0.5927317142486572], [0.0, 0.0, 0.0, 1.0]]}, "finger2joint3": {"matrix": [[0.4833666682243347, 0.2836493253707886, -0.8281903862953186, -2.327857732772827], [0.40433692932128906, -0.9114326238632202, -0.07617118954658508, 0.44145601987838745], [-0.776445746421814, -0.2980494201183319, -0.5552459955215454, -0.8525546193122864], [0.0, 0.0, 0.0, 1.0]]}, "Bone.002": {"matrix": [[0.5015509724617004, -0.7763866782188416, -0.38166752457618713, -1.481397271156311], [0.7456987500190735, 0.16429966688156128, 0.6457082033157349, 0.4484619200229645], [-0.4386114180088043, -0.6084643602371216, 0.6613552570343018, 0.49877113103866577], [0.0, 0.0, 0.0, 1.0]]}, "finger3joint1": {"matrix": [[0.47870221734046936, -0.5365720391273499, -0.6949348449707031, -1.8086520433425903], [0.656588077545166, -0.3066846430301666, 0.689083993434906, 0.5177158713340759], [-0.5828691124916077, -0.7861517667770386, 0.20549632608890533, 0.24229726195335388], [0.0, 0.0, 0.0, 1.0]]}, "finger3joint2": {"matrix": [[0.4144294261932373, -0.014398605562746525, -0.9099674820899963, -2.279323101043701], [0.5726020336151123, -0.773039698600769, 0.2730138897895813, 0.24869772791862488], [-0.7073720097541809, -0.6341941356658936, -0.3121255338191986, -0.4473005533218384], [0.0, 0.0, 0.0, 1.0]]}, "finger3joint3": {"matrix": [[0.5603193044662476, 0.2489597201347351, -0.7899754047393799, -2.288640260696411], [0.47946736216545105, -0.8752038478851318, 0.0642605647444725, -0.2515209913253784], [-0.6753911972045898, -0.4147739112377167, -0.6097614169120789, -0.8576750159263611], [0.0, 0.0, 0.0, 1.0]]}, "Bone.003": {"matrix": [[-0.26996490359306335, -0.9077407717704773, 0.3211316168308258, -1.4813973903656006], [0.9299119710922241, -0.15928378701210022, 0.3315003216266632, 0.4484618902206421], [-0.24976511299610138, 0.3881176710128784, 0.8871199488639832, 0.49877113103866577], [0.0, 0.0, 0.0, 1.0]]}, "finger4joint1": {"matrix": [[0.8086031675338745, -0.3478013277053833, -0.4745468199253082, -1.8704726696014404], [0.5792214274406433, 0.3290189206600189, 0.7458209991455078, 0.3801897168159485], [-0.1032627746462822, -0.877940833568573, 0.46749988198280334, 0.665125846862793], [0.0, 0.0, 0.0, 1.0]]}, "finger4joint2": {"matrix": [[0.7911035418510437, -0.06916186213493347, -0.6077592372894287, -2.2159643173217773], [0.6009052395820618, -0.09781333059072495, 0.7933129072189331, 0.7070236802101135], [-0.11431404948234558, -0.992798388004303, -0.03582053631544113, -0.20698457956314087], [0.0, 0.0, 0.0, 1.0]]}, "finger4joint3": {"matrix": [[0.8029204607009888, 0.16364631056785583, -0.5731824040412903, -2.2448089122772217], [0.5952867269515991, -0.26990756392478943, 0.7568246126174927, 0.6662293672561646], [-0.030854804441332817, -0.9488779306411743, -0.314130574464798, -0.6210439205169678], [0.0, 0.0, 0.0, 1.0]]}}