{"root": {"matrix": [[0.3888775706291199, -0.6795716881752014, -0.6220583319664001, -5.960464477539063e-08], [-0.6760673522949219, 0.2481934279203415, -0.6937816739082336, 1.4901161193847656e-08], [0.62586510181427, 0.6903494596481323, -0.362919420003891, 0.0], [0.0, 0.0, 0.0, 1.0]]}, "carpals": {"matrix": [[0.8905186653137207, -0.4545119106769562, 0.019883105531334877, 0.2841963469982147], [0.06310371309518814, 0.16668377816677094, 0.9839888215065002, -1.2079734802246094], [-0.45054885745048523, -0.875005841255188, 0.17711660265922546, 2.1319046020507812], [0.0, 0.0, 0.0, 1.0]]}, "metacarpals": {"matrix": [[0.08928602933883667, -0.5362474918365479, 0.8393250703811646, -0.1584954857826233], [-0.8027250170707703, 0.4601229429244995, 0.3793666362762451, -1.0456244945526123], [-0.5896273255348206, -0.7076193690299988, -0.389376699924469, 1.2796541452407837], [0.0, 0.0, 0.0, 1.0]]}, "finger5joint1": {"matrix": [[-0.017570089548826218, -0.6828569769859314, 0.7303407192230225, -0.8254532217979431], [-0.637793779373169, 0.5701953172683716, 0.5177799463272095, -0.7982549667358398], [-0.7700066566467285, -0.45670923590660095, -0.44554027915000916, 1.1394736766815186], [0.0, 0.0, 0.0, 1.0]]}, "finger5joint2": {"matrix": [[0.7530857920646667, -0.608191967010498, -0.25092607736587524, -1.5467360019683838], [0.5076983571052551, 0.2946332097053528, 0.8095881938934326, -0.19597341120243073], [-0.41845399141311646, -0.7370840907096863, 0.5306625366210938, 0.6570644378662109], [0.0, 0.0, 0.0, 1.0]]}, "finger5joint3": {"matrix": [[0.7056862711906433, -0.5950391292572021, -0.3846229910850525, -1.9647676944732666], [0.4876421391963959, 0.014072088524699211, 0.8729298114776611, 0.006538327783346176], [-0.5140150189399719, -0.8035731315612793, 0.3000969886779785, 0.15044070780277252], [0.0, 0.0, 0.0, 1.0]]}, "Bone": {"matrix": [[0.47067520022392273, -0.13620464503765106, 0.8717299103736877, -0.9957267642021179], [-0.6090075373649597, -0.7650547623634338, 0.2092858999967575, -0.32724493741989136], [0.6384153962135315, -0.6293960213661194, -0.44304198026657104, 0.17486384510993958], [0.0, 0.0, 0.0, 1.0]]}, "finger1joint1": {"matrix": [[0.3603791892528534, -0.694722592830658, 0.6224847435951233, -1.109074592590332], [-0.8666059374809265, -0.002440145006403327, 0.49898669123649597, -0.9639140367507935], [-0.34513863921165466, -0.7192735075950623, -0.6029300689697266, -0.34891176223754883], [0.0, 0.0, 0.0, 1.0]]}, "finger1joint2": {"matrix": [[0.1675693839788437, -0.8695763349533081, 0.46449702978134155, -1.5017167329788208], [-0.9771541357040405, -0.08402171730995178, 0.19521737098693848, -0.9652931690216064], [-0.1307287961244583, -0.4865977168083191, -0.8637896180152893, -0.7554296255111694], [0.0, 0.0, 0.0, 1.0]]}, "finger1joint3": {"matrix": [[0.2455376535654068, -0.9689289331436157, 0.029797570779919624, -1.8744897842407227], [-0.9486163258552551, -0.23383411765098572, 0.2131863236427307, -1.0013118982315063], [-0.19959497451782227, -0.08061177283525467, -0.9765568971633911, -0.9640259742736816], [0.0, 0.0, 0.0, 1.0]]}, "Bone.001": {"matrix": [[0.4961452782154083, 0.007717581931501627, 0.8682051301002502, -0.9957267045974731], [-0.8027242422103882, -0.37698590755462646, 0.46207666397094727, -0.3272448778152466], [0.33086714148521423, -0.926186740398407, -0.18084463477134705, 0.17486393451690674], [0.0, 0.0, 0.0, 1.0]]}, "finger2joint1": {"matrix": [[0.41109102964401245, -0.8832168579101562, 0.2256811261177063, -0.9908345937728882], [-0.8377120494842529, -0.2683810591697693, 0.47561490535736084, -0.5662100911140442], [-0.35950279235839844, -0.3845769464969635, -0.8502106070518494, -0.4122307300567627], [0.0, 0.0, 0.0, 1.0]]}, "finger2joint2": {"matrix": [[0.3069137930870056, -0.8013949990272522, -0.5133904814720154, -1.7549487352371216], [-0.8989031910896301, -0.42131292819976807, 0.12028329819440842, -0.7983996272087097], [-0.3126927316188812, 0.4245717525482178, -0.849683403968811, -0.744947075843811], [0.0, 0.0, 0.0, 1.0]]}, "finger2joint3": {"matrix": [[0.25760746002197266, -0.3434586226940155, -0.9031469225883484, -2.059171438217163], [-0.948422372341156, -0.2685956656932831, -0.16837704181671143, -0.9583369493484497], [-0.18475103378295898, 0.8999400734901428, -0.394936203956604, -0.5837727189064026], [0.0, 0.0, 0.0, 1.0]]}, "Bone.002": {"matrix": [[0.3472799062728882, -0.23698078095912933, 0.907323956489563, -0.9957267045974731], [-0.8453957438468933, 0.33960700035095215, 0.41227757930755615, -0.3272448778152466], [-0.4058356285095215, -0.9102234840393066, -0.08240383863449097, 0.17486386001110077], [0.0, 0.0, 0.0, 1.0]]}, "finger3joint1": {"matrix": [[0.3226669132709503, -0.6955791711807251, 0.6419156193733215, -1.0956165790557861], [-0.8897423148155212, 0.00843924842774868, 0.45638489723205566, -0.18409712612628937], [-0.3228693902492523, -0.7183997631072998, -0.6161631345748901, -0.2088044285774231], [0.0, 0.0, 0.0, 1.0]]}, "finger3joint2": {"matrix": [[0.18347316980361938, -0.7101840376853943, -0.6796882748603821, -1.705765724182129], [-0.89424067735672, -0.4077296257019043, 0.1846344769001007, -0.1766943633556366], [-0.4082537293434143, 0.573929488658905, -0.709882915019989, -0.8389714956283569], [0.0, 0.0, 0.0, 1.0]]}, "finger3joint3": {"matrix": [[0.2596951723098755, -0.13033261895179749, -0.9568551182746887, -2.165311813354492], [-0.9316666722297668, -0.2945117652416229, -0.2127436399459839, -0.44052815437316895], [-0.25407785177230835, 0.9467185735702515, -0.19790975749492645, -0.4675930142402649], [0.0, 0.0, 0.0, 1.0]]}, "Bone.003": {"matrix": [[0.5983629822731018, 0.09059888124465942, 0.7960864901542664, -0.9957267045974731], [-0.1677621304988861, 0.9857291579246521, 0.013914001174271107, -0.32724490761756897], [-0.7834650874137878, -0.1418786346912384, 0.6050229072570801, 0.17486387491226196], [0.0, 0.0, 0.0, 1.0]]}, "finger4joint1": {"matrix": [[0.13396131992340088, -0.514815092086792, 0.8467701077461243, -0.9568942189216614], [-0.8422755599021912, 0.3910590410232544, 0.3710044026374817, 0.09525778889656067], [-0.5221360325813293, -0.7629139423370361, -0.38122934103012085, 0.1140519380569458], [0.0, 0.0, 0.0, 1.0]]}, "finger4joint2": {"matrix": [[0.1384512037038803, -0.821086049079895, 0.5537587404251099, -1.4682904481887817], [-0.8257685899734497, 0.2129770815372467, 0.522251307964325, 0.4837198555469513], [-0.5467513799667358, -0.5295828580856323, -0.648540198802948, -0.6437955498695374], [0.0, 0.0, 0.0, 1.0]]}, "finger4joint3": {"matrix": [[0.19810999929904938, -0.9444814324378967, 0.2621203064918518, -1.8107351064682007], [-0.8481656908988953, -0.031146500259637833, 0.5288139581680298, 0.5725446343421936], [-0.4912910461425781, -0.3270847797393799, -0.8072472810745239, -0.8646649122238159], [0.0, 0.0, 0.0, 1.0]]}}