{"root": {"matrix": [[0.35241860151290894, -0.809626042842865, 0.46936848759651184, -5.960464477539063e-08], [0.5547460913658142, -0.22319795191287994, -0.8015232086181641, 0.0], [0.7536962032318115, 0.542851984500885, 0.37047773599624634, 0.0], [0.0, 0.0, 0.0, 1.0]]}, "carpals": {"matrix": [[-0.6361163854598999, -0.3429924249649048, -0.6911670565605164, -0.04825904965400696], [0.7610414028167725, -0.4265366494655609, -0.4887559711933136, 1.1261863708496094], [-0.12716835737228394, -0.8369123935699463, 0.5323584079742432, 2.1941652297973633], [0.0, 0.0, 0.0, 1.0]]}, "metacarpals": {"matrix": [[-0.7053317427635193, -0.6078802943229675, -0.3646758794784546, -0.3823315501213074], [0.6874856352806091, -0.4611620008945465, -0.5609750747680664, 0.7107422947883606], [0.17283111810684204, -0.6463828682899475, 0.7431811094284058, 1.3790175914764404], [0.0, 0.0, 0.0, 1.0]]}, "finger5joint1": {"matrix": [[-0.6049350500106812, -0.7198728322982788, -0.34034737944602966, -0.45545291900634766], [0.7306131720542908, -0.33183130621910095, -0.5967347025871277, 0.5577080249786377], [0.3166353404521942, -0.6096479296684265, 0.7266849875450134, 0.6741001605987549], [0.0, 0.0, 0.0, 1.0]]}, "finger5joint2": {"matrix": [[-0.31772860884666443, -0.9481166005134583, 0.0110758813098073, -1.215834617614746], [-0.5851374268531799, 0.18687038123607635, -0.7891092300415039, 0.20720385015010834], [0.746097981929779, -0.25720325112342834, -0.614152729511261, 0.030145928263664246], [0.0, 0.0, 0.0, 1.0]]}, "finger5joint3": {"matrix": [[-0.40497857332229614, -0.8119783401489258, -0.42033651471138, -1.8675084114074707], [-0.5208015441894531, 0.5827111005783081, -0.6238695383071899, 0.3356463611125946], [0.7515034675598145, -0.03374164178967476, -0.6588651537895203, -0.146638885140419], [0.0, 0.0, 0.0, 1.0]]}, "Bone": {"matrix": [[0.5202739238739014, -0.7293288111686707, -0.4442908465862274, -1.3314013481140137], [0.607589066028595, 0.681708812713623, -0.40756410360336304, -0.009259700775146484], [0.6001251339912415, -0.05790118873119354, 0.797807514667511, 0.36983445286750793], [0.0, 0.0, 0.0, 1.0]]}, "finger1joint1": {"matrix": [[0.23978859186172485, -0.900234580039978, -0.3634265661239624, -1.9383397102355957], [0.5316229462623596, 0.4349929094314575, -0.7267448902130127, 0.5580500364303589], [0.8123288154602051, -0.018940648064017296, 0.5828917026519775, 0.3216497600078583], [0.0, 0.0, 0.0, 1.0]]}, "finger1joint2": {"matrix": [[0.35700738430023193, -0.1002143993973732, -0.9287101626396179, -2.4471330642700195], [0.7188359498977661, 0.6643779277801514, 0.2046382576227188, 0.8038985729217529], [0.5965067744255066, -0.740647554397583, 0.3092256188392639, 0.31094494462013245], [0.0, 0.0, 0.0, 1.0]]}, "finger1joint3": {"matrix": [[0.26455363631248474, 0.9021326899528503, -0.3408339321613312, -2.490093231201172], [0.7110040783882141, 0.0563129186630249, 0.7009294629096985, 1.088706374168396], [0.6515247225761414, -0.4277677834033966, -0.6265221238136292, -0.0065584927797317505], [0.0, 0.0, 0.0, 1.0]]}, "Bone.001": {"matrix": [[0.18661299347877502, -0.9712775349617004, -0.14763200283050537, -1.3314013481140137], [0.7498231530189514, 0.23790600895881653, -0.6173862218856812, -0.009259656071662903], [0.6347759366035461, 0.004514506086707115, 0.772682785987854, 0.36983442306518555], [0.0, 0.0, 0.0, 1.0]]}, "finger2joint1": {"matrix": [[-0.4602149724960327, -0.2809153199195862, -0.8421926498413086, -1.9470782279968262], [0.6247981190681458, 0.5714617967605591, -0.5320324301719666, 0.14154508709907532], [0.6307370662689209, -0.7710496783256531, -0.08747982233762741, 0.3726961314678192], [0.0, 0.0, 0.0, 1.0]]}, "finger2joint2": {"matrix": [[-0.40392619371414185, -0.11761341243982315, -0.9071992039680481, -2.1901121139526367], [0.7203982472419739, 0.5703031420707703, -0.39469051361083984, 0.6359446048736572], [0.5637996196746826, -0.8129704594612122, -0.1456317901611328, -0.2943766713142395], [0.0, 0.0, 0.0, 1.0]]}, "finger2joint3": {"matrix": [[-0.33206304907798767, 0.14279870688915253, -0.932385265827179, -2.234760046005249], [0.8134221434593201, 0.543820321559906, -0.2064066380262375, 0.852441132068634], [0.47757554054260254, -0.8269628882408142, -0.2967381477355957, -0.6029936075210571], [0.0, 0.0, 0.0, 1.0]]}, "Bone.002": {"matrix": [[-0.5411771535873413, -0.838805615901947, -0.05943252518773079, -1.3314014673233032], [0.7129530906677246, -0.4202055335044861, -0.5613601803779602, -0.009259656071662903], [0.44589829444885254, -0.34616774320602417, 0.8254346251487732, 0.36983445286750793], [0.0, 0.0, 0.0, 1.0]]}, "finger3joint1": {"matrix": [[-0.6415755748748779, -0.6790921688079834, 0.3566712737083435, -1.6849663257598877], [0.7287272810935974, -0.6847678422927856, 0.007045647595077753, -0.1863805055618286], [0.2394525557756424, 0.2644364535808563, 0.9342031478881836, 0.22392123937606812], [0.0, 0.0, 0.0, 1.0]]}, "finger3joint2": {"matrix": [[-0.7542311549186707, -0.2644018232822418, -0.6010214686393738, -2.280653715133667], [0.6104535460472107, 0.05475896969437599, -0.7901569604873657, -0.7870461940765381], [0.24183045327663422, -0.9628565907478333, 0.12010423094034195, 0.4558800160884857], [0.0, 0.0, 0.0, 1.0]]}, "finger3joint3": {"matrix": [[-0.6545956134796143, 0.7499473690986633, -0.09530538320541382, -2.4517428874969482], [0.7365902662277222, 0.6610870361328125, 0.14282412827014923, -0.7516127824783325], [0.1701158881187439, 0.02329087071120739, -0.9851487278938293, -0.16716550290584564], [0.0, 0.0, 0.0, 1.0]]}, "Bone.003": {"matrix": [[-0.8247170448303223, 0.001944387680850923, 0.5655420422554016, -1.3314014673233032], [-0.04236248508095741, -0.9973971843719482, -0.05834723636507988, -0.009259641170501709], [0.563956618309021, -0.07207774370908737, 0.8226527571678162, 0.36983442306518555], [0.0, 0.0, 0.0, 1.0]]}, "finger4joint1": {"matrix": [[-0.7276141047477722, -0.602210521697998, -0.32851138710975647, -1.3305680751800537], [0.6708027124404907, -0.5244163870811462, -0.5244149565696716, -0.4367634654045105], [0.1435316652059555, -0.601938009262085, 0.7855373024940491, 0.3389405310153961], [0.0, 0.0, 0.0, 1.0]]}, "finger4joint2": {"matrix": [[-0.7474352717399597, -0.4129878580570221, -0.5203661322593689, -1.9287793636322021], [0.6483534574508667, -0.2826988697052002, -0.7069079875946045, -0.9576971530914307], [0.14483769237995148, -0.8657492399215698, 0.47906139492988586, -0.2590000033378601], [0.0, 0.0, 0.0, 1.0]]}, "finger4joint3": {"matrix": [[-0.7028259038925171, -0.30640581250190735, -0.6419895887374878, -2.1010212898254395], [0.6798806190490723, -0.02382711134850979, -0.7329354286193848, -1.075600266456604], [0.20927909016609192, -0.9516023993492126, 0.22506585717201233, -0.6200718879699707], [0.0, 0.0, 0.0, 1.0]]}}