{"root": {"matrix": [[0.31576666235923767, -0.7718978524208069, -0.551783561706543, 0.0], [-0.6496037840843201, 0.2480059713125229, -0.7186848521232605, 1.4901161193847656e-08], [0.6915968656539917, 0.5853774547576904, -0.4231158196926117, 0.0], [0.0, 0.0, 0.0, 1.0]]}, "carpals": {"matrix": [[0.756417453289032, -0.5901089906692505, -0.2821415662765503, 0.020586907863616943], [0.500430166721344, 0.2443498820066452, 0.8305795788764954, -1.1455106735229492], [-0.42119115591049194, -0.7694571614265442, 0.4801390469074249, 2.184574604034424], [0.0, 0.0, 0.0, 1.0]]}, "metacarpals": {"matrix": [[0.5450284481048584, -0.6916381120681763, 0.4738992750644684, -0.5541757345199585], [-0.23970927298069, 0.41308924555778503, 0.8785763382911682, -0.9075153470039368], [-0.8034197688102722, -0.5924471616744995, 0.059353481978178024, 1.4351279735565186], [0.0, 0.0, 0.0, 1.0]]}, "finger5joint1": {"matrix": [[0.3181997537612915, -0.88569176197052, 0.3380811810493469, -1.2394530773162842], [-0.07098084688186646, 0.3333577811717987, 0.9401243925094604, -0.9911349415779114], [-0.9453626275062561, -0.3231445848941803, 0.04320739582180977, 1.2135930061340332], [0.0, 0.0, 0.0, 1.0]]}, "finger5joint2": {"matrix": [[0.41366690397262573, -0.18487706780433655, -0.8914592862129211, -2.1749844551086426], [0.9028603434562683, 0.209290012717247, 0.3755532503128052, -0.6390183568000793], [0.11714251339435577, -0.9602173566818237, 0.25349485874176025, 0.8722643852233887], [0.0, 0.0, 0.0, 1.0]]}, "finger5joint3": {"matrix": [[0.44304949045181274, 0.24465110898017883, -0.8624688386917114, -2.3020570278167725], [0.8964046239852905, -0.1070994883775711, 0.43010199069976807, -0.49516597390174866], [0.012855100445449352, -0.9636779427528381, -0.2667566239833832, 0.21227328479290009], [0.0, 0.0, 0.0, 1.0]]}, "Bone": {"matrix": [[0.7249376773834229, 0.3396914005279541, 0.5992286205291748, -1.6340147256851196], [-0.5179626941680908, -0.30463939905166626, 0.7993178367614746, -0.2625683546066284], [0.4540700614452362, -0.8898339867591858, -0.04489695653319359, 0.5101535320281982], [0.0, 0.0, 0.0, 1.0]]}, "finger1joint1": {"matrix": [[0.7682960629463196, -0.6351245045661926, 0.07961051166057587, -1.351327896118164], [-0.259644091129303, -0.1955460160970688, 0.9456987977027893, -0.5160854458808899], [-0.5850691795349121, -0.7472472786903381, -0.3151434063911438, -0.23035535216331482], [0.0, 0.0, 0.0, 1.0]]}, "finger1joint2": {"matrix": [[0.7201253175735474, -0.6849775314331055, 0.11056787520647049, -1.7102864980697632], [-0.5312772989273071, -0.44185805320739746, 0.7228454351425171, -0.6266038417816162], [-0.44627779722213745, -0.5792816877365112, -0.6821061372756958, -0.6526833772659302], [0.0, 0.0, 0.0, 1.0]]}, "finger1joint3": {"matrix": [[0.7522629499435425, -0.606722891330719, -0.2568807899951935, -2.003925085067749], [-0.43877118825912476, -0.7521780729293823, 0.4916377365589142, -0.8160210847854614], [-0.4915081858634949, -0.25712916254997253, -0.8320481777191162, -0.9010119438171387], [0.0, 0.0, 0.0, 1.0]]}, "Bone.001": {"matrix": [[0.8623947501182556, 0.2386949062347412, 0.4464300870895386, -1.6340149641036987], [-0.4923872947692871, 0.19064471125602722, 0.8492401838302612, -0.2625683546066284], [0.11759974807500839, -0.9521969556808472, 0.28194156289100647, 0.5101535320281982], [0.0, 0.0, 0.0, 1.0]]}, "finger2joint1": {"matrix": [[0.61640465259552, -0.2563796937465668, 0.7445230484008789, -1.4827100038528442], [-0.3086346983909607, 0.7911929488182068, 0.5279752612113953, -0.14172178506851196], [-0.7244236469268799, -0.555232048034668, 0.40856751799583435, -0.09342855215072632], [0.0, 0.0, 0.0, 1.0]]}, "finger2joint2": {"matrix": [[0.5192422270774841, -0.41501185297966003, 0.7470960021018982, -1.7045167684555054], [-0.28328678011894226, 0.74117511510849, 0.6086112260818481, 0.542777955532074], [-0.8063101172447205, -0.527658998966217, 0.2672822177410126, -0.5737870335578918], [0.0, 0.0, 0.0, 1.0]]}, "finger2joint3": {"matrix": [[0.39936867356300354, -0.6478378772735596, 0.6486991047859192, -1.8620619773864746], [-0.24964682757854462, 0.6039904952049255, 0.7568827271461487, 0.8241402506828308], [-0.8821455836296082, -0.46422091126441956, 0.07948436588048935, -0.7740950584411621], [0.0, 0.0, 0.0, 1.0]]}, "Bone.002": {"matrix": [[0.7774383425712585, -0.374294638633728, 0.5054632425308228, -1.6340148448944092], [-0.2332991510629654, 0.5747066140174866, 0.7844001054763794, -0.26256832480430603], [-0.5840899348258972, -0.7277467846870422, 0.3594765365123749, 0.5101534724235535], [0.0, 0.0, 0.0, 1.0]]}, "finger3joint1": {"matrix": [[0.7819222807884216, 0.218717560172081, 0.5837467312812805, -1.7917836904525757], [-0.5880104899406433, 0.5697051882743835, 0.574177086353302, -0.020323723554611206], [-0.20698119699954987, -0.7922109961509705, 0.5740734934806824, 0.20340090990066528], [0.0, 0.0, 0.0, 1.0]]}, "finger3joint2": {"matrix": [[0.7834281325340271, -0.5687330365180969, 0.25056567788124084, -1.599928617477417], [-0.5123555660247803, -0.36285194754600525, 0.778350830078125, 0.47941112518310547], [-0.3517557978630066, -0.7381606698036194, -0.575661838054657, -0.49151191115379333], [0.0, 0.0, 0.0, 1.0]]}, "finger3joint3": {"matrix": [[0.7009391784667969, -0.6957421898841858, -0.1569303572177887, -1.9679447412490845], [-0.6533123254776001, -0.714597225189209, 0.2500670850276947, 0.2446168065071106], [-0.28612446784973145, -0.07275745272636414, -0.955426037311554, -0.9691611528396606], [0.0, 0.0, 0.0, 1.0]]}, "Bone.003": {"matrix": [[0.5985776782035828, -0.4913614094257355, 0.6326678991317749, -1.6340148448944092], [0.5621030926704407, 0.8203365206718445, 0.10529915243387222, -0.2625683546066284], [-0.5707404017448425, 0.2925950586795807, 0.7672309875488281, 0.5101534724235535], [0.0, 0.0, 0.0, 1.0]]}, "finger4joint1": {"matrix": [[0.7903566360473633, -0.060383401811122894, 0.6096639037132263, -1.8446218967437744], [-0.5182844400405884, 0.46472400426864624, 0.7179222106933594, 0.08904379606246948], [-0.32667624950408936, -0.8833939433097839, 0.3360021412372589, 0.635565459728241], [0.0, 0.0, 0.0, 1.0]]}, "finger4joint2": {"matrix": [[0.8003900051116943, -0.3075510561466217, 0.5145754814147949, -1.9046043157577515], [-0.49353545904159546, 0.1491931676864624, 0.8568335175514221, 0.5506815910339355], [-0.3402913808822632, -0.93976229429245, -0.03237441927194595, -0.24196186661720276], [0.0, 0.0, 0.0, 1.0]]}, "finger4joint3": {"matrix": [[0.8155719041824341, -0.37761184573173523, 0.4384649693965912, -2.032872438430786], [-0.5167104601860046, -0.13414612412452698, 0.8455853462219238, 0.6129045486450195], [-0.26048484444618225, -0.916195273399353, -0.3045216202735901, -0.633901834487915], [0.0, 0.0, 0.0, 1.0]]}}