{"root": {"matrix": [[0.3221777379512787, -0.8640878200531006, -0.38672176003456116, 0.0], [0.09590805321931839, 0.43619391322135925, -0.8947270512580872, 2.9802322387695312e-08], [0.9418084621429443, 0.25117143988609314, 0.2234048694372177, 0.0], [0.0, 0.0, 0.0, 1.0]]}, "carpals": {"matrix": [[0.7987068891525269, -0.4955739676952362, -0.34128227829933167, -0.07370901107788086], [0.12924280762672424, -0.412649542093277, 0.9016742706298828, 0.7444381713867188], [-0.5876762270927429, -0.7642817497253418, -0.26553648710250854, 2.350609302520752], [0.0, 0.0, 0.0, 1.0]]}, "metacarpals": {"matrix": [[0.49160128831863403, -0.6243237853050232, 0.607081413269043, -0.5563950538635254], [-0.7566815614700317, 0.038786083459854126, 0.6526319980621338, 0.34251996874809265], [-0.43100011348724365, -0.7802019715309143, -0.4533469080924988, 1.606203556060791], [0.0, 0.0, 0.0, 1.0]]}, "finger5joint1": {"matrix": [[0.12430933862924576, -0.5866941213607788, 0.8002106547355652, -1.2486703395843506], [-0.6333281397819519, 0.5739070177078247, 0.5191589593887329, 0.22895407676696777], [-0.7638340592384338, -0.5713320374488831, -0.3002278208732605, 1.423084020614624], [0.0, 0.0, 0.0, 1.0]]}, "finger5joint2": {"matrix": [[0.8868861198425293, -0.2902195453643799, -0.35945120453834534, -1.86837899684906], [0.450260728597641, 0.36880549788475037, 0.8131712079048157, 0.8351560831069946], [-0.10343065857887268, -0.8830368518829346, 0.4577631950378418, 0.819601833820343], [0.0, 0.0, 0.0, 1.0]]}, "finger5joint3": {"matrix": [[0.8743577003479004, -0.25828301906585693, -0.41083821654319763, -2.067857027053833], [0.43726998567581177, 0.0521647147834301, 0.8978158831596375, 1.088649034500122], [-0.2104593962430954, -0.9646594524383545, 0.15855029225349426, 0.21265967190265656], [0.0, 0.0, 0.0, 1.0]]}, "Bone": {"matrix": [[0.6391593217849731, 0.27766287326812744, 0.7172018885612488, -1.5311378240585327], [-0.2102537900209427, -0.8339399099349976, 0.51023268699646, 0.40307581424713135], [0.7397758364677429, -0.47691458463668823, -0.47464069724082947, 0.38809165358543396], [0.0, 0.0, 0.0, 1.0]]}, "finger1joint1": {"matrix": [[0.7320361733436584, -0.635286808013916, 0.24603572487831116, -1.3000702857971191], [-0.6493128538131714, -0.5413092374801636, 0.5342068672180176, -0.2909187376499176], [-0.20619335770606995, -0.5508129000663757, -0.8087576627731323, -0.008790761232376099], [0.0, 0.0, 0.0, 1.0]]}, "finger1joint2": {"matrix": [[0.6349282264709473, -0.7708869576454163, 0.05098390579223633, -1.6591205596923828], [-0.7701679468154907, -0.6367745995521545, -0.0368698313832283, -0.5968549847602844], [0.060887522995471954, -0.015856530517339706, -0.9980185031890869, -0.32009831070899963], [0.0, 0.0, 0.0, 1.0]]}, "finger1joint3": {"matrix": [[0.6646791100502014, -0.6472905278205872, -0.37311744689941406, -1.9895870685577393], [-0.7460597157478333, -0.6017427444458008, -0.2851325273513794, -0.8698297739028931], [-0.03995732218027115, 0.4678893983364105, -0.8828830718994141, -0.32689571380615234], [0.0, 0.0, 0.0, 1.0]]}, "Bone.001": {"matrix": [[0.775236964225769, 0.2553211450576782, 0.5777702927589417, -1.5311377048492432], [-0.4182571768760681, -0.4779483675956726, 0.7724156975746155, 0.40307578444480896], [0.4733583331108093, -0.8404619097709656, -0.26373323798179626, 0.38809168338775635], [0.0, 0.0, 0.0, 1.0]]}, "finger2joint1": {"matrix": [[0.8775951266288757, -0.39465874433517456, 0.27215999364852905, -1.3692939281463623], [-0.478507399559021, -0.6864446401596069, 0.5475620031356812, 0.10011214017868042], [-0.029277505353093147, -0.6107684373855591, -0.7912675142288208, -0.14466339349746704], [0.0, 0.0, 0.0, 1.0]]}, "finger2joint2": {"matrix": [[0.8093878030776978, -0.5151088237762451, 0.28205347061157227, -1.7107324600219727], [-0.5871686935424805, -0.7006892561912537, 0.4052989184856415, -0.493764728307724], [-0.01114134956151247, -0.4936569929122925, -0.8695850372314453, -0.6730690598487854], [0.0, 0.0, 0.0, 1.0]]}, "finger2joint3": {"matrix": [[0.7165030837059021, -0.6674869656562805, 0.20269237458705902, -1.9062763452529907], [-0.6975111961364746, -0.6897074580192566, 0.19437450170516968, -0.7597577571868896], [0.010055823251605034, -0.28065019845962524, -0.9597572088241577, -0.8604693412780762], [0.0, 0.0, 0.0, 1.0]]}, "Bone.002": {"matrix": [[0.7245035767555237, -0.28697314858436584, 0.6266904473304749, -1.5311378240585327], [-0.6451501250267029, 0.0377335362136364, 0.7631234526634216, 0.40307581424713135], [-0.2426433265209198, -0.9571949243545532, -0.15780261158943176, 0.38809165358543396], [0.0, 0.0, 0.0, 1.0]]}, "finger3joint1": {"matrix": [[0.6489645838737488, 0.20381025969982147, 0.7330118417739868, -1.652099847793579], [-0.7602550387382507, 0.13663971424102783, 0.63509202003479, 0.41898083686828613], [0.029279520735144615, -0.9694279432296753, 0.2436220794916153, -0.015375614166259766], [0.0, 0.0, 0.0, 1.0]]}, "finger3joint2": {"matrix": [[0.644096851348877, -0.7315763831138611, 0.2234620451927185, -1.4733211994171143], [-0.7531422972679138, -0.5553802847862244, 0.3526036739349365, 0.5388386845588684], [-0.13385027647018433, -0.395409494638443, -0.908699631690979, -0.8657398819923401], [0.0, 0.0, 0.0, 1.0]]}, "finger3joint3": {"matrix": [[0.5602447390556335, -0.7611154913902283, -0.32684722542762756, -1.9467098712921143], [-0.8283258676528931, -0.5141103863716125, -0.22263595461845398, 0.17946305871009827], [0.0014159292913973331, 0.39546653628349304, -0.9184790253639221, -1.1216015815734863], [0.0, 0.0, 0.0, 1.0]]}, "Bone.003": {"matrix": [[0.6734107732772827, -0.3526803255081177, 0.6497187614440918, -1.5311378240585327], [-0.0004895502352155745, 0.8786541223526001, 0.47745856642723083, 0.4030757546424866], [-0.7392682433128357, -0.32184362411499023, 0.5915224552154541, 0.38809168338775635], [0.0, 0.0, 0.0, 1.0]]}, "finger4joint1": {"matrix": [[0.5886206030845642, 0.07132229208946228, 0.8052569627761841, -1.6823034286499023], [-0.7993026971817017, 0.20043791830539703, 0.566515326499939, 0.7796840071678162], [-0.12099902331829071, -0.977106511592865, 0.1749899983406067, 0.25014328956604004], [0.0, 0.0, 0.0, 1.0]]}, "finger4joint2": {"matrix": [[0.6055406332015991, -0.6540184020996094, 0.4534095525741577, -1.611454725265503], [-0.7834093570709229, -0.3896867036819458, 0.4841628968715668, 0.978790819644928], [-0.13996392488479614, -0.6483855247497559, -0.7483351826667786, -0.7204742431640625], [0.0, 0.0, 0.0, 1.0]]}, "finger4joint3": {"matrix": [[0.6511130332946777, -0.7576516270637512, -0.04489535465836525, -1.8842215538024902], [-0.7553034424781799, -0.652639627456665, 0.05981513857841492, 0.8162670135498047], [-0.07461968064308167, -0.005036832299083471, -0.9971989989280701, -0.9908918738365173], [0.0, 0.0, 0.0, 1.0]]}}