{"root": {"matrix": [[0.4939614236354828, -0.8288406729698181, 0.2627265155315399, -5.960464477539063e-08], [0.2562989890575409, 0.4275375008583069, 0.8669039607048035, 0.0], [-0.8308507204055786, -0.3608805537223816, 0.4236181378364563, -2.9802322387695312e-08], [0.0, 0.0, 0.0, 1.0]]}, "carpals": {"matrix": [[0.5500377416610718, -0.628392219543457, -0.5500739812850952, 0.27626076340675354], [-0.5553176999092102, -0.7671506404876709, 0.3210947811603546, 0.900631308555603], [-0.6237632632255554, 0.12885141372680664, -0.7709192633628845, -2.279808759689331], [0.0, 0.0, 0.0, 1.0]]}, "metacarpals": {"matrix": [[0.02320169471204281, -0.9698671102523804, -0.24252668023109436, -0.3357895612716675], [-0.9890438914299011, 0.013108216226100922, -0.14703784883022308, 0.15343120694160461], [0.1457860767841339, 0.2432810664176941, -0.9589372277259827, -2.154308319091797], [0.0, 0.0, 0.0, 1.0]]}, "finger5joint1": {"matrix": [[-0.32299700379371643, -0.6431800127029419, -0.6942564845085144, -0.7935664057731628], [-0.9336171746253967, 0.3367067873477936, 0.12242253124713898, 0.3949415385723114], [0.15502095222473145, 0.6877120733261108, -0.7092393040657043, -1.6465799808502197], [0.0, 0.0, 0.0, 1.0]]}, "finger5joint2": {"matrix": [[-0.7145876884460449, -0.6977328658103943, 0.05032491311430931, -1.4729397296905518], [0.11939947307109833, -0.05076683312654495, 0.9915472865104675, 0.7505955696105957], [-0.68928062915802, 0.7145563364028931, 0.11958658695220947, -0.9201688766479492], [0.0, 0.0, 0.0, 1.0]]}, "finger5joint3": {"matrix": [[-0.7782861590385437, -0.5916990041732788, -0.21014831960201263, -1.952515959739685], [0.059367984533309937, -0.4025222361087799, 0.9134827852249146, 0.7157017588615417], [-0.6250964999198914, 0.6984749436378479, 0.34840574860572815, -0.42902928590774536], [0.0, 0.0, 0.0, 1.0]]}, "Bone": {"matrix": [[0.9788049459457397, -0.10012278705835342, -0.17865025997161865, -1.8500213623046875], [-0.15323907136917114, -0.9367842078208923, -0.3145677447319031, 0.17389672994613647], [-0.1358613818883896, 0.3352765440940857, -0.9322720170021057, -1.7744790315628052], [0.0, 0.0, 0.0, 1.0]]}, "finger1joint1": {"matrix": [[0.2687738835811615, -0.9631571769714355, 0.009403607808053493, -1.9333422183990479], [-0.9629222750663757, -0.26891839504241943, -0.021526124328374863, -0.605683445930481], [0.023261653259396553, -0.003269364358857274, -0.9997239708900452, -1.4954659938812256], [0.0, 0.0, 0.0, 1.0]]}, "finger1joint2": {"matrix": [[0.27235808968544006, -0.14104527235031128, -0.9518019556999207, -2.4776978492736816], [-0.9050740599632263, 0.2982024848461151, -0.3031766712665558, -0.7576703429222107], [0.32659128308296204, 0.9440240859985352, -0.046438638120889664, -1.4973137378692627], [0.0, 0.0, 0.0, 1.0]]}, "finger1joint3": {"matrix": [[0.17955619096755981, 0.9242077469825745, -0.33704492449760437, -2.5381617546081543], [-0.941452145576477, 0.26081761717796326, 0.21363984048366547, -0.629835844039917], [0.28535476326942444, 0.27895140647888184, 0.9169289469718933, -1.0926262140274048], [0.0, 0.0, 0.0, 1.0]]}, "Bone.001": {"matrix": [[0.8588934540748596, -0.4980340003967285, -0.11943110078573227, -1.850021243095398], [-0.4970783293247223, -0.8667917251586914, 0.039809759706258774, 0.17389675974845886], [-0.12334862351417542, 0.025174055248498917, -0.9920439124107361, -1.7744790315628052], [0.0, 0.0, 0.0, 1.0]]}, "finger2joint1": {"matrix": [[0.14925813674926758, -0.23065921664237976, -0.9615185856819153, -2.1657168865203857], [-0.9794831275939941, 0.09867076575756073, -0.17571689188480377, -0.3755483329296112], [0.1354043036699295, 0.9680187106132507, -0.2111995369195938, -1.7585216760635376], [0.0, 0.0, 0.0, 1.0]]}, "finger2joint2": {"matrix": [[0.21600288152694702, 0.03955589979887009, -0.9755909442901611, -2.36527156829834], [-0.9460998177528381, 0.2554360032081604, -0.19911640882492065, -0.290183424949646], [0.24132469296455383, 0.9660163521766663, 0.09259867668151855, -0.9210412502288818], [0.0, 0.0, 0.0, 1.0]]}, "finger2joint3": {"matrix": [[0.30541643500328064, 0.3307391405105591, -0.8929345011711121, -2.3502554893493652], [-0.8889568448066711, 0.4351312220096588, -0.14288505911827087, -0.1932157278060913], [0.34128591418266296, 0.8374199867248535, 0.42690911889076233, -0.5543255805969238], [0.0, 0.0, 0.0, 1.0]]}, "Bone.002": {"matrix": [[0.2701394855976105, -0.9628138542175293, -0.0037260788958519697, -1.850021243095398], [-0.961235523223877, -0.269914448261261, 0.05632340908050537, 0.17389677464962006], [-0.05523490905761719, -0.011633672751486301, -0.9984055757522583, -1.7744790315628052], [0.0, 0.0, 0.0, 1.0]]}, "finger3joint1": {"matrix": [[0.527882993221283, -0.7613031268119812, -0.37650609016418457, -2.255856990814209], [-0.8466206192970276, -0.5069738626480103, -0.16189801692962646, 0.060125112533569336], [-0.06762546300888062, 0.40422090888023376, -0.9121579527854919, -1.7793828248977661], [0.0, 0.0, 0.0, 1.0]]}, "finger3joint2": {"matrix": [[0.4150661826133728, 0.7046530246734619, -0.5754858255386353, -2.9236581325531006], [-0.9092077612876892, 0.3439224362373352, -0.23464566469192505, -0.3845829963684082], [0.03257851302623749, 0.6206299066543579, 0.7834264636039734, -1.4248076677322388], [0.0, 0.0, 0.0, 1.0]]}, "finger3joint3": {"matrix": [[0.5403735041618347, 0.8404101729393005, -0.04131682962179184, -2.467690944671631], [-0.8386014103889465, 0.5338906645774841, -0.10820537060499191, -0.16203758120536804], [-0.06887838989496231, 0.09311999380588531, 0.9932695031166077, -1.0232102870941162], [0.0, 0.0, 0.0, 1.0]]}, "Bone.003": {"matrix": [[-0.31689316034317017, -0.6289054751396179, 0.7099693417549133, -1.8500213623046875], [-0.7502169013023376, 0.6241960525512695, 0.2180679589509964, 0.17389675974845886], [-0.5803044438362122, -0.46352672576904297, -0.669619083404541, -1.7744790315628052], [0.0, 0.0, 0.0, 1.0]]}, "finger4joint1": {"matrix": [[0.018581872805953026, -0.707271933555603, -0.7066969871520996, -2.119582414627075], [-0.9882264137268066, 0.09436764568090439, -0.12042852491140366, 0.44143933057785034], [0.15186484158039093, 0.7006145715713501, -0.6971915364265442, -1.9731556177139282], [0.0, 0.0, 0.0, 1.0]]}, "finger4joint2": {"matrix": [[-0.011285804212093353, 0.6059181690216064, -0.7954466342926025, -2.822157621383667], [-0.9879446029663086, 0.11607125401496887, 0.10243255645036697, 0.5351803302764893], [0.1543940305709839, 0.787013590335846, 0.5973037481307983, -1.2771937847137451], [0.0, 0.0, 0.0, 1.0]]}, "finger4joint3": {"matrix": [[-0.049976762384176254, 0.991950511932373, 0.11634428799152374, -2.569451332092285], [-0.9955662488937378, -0.05877252668142319, 0.07343760877847672, 0.5835892558097839], [0.07968408614397049, -0.11215826123952866, 0.9904901385307312, -0.9489596486091614], [0.0, 0.0, 0.0, 1.0]]}}