{"root": {"matrix": [[0.31783509254455566, -0.7583373785018921, 0.5691267848014832, 5.960464477539063e-08], [-0.09861823916435242, -0.6234371066093445, -0.7756291627883911, 0.0], [0.9430033564567566, 0.19039583206176758, -0.2729361653327942, 0.0], [0.0, 0.0, 0.0, 1.0]]}, "carpals": {"matrix": [[-0.9354841709136963, -0.3385886549949646, 0.1011275053024292, -0.0874820351600647], [-0.21989980340003967, 0.3337826132774353, -0.9166422486305237, -0.7460517883300781], [0.2766101658344269, -0.8797422647476196, -0.3867041766643524, 2.3496253490448], [0.0, 0.0, 0.0, 1.0]]}, "metacarpals": {"matrix": [[-0.28732287883758545, -0.32867324352264404, 0.8996772766113281, -0.4172653555870056], [-0.9561405181884766, 0.15424320101737976, -0.24900637567043304, -0.4209496080875397], [-0.056927524507045746, -0.9317631125450134, -0.35857558250427246, 1.492761492729187], [0.0, 0.0, 0.0, 1.0]]}, "finger5joint1": {"matrix": [[0.08908648788928986, -0.5877746939659119, 0.8041046261787415, -0.9245117902755737], [-0.9237391352653503, -0.35069602727890015, -0.1540067195892334, -0.06272473931312561], [0.3725174069404602, -0.7290630340576172, -0.5741929411888123, 1.118528127670288], [0.0, 0.0, 0.0, 1.0]]}, "finger5joint2": {"matrix": [[0.7435253858566284, -0.6238793730735779, -0.24071566760540009, -1.5453619956970215], [-0.21761393547058105, -0.5661186575889587, 0.7950806617736816, -0.43315526843070984], [-0.6323084235191345, -0.5387795567512512, -0.5566884875297546, 0.34843894839286804], [0.0, 0.0, 0.0, 1.0]]}, "finger5joint3": {"matrix": [[0.6941555738449097, -0.6399238705635071, -0.3296133875846863, -1.974176049232483], [-0.31295478343963623, -0.6806614398956299, 0.6623886823654175, -0.8222684264183044], [-0.6482337117195129, -0.35664668679237366, -0.6727522015571594, -0.021883144974708557], [0.0, 0.0, 0.0, 1.0]]}, "Bone": {"matrix": [[0.2030685395002365, -0.477760374546051, 0.854697585105896, -0.9304154515266418], [-0.27846238017082214, -0.8650205135345459, -0.41737037897109985, -0.18013310432434082], [0.9387339353561401, -0.15324647724628448, -0.3086969554424286, 0.03802061080932617], [0.0, 0.0, 0.0, 1.0]]}, "finger1joint1": {"matrix": [[-0.2210400104522705, -0.6749001145362854, 0.7040248513221741, -1.3280017375946045], [-0.9737513661384583, 0.11252730339765549, -0.1978527456521988, -0.8999925255775452], [0.05430861562490463, -0.7292783856391907, -0.6820580363273621, -0.08950921893119812], [0.0, 0.0, 0.0, 1.0]]}, "finger1joint2": {"matrix": [[-0.4113473892211914, -0.8964242339134216, -0.1649753302335739, -1.7094407081604004], [-0.8693318367004395, 0.4402490258216858, -0.22459490597248077, -0.8363944888114929], [0.2739624083042145, 0.05103200674057007, -0.9603853225708008, -0.5016815662384033], [0.0, 0.0, 0.0, 1.0]]}, "finger1joint3": {"matrix": [[-0.3927745819091797, -0.318823903799057, -0.8626003265380859, -2.0937230587005615], [-0.9031708836555481, 0.31042274832725525, 0.29651305079460144, -0.6476670503616333], [0.1732351928949356, 0.895538330078125, -0.4098784029483795, -0.47980499267578125], [0.0, 0.0, 0.0, 1.0]]}, "Bone.001": {"matrix": [[0.1287442445755005, -0.19947633147239685, 0.9714081883430481, -0.9304155111312866], [-0.6018335223197937, -0.7942613363265991, -0.08333642780780792, -0.18013310432434082], [0.7881755828857422, -0.573897123336792, -0.22230829298496246, 0.03802061080932617], [0.0, 0.0, 0.0, 1.0]]}, "finger2joint1": {"matrix": [[0.1396380215883255, -0.4332903325557709, 0.8903709650039673, -1.056860327720642], [-0.8471158146858215, -0.5178747773170471, -0.11916442215442657, -0.6836024522781372], [0.5127333402633667, -0.7376075983047485, -0.4393623173236847, -0.32576340436935425], [0.0, 0.0, 0.0, 1.0]]}, "finger2joint2": {"matrix": [[0.01700117252767086, -0.9139460325241089, 0.4054791331291199, -1.4317209720611572], [-0.8758249282836914, -0.20924361050128937, -0.43491098284721375, -1.1316413879394531], [0.48232901096343994, -0.34773463010787964, -0.8040143251419067, -0.9639038443565369], [0.0, 0.0, 0.0, 1.0]]}, "finger2joint3": {"matrix": [[-0.12423744797706604, -0.938426673412323, -0.3223664164543152, -1.778669834136963], [-0.8516573309898376, 0.26755887269973755, -0.4506569504737854, -1.2110735177993774], [0.5091603994369507, 0.21855749189853668, -0.8324589133262634, -1.095909595489502], [0.0, 0.0, 0.0, 1.0]]}, "Bone.002": {"matrix": [[-0.06210803613066673, -0.1187950074672699, 0.9909743666648865, -0.9304155111312866], [-0.9837973117828369, -0.16002309322357178, -0.08084126561880112, -0.1801331341266632], [0.1681821644306183, -0.979938805103302, -0.10693168640136719, 0.03802061080932617], [0.0, 0.0, 0.0, 1.0]]}, "finger3joint1": {"matrix": [[-0.19776128232479095, -0.3923189640045166, 0.8983185291290283, -0.9804887771606445], [-0.9691355228424072, -0.05936047062277794, -0.23927554488182068, -0.2475844919681549], [0.14719684422016144, -0.9179116487503052, -0.3684711754322052, -0.375033438205719], [0.0, 0.0, 0.0, 1.0]]}, "finger3joint2": {"matrix": [[-0.29200541973114014, -0.9557968974113464, -0.03442389890551567, -1.324623703956604], [-0.9563084840774536, 0.2923245131969452, -0.004521450959146023, -0.29965439438819885], [0.014384457841515541, 0.031599853187799454, -0.9993969798088074, -1.180208444595337], [0.0, 0.0, 0.0, 1.0]]}, "finger3joint3": {"matrix": [[-0.32911431789398193, -0.7718017101287842, -0.5440641045570374, -1.943100929260254], [-0.9262311458587646, 0.375993937253952, 0.026914363726973534, -0.11049695312976837], [0.18379218876361847, 0.5127872824668884, -0.8386115431785583, -1.1597609519958496], [0.0, 0.0, 0.0, 1.0]]}, "Bone.003": {"matrix": [[0.43088147044181824, 0.4894402325153351, 0.7581486701965332, -0.9304155111312866], [-0.7825921177864075, 0.6209861636161804, 0.043881725519895554, -0.1801331341266632], [-0.44932252168655396, -0.6122289299964905, 0.6506034135818481, 0.03802061080932617], [0.0, 0.0, 0.0, 1.0]]}, "finger4joint1": {"matrix": [[-0.29362112283706665, -0.7036512494087219, 0.6470404267311096, -0.7206318378448486], [-0.9539889693260193, 0.25871792435646057, -0.15155793726444244, 0.08603361248970032], [-0.0607571005821228, -0.6617699265480042, -0.7472406625747681, -0.22439253330230713], [0.0, 0.0, 0.0, 1.0]]}, "finger4joint2": {"matrix": [[-0.2971246540546417, -0.9098809361457825, 0.28953975439071655, -1.4196102619171143], [-0.9505562782287598, 0.31055137515068054, 0.00045274660806171596, 0.3430333733558655], [-0.09032897651195526, -0.2750891149044037, -0.9571656584739685, -0.881767749786377], [0.0, 0.0, 0.0, 1.0]]}, "finger4joint3": {"matrix": [[-0.22466523945331573, -0.9744318127632141, 0.002794164465740323, -1.7990877628326416], [-0.9729858636856079, 0.22448638081550598, 0.05388806015253067, 0.4725528657436371], [-0.05313757061958313, 0.009388311766088009, -0.998542845249176, -0.9964972138404846], [0.0, 0.0, 0.0, 1.0]]}}