{"root": {"matrix": [[0.26989954710006714, -0.8603556752204895, -0.43236833810806274, 0.0], [-0.7407911419868469, 0.10132420808076859, -0.6640496253967285, 0.0], [0.6151281595230103, 0.49952131509780884, -0.6099965572357178, 0.0], [0.0, 0.0, 0.0, 1.0]]}, "carpals": {"matrix": [[0.7641133666038513, -0.5893087983131409, -0.2623847424983978, -0.1831498146057129], [0.4946138560771942, 0.27411505579948425, 0.8247531056404114, -1.5014454126358032], [-0.41411063075065613, -0.7599841356277466, 0.5009354948997498, 1.948615550994873], [0.0, 0.0, 0.0, 1.0]]}, "metacarpals": {"matrix": [[0.39453554153442383, -0.49697691202163696, 0.7728877663612366, -0.7571330070495605], [-0.3275752365589142, 0.7097848057746887, 0.6236181259155273, -1.2344589233398438], [-0.8585080504417419, -0.4992184340953827, 0.1172381266951561, 1.2083957195281982], [0.0, 0.0, 0.0, 1.0]]}, "finger5joint1": {"matrix": [[0.41902264952659607, -0.3913576006889343, 0.8193040490150452, -1.4279109239578247], [-0.3535217046737671, 0.7608166933059692, 0.5442241430282593, -1.0284645557403564], [-0.8363266587257385, -0.5176839828491211, 0.18044613301753998, 1.0259177684783936], [0.0, 0.0, 0.0, 1.0]]}, "finger5joint2": {"matrix": [[0.8257418274879456, -0.32016870379447937, -0.46437275409698486, -1.8412911891937256], [0.5073296427726746, 0.7813862562179565, 0.3633887767791748, -0.22483491897583008], [0.24650895595550537, -0.5356552600860596, 0.8076547384262085, 0.4791024625301361], [0.0, 0.0, 0.0, 1.0]]}, "finger5joint3": {"matrix": [[0.8165540099143982, -0.309500128030777, -0.48728716373443604, -2.061354398727417], [0.5572817921638489, 0.6428318619728088, 0.5255506634712219, 0.31223925948143005], [0.1505858451128006, -0.7006967663764954, 0.6973860859870911, 0.11092783510684967], [0.0, 0.0, 0.0, 1.0]]}, "Bone": {"matrix": [[0.4847869575023651, 0.17795659601688385, 0.8563368916511536, -1.5330519676208496], [-0.8020313382148743, -0.3001099228858948, 0.5164099931716919, -0.1262877732515335], [0.3488937318325043, -0.9371581673622131, -0.002762524876743555, 0.42897704243659973], [0.0, 0.0, 0.0, 1.0]]}, "finger1joint1": {"matrix": [[0.8007833957672119, -0.5665497183799744, 0.194337859749794, -1.3849587440490723], [-0.4335055947303772, -0.32433611154556274, 0.8407606482505798, -0.37603560090065], [-0.41330212354660034, -0.7575139999389648, -0.505325436592102, -0.3509143590927124], [0.0, 0.0, 0.0, 1.0]]}, "finger1joint2": {"matrix": [[0.7147623896598816, -0.6786199808120728, 0.1690845936536789, -1.70516037940979], [-0.6623233556747437, -0.5791811943054199, 0.47526466846466064, -0.5593433380126953], [-0.2245936244726181, -0.4516901671886444, -0.8634428977966309, -0.7790449261665344], [0.0, 0.0, 0.0, 1.0]]}, "finger1joint3": {"matrix": [[0.7526241540908813, -0.6289734840393066, -0.1948055475950241, -1.996073603630066], [-0.58909010887146, -0.7753716111183167, 0.2275332361459732, -0.8076287508010864], [-0.2941592335700989, -0.05648913234472275, -0.9540855884552002, -0.9726769924163818], [0.0, 0.0, 0.0, 1.0]]}, "Bone.001": {"matrix": [[0.6137872934341431, 0.2708742618560791, 0.7415470480918884, -1.5330519676208496], [-0.7894268035888672, 0.20063301920890808, 0.5801302790641785, -0.1262878030538559], [0.008363482542335987, -0.9414739608764648, 0.3369815945625305, 0.4289770722389221], [0.0, 0.0, 0.0, 1.0]]}, "finger2joint1": {"matrix": [[0.4362691342830658, -0.21398761868476868, 0.8740013241767883, -1.361349105834961], [-0.42715418338775635, 0.8056386113166809, 0.41046956181526184, 0.000890195369720459], [-0.7919648289680481, -0.5524085760116577, 0.26006966829299927, -0.16780787706375122], [0.0, 0.0, 0.0, 1.0]]}, "finger2joint2": {"matrix": [[0.33248698711395264, -0.5357889533042908, 0.7761330008506775, -1.5464802980422974], [-0.3886460065841675, 0.6719875931739807, 0.6303859353065491, 0.6978875398635864], [-0.8593059182167053, -0.5112361311912537, 0.01519497949630022, -0.6457235217094421], [0.0, 0.0, 0.0, 1.0]]}, "finger2joint3": {"matrix": [[0.19815054535865784, -0.885952353477478, 0.4193143844604492, -1.7498747110366821], [-0.36376774311065674, 0.3307744562625885, 0.870781660079956, 0.9529851078987122], [-0.9101698398590088, -0.32507896423339844, -0.25673770904541016, -0.8397971987724304], [0.0, 0.0, 0.0, 1.0]]}, "Bone.002": {"matrix": [[0.6170694231987, -0.14529955387115479, 0.7733778953552246, -1.5330519676208496], [-0.4349719285964966, 0.7560296058654785, 0.4890994429588318, -0.1262877881526947], [-0.6557627320289612, -0.638205885887146, 0.40332165360450745, 0.4289770722389221], [0.0, 0.0, 0.0, 1.0]]}, "finger3joint1": {"matrix": [[0.5088188648223877, -0.34332799911499023, 0.7894486784934998, -1.594297170639038], [-0.4852733314037323, 0.6430625319480896, 0.5924357175827026, 0.19238626956939697], [-0.7110649347305298, -0.6845407485961914, 0.16059449315071106, 0.15996688604354858], [0.0, 0.0, 0.0, 1.0]]}, "finger3joint2": {"matrix": [[0.41711685061454773, -0.5883245468139648, -0.6927393078804016, -1.8954579830169678], [-0.4000980854034424, -0.8032469749450684, 0.44126585125923157, 0.7564688324928284], [-0.8160484433174133, 0.09310415387153625, -0.5704352855682373, -0.44049960374832153], [0.0, 0.0, 0.0, 1.0]]}, "finger3joint3": {"matrix": [[0.49796029925346375, 0.2520022392272949, -0.8297773003578186, -2.276151418685913], [-0.507957935333252, -0.6907601356506348, -0.5146153569221497, 0.2367035299539566], [-0.7028615474700928, 0.6777498126029968, -0.21596457064151764, -0.38025373220443726], [0.0, 0.0, 0.0, 1.0]]}, "Bone.003": {"matrix": [[0.7535226345062256, -0.13665135204792023, 0.6430630087852478, -1.5330519676208496], [0.3617723286151886, 0.9029269814491272, -0.2320416420698166, -0.1262877881526947], [-0.5489301085472107, 0.4074912369251251, 0.7298126816749573, 0.4289770722389221], [0.0, 0.0, 0.0, 1.0]]}, "finger4joint1": {"matrix": [[0.6279302835464478, -0.17180712521076202, 0.7590689659118652, -1.591623306274414], [-0.6827577352523804, 0.34653550386428833, 0.6432374715805054, 0.2607242465019226], [-0.3735573887825012, -0.9221686124801636, 0.10029767453670502, 0.6036357879638672], [0.0, 0.0, 0.0, 1.0]]}, "finger4joint2": {"matrix": [[0.6383675336837769, -0.4676065444946289, 0.6114170551300049, -1.7622895240783691], [-0.6620862483978271, 0.07156477868556976, 0.7460024356842041, 0.6049584150314331], [-0.39259177446365356, -0.8810347318649292, -0.2639111280441284, -0.31240877509117126], [0.0, 0.0, 0.0, 1.0]]}, "finger4joint3": {"matrix": [[0.666015625, -0.570206344127655, 0.48092377185821533, -1.9573107957839966], [-0.6765856146812439, -0.19030427932739258, 0.7113476991653442, 0.63480544090271], [-0.31409332156181335, -0.799155056476593, -0.5125389695167542, -0.6798556447029114], [0.0, 0.0, 0.0, 1.0]]}}