{"root": {"matrix": [[0.16231708228588104, -0.9346770644187927, 0.31627824902534485, -5.960464477539063e-08], [-0.16315105557441711, -0.3415392339229584, -0.9255985617637634, 0.0], [0.9731571674346924, 0.09863929450511932, -0.2079312652349472, 0.0], [0.0, 0.0, 0.0, 1.0]]}, "carpals": {"matrix": [[-0.5116583108901978, -0.5086347460746765, -0.6924566626548767, -0.5833593010902405], [0.8258774280548096, -0.0689159482717514, -0.559622049331665, -0.599204421043396], [0.23692215979099274, -0.8582196831703186, 0.45533132553100586, 2.3206963539123535], [0.0, 0.0, 0.0, 1.0]]}, "metacarpals": {"matrix": [[-0.6618170738220215, -0.5158843398094177, -0.5439313054084778, -1.0787665843963623], [0.6937720775604248, -0.14656740427017212, -0.7051227688789368, -0.6663281321525574], [0.2840394377708435, -0.8440266847610474, 0.4549068510532379, 1.4847954511642456], [0.0, 0.0, 0.0, 1.0]]}, "finger5joint1": {"matrix": [[-0.6222344636917114, -0.4479709565639496, -0.6419860124588013, -1.033284068107605], [0.5548881888389587, 0.32608458399772644, -0.7653546333312988, -0.5816382169723511], [0.5521986484527588, -0.8324604034423828, 0.04567260667681694, 0.7661622166633606], [0.0, 0.0, 0.0, 1.0]]}, "finger5joint2": {"matrix": [[-0.737714946269989, -0.6637606024742126, 0.12327980995178223, -1.5064632892608643], [-0.6747373342514038, 0.7188255190849304, -0.1673887073993683, -0.23720407485961914], [0.022489303722977638, -0.2066662609577179, -0.9781526923179626, -0.11314262449741364], [0.0, 0.0, 0.0, 1.0]]}, "finger5joint3": {"matrix": [[-0.8021221160888672, -0.565402626991272, -0.19214418530464172, -1.9626891613006592], [-0.5944411158561707, 0.7866750955581665, 0.1666780710220337, 0.2568698823451996], [0.056914810091257095, 0.24791505932807922, -0.9671081304550171, -0.2551915943622589], [0.0, 0.0, 0.0, 1.0]]}, "Bone": {"matrix": [[0.45159706473350525, -0.6430898308753967, -0.618462085723877, -1.8842049837112427], [0.31107276678085327, 0.7631615400314331, -0.5664079189300537, -0.8951605558395386], [0.8362377285957336, 0.06340169161558151, 0.5446892380714417, 0.16703547537326813], [0.0, 0.0, 0.0, 1.0]]}, "finger1joint1": {"matrix": [[-0.6041331887245178, -0.38206419348716736, -0.6993209719657898, -2.4193763732910156], [0.6886674165725708, 0.1912301480770111, -0.6994054913520813, -0.2600668966770172], [0.40094926953315735, -0.9041335582733154, 0.1475866287946701, 0.2197975516319275], [0.0, 0.0, 0.0, 1.0]]}, "finger1joint2": {"matrix": [[-0.3547707796096802, 0.7349872589111328, -0.577867865562439, -2.6353111267089844], [0.8649435639381409, 0.4926762878894806, 0.09561727195978165, -0.15198776125907898], [0.3549794852733612, -0.46590086817741394, -0.8105095028877258, -0.2911991477012634], [0.0, 0.0, 0.0, 1.0]]}, "finger1joint3": {"matrix": [[-0.4381936490535736, 0.35217589139938354, 0.8270177245140076, -2.3202340602874756], [0.8515200018882751, -0.1320696771144867, 0.507416307926178, 0.05921446159482002], [0.28792399168014526, 0.9265685677528381, -0.24201267957687378, -0.4909231662750244], [0.0, 0.0, 0.0, 1.0]]}, "Bone.001": {"matrix": [[0.131132110953331, -0.9305317401885986, -0.34192800521850586, -1.8842052221298218], [0.48181506991386414, 0.3612526059150696, -0.7983423471450806, -0.8951605558395386], [0.8664054274559021, -0.06005760282278061, 0.4957159459590912, 0.16703549027442932], [0.0, 0.0, 0.0, 1.0]]}, "finger2joint1": {"matrix": [[-0.5521221160888672, 0.01957562007009983, -0.8335332274436951, -2.4740538597106934], [0.5655062198638916, 0.7434137463569641, -0.35712525248527527, -0.6661684513092041], [0.6126692891120911, -0.6685449481010437, -0.42152532935142517, 0.12896597385406494], [0.0, 0.0, 0.0, 1.0]]}, "finger2joint2": {"matrix": [[-0.4686882495880127, 0.18685661256313324, -0.8633745908737183, -2.457118272781372], [0.660990297794342, 0.7225716710090637, -0.20243939757347107, -0.023004800081253052], [0.586023211479187, -0.6655630469322205, -0.4621712565422058, -0.4494249224662781], [0.0, 0.0, 0.0, 1.0]]}, "finger2joint3": {"matrix": [[-0.36513084173202515, 0.43556100130081177, -0.8227792978286743, -2.3861844539642334], [0.7549321055412292, 0.6556913256645203, 0.0120865972712636, 0.2512952387332916], [0.5447539687156677, -0.6167292594909668, -0.5682321190834045, -0.7020835876464844], [0.0, 0.0, 0.0, 1.0]]}, "Bone.002": {"matrix": [[-0.549469530582428, -0.7938864231109619, -0.2604369819164276, -1.8842052221298218], [0.6097388863563538, -0.16790151596069336, -0.7746143937110901, -0.8951605558395386], [0.5712283253669739, -0.5844255089759827, 0.5763200521469116, 0.16703549027442932], [0.0, 0.0, 0.0, 1.0]]}, "finger3joint1": {"matrix": [[-0.3175840973854065, -0.6753382682800293, -0.6656263470649719, -2.2188363075256348], [0.6050615310668945, 0.39615604281425476, -0.6906235218048096, -0.9659327268600464], [0.7300966382026672, -0.6220756769180298, 0.2828082740306854, -0.07930570840835571], [0.0, 0.0, 0.0, 1.0]]}, "finger3joint2": {"matrix": [[-0.39431118965148926, 0.5425431132316589, -0.7417314648628235, -2.811230421066284], [0.686420738697052, 0.7105339169502258, 0.15481606125831604, -0.6184319257736206], [0.6110199689865112, -0.44809404015541077, -0.6525841355323792, -0.6249790191650391], [0.0, 0.0, 0.0, 1.0]]}, "finger3joint3": {"matrix": [[-0.23655270040035248, 0.8173332214355469, -0.5253657698631287, -2.4601614475250244], [0.6850059032440186, 0.523759663105011, 0.5064017176628113, -0.158659428358078], [0.6890645623207092, -0.24008794128894806, -0.683774471282959, -0.9149318337440491], [0.0, 0.0, 0.0, 1.0]]}, "Bone.003": {"matrix": [[-0.9153501987457275, -0.07257011532783508, 0.3960648775100708, -1.8842052221298218], [-0.0962885320186615, -0.915637195110321, -0.3903037905693054, -0.8951605558395386], [0.3909761905670166, -0.39540135860443115, 0.83114093542099, 0.16703550517559052], [0.0, 0.0, 0.0, 1.0]]}, "finger4joint1": {"matrix": [[-0.6376236081123352, -0.6761499047279358, -0.36913010478019714, -1.915310025215149], [0.7056926488876343, -0.32052624225616455, -0.631870687007904, -1.2876204252243042], [0.30892375111579895, -0.6633881330490112, 0.68152916431427, -0.0024411678314208984], [0.0, 0.0, 0.0, 1.0]]}, "finger4joint2": {"matrix": [[-0.6599645614624023, 0.2272665798664093, -0.716097891330719, -2.5869698524475098], [0.6858265399932861, 0.5713921785354614, -0.4507245719432831, -1.60601806640625], [0.30673840641975403, -0.7885812520980835, -0.5329640507698059, -0.6614238023757935], [0.0, 0.0, 0.0, 1.0]]}, "finger4joint3": {"matrix": [[-0.6660257577896118, 0.6922852396965027, -0.2777593731880188, -2.492185115814209], [0.6424752473831177, 0.7215929627418518, 0.2579319477081299, -1.3677115440368652], [0.3789919912815094, -0.0066642058081924915, -0.9253756999969482, -0.9903117418289185], [0.0, 0.0, 0.0, 1.0]]}}