{"root": {"matrix": [[0.24616168439388275, -0.8781569004058838, -0.41017666459083557, 0.0], [-0.11350774019956589, 0.39416736364364624, -0.9120022654533386, 0.0], [0.9625592827796936, 0.27105826139450073, -0.002648772904649377, 2.9802322387695312e-08], [0.0, 0.0, 0.0, 1.0]]}, "carpals": {"matrix": [[0.9290028214454651, -0.31822311878204346, -0.18891172111034393, -0.2567513883113861], [0.07549699395895004, -0.33676791191101074, 0.9385560154914856, 0.23165567219257355], [-0.3622896075248718, -0.8861835598945618, -0.28883326053619385, 2.4424166679382324], [0.0, 0.0, 0.0, 1.0]]}, "metacarpals": {"matrix": [[0.2500273883342743, -0.4524957537651062, 0.855998694896698, -0.5666987299919128], [-0.8434766530990601, 0.33231326937675476, 0.42203646898269653, -0.09635424613952637], [-0.47542962431907654, -0.8275355100631714, -0.2985821068286896, 1.5792793035507202], [0.0, 0.0, 0.0, 1.0]]}, "finger5joint1": {"matrix": [[0.025945613160729408, -0.5494422316551208, 0.835128664970398, -1.2209255695343018], [-0.595524787902832, 0.662496030330658, 0.4543665945529938, 0.06767594814300537], [-0.8029177784919739, -0.5091284513473511, -0.31001749634742737, 1.3132786750793457], [0.0, 0.0, 0.0, 1.0]]}, "finger5joint2": {"matrix": [[0.9057061672210693, -0.33982887864112854, -0.2534014582633972, -1.801286220550537], [0.3886728286743164, 0.4271189868450165, 0.8163959980010986, 0.7674521207809448], [-0.16920237243175507, -0.8379049301147461, 0.5189268589019775, 0.7755004167556763], [0.0, 0.0, 0.0, 1.0]]}, "finger5joint3": {"matrix": [[0.882597029209137, -0.3436174988746643, -0.32085663080215454, -2.034862518310547], [0.38131117820739746, 0.12400399893522263, 0.9160918593406677, 1.0610259771347046], [-0.27499768137931824, -0.9308862090110779, 0.24047107994556427, 0.19957900047302246], [0.0, 0.0, 0.0, 1.0]]}, "Bone": {"matrix": [[0.4116508662700653, 0.03148554265499115, 0.9107974767684937, -1.2731702327728271], [-0.49309855699539185, -0.8327810764312744, 0.25165313482284546, 0.4224790632724762], [0.7664182186126709, -0.5527063608169556, -0.32728949189186096, 0.2872666120529175], [0.0, 0.0, 0.0, 1.0]]}, "finger1joint1": {"matrix": [[0.4769388735294342, -0.545608639717102, 0.6890866160392761, -1.246968388557434], [-0.8579972386360168, -0.11890168488025665, 0.4997027814388275, -0.27055105566978455], [-0.19070887565612793, -0.8295621275901794, -0.5248394012451172, -0.1726887822151184], [0.0, 0.0, 0.0, 1.0]]}, "finger1joint2": {"matrix": [[0.2553112804889679, -0.7550428509712219, 0.6039258241653442, -1.5553346872329712], [-0.9668446779251099, -0.19599558413028717, 0.16369782388210297, -0.33775171637535095], [-0.005232342053204775, -0.6256963610649109, -0.7800489664077759, -0.6415393352508545], [0.0, 0.0, 0.0, 1.0]]}, "finger1joint3": {"matrix": [[0.34268754720687866, -0.9183661341667175, 0.1979113221168518, -1.8790091276168823], [-0.9374509453773499, -0.32055047154426575, 0.13576847314834595, -0.421771764755249], [-0.061244867742061615, -0.2320583462715149, -0.9707716703414917, -0.9097651243209839], [0.0, 0.0, 0.0, 1.0]]}, "Bone.001": {"matrix": [[0.5023760795593262, 0.18800513446331024, 0.8439621925354004, -1.2731702327728271], [-0.7124256491661072, -0.4631046950817108, 0.5272413492202759, 0.4224790334701538], [0.4899667799472809, -0.8661338686943054, -0.09871294349431992, 0.28726664185523987], [0.0, 0.0, 0.0, 1.0]]}, "finger2joint1": {"matrix": [[0.39694204926490784, -0.34894487261772156, 0.8489254117012024, -1.1539968252182007], [-0.8920642733573914, 0.07099761068820953, 0.44629618525505066, 0.12892456352710724], [-0.2160046398639679, -0.9344497919082642, -0.2830992639064789, -0.2617613673210144], [0.0, 0.0, 0.0, 1.0]]}, "finger2joint2": {"matrix": [[0.2836029529571533, -0.9034591913223267, 0.32145094871520996, -1.4558861255645752], [-0.9193992018699646, -0.1609078049659729, 0.358906090259552, 0.1903480589389801], [-0.2725332975387573, -0.39732852578163147, -0.8762734532356262, -1.0701996088027954], [0.0, 0.0, 0.0, 1.0]]}, "finger2joint3": {"matrix": [[0.14824232459068298, -0.839074432849884, -0.5234291553497314, -1.7988539934158325], [-0.9601544141769409, -0.24890676140785217, 0.12707684934139252, 0.12926483154296875], [-0.23691225051879883, 0.483734667301178, -0.8425395488739014, -1.2210321426391602], [0.0, 0.0, 0.0, 1.0]]}, "Bone.002": {"matrix": [[0.4778343141078949, -0.11551777273416519, 0.870821475982666, -1.2731703519821167], [-0.8417565226554871, 0.22330576181411743, 0.49150827527046204, 0.4224790334701538], [-0.25123757123947144, -0.9678789377212524, 0.009465380571782589, 0.28726664185523987], [0.0, 0.0, 0.0, 1.0]]}, "finger3joint1": {"matrix": [[0.5264142751693726, -0.4254525601863861, 0.7361237406730652, -1.3218622207641602], [-0.8499834537506104, -0.28411635756492615, 0.44362831115722656, 0.5166046619415283], [0.02040172927081585, -0.8592250943183899, -0.5111903548240662, -0.1207040548324585], [0.0, 0.0, 0.0, 1.0]]}, "finger3joint2": {"matrix": [[0.42356041073799133, -0.6915028691291809, -0.5851669311523438, -1.6950613260269165], [-0.9007770419120789, -0.3898997902870178, -0.19125591218471527, 0.26738303899765015], [-0.0959026962518692, 0.6081132292747498, -0.7880359292030334, -0.8744004368782043], [0.0, 0.0, 0.0, 1.0]]}, "finger3joint3": {"matrix": [[0.4810950756072998, -0.15872181951999664, -0.8621802926063538, -2.142519235610962], [-0.8740058541297913, -0.01024689618498087, -0.48580729961395264, 0.015086562372744083], [0.06827329099178314, 0.9872700572013855, -0.14365345239639282, -0.4809023141860962], [0.0, 0.0, 0.0, 1.0]]}, "Bone.003": {"matrix": [[0.7283444404602051, 0.02890603616833687, 0.6846012473106384, -1.2731702327728271], [-0.18250243365764618, 0.9712033271789551, 0.15315641462802887, 0.4224790334701538], [-0.6604597568511963, -0.23649179935455322, 0.712645947933197, 0.28726664185523987], [0.0, 0.0, 0.0, 1.0]]}, "finger4joint1": {"matrix": [[0.39066454768180847, -0.23755887150764465, 0.8893519043922424, -1.2607805728912354], [-0.9134506583213806, 0.019571416079998016, 0.4064781963825226, 0.8387556672096252], [-0.11396858841180801, -0.9711756706237793, -0.20935234427452087, 0.18590176105499268], [0.0, 0.0, 0.0, 1.0]]}, "finger4joint2": {"matrix": [[0.40221694111824036, -0.807872474193573, 0.43077078461647034, -1.4967617988586426], [-0.904742419719696, -0.27866554260253906, 0.3221587538719177, 0.8581971526145935], [-0.14022241532802582, -0.5193142890930176, -0.8430004119873047, -0.7788243889808655], [0.0, 0.0, 0.0, 1.0]]}, "finger4joint3": {"matrix": [[0.4616352617740631, -0.885942280292511, -0.044709816575050354, -1.833695411682129], [-0.8830623626708984, -0.4637511670589447, 0.0716606080532074, 0.7419760227203369], [-0.08422159403562546, 0.006400446407496929, -0.9964261651039124, -0.9954110980033875], [0.0, 0.0, 0.0, 1.0]]}}