{"root": {"matrix": [[0.47791290283203125, -0.42924419045448303, 0.7663867473602295, 0.0], [0.6190710663795471, -0.45437830686569214, -0.6405398845672607, 0.0], [0.6231775879859924, 0.7805701494216919, 0.048579346388578415, 0.0], [0.0, 0.0, 0.0, 1.0]]}, "carpals": {"matrix": [[-0.7597759962081909, -0.598537027835846, 0.25395578145980835, 0.5744743347167969], [-0.09099485725164413, -0.28886011242866516, -0.9530370235443115, 1.0272736549377441], [0.6437857747077942, -0.7472033500671387, 0.16500511765480042, 2.167872905731201], [0.0, 0.0, 0.0, 1.0]]}, "metacarpals": {"matrix": [[-0.1810598522424698, -0.48400208353996277, 0.8561302423477173, -0.008497118949890137], [-0.9107668995857239, -0.24596621096134186, -0.3316686451435089, 0.7459257245063782], [0.37110742926597595, -0.8397870063781738, -0.3962786793708801, 1.4401013851165771], [0.0, 0.0, 0.0, 1.0]]}, "finger5joint1": {"matrix": [[-0.250845730304718, -0.7016714811325073, 0.6668832302093506, -0.6051167249679565], [-0.9626163840293884, 0.1080729067325592, -0.24837428331375122, 0.9018064141273499], [0.10220517963171005, -0.7042562961578369, -0.7025502920150757, 1.0587602853775024], [0.0, 0.0, 0.0, 1.0]]}, "finger5joint2": {"matrix": [[0.6181666254997253, -0.7774506211280823, -0.11593018472194672, -1.3462727069854736], [-0.2779187560081482, -0.35413089394569397, 0.8929457664489746, 1.015960693359375], [-0.7352760434150696, -0.5197699666023254, -0.4349801242351532, 0.3148738741874695], [0.0, 0.0, 0.0, 1.0]]}, "finger5joint3": {"matrix": [[0.5483285784721375, -0.7780337333679199, -0.3065919280052185, -1.8806419372558594], [-0.358502060174942, -0.5499222278594971, 0.754361629486084, 0.7725542783737183], [-0.755520761013031, -0.3037240505218506, -0.5804648399353027, -0.042382240295410156], [0.0, 0.0, 0.0, 1.0]]}, "Bone": {"matrix": [[0.37606653571128845, -0.39325883984565735, 0.8390001058578491, -0.7641587257385254], [0.12949208915233612, -0.8742772340774536, -0.46783655881881714, 0.36190423369407654], [0.9174994826316833, 0.28458157181739807, -0.27786266803741455, 0.1289607733488083], [0.0, 0.0, 0.0, 1.0]]}, "finger1joint1": {"matrix": [[-0.02301064506173134, -0.6775916814804077, 0.7350780367851257, -1.091423749923706], [-0.8537402749061584, -0.3692646026611328, -0.36711177229881287, -0.3656585216522217], [0.5201901793479919, -0.6360130906105042, -0.5699904561042786, 0.36578604578971863], [0.0, 0.0, 0.0, 1.0]]}, "finger1joint2": {"matrix": [[-0.23216138780117035, -0.9010577201843262, 0.3663276433944702, -1.4743839502334595], [-0.6938751935958862, -0.11050888150930405, -0.7115651369094849, -0.5743588209152222], [0.6816437244415283, -0.4193834066390991, -0.5995658040046692, 0.006325185298919678], [0.0, 0.0, 0.0, 1.0]]}, "finger1joint3": {"matrix": [[-0.1606544554233551, -0.9704426527023315, -0.18008597195148468, -1.8606526851654053], [-0.7578463554382324, 0.23817642033100128, -0.6074050068855286, -0.6217321753501892], [0.6323440670967102, 0.038895390927791595, -0.7737104892730713, -0.1734575629234314], [0.0, 0.0, 0.0, 1.0]]}, "Bone.001": {"matrix": [[0.3169947862625122, -0.19318866729736328, 0.928542971611023, -0.7641587853431702], [-0.2300417125225067, -0.9654607772827148, -0.12233589589595795, 0.36190420389175415], [0.9201057553291321, -0.1748238503932953, -0.35048767924308777, 0.1289607733488083], [0.0, 0.0, 0.0, 1.0]]}, "finger2joint1": {"matrix": [[-0.09076482057571411, -0.7132744193077087, 0.6949827075004578, -0.8866178393363953], [-0.852901816368103, -0.3045971393585205, -0.4240032732486725, -0.25008559226989746], [0.5141204595565796, -0.6312366127967834, -0.5807065963745117, 0.01814281940460205], [0.0, 0.0, 0.0, 1.0]]}, "finger2joint2": {"matrix": [[-0.21873070299625397, -0.7864546775817871, 0.5776205658912659, -1.5037065744400024], [-0.8341044187545776, -0.15650223195552826, -0.5289393067359924, -0.5136075019836426], [0.5063857436180115, -0.5974910259246826, -0.6217536926269531, -0.5279709100723267], [0.0, 0.0, 0.0, 1.0]]}, "finger2joint3": {"matrix": [[-0.3582227826118469, -0.8597749471664429, 0.36395472288131714, -1.8022575378417969], [-0.7959291338920593, 0.07745813578367233, -0.6004138588905334, -0.5730183124542236], [0.4880296289920807, -0.5047640204429626, -0.7120674252510071, -0.7547882795333862], [0.0, 0.0, 0.0, 1.0]]}, "Bone.002": {"matrix": [[0.07785911858081818, -0.249421164393425, 0.9652599692344666, -0.7641587257385254], [-0.8361123204231262, -0.543673574924469, -0.07304234057664871, 0.36190420389175415], [0.5430046319961548, -0.8013787269592285, -0.25087425112724304, 0.12896078824996948], [0.0, 0.0, 0.0, 1.0]]}, "finger3joint1": {"matrix": [[0.15603868663311005, -0.6721885204315186, 0.723750114440918, -0.8692921996116638], [-0.6793586015701294, -0.6049315333366394, -0.4153670072555542, 0.1327403485774994], [0.7170242667198181, -0.4268723726272583, -0.5510498881340027, -0.20882835984230042], [0.0, 0.0, 0.0, 1.0]]}, "finger3joint2": {"matrix": [[0.01959221623837948, -0.8744943737983704, -0.4846394956111908, -1.458923578262329], [-0.7498340010643005, 0.3077806830406189, -0.5856791734695435, -0.3978944420814514], [0.661335825920105, 0.3748741149902344, -0.6496954560279846, -0.5832729339599609], [0.0, 0.0, 0.0, 1.0]]}, "finger3joint3": {"matrix": [[0.05740044265985489, -0.5206496119499207, -0.8518385291099548, -2.024791717529297], [-0.6244582533836365, 0.6470060348510742, -0.4375329315662384, -0.19873560965061188], [0.778946042060852, 0.5570523738861084, -0.28798529505729675, -0.34069931507110596], [0.0, 0.0, 0.0, 1.0]]}, "Bone.003": {"matrix": [[0.44329074025154114, 0.3146064579486847, 0.8393545150756836, -0.7641587257385254], [-0.877134382724762, 0.3452283442020416, 0.3338451385498047, 0.36190420389175415], [-0.18473924696445465, -0.8842172026634216, 0.4289885461330414, 0.1289607584476471], [0.0, 0.0, 0.0, 1.0]]}, "finger4joint1": {"matrix": [[-0.20904818177223206, -0.7738325595855713, 0.5978977084159851, -0.62931227684021], [-0.9153178930282593, -0.06038130447268486, -0.3981796205043793, 0.5098757743835449], [0.34422633051872253, -0.6305051445960999, -0.6956803202629089, -0.25003188848495483], [0.0, 0.0, 0.0, 1.0]]}, "finger4joint2": {"matrix": [[-0.21514743566513062, -0.9489356279373169, 0.23072129487991333, -1.3980058431625366], [-0.9239795804023743, 0.12130535393953323, -0.36269310116767883, 0.449895441532135], [0.31618478894233704, -0.29121413826942444, -0.9028959274291992, -0.8763498663902283], [0.0, 0.0, 0.0, 1.0]]}, "finger4joint3": {"matrix": [[-0.1388736516237259, -0.9881400465965271, -0.06552059203386307, -1.793771743774414], [-0.9254604578018188, 0.15304379165172577, -0.34655463695526123, 0.5004874467849731], [0.35247212648391724, 0.012509615160524845, -0.9357385039329529, -0.9978044629096985], [0.0, 0.0, 0.0, 1.0]]}}