{"root": {"matrix": [[0.18759578466415405, -0.7186843156814575, -0.6695526242256165, 0.0], [-0.7466790080070496, 0.3385426998138428, -0.5725900530815125, 0.0], [0.6381835341453552, 0.6073563694953918, -0.47311732172966003, 0.0], [0.0, 0.0, 0.0, 1.0]]}, "carpals": {"matrix": [[0.7638586759567261, -0.6341410279273987, -0.11993725597858429, -0.20394152402877808], [0.4971124231815338, 0.45960474014282227, 0.7359635233879089, -1.2928497791290283], [-0.411580890417099, -0.6217945218086243, 0.6663126945495605, 2.090916633605957], [0.0, 0.0, 0.0, 1.0]]}, "metacarpals": {"matrix": [[0.6392319798469543, -0.5890049338340759, 0.494424432516098, -0.8215911388397217], [-0.1392127424478531, 0.543678879737854, 0.8276669979095459, -0.8451975584030151], [-0.7563082575798035, -0.597901463508606, 0.26554009318351746, 1.4852924346923828], [0.0, 0.0, 0.0, 1.0]]}, "finger5joint1": {"matrix": [[0.36229389905929565, -0.909719705581665, 0.20286232233047485, -1.4732716083526611], [0.11526110768318176, 0.25970593094825745, 0.958784282207489, -0.8509848713874817], [-0.9249095916748047, -0.32397955656051636, 0.19894537329673767, 1.1675599813461304], [0.0, 0.0, 0.0, 1.0]]}, "finger5joint2": {"matrix": [[0.23080562055110931, -0.00591026246547699, -0.9729816913604736, -2.434183120727539], [0.9636785387992859, 0.13947132229804993, 0.22775152325630188, -0.5766647458076477], [0.13435719907283783, -0.9902081489562988, 0.03788657486438751, 0.8253493309020996], [0.0, 0.0, 0.0, 1.0]]}, "finger5joint3": {"matrix": [[0.282461017370224, 0.5977168679237366, -0.7502998113632202, -2.4382455348968506], [0.9584837555885315, -0.1440226286649704, 0.24610093235969543, -0.48080116510391235], [0.03903871402144432, -0.7886645197868347, -0.6135827302932739, 0.14474454522132874], [0.0, 0.0, 0.0, 1.0]]}, "Bone": {"matrix": [[0.6367235779762268, 0.44516265392303467, 0.6296135187149048, -1.7411912679672241], [-0.6266829967498779, -0.17700016498565674, 0.758906364440918, 0.0036361515522003174], [0.44927847385406494, -0.877781867980957, 0.16627584397792816, 0.5518022775650024], [0.0, 0.0, 0.0, 1.0]]}, "finger1joint1": {"matrix": [[0.7942985892295837, -0.5711309909820557, 0.207120880484581, -1.3707325458526611], [-0.20564483106136322, 0.06804049015045166, 0.9762582778930664, -0.14366120100021362], [-0.5716640949249268, -0.8180340528488159, -0.06340550631284714, -0.17867696285247803], [0.0, 0.0, 0.0, 1.0]]}, "finger1joint2": {"matrix": [[0.704786479473114, -0.7005009651184082, 0.11213533580303192, -1.6935234069824219], [-0.4944288432598114, -0.3716721534729004, 0.785747766494751, -0.1052061915397644], [-0.508739709854126, -0.6092275381088257, -0.6082973480224609, -0.6410120725631714], [0.0, 0.0, 0.0, 1.0]]}, "finger1joint3": {"matrix": [[0.7377416491508484, -0.5979222655296326, -0.31341055035591125, -1.993816614151001], [-0.39834168553352356, -0.7603777647018433, 0.5129806995391846, -0.26453596353530884], [-0.5450332164764404, -0.25360292196273804, -0.7991397380828857, -0.9021779298782349], [0.0, 0.0, 0.0, 1.0]]}, "Bone.001": {"matrix": [[0.8193005919456482, 0.37234899401664734, 0.43600744009017944, -1.7411913871765137], [-0.5554749965667725, 0.3269931972026825, 0.7645407319068909, 0.0036361366510391235], [0.14210452139377594, -0.8685800433158875, 0.4747365117073059, 0.5518023371696472], [0.0, 0.0, 0.0, 1.0]]}, "finger2joint1": {"matrix": [[0.8682120442390442, -0.25428977608680725, 0.42608019709587097, -1.5051653385162354], [-0.30013400316238403, 0.4146658778190613, 0.8590525984764099, 0.21091172099113464], [-0.3951292932033539, -0.8737210631370544, 0.28369709849357605, 0.0012236833572387695], [0.0, 0.0, 0.0, 1.0]]}, "finger2joint2": {"matrix": [[0.7985531091690063, -0.6009857654571533, 0.033600158989429474, -1.7251639366149902], [-0.33950310945510864, -0.4036107063293457, 0.8496090769767761, 0.5696595311164856], [-0.4970417320728302, -0.6898654699325562, -0.5263410210609436, -0.7546752691268921], [0.0, 0.0, 0.0, 1.0]]}, "finger2joint3": {"matrix": [[0.7181336879730225, -0.5109148025512695, -0.4724932014942169, -1.95330810546875], [-0.45810359716415405, -0.8581719994544983, 0.23169241845607758, 0.41644227504730225], [-0.5238556861877441, 0.050064556300640106, -0.8503342866897583, -1.0165594816207886], [0.0, 0.0, 0.0, 1.0]]}, "Bone.002": {"matrix": [[0.839911162853241, -0.2503886818885803, 0.4815129339694977, -1.7411912679672241], [-0.18210722506046295, 0.7057565450668335, 0.6846490502357483, 0.0036361217498779297], [-0.5112593770027161, -0.6627312898635864, 0.547175407409668, 0.5518023371696472], [0.0, 0.0, 0.0, 1.0]]}, "finger3joint1": {"matrix": [[0.6969103813171387, 0.11553488671779633, 0.707790732383728, -1.84673273563385], [-0.19073884189128876, 0.98125159740448, 0.02763397991657257, 0.3011195659637451], [-0.691328227519989, -0.15426138043403625, 0.7058814167976379, 0.2724544405937195], [0.0, 0.0, 0.0, 1.0]]}, "finger3joint2": {"matrix": [[0.6784229874610901, -0.6675429940223694, -0.3068039119243622, -1.7453877925872803], [-0.034107957035303116, -0.44577524065971375, 0.8944947123527527, 1.1618554592132568], [-0.7338793277740479, -0.5963814854621887, -0.3251924514770508, 0.1371392160654068], [0.0, 0.0, 0.0, 1.0]]}, "finger3joint3": {"matrix": [[0.686387836933136, -0.01069575920701027, -0.7271570563316345, -2.1773414611816406], [-0.20611831545829773, -0.9617510437965393, -0.18041571974754333, 0.8734030723571777], [-0.6974145174026489, 0.27371522784233093, -0.66233891248703, -0.24876752495765686], [0.0, 0.0, 0.0, 1.0]]}, "Bone.003": {"matrix": [[0.6911225318908691, -0.49502134323120117, 0.526596188545227, -1.7411913871765137], [0.6099876165390015, 0.790311336517334, -0.05764416232705116, 0.0036361515522003174], [-0.38763970136642456, 0.36105650663375854, 0.8481589555740356, 0.5518022775650024], [0.0, 0.0, 0.0, 1.0]]}, "finger4joint1": {"matrix": [[0.8692672848701477, -0.02518327161669731, 0.4937003254890442, -1.9533671140670776], [-0.4572327733039856, 0.3386801481246948, 0.8223341107368469, 0.3423789441585541], [-0.18791568279266357, -0.9405642151832581, 0.2828892171382904, 0.7065581679344177], [0.0, 0.0, 0.0, 1.0]]}, "finger4joint2": {"matrix": [[0.87783282995224, -0.23035220801830292, 0.41993701457977295, -1.978383183479309], [-0.4333842992782593, -0.00870743952691555, 0.9011668562889099, 0.6788098812103271], [-0.20392930507659912, -0.9730681777000427, -0.10747450590133667, -0.22775977849960327], [0.0, 0.0, 0.0, 1.0]]}, "finger4joint3": {"matrix": [[0.8877055644989014, -0.27139711380004883, 0.37191683053970337, -2.0744545459747314], [-0.44429686665534973, -0.2931162416934967, 0.8465710878372192, 0.6751783490180969], [-0.12074217200279236, -0.9167476296424866, -0.3807816803455353, -0.6335904002189636], [0.0, 0.0, 0.0, 1.0]]}}