{"root": {"matrix": [[0.15576627850532532, -0.5979562401771545, -0.7862475514411926, -5.960464477539063e-08], [-0.6641681790351868, 0.5257803797721863, -0.5314466953277588, 0.0], [0.7311753630638123, 0.6049821376800537, -0.3152447044849396, 0.0], [0.0, 0.0, 0.0, 1.0]]}, "carpals": {"matrix": [[0.8467697501182556, -0.5292437672615051, 0.05368267372250557, -0.14463305473327637], [0.19073376059532166, 0.3962641954421997, 0.8981063365936279, -0.9276080131530762], [-0.49658969044685364, -0.7502502799034119, 0.43648943305015564, 2.281142234802246], [0.0, 0.0, 0.0, 1.0]]}, "metacarpals": {"matrix": [[0.42984774708747864, -0.5843407511711121, 0.6883143782615662, -0.6601132750511169], [-0.45969223976135254, 0.5145017504692078, 0.7238581776618958, -0.5416491031646729], [-0.7771189212799072, -0.627561628818512, -0.04745936021208763, 1.5504029989242554], [0.0, 0.0, 0.0, 1.0]]}, "finger5joint1": {"matrix": [[0.5413944125175476, -0.8399872183799744, 0.036240313202142715, -1.3521523475646973], [-0.2708326280117035, -0.13342833518981934, 0.9533342123031616, -0.46515020728111267], [-0.7959532737731934, -0.5259450078010559, -0.29973316192626953, 1.3481535911560059], [0.0, 0.0, 0.0, 1.0]]}, "finger5joint2": {"matrix": [[0.03524503484368324, -0.059905026108026505, -0.9975814819335938, -2.239407539367676], [0.9092675447463989, -0.4123058617115021, 0.056884028017520905, -0.6060869693756104], [-0.41471627354621887, -0.909073531627655, 0.03993811830878258, 0.7926124930381775], [0.0, 0.0, 0.0, 1.0]]}, "finger5joint3": {"matrix": [[0.08436598628759384, 0.15429814159870148, -0.984415590763092, -2.2805824279785156], [0.8622888326644897, -0.5063865780830383, -0.005471826996654272, -0.8894791603088379], [-0.4993390440940857, -0.8483892679214478, -0.17577125132083893, 0.16777439415454865], [0.0, 0.0, 0.0, 1.0]]}, "Bone": {"matrix": [[0.5833924412727356, 0.21126945316791534, 0.7842310667037964, -1.5724314451217651], [-0.6386848092079163, -0.4771502912044525, 0.6036628484725952, 0.26163095235824585], [0.5017315745353699, -0.853049099445343, -0.143431156873703, 0.5706050395965576], [0.0, 0.0, 0.0, 1.0]]}, "finger1joint1": {"matrix": [[0.7697596549987793, -0.4576968252658844, 0.44495338201522827, -1.3966155052185059], [-0.5236556529998779, -0.05415516719222069, 0.850206732749939, -0.1354476511478424], [-0.3650406002998352, -0.8874574303627014, -0.281361848115921, -0.1392918825149536], [0.0, 0.0, 0.0, 1.0]]}, "finger1joint2": {"matrix": [[0.6067391037940979, -0.6719599962234497, 0.42466145753860474, -1.655295968055725], [-0.756454348564148, -0.32395750284194946, 0.5681796073913574, -0.16605496406555176], [-0.24422188103199005, -0.665973961353302, -0.7048646807670593, -0.6408636569976807], [0.0, 0.0, 0.0, 1.0]]}, "finger1joint3": {"matrix": [[0.6708680987358093, -0.739094078540802, -0.060629360377788544, -1.9433540105819702], [-0.6826270222663879, -0.6474164128303528, 0.3389278054237366, -0.304930180311203], [-0.28975215554237366, -0.18598878383636475, -0.9388566017150879, -0.9263557195663452], [0.0, 0.0, 0.0, 1.0]]}, "Bone.001": {"matrix": [[0.7086146473884583, 0.24017463624477386, 0.6634615063667297, -1.5724314451217651], [-0.686528205871582, 0.017570821568369865, 0.726890504360199, 0.26163095235824585], [0.16292305290699005, -0.9705705046653748, 0.17733779549598694, 0.5706050395965576], [0.0, 0.0, 0.0, 1.0]]}, "finger2joint1": {"matrix": [[0.4897902309894562, -0.07613547891378403, 0.8685094714164734, -1.4201886653900146], [-0.5409784913063049, 0.7546685934066772, 0.37123724818229675, 0.27276885509490967], [-0.6837013363838196, -0.6516733169555664, 0.3284418284893036, -0.044623732566833496], [0.0, 0.0, 0.0, 1.0]]}, "finger2joint2": {"matrix": [[0.398532509803772, -0.6135503649711609, 0.681709349155426, -1.4860572814941406], [-0.5024986267089844, 0.475726842880249, 0.7219270467758179, 0.9256695508956909], [-0.7672463059425354, -0.6302694082260132, -0.11871543526649475, -0.6084182262420654], [0.0, 0.0, 0.0, 1.0]]}, "finger2joint3": {"matrix": [[0.2630122900009155, -0.95131915807724, 0.16067427396774292, -1.7189708948135376], [-0.5071005821228027, 0.00536793377250433, 0.8618698716163635, 1.106263279914856], [-0.8207760453224182, -0.3081604540348053, -0.4810025691986084, -0.8476787805557251], [0.0, 0.0, 0.0, 1.0]]}, "Bone.002": {"matrix": [[0.6648497581481934, -0.2417941391468048, 0.7067604660987854, -1.5724313259124756], [-0.49118179082870483, 0.5713267922401428, 0.6575149297714233, 0.26163095235824585], [-0.5627745985984802, -0.7842963933944702, 0.2610817551612854, 0.5706050395965576], [0.0, 0.0, 0.0, 1.0]]}, "finger3joint1": {"matrix": [[0.48873019218444824, -0.09538105130195618, 0.8672054409980774, -1.6743501424789429], [-0.5069656372070312, 0.7779102325439453, 0.3712698221206665, 0.5024509429931641], [-0.7100203037261963, -0.6210939288139343, 0.3318333327770233, 0.24001628160476685], [0.0, 0.0, 0.0, 1.0]]}, "finger3joint2": {"matrix": [[0.43348580598831177, -0.7777392864227295, -0.45520514249801636, -1.7580164670944214], [-0.39159882068634033, -0.6175183653831482, 0.6821445822715759, 1.1848193407058716], [-0.8116282820701599, -0.1174423024058342, -0.5722470283508301, -0.3047958314418793], [0.0, 0.0, 0.0, 1.0]]}, "finger3joint3": {"matrix": [[0.4647333025932312, 0.24725456535816193, -0.8502283096313477, -2.2612764835357666], [-0.530882716178894, -0.6906848549842834, -0.4910374581813812, 0.7852354645729065], [-0.7086512446403503, 0.6795727014541626, -0.18972109258174896, -0.38079047203063965], [0.0, 0.0, 0.0, 1.0]]}, "Bone.003": {"matrix": [[0.699927031993866, -0.24823391437530518, 0.6696880459785461, -1.5724314451217651], [0.319903701543808, 0.9473012089729309, 0.016788456588983536, 0.26163095235824585], [-0.6385636329650879, 0.20248518884181976, 0.7424527406692505, 0.5706050395965576], [0.0, 0.0, 0.0, 1.0]]}, "finger4joint1": {"matrix": [[0.7016595005989075, -0.13596870005130768, 0.6994185447692871, -1.6788291931152344], [-0.6888617873191833, 0.12135912477970123, 0.7146613597869873, 0.6676626205444336], [-0.1820525974035263, -0.9832517504692078, -0.008510665968060493, 0.6573941707611084], [0.0, 0.0, 0.0, 1.0]]}, "finger4joint2": {"matrix": [[0.7117332220077515, -0.4113129675388336, 0.5694358944892883, -1.8138949871063232], [-0.6719701290130615, -0.1624673306941986, 0.7225371599197388, 0.7882158160209656], [-0.2046743631362915, -0.8968977928161621, -0.3920232951641083, -0.3193278908729553], [0.0, 0.0, 0.0, 1.0]]}, "finger4joint3": {"matrix": [[0.7350542545318604, -0.4989786744117737, 0.4590373635292053, -1.9854384660720825], [-0.6666367650032043, -0.4084121882915497, 0.6235337257385254, 0.7204567790031433], [-0.12365374714136124, -0.7643425464630127, -0.6328426003456116, -0.6933906078338623], [0.0, 0.0, 0.0, 1.0]]}}