{"root": {"matrix": [[0.32484111189842224, -0.9215676784515381, 0.21258243918418884, 0.0], [-0.5351310968399048, -0.3644288182258606, -0.7621196508407593, -2.9802322387695312e-08], [0.7798159718513489, 0.13380829989910126, -0.6115410327911377, 1.4901161193847656e-08], [0.0, 0.0, 0.0, 1.0]]}, "carpals": {"matrix": [[-0.49461227655410767, -0.2821480929851532, -0.8220406770706177, -0.1913256049156189], [0.6773809790611267, 0.46745336055755615, -0.5680158138275146, -1.481211543083191], [0.5445305705070496, -0.8377824425697327, -0.04008648917078972, 1.9632604122161865], [0.0, 0.0, 0.0, 1.0]]}, "metacarpals": {"matrix": [[-0.5999703407287598, -0.5912244915962219, -0.5389702916145325, -0.46613609790802], [0.4075604975223541, 0.35384315252304077, -0.8418367505073547, -1.0259147882461548], [0.6884257197380066, -0.7247401475906372, 0.02866418845951557, 1.1472655534744263], [0.0, 0.0, 0.0, 1.0]]}, "finger5joint1": {"matrix": [[-0.47632279992103577, -0.7235366702079773, -0.49961087107658386, -0.47654080390930176], [0.29205596446990967, 0.40575820207595825, -0.8660619258880615, -0.5491958856582642], [0.8293490409851074, -0.5584393739700317, 0.018041163682937622, 0.6010918617248535], [0.0, 0.0, 0.0, 1.0]]}, "finger5joint2": {"matrix": [[0.3951755166053772, -0.8736212253570557, 0.28393930196762085, -1.2407925128936768], [-0.8996322751045227, -0.43055886030197144, -0.07266519218683243, -0.1206047534942627], [0.18573424220085144, -0.22672556340694427, -0.9560847282409668, 0.011227861046791077], [0.0, 0.0, 0.0, 1.0]]}, "finger5joint3": {"matrix": [[0.2956584692001343, -0.949749231338501, 0.10277058184146881, -1.8412630558013916], [-0.9305274486541748, -0.3106596767902374, -0.19392918050289154, -0.4165429472923279], [0.21611058712005615, -0.03829401358962059, -0.9756174683570862, -0.14460857212543488], [0.0, 0.0, 0.0, 1.0]]}, "Bone": {"matrix": [[0.534893274307251, -0.5962355136871338, -0.5986586213111877, -1.3892016410827637], [-0.21416448056697845, 0.5897242426872253, -0.7786902785301208, -0.4734673798084259], [0.8173263669013977, 0.5447279214859009, 0.18774695694446564, 0.01574486494064331], [0.0, 0.0, 0.0, 1.0]]}, "finger1joint1": {"matrix": [[-0.494462251663208, -0.4726370573043823, -0.7294662594795227, -1.8853814601898193], [0.2789003252983093, 0.7085908055305481, -0.6481615304946899, 0.017293840646743774], [0.8232385516166687, -0.5239396691322327, -0.2185528576374054, 0.4690607190132141], [0.0, 0.0, 0.0, 1.0]]}, "finger1joint2": {"matrix": [[-0.2393399477005005, -0.20370949804782867, -0.9493253231048584, -2.15250563621521], [0.448766827583313, 0.8438286781311035, -0.2942129373550415, 0.4177740812301636], [0.8610022068023682, -0.4964424967765808, -0.11054383218288422, 0.1729413866996765], [0.0, 0.0, 0.0, 1.0]]}, "finger1joint3": {"matrix": [[-0.32661500573158264, 0.2025105208158493, -0.9232074022293091, -2.239832639694214], [0.38540253043174744, 0.9204172492027283, 0.0655495896935463, 0.7795095443725586], [0.863010823726654, -0.3343968093395233, -0.3786700665950775, -0.03987535834312439], [0.0, 0.0, 0.0, 1.0]]}, "Bone.001": {"matrix": [[0.22708527743816376, -0.912883460521698, -0.33922815322875977, -1.3892016410827637], [-0.09226316958665848, 0.3265951871871948, -0.9406501650810242, -0.4734673798084259], [0.9694944024085999, 0.2449062168598175, -0.010060728527605534, 0.015744879841804504], [0.0, 0.0, 0.0, 1.0]]}, "finger2joint1": {"matrix": [[-0.5095744729042053, -0.8539681434631348, -0.10522332042455673, -1.9678637981414795], [0.3787357211112976, -0.11280936002731323, -0.918603777885437, -0.26644402742385864], [0.7725884318351746, -0.5079489350318909, 0.3809129297733307, 0.17098689079284668], [0.0, 0.0, 0.0, 1.0]]}, "finger2joint2": {"matrix": [[-0.5727987885475159, 0.2865760028362274, -0.7679684162139893, -2.7066731452941895], [0.4502456784248352, 0.8929006457328796, -0.002625541528686881, -0.36404091119766235], [0.6849674582481384, -0.34727826714515686, -0.6404820084571838, -0.2684645652770996], [0.0, 0.0, 0.0, 1.0]]}, "finger2joint3": {"matrix": [[-0.4652223289012909, 0.8560770153999329, 0.22516661882400513, -2.597884178161621], [0.548109233379364, 0.07884877175092697, 0.8326816558837891, -0.02508118376135826], [0.6950858235359192, 0.5107980370521545, -0.5059058666229248, -0.4002971053123474], [0.0, 0.0, 0.0, 1.0]]}, "Bone.002": {"matrix": [[-0.46844232082366943, -0.8473247289657593, -0.25020474195480347, -1.3892015218734741], [0.17640317976474762, 0.18779389560222626, -0.9662376046180725, -0.4734674096107483], [0.8657041788101196, -0.4967634677886963, 0.061499983072280884, 0.015744894742965698], [0.0, 0.0, 0.0, 1.0]]}, "finger3joint1": {"matrix": [[0.23247359693050385, -0.9551845788955688, -0.1832437515258789, -1.7463574409484863], [0.02625669538974762, 0.19450034201145172, -0.9805508255958557, -0.3943103551864624], [0.9722481966018677, 0.22314110398292542, 0.07029595971107483, -0.1936459094285965], [0.0, 0.0, 0.0, 1.0]]}, "finger3joint2": {"matrix": [[0.08544418215751648, 0.20332646369934082, -0.9753755927085876, -2.5842275619506836], [0.09469964355230331, 0.9728663563728333, 0.2110990434885025, -0.22369828820228577], [0.9918322563171387, -0.11040472239255905, 0.0638711005449295, 0.0020893439650535583], [0.0, 0.0, 0.0, 1.0]]}, "finger3joint3": {"matrix": [[0.2582316994667053, 0.8352750539779663, -0.48541921377182007, -2.4526591300964355], [0.1060013398528099, 0.47493013739585876, 0.8736159801483154, 0.40582436323165894], [0.9602499604225159, -0.27705052495002747, 0.03410206362605095, -0.06935137510299683], [0.0, 0.0, 0.0, 1.0]]}, "Bone.003": {"matrix": [[-0.8832359910011292, -0.15140151977539062, 0.4438147246837616, -1.3892016410827637], [-0.30577415227890015, -0.5316060185432434, -0.7898715734481812, -0.4734673500061035], [0.35552236437797546, -0.8333503007888794, 0.4232388138771057, 0.01574486494064331], [0.0, 0.0, 0.0, 1.0]]}, "finger4joint1": {"matrix": [[-0.3779662847518921, -0.7357523441314697, -0.5619693398475647, -1.4540953636169434], [0.26384449005126953, 0.49622443318367004, -0.8271318078041077, -0.7013240456581116], [0.8874274492263794, -0.46090036630630493, 0.006568004842847586, -0.34144526720046997], [0.0, 0.0, 0.0, 1.0]]}, "finger4joint2": {"matrix": [[-0.4055139124393463, -0.15339843928813934, -0.9011253714561462, -2.1849613189697266], [0.2591289281845093, 0.9260855317115784, -0.27425774931907654, -0.20839501917362213], [0.8765902519226074, -0.3447228670120239, -0.3357906639575958, -0.799284815788269], [0.0, 0.0, 0.0, 1.0]]}, "finger4joint3": {"matrix": [[-0.37813326716423035, 0.173754021525383, -0.9092987775802612, -2.2489383220672607], [0.18523450195789337, 0.9765656590461731, 0.10957751423120499, 0.177840918302536], [0.9070298671722412, -0.12699846923351288, -0.4014572203159332, -0.9430559277534485], [0.0, 0.0, 0.0, 1.0]]}}