{"root": {"matrix": [[0.2837977409362793, -0.8632708787918091, -0.4173993468284607, -5.960464477539063e-08], [-0.201650932431221, 0.3718317151069641, -0.9061335921287537, 0.0], [0.9374410510063171, 0.3413276672363281, -0.06855444610118866, 0.0], [0.0, 0.0, 0.0, 1.0]]}, "carpals": {"matrix": [[0.3786259889602661, -0.9253337979316711, -0.01998833939433098, -0.15625572204589844], [0.34943461418151855, 0.12291624397039413, 0.9288631677627563, 0.009799890220165253], [-0.8570515513420105, -0.35867634415626526, 0.3698831796646118, 2.4618027210235596], [0.0, 0.0, 0.0, 1.0]]}, "metacarpals": {"matrix": [[0.6348500847816467, -0.3975459635257721, 0.6625121831893921, -1.0575252771377563], [-0.622075617313385, 0.2455604076385498, 0.7434526085853577, 0.12951958179473877], [-0.4582434892654419, -0.8841136693954468, -0.09140945971012115, 2.112454414367676], [0.0, 0.0, 0.0, 1.0]]}, "finger5joint1": {"matrix": [[0.5678154230117798, -0.4846268892288208, 0.6653737425804138, -1.6683229207992554], [-0.5536238551139832, 0.3733538091182709, 0.7443838715553284, 0.0729740560054779], [-0.6091684103012085, -0.7910393476486206, -0.05630481243133545, 1.7259266376495361], [0.0, 0.0, 0.0, 1.0]]}, "finger5joint2": {"matrix": [[0.6883477568626404, -0.07173683494329453, -0.7218246459960938, -2.18022084236145], [0.7181000113487244, 0.20802412927150726, 0.6641218662261963, 0.46733734011650085], [0.10251504927873611, -0.9754890203475952, 0.19470739364624023, 0.8903735876083374], [0.0, 0.0, 0.0, 1.0]]}, "finger5joint3": {"matrix": [[0.7173355221748352, 0.1260281801223755, -0.6852344274520874, -2.2295281887054443], [0.6967275738716125, -0.12958012521266937, 0.7055346965789795, 0.6103195548057556], [0.00012460352445486933, -0.9835269451141357, -0.1807595193386078, 0.21988578140735626], [0.0, 0.0, 0.0, 1.0]]}, "Bone": {"matrix": [[0.43336430191993713, 0.44594883918762207, 0.7831505537033081, -1.6782050132751465], [-0.4006858766078949, -0.6830366849899292, 0.6106647253036499, 0.5129075646400452], [0.8072457313537598, -0.5784379243850708, -0.11731820553541183, 0.732107400894165], [0.0, 0.0, 0.0, 1.0]]}, "finger1joint1": {"matrix": [[0.6977182030677795, -0.49518299102783203, 0.5176706910133362, -1.3070918321609497], [-0.6282745599746704, -0.07579211890697479, 0.774290919303894, -0.05550716072320938], [-0.34418055415153503, -0.8654761910438538, -0.36399224400520325, 0.2507384419441223], [0.0, 0.0, 0.0, 1.0]]}, "finger1joint2": {"matrix": [[0.5167433023452759, -0.855950117111206, -0.018047401681542397, -1.586958646774292], [-0.8325387239456177, -0.507301926612854, 0.22253982722759247, -0.09834319353103638], [-0.1996387094259262, -0.09997092187404633, -0.9747563600540161, -0.23840990662574768], [0.0, 0.0, 0.0, 1.0]]}, "finger1joint3": {"matrix": [[0.5433114767074585, -0.7095144391059875, -0.4487781822681427, -1.953890323638916], [-0.7865463495254517, -0.6170883774757385, 0.02338225580751896, -0.3158152401447296], [-0.2935260832309723, 0.34028083086013794, -0.893337070941925, -0.2812657952308655], [0.0, 0.0, 0.0, 1.0]]}, "Bone.001": {"matrix": [[0.6478111147880554, 0.49777206778526306, 0.5766831040382385, -1.678204894065857], [-0.5331543684005737, -0.24446551501750946, 0.8099275827407837, 0.5129075050354004], [0.5441384315490723, -0.8321413993835449, 0.10702206194400787, 0.732107400894165], [0.0, 0.0, 0.0, 1.0]]}, "finger2joint1": {"matrix": [[0.7430525422096252, -0.2441270798444748, 0.6231168508529663, -1.3626753091812134], [-0.6421807408332825, 0.0019514827290549874, 0.7665505409240723, 0.3579448461532593], [-0.18835191428661346, -0.9697411060333252, -0.15532352030277252, 0.20462656021118164], [0.0, 0.0, 0.0, 1.0]]}, "finger2joint2": {"matrix": [[0.6571545600891113, -0.5904442071914673, 0.46853315830230713, -1.5738816261291504], [-0.7074527144432068, -0.26864466071128845, 0.653712809085846, 0.359633207321167], [-0.2601122260093689, -0.7610554695129395, -0.594252347946167, -0.6343438625335693], [0.0, 0.0, 0.0, 1.0]]}, "finger2joint3": {"matrix": [[0.5405842661857605, -0.8405458331108093, -0.035370152443647385, -1.7980239391326904], [-0.7891591191291809, -0.5212081670761108, 0.3249146640300751, 0.2576512396335602], [-0.29154109954833984, -0.14773117005825043, -0.9450814127922058, -0.9232529997825623], [0.0, 0.0, 0.0, 1.0]]}, "Bone.002": {"matrix": [[0.8022536635398865, -0.02609163150191307, 0.5964128375053406, -1.6782050132751465], [-0.5652819871902466, 0.28802675008773804, 0.7729791402816772, 0.5129075050354004], [-0.19195125997066498, -0.957266628742218, 0.21632152795791626, 0.732107400894165], [0.0, 0.0, 0.0, 1.0]]}, "finger3joint1": {"matrix": [[0.6737698912620544, 0.16233617067337036, 0.7208890914916992, -1.6892027854919434], [-0.6413397192955017, 0.6130426526069641, 0.46136969327926636, 0.6343136429786682], [-0.36703890562057495, -0.7731915712356567, 0.5171623229980469, 0.3286099135875702], [0.0, 0.0, 0.0, 1.0]]}, "finger3joint2": {"matrix": [[0.6624835133552551, -0.5350682735443115, 0.524230420589447, -1.5468045473098755], [-0.5537444949150085, 0.12148417532444, 0.8237770199775696, 1.1720633506774902], [-0.504462718963623, -0.8360282182693481, -0.2158096730709076, -0.34961938858032227], [0.0, 0.0, 0.0, 1.0]]}, "finger3joint3": {"matrix": [[0.5375176668167114, -0.8432336449623108, -0.0056340042501688, -1.8930368423461914], [-0.6776692271232605, -0.4359358549118042, 0.5922197699546814, 1.2506734132766724], [-0.5018357634544373, -0.31451067328453064, -0.8057565093040466, -0.8905968070030212], [0.0, 0.0, 0.0, 1.0]]}, "Bone.003": {"matrix": [[0.8432024121284485, -0.31027403473854065, 0.43902117013931274, -1.678204894065857], [0.18687394261360168, 0.9348775148391724, 0.3017980754375458, 0.5129075050354004], [-0.504071056842804, -0.17243504524230957, 0.8462731838226318, 0.732107400894165], [0.0, 0.0, 0.0, 1.0]]}, "finger4joint1": {"matrix": [[0.7408294677734375, -0.06512295454740524, 0.6685286164283752, -1.8111944198608398], [-0.6707461476325989, -0.018896490335464478, 0.7414460182189941, 0.9136142134666443], [-0.035652462393045425, -0.9976980686187744, -0.05767983943223953, 0.6581984162330627], [0.0, 0.0, 0.0, 1.0]]}, "finger4joint2": {"matrix": [[0.7519131302833557, -0.3345582187175751, 0.5680644512176514, -1.875884771347046], [-0.656560480594635, -0.3020876348018646, 0.6911374926567078, 0.8948432207107544], [-0.059620633721351624, -0.8926440477371216, -0.44680121541023254, -0.3328739404678345], [0.0, 0.0, 0.0, 1.0]]}, "finger4joint3": {"matrix": [[0.7687304615974426, -0.4220878481864929, 0.48051533102989197, -2.0154168605804443], [-0.6392166614532471, -0.5321004390716553, 0.5552213191986084, 0.7688536643981934], [0.02133011445403099, -0.7339691519737244, -0.6788473725318909, -0.7051626443862915], [0.0, 0.0, 0.0, 1.0]]}}