{"root": {"matrix": [[0.35887736082077026, -0.5502457618713379, -0.753947377204895, 0.0], [-0.9227568507194519, -0.3307032287120819, -0.19787652790546417, 0.0], [-0.14045219123363495, 0.7667235136032104, -0.6264249682426453, 0.0], [0.0, 0.0, 0.0, 1.0]]}, "carpals": {"matrix": [[0.7824339270591736, -0.6191178560256958, -0.06700799614191055, 0.357765793800354], [0.5710232257843018, 0.6703662276268005, 0.4738578200340271, -2.388241767883301], [-0.24845397472381592, -0.409025639295578, 0.8780480623245239, 0.5032791495323181], [0.0, 0.0, 0.0, 1.0]]}, "metacarpals": {"matrix": [[0.22728517651557922, -0.7342813014984131, 0.6396657824516296, -0.24525117874145508], [0.09349033236503601, 0.6702754497528076, 0.7361997365951538, -1.73530912399292], [-0.9693300724029541, -0.10752477496862411, 0.22099187970161438, 0.1048906221985817], [0.0, 0.0, 0.0, 1.0]]}, "finger5joint1": {"matrix": [[-0.17933091521263123, -0.8038331866264343, 0.5671794414520264, -0.9673016667366028], [0.4284377992153168, 0.4551699757575989, 0.7805516719818115, -1.6720565557479858], [-0.885596513748169, 0.382978230714798, 0.2627664804458618, 0.12270480394363403], [0.0, 0.0, 0.0, 1.0]]}, "finger5joint2": {"matrix": [[0.7037996053695679, -0.47682884335517883, -0.5265926718711853, -1.8163683414459229], [0.6522290110588074, 0.7274874448776245, 0.21297557651996613, -1.1912729740142822], [0.281536728143692, -0.4933513402938843, 0.823007345199585, 0.5272340774536133], [0.0, 0.0, 0.0, 1.0]]}, "finger5joint3": {"matrix": [[0.6841304898262024, -0.16473209857940674, -0.710512638092041, -2.1441094875335693], [0.7045767307281494, 0.4010494351387024, 0.5854316353797913, -0.6912453770637512], [0.18851135671138763, -0.9011227488517761, 0.39043667912483215, 0.18813642859458923], [0.0, 0.0, 0.0, 1.0]]}, "Bone": {"matrix": [[0.7038155794143677, -0.003029817948117852, 0.7103761434555054, -1.3916683197021484], [-0.7076214551925659, 0.08509013801813126, 0.7014492750167847, -0.6888231039047241], [-0.062571220099926, -0.9963685870170593, 0.05774378031492233, -0.062985360622406], [0.0, 0.0, 0.0, 1.0]]}, "finger1joint1": {"matrix": [[0.3347983956336975, -0.8868425488471985, 0.3184654414653778, -1.3941895961761475], [0.02432614006102085, 0.3459915518760681, 0.9379220008850098, -0.6180121302604675], [-0.9419756531715393, -0.3062678575515747, 0.13741086423397064, -0.8921509981155396], [0.0, 0.0, 0.0, 1.0]]}, "finger1joint2": {"matrix": [[0.23961178958415985, -0.6875171661376953, -0.6854971051216125, -1.895413875579834], [-0.2693111300468445, -0.7254252433776855, 0.6334266662597656, -0.4224652051925659], [-0.9327687621116638, 0.03283547982573509, -0.3589765429496765, -1.0652469396591187], [0.0, 0.0, 0.0, 1.0]]}, "finger1joint3": {"matrix": [[0.19401834905147552, -0.0864415094256401, -0.9771820306777954, -2.190141201019287], [-0.17698156833648682, -0.9828497171401978, 0.0518033504486084, -0.7334431409835815], [-0.9649012088775635, 0.1628924310207367, -0.20598949491977692, -1.0511709451675415], [0.0, 0.0, 0.0, 1.0]]}, "Bone.001": {"matrix": [[0.7398368716239929, -0.014426104724407196, 0.6726315021514893, -1.3916683197021484], [-0.5491496324539185, 0.5646424889564514, 0.6161274909973145, -0.6888231039047241], [-0.38868460059165955, -0.8252093195915222, 0.4098213016986847, -0.062985360622406], [0.0, 0.0, 0.0, 1.0]]}, "finger2joint1": {"matrix": [[0.4385511577129364, -0.29696452617645264, 0.8482245206832886, -1.4008126258850098], [-0.12782710790634155, 0.9136207699775696, 0.38594937324523926, -0.3309055268764496], [-0.8895688652992249, -0.2776847183704376, 0.3627093732357025, -0.5860720872879028], [0.0, 0.0, 0.0, 1.0]]}, "finger2joint2": {"matrix": [[0.32962822914123535, -0.4706236720085144, 0.8184487819671631, -1.657731294631958], [-0.079800546169281, 0.8499080538749695, 0.5208529233932495, 0.45951253175735474], [-0.9407321214675903, -0.23700052499771118, 0.24259765446186066, -0.8263106942176819], [0.0, 0.0, 0.0, 1.0]]}, "finger2joint3": {"matrix": [[0.19901540875434875, -0.7023107409477234, 0.6834853887557983, -1.8363876342773438], [-0.02801004983484745, 0.6930751800537109, 0.7203205823898315, 0.7821515798568726], [-0.9795957803726196, -0.16249942779541016, 0.11826087534427643, -0.9162800312042236], [0.0, 0.0, 0.0, 1.0]]}, "Bone.002": {"matrix": [[0.5095571875572205, -0.4438943564891815, 0.7370951175689697, -1.3916682004928589], [-0.00953516736626625, 0.8536863327026367, 0.5206998586654663, -0.6888231039047241], [-0.8603838682174683, -0.27235472202301025, 0.4307694733142853, -0.06298539787530899], [0.0, 0.0, 0.0, 1.0]]}, "finger3joint1": {"matrix": [[0.30216872692108154, 0.13255713880062103, 0.9439929127693176, -1.578774094581604], [0.027725305408239365, 0.9886431097984314, -0.1477017104625702, -0.3289857506752014], [-0.9528511762619019, 0.07080334424972534, 0.29506179690361023, -0.17778563499450684], [0.0, 0.0, 0.0, 1.0]]}, "finger3joint2": {"matrix": [[0.2824769616127014, -0.5952375531196594, 0.7522625923156738, -1.462497591972351], [0.18941180408000946, 0.8033699989318848, 0.5645524263381958, 0.538233757019043], [-0.9403881430625916, -0.016985556110739708, 0.3396785855293274, -0.11567825078964233], [0.0, 0.0, 0.0, 1.0]]}, "finger3joint3": {"matrix": [[0.1220654845237732, -0.9825701713562012, 0.14019936323165894, -1.8476641178131104], [0.1313987672328949, 0.15601032972335815, 0.9789763689041138, 1.058078646659851], [-0.9837856888771057, -0.10107714682817459, 0.14815203845500946, -0.1266692578792572], [0.0, 0.0, 0.0, 1.0]]}, "Bone.003": {"matrix": [[0.5086345076560974, -0.20689094066619873, 0.8357554078102112, -1.3916683197021484], [0.7130274772644043, 0.6452949047088623, -0.2742006480693817, -0.6888231039047241], [-0.4825790822505951, 0.7353845238685608, 0.4757382273674011, -0.0629853904247284], [0.0, 0.0, 0.0, 1.0]]}, "finger4joint1": {"matrix": [[0.5959123373031616, -0.23603348433971405, 0.7675783634185791, -1.4803457260131836], [-0.4224528670310974, 0.7207416296005249, 0.5496039390563965, -0.41223716735839844], [-0.6829507946968079, -0.6517815589904785, 0.32978585362434387, 0.2522146701812744], [0.0, 0.0, 0.0, 1.0]]}, "finger4joint2": {"matrix": [[0.6050559878349304, -0.5287656784057617, 0.5952427387237549, -1.7148118019104004], [-0.39512842893600464, 0.44963517785072327, 0.8010624647140503, 0.30371806025505066], [-0.6912165880203247, -0.7198851108551025, 0.06312412023544312, -0.39523839950561523], [0.0, 0.0, 0.0, 1.0]]}, "finger4joint3": {"matrix": [[0.6381434798240662, -0.6266912221908569, 0.44724801182746887, -1.935340166091919], [-0.44281330704689026, 0.17646172642707825, 0.8790773749351501, 0.4912441670894623], [-0.6298323273658752, -0.7590250372886658, -0.1648993045091629, -0.6954758167266846], [0.0, 0.0, 0.0, 1.0]]}}