{"root": {"matrix": [[0.4803999662399292, -0.45494887232780457, -0.7498249411582947, 0.0], [0.2834344208240509, -0.7285332083702087, 0.6236218810081482, 0.0], [-0.829988420009613, -0.5121141672134399, -0.22103911638259888, 0.0], [0.0, 0.0, 0.0, 1.0]]}, "carpals": {"matrix": [[0.1525663584470749, -0.8076136708259583, -0.5696345567703247, 0.7254006862640381], [-0.6211261749267578, 0.36996743083000183, -0.6908879280090332, -0.14223216474056244], [0.7687166333198547, 0.4592212736606598, -0.44518551230430603, -2.35341215133667], [0.0, 0.0, 0.0, 1.0]]}, "metacarpals": {"matrix": [[0.34618625044822693, -0.9286202788352966, -0.13348902761936188, -0.06121015548706055], [-0.5998411774635315, -0.10968748480081558, -0.7925648093223572, 0.21811389923095703], [0.7213495969772339, 0.35444724559783936, -0.5949971079826355, -1.9061336517333984], [0.0, 0.0, 0.0, 1.0]]}, "finger5joint1": {"matrix": [[0.3817390203475952, -0.9172087907791138, 0.11403176188468933, -0.596976101398468], [-0.5680623054504395, -0.3301490247249603, -0.753861129283905, 0.586805522441864], [0.729095458984375, 0.22300097346305847, -0.6470625996589661, -1.5856709480285645], [0.0, 0.0, 0.0, 1.0]]}, "finger5joint2": {"matrix": [[0.30887681245803833, -0.639764130115509, -0.703773021697998, -1.565798282623291], [-0.5597443580627441, -0.720515787601471, 0.4093198776245117, 0.2380782663822174], [-0.768947958946228, 0.2675033509731293, -0.5806550979614258, -1.3501211404800415], [0.0, 0.0, 0.0, 1.0]]}, "finger5joint3": {"matrix": [[0.2860775887966156, -0.5236992835998535, -0.802432656288147, -2.005530595779419], [-0.6462459564208984, -0.7237558364868164, 0.24195685982704163, -0.25715750455856323], [-0.7074781656265259, 0.4493502974510193, -0.5454890727996826, -1.1662566661834717], [0.0, 0.0, 0.0, 1.0]]}, "Bone": {"matrix": [[0.9788704514503479, 0.20363935828208923, -0.01853126659989357, -1.5110442638397217], [0.08234857767820358, -0.4755411744117737, -0.8758304715156555, 0.04686132073402405], [-0.18716594576835632, 0.855798602104187, -0.4822627604007721, -1.3527429103851318], [0.0, 0.0, 0.0, 1.0]]}, "finger1joint1": {"matrix": [[0.7487939596176147, -0.5875644087791443, 0.30671724677085876, -1.3415781259536743], [-0.47544580698013306, -0.7985778450965881, -0.36908599734306335, -0.3488782048225403], [0.46179938316345215, 0.13054180145263672, -0.8773254156112671, -0.6405579447746277], [0.0, 0.0, 0.0, 1.0]]}, "finger1joint2": {"matrix": [[0.631457507610321, -0.703998327255249, 0.3250346779823303, -1.6736568212509155], [-0.3244318664073944, -0.6205934286117554, -0.7138680219650269, -0.8002171516418457], [0.7042763233184814, 0.34532567858695984, -0.6202780604362488, -0.5667785406112671], [0.0, 0.0, 0.0, 1.0]]}, "finger1joint3": {"matrix": [[0.6865285634994507, -0.6873661279678345, -0.2370784729719162, -1.9754490852355957], [-0.3720721900463104, -0.0519755482673645, -0.9267473220825195, -1.0662553310394287], [0.6246924996376038, 0.7244488596916199, -0.2914326786994934, -0.4187431037425995], [0.0, 0.0, 0.0, 1.0]]}, "Bone.001": {"matrix": [[0.9805995225906372, -0.1795452982187271, -0.07866232097148895, -1.5110443830490112], [-0.1872713267803192, -0.7395303249359131, -0.646547794342041, 0.04686129093170166], [0.05791138485074043, 0.6487355828285217, -0.7588069438934326, -1.3527429103851318], [0.0, 0.0, 0.0, 1.0]]}, "finger2joint1": {"matrix": [[0.5853613018989563, -0.7961998581886292, -0.1530282199382782, -1.6248550415039062], [-0.5643619298934937, -0.2646230459213257, -0.781965434551239, -0.4219149351119995], [0.5821059346199036, 0.5440956354141235, -0.6042451858520508, -0.941520094871521], [0.0, 0.0, 0.0, 1.0]]}, "finger2joint2": {"matrix": [[0.5225878357887268, -0.2724713385105133, -0.8078744411468506, -2.3136863708496094], [-0.5112913250923157, 0.6581081748008728, -0.5526975393295288, -0.6508532762527466], [0.6822630167007446, 0.7018923163414001, 0.20460698008537292, -0.4707963168621063], [0.0, 0.0, 0.0, 1.0]]}, "finger2joint3": {"matrix": [[0.5579688549041748, 0.47271230816841125, -0.6820656061172485, -2.417121171951294], [-0.38098981976509094, 0.8760834336280823, 0.2955068051815033, -0.40102458000183105], [0.7372360825538635, 0.09497662633657455, 0.6689260005950928, -0.2043464481830597], [0.0, 0.0, 0.0, 1.0]]}, "Bone.002": {"matrix": [[0.5787880420684814, -0.8150948882102966, 0.0249920804053545, -1.5110441446304321], [-0.6396802663803101, -0.4728098511695862, -0.6060196757316589, 0.046861276030540466], [0.5057799220085144, 0.3347698450088501, -0.795056939125061, -1.3527430295944214], [0.0, 0.0, 0.0, 1.0]]}, "finger3joint1": {"matrix": [[0.4376431405544281, -0.5062659382820129, -0.7430768609046936, -1.8546148538589478], [-0.588197648525238, 0.4638638496398926, -0.6624603867530823, -0.15243282914161682], [0.6800675988197327, 0.7269972562789917, -0.09477777779102325, -1.2116341590881348], [0.0, 0.0, 0.0, 1.0]]}, "finger3joint2": {"matrix": [[0.38057783246040344, 0.04551311582326889, -0.9236282110214233, -2.2987020015716553], [-0.4813033640384674, 0.8625943660736084, -0.15581366419792175, 0.2544599771499634], [0.789624810218811, 0.503844678401947, 0.35018983483314514, -0.5739254951477051], [0.0, 0.0, 0.0, 1.0]]}, "finger3joint3": {"matrix": [[0.5322617888450623, 0.31316903233528137, -0.786525547504425, -2.269251585006714], [-0.4048486649990082, 0.9101004004478455, 0.08840132504701614, 0.8126277923583984], [0.7435017228126526, 0.27137133479118347, 0.6111976504325867, -0.24789756536483765], [0.0, 0.0, 0.0, 1.0]]}, "Bone.003": {"matrix": [[-0.019405614584684372, -0.7789062261581421, 0.6268400549888611, -1.5110442638397217], [-0.9964550137519836, -0.036263614892959595, -0.0759090781211853, 0.04686127230525017], [0.08185731619596481, -0.6260910034179688, -0.7754413485527039, -1.3527429103851318], [0.0, 0.0, 0.0, 1.0]]}, "finger4joint1": {"matrix": [[0.32279714941978455, -0.8890810012817383, -0.32455623149871826, -1.8448987007141113], [-0.5966833829879761, 0.07502192258834839, -0.7989620566368103, 0.03131798654794693], [0.7346907258033752, 0.45155999064445496, -0.506283164024353, -1.6210976839065552], [0.0, 0.0, 0.0, 1.0]]}, "finger4joint2": {"matrix": [[0.29600435495376587, 0.4288790225982666, -0.8534892201423645, -2.7280752658843994], [-0.6101235747337341, 0.7723907232284546, 0.1765259951353073, 0.10584169626235962], [0.7349354028701782, 0.46848171949386597, 0.4903002381324768, -1.1725364923477173], [0.0, 0.0, 0.0, 1.0]]}, "finger4joint3": {"matrix": [[0.2717824876308441, 0.9403029084205627, -0.20485208928585052, -2.549205780029297], [-0.6747344732284546, 0.3379669189453125, 0.6561335921287537, 0.42797717452049255], [0.6861974596977234, -0.0401047058403492, 0.7263085842132568, -0.9771502017974854], [0.0, 0.0, 0.0, 1.0]]}}