{"root": {"matrix": [[-0.36044466495513916, -0.7759638428688049, 0.5176482796669006, -5.960464477539063e-08], [-0.8319872617721558, 0.5183671712875366, 0.19771884381771088, 0.0], [-0.4217545986175537, -0.35941001772880554, -0.8324347138404846, 0.0], [0.0, 0.0, 0.0, 1.0]]}, "carpals": {"matrix": [[-0.4688541889190674, -0.6545868515968323, -0.5930359363555908, -1.632859468460083], [0.7864953875541687, -0.003822458442300558, -0.6175841093063354, -1.3963600397109985], [0.40199553966522217, -0.7559769749641418, 0.5166218280792236, -1.2119958400726318], [0.0, 0.0, 0.0, 1.0]]}, "metacarpals": {"matrix": [[0.1459190845489502, -0.4024169147014618, -0.9037522077560425, -2.270423412322998], [-0.5510765314102173, 0.7256110310554504, -0.41207170486450195, -1.400083065032959], [0.8215972185134888, 0.5581657886505127, -0.11588194221258163, -1.948312759399414], [0.0, 0.0, 0.0, 1.0]]}, "finger5joint1": {"matrix": [[0.023531721904873848, -0.07645253092050552, -0.9967954158782959, -2.1538994312286377], [-0.565220057964325, 0.8213998675346375, -0.0763433501124382, -0.7197911739349365], [0.824604332447052, 0.5652051568031311, -0.023883499205112457, -1.7262768745422363], [0.0, 0.0, 0.0, 1.0]]}, "finger5joint2": {"matrix": [[-0.9982844591140747, 0.0043907854706048965, -0.058381740003824234, -2.234654426574707], [-0.04812842980027199, 0.5062620043754578, 0.8610354065895081, 0.1478308141231537], [0.03333713114261627, 0.8623679876327515, -0.5051824450492859, -1.1292662620544434], [0.0, 0.0, 0.0, 1.0]]}, "finger5joint3": {"matrix": [[-0.9887800216674805, 0.13165801763534546, -0.07056716829538345, -2.2316365242004395], [-0.047986242920160294, 0.16741076111793518, 0.9847184419631958, 0.4958023726940155], [0.14145982265472412, 0.9770563244819641, -0.15921485424041748, -0.5365303754806519], [0.0, 0.0, 0.0, 1.0]]}, "Bone": {"matrix": [[0.49509918689727783, 0.21916531026363373, -0.8407396674156189, -2.898707628250122], [-0.7645426988601685, -0.34978434443473816, -0.5414102673530579, -0.26720282435417175], [-0.4127359092235565, 0.9108332395553589, -0.0056166136637330055, -1.076861023902893], [0.0, 0.0, 0.0, 1.0]]}, "finger1joint1": {"matrix": [[0.169613316655159, -0.14887410402297974, -0.9742010235786438, -2.7163209915161133], [-0.6504796743392944, 0.7256945967674255, -0.22415006160736084, -0.5582890510559082], [0.7403426766395569, 0.6717168092727661, 0.026247931644320488, -0.31887686252593994], [0.0, 0.0, 0.0, 1.0]]}, "finger1joint2": {"matrix": [[0.4611057937145233, 0.7869261503219604, -0.4100348651409149, -2.8004612922668457], [-0.5657321214675903, 0.6167089343070984, 0.5473728775978088, -0.14814217388629913], [0.6836142539978027, -0.020426947623491287, 0.729557454586029, 0.060762919485569], [0.0, 0.0, 0.0, 1.0]]}, "finger1joint3": {"matrix": [[0.3880276679992676, 0.7517450451850891, 0.5332108736038208, -2.4631190299987793], [-0.5296318531036377, -0.2915974259376526, 0.796530544757843, 0.116230808198452], [0.7542709112167358, -0.5914812684059143, 0.285000205039978, 0.05200621485710144], [0.0, 0.0, 0.0, 1.0]]}, "Bone.001": {"matrix": [[0.4372408390045166, -0.27085378766059875, -0.8575887084007263, -2.898707866668701], [-0.895967423915863, -0.21374493837356567, -0.38930079340934753, -0.26720285415649414], [-0.07786168903112411, 0.938589870929718, -0.336134135723114, -1.076861023902893], [0.0, 0.0, 0.0, 1.0]]}, "finger2joint1": {"matrix": [[0.211215540766716, 0.8713253140449524, -0.44292211532592773, -3.0703976154327393], [-0.63238924741745, 0.46734216809272766, 0.6177983283996582, -0.4026922881603241], [0.7452995777130127, 0.1496105194091797, 0.6497267484664917, -0.4819042980670929], [0.0, 0.0, 0.0, 1.0]]}, "finger2joint2": {"matrix": [[0.32916954159736633, 0.27185362577438354, 0.9042913317680359, -2.3165714740753174], [-0.6419107913970947, -0.6379280090332031, 0.42543870210647583, 0.001628294587135315], [0.6925299167633057, -0.7205158472061157, -0.03548074886202812, -0.35246890783309937], [0.0, 0.0, 0.0, 1.0]]}, "finger2joint3": {"matrix": [[0.27605152130126953, 0.01198455411940813, 0.9610679745674133, -2.2133712768554688], [-0.7462725639343262, -0.6274656653404236, 0.22217948734760284, -0.24053964018821716], [0.6056999564170837, -0.7785516977310181, -0.16426919400691986, -0.6259886026382446], [0.0, 0.0, 0.0, 1.0]]}, "Bone.002": {"matrix": [[0.13798341155052185, -0.5947512984275818, -0.7919794321060181, -2.898707628250122], [-0.7850002646446228, 0.4219137728214264, -0.4536113142967224, -0.26720285415649414], [0.6039329767227173, 0.6842948198318481, -0.40866273641586304, -1.076861023902893], [0.0, 0.0, 0.0, 1.0]]}, "finger3joint1": {"matrix": [[0.18462057411670685, 0.22522398829460144, -0.9566552639007568, -3.1494014263153076], [-0.6666010618209839, 0.7439625263214111, 0.04650571569800377, -0.08936196565628052], [0.7221899628639221, 0.6291213035583496, 0.2874853014945984, -0.7884238958358765], [0.0, 0.0, 0.0, 1.0]]}, "finger3joint2": {"matrix": [[0.2548816204071045, 0.7653951644897461, -0.5909361839294434, -2.951838970184326], [-0.5418736338615417, 0.6192068457603455, 0.5682920217514038, 0.5632282495498657], [0.8008796572685242, 0.1753654032945633, 0.5725718140602112, -0.2365703582763672], [0.0, 0.0, 0.0, 1.0]]}, "finger3joint3": {"matrix": [[0.3882821202278137, 0.8883505463600159, -0.2450924664735794, -2.4565670490264893], [-0.5983247756958008, 0.44529739022254944, 0.6661213636398315, 0.9639047384262085], [0.7008883357048035, -0.11199820041656494, 0.7044229507446289, -0.123094841837883], [0.0, 0.0, 0.0, 1.0]]}, "Bone.003": {"matrix": [[-0.6401243209838867, -0.7620543241500854, -0.09754025191068649, -2.898707628250122], [-0.5512205958366394, 0.5439987778663635, -0.6326302886009216, -0.26720285415649414], [0.5351603627204895, -0.3511958122253418, -0.7682868242263794, -1.076861023902893], [0.0, 0.0, 0.0, 1.0]]}, "finger4joint1": {"matrix": [[0.14787644147872925, 0.4106420874595642, -0.8997251391410828, -3.22533917427063], [-0.5447383522987366, 0.7931139469146729, 0.2724520266056061, -0.03403443098068237], [0.8254649043083191, 0.4498255252838135, 0.3409753143787384, -1.2273905277252197], [0.0, 0.0, 0.0, 1.0]]}, "finger4joint2": {"matrix": [[0.13984937965869904, 0.9848111271858215, -0.10290195047855377, -2.8174240589141846], [-0.521051824092865, 0.16156426072120667, 0.8380940556526184, 0.7538124918937683], [0.8419896960258484, -0.06358971446752548, 0.5357322692871094, -0.7805522084236145], [0.0, 0.0, 0.0, 1.0]]}, "finger4joint3": {"matrix": [[0.05899227783083916, 0.5763735771179199, 0.8150539994239807, -2.40669584274292], [-0.5448828935623169, -0.665528416633606, 0.5100727677345276, 0.8211948871612549], [0.8364341259002686, -0.4741993546485901, 0.2747950553894043, -0.8070731163024902], [0.0, 0.0, 0.0, 1.0]]}}