{"root": {"matrix": [[0.3428475558757782, -0.9270164370536804, -0.1519739329814911, 0.0], [-0.8172022104263306, -0.21453748643398285, -0.534933865070343, 0.0], [0.4632883369922638, 0.3075942099094391, -0.8311135768890381, -2.9802322387695312e-08], [0.0, 0.0, 0.0, 1.0]]}, "carpals": {"matrix": [[0.5805476307868958, -0.3619871735572815, -0.7293350100517273, -0.11495208740234375], [0.7711656093597412, 0.5318875312805176, 0.3498554527759552, -1.9979336261749268], [0.26128116250038147, -0.7655459642410278, 0.5879382491111755, 1.4422316551208496], [0.0, 0.0, 0.0, 1.0]]}, "metacarpals": {"matrix": [[0.5851960182189941, -0.7764383554458618, 0.23385661840438843, -0.4675253629684448], [0.580376923084259, 0.6024534702301025, 0.547916054725647, -1.479878306388855], [-0.5663108229637146, -0.18491332232952118, 0.8031805157661438, 0.6965945363044739], [0.0, 0.0, 0.0, 1.0]]}, "finger5joint1": {"matrix": [[0.4613656997680664, -0.8633699417114258, 0.20428872108459473, -1.1094977855682373], [0.6843950152397156, 0.49286022782325745, 0.5373005270957947, -1.4633076190948486], [-0.5645749568939209, -0.10807783901691437, 0.8182750940322876, 0.36003589630126953], [0.0, 0.0, 0.0, 1.0]]}, "finger5joint2": {"matrix": [[0.3042987287044525, -0.2866497337818146, -0.9084237813949585, -2.021451711654663], [0.38216274976730347, 0.9102746844291687, -0.15921935439109802, -0.9427130222320557], [0.8725557923316956, -0.29871541261672974, 0.38654249906539917, 0.2458762675523758], [0.0, 0.0, 0.0, 1.0]]}, "finger5joint3": {"matrix": [[0.3257584869861603, 0.06277787685394287, -0.9433662295341492, -2.218475818634033], [0.4736563265323639, 0.8527100682258606, 0.22030538320541382, -0.3170493245124817], [0.8182485699653625, -0.5185978412628174, 0.24804259836673737, 0.04055868089199066], [0.0, 0.0, 0.0, 1.0]]}, "Bone": {"matrix": [[0.8349179029464722, 0.40295037627220154, 0.37489041686058044, -1.679761290550232], [-0.5497298240661621, 0.5776113271713257, 0.6034582853317261, -0.5392811894416809], [0.026622798293828964, -0.7099267244338989, 0.7037721276283264, 0.40789350867271423], [0.0, 0.0, 0.0, 1.0]]}, "finger1joint1": {"matrix": [[0.6854390501976013, -0.727937638759613, 0.016730712726712227, -1.344430923461914], [0.5140861868858337, 0.500089168548584, 0.6968685984611511, -0.05860018730163574], [-0.5156437754631042, -0.4690600335597992, 0.717003583908081, -0.18289875984191895], [0.0, 0.0, 0.0, 1.0]]}, "finger1joint2": {"matrix": [[0.6622197031974792, -0.7300193905830383, -0.1689278483390808, -1.755845546722412], [0.2674037218093872, 0.019639816135168076, 0.963384211063385, 0.22403939068317413], [-0.6999715566635132, -0.6831441521644592, 0.20821590721607208, -0.44800129532814026], [0.0, 0.0, 0.0, 1.0]]}, "finger1joint3": {"matrix": [[0.6680413484573364, -0.35080426931381226, -0.6562445759773254, -2.0687928199768066], [0.362692266702652, -0.6165515780448914, 0.6987976431846619, 0.2324586659669876], [-0.6497499942779541, -0.7048407793045044, -0.28464797139167786, -0.7408539056777954], [0.0, 0.0, 0.0, 1.0]]}, "Bone.001": {"matrix": [[0.9600217938423157, 0.1785041093826294, 0.21562495827674866, -1.679761290550232], [-0.2466716766357422, 0.9036104679107666, 0.3502010703086853, -0.5392811894416809], [-0.13232862949371338, -0.3893892168998718, 0.9115179181098938, 0.40789347887039185], [0.0, 0.0, 0.0, 1.0]]}, "finger2joint1": {"matrix": [[0.9632911682128906, -0.2673408091068268, 0.024468345567584038, -1.566610336303711], [0.18995800614356995, 0.7431811690330505, 0.6415584683418274, 0.03350269794464111], [-0.18969914317131042, -0.6133597493171692, 0.7666836380958557, 0.16106605529785156], [0.0, 0.0, 0.0, 1.0]]}, "finger2joint2": {"matrix": [[0.9287679195404053, -0.3653643727302551, 0.062440600246191025, -1.7978999614715576], [0.19628238677978516, 0.6276955008506775, 0.7533068060874939, 0.6764650940895081], [-0.31442517042160034, -0.6873912811279297, 0.6546982526779175, -0.3695814609527588], [0.0, 0.0, 0.0, 1.0]]}, "finger2joint3": {"matrix": [[0.8714130520820618, -0.48952415585517883, 0.03170415386557579, -1.936598300933838], [0.19888152182102203, 0.4116343855857849, 0.8893833756446838, 0.9147485494613647], [-0.44842520356178284, -0.7687150239944458, 0.45606112480163574, -0.6305265426635742], [0.0, 0.0, 0.0, 1.0]]}, "Bone.002": {"matrix": [[0.8090649843215942, -0.511440098285675, 0.2895561158657074, -1.679761290550232], [0.4477674663066864, 0.8555229306221008, 0.2599700093269348, -0.5392811298370361], [-0.38068100810050964, -0.08067871630191803, 0.9211801290512085, 0.40789350867271423], [0.0, 0.0, 0.0, 1.0]]}, "finger3joint1": {"matrix": [[0.804706871509552, -0.35162124037742615, -0.4783402383327484, -1.8953382968902588], [0.45901423692703247, -0.14247971773147583, 0.8769293427467346, -0.17866969108581543], [-0.37650084495544434, -0.9252362251281738, 0.04674486815929413, 0.37388667464256287], [0.0, 0.0, 0.0, 1.0]]}, "finger3joint2": {"matrix": [[0.7569267749786377, -0.06555655598640442, -0.6502031683921814, -2.2037739753723145], [0.39634180068969727, -0.7450273036956787, 0.5365138053894043, -0.30365025997161865], [-0.519591212272644, -0.6638045310974121, -0.5379484295845032, -0.43771353363990784], [0.0, 0.0, 0.0, 1.0]]}, "finger3joint3": {"matrix": [[0.8512900471687317, 0.07797250151634216, -0.5188694000244141, -2.246194362640381], [0.2630160450935364, -0.9190952181816101, 0.2934044599533081, -0.7857427597045898], [-0.45401298999786377, -0.3862434923648834, -0.8029247522354126, -0.8672483563423157], [0.0, 0.0, 0.0, 1.0]]}, "Bone.003": {"matrix": [[0.4329257905483246, -0.6835940480232239, 0.5876005291938782, -1.6797611713409424], [0.878907322883606, 0.1753021776676178, -0.4436109662055969, -0.5392811894416809], [0.2002423256635666, 0.7084972262382507, 0.6767087578773499, 0.40789344906806946], [0.0, 0.0, 0.0, 1.0]]}, "finger4joint1": {"matrix": [[0.9103444814682007, 0.05466547980904579, 0.4102247953414917, -1.972762942314148], [-0.12351007759571075, 0.9819514751434326, 0.1432337611913681, -0.4641432762145996], [-0.394991010427475, -0.18105891346931458, 0.9006661772727966, 0.7115691900253296], [0.0, 0.0, 0.0, 1.0]]}, "finger4joint2": {"matrix": [[0.9191100001335144, -0.30148306488990784, 0.2536619305610657, -1.9184603691101074], [-0.09817928820848465, 0.448252409696579, 0.8884986639022827, 0.5112870931625366], [-0.3815719783306122, -0.8415327072143555, 0.3823942244052887, 0.5317126512527466], [0.0, 0.0, 0.0, 1.0]]}, "finger4joint3": {"matrix": [[0.9371806383132935, -0.3484044373035431, 0.017503710463643074, -2.0441977977752686], [-0.14808788895606995, -0.3519117832183838, 0.924244225025177, 0.6982365846633911], [-0.3158510625362396, -0.8687763810157776, -0.3813994228839874, 0.180740624666214], [0.0, 0.0, 0.0, 1.0]]}}