{"root": {"matrix": [[0.3532804846763611, -0.9262680411338806, -0.13122676312923431, 0.0], [-0.08789826929569244, 0.10678639262914658, -0.9903891086578369, 0.0], [0.931378960609436, 0.36141976714134216, -0.04369187727570534, 0.0], [0.0, 0.0, 0.0, 1.0]]}, "carpals": {"matrix": [[0.6225795745849609, -0.2995671331882477, -0.7229481339454651, -0.09295830130577087], [0.7291677594184875, -0.11331195384263992, 0.674888551235199, 0.01709042489528656], [-0.2840929627418518, -0.9473223686218262, 0.14788918197155, 2.4649648666381836], [0.0, 0.0, 0.0, 1.0]]}, "metacarpals": {"matrix": [[0.5718258023262024, -0.8115055561065674, 0.12030701339244843, -0.38473498821258545], [0.09772837162017822, 0.21298754215240479, 0.972154974937439, -0.09327471256256104], [-0.8145331144332886, -0.5441457629203796, 0.20109908282756805, 1.542278528213501], [0.0, 0.0, 0.0, 1.0]]}, "finger5joint1": {"matrix": [[0.3992004692554474, -0.898412823677063, -0.18301142752170563, -0.9976624250411987], [0.20762738585472107, -0.1058393269777298, 0.9724652767181396, -0.3887902498245239], [-0.8930450677871704, -0.42620670795440674, 0.1442842185497284, 1.2919483184814453], [0.0, 0.0, 0.0, 1.0]]}, "finger5joint2": {"matrix": [[-0.21348313987255096, -0.43717288970947266, -0.8736729025840759, -1.9466310739517212], [0.9749395251274109, -0.03804100677371025, -0.2191927284002304, -0.5005854368209839], [0.06258998066186905, -0.8985721468925476, 0.43433845043182373, 0.8417579531669617], [0.0, 0.0, 0.0, 1.0]]}, "finger5joint3": {"matrix": [[-0.20493870973587036, 0.10217919200658798, -0.9734264016151428, -2.24711537361145], [0.9777127504348755, -0.02494017966091633, -0.20845918357372284, -0.5267322659492493], [-0.04557736963033676, -0.9944530129432678, -0.09479053318500519, 0.2241378128528595], [0.0, 0.0, 0.0, 1.0]]}, "Bone": {"matrix": [[0.8769750595092773, 0.40221452713012695, 0.2629410922527313, -1.651720404624939], [-0.27678054571151733, -0.024506494402885437, 0.9606204628944397, 0.23925796151161194], [0.39281919598579407, -0.9152172803878784, 0.08983376622200012, 0.6927160024642944], [0.0, 0.0, 0.0, 1.0]]}, "finger1joint1": {"matrix": [[0.7488340735435486, -0.6627076268196106, 0.00811842828989029, -1.3170024156570435], [0.10388042777776718, 0.1294611245393753, 0.986128032207489, 0.21886394917964935], [-0.6545656323432922, -0.7376028895378113, 0.1657875031232834, -0.06891652941703796], [0.0, 0.0, 0.0, 1.0]]}, "finger1joint2": {"matrix": [[0.7239092588424683, -0.6891660094261169, 0.031708162277936935, -1.691550374031067], [-0.20389632880687714, -0.16981551051139832, 0.9641518592834473, 0.2920325696468353], [-0.6590763330459595, -0.7044236660003662, -0.26344919204711914, -0.48579370975494385], [0.0, 0.0, 0.0, 1.0]]}, "finger1joint3": {"matrix": [[0.7481922507286072, -0.5792451500892639, -0.32354798913002014, -1.9869846105575562], [-0.0988374799489975, -0.5795163512229919, 0.8089448809623718, 0.21923545002937317], [-0.6560789346694946, -0.5732676982879639, -0.49084052443504333, -0.787768542766571], [0.0, 0.0, 0.0, 1.0]]}, "Bone.001": {"matrix": [[0.9858373999595642, 0.12494636327028275, 0.11186026781797409, -1.651720404624939], [-0.15342427790164948, 0.402631938457489, 0.902412474155426, 0.23925793170928955], [0.06771460175514221, -0.906794011592865, 0.4160996377468109, 0.6927160024642944], [0.0, 0.0, 0.0, 1.0]]}, "finger2joint1": {"matrix": [[0.8498416543006897, -0.3936869204044342, -0.3503989279270172, -1.5725188255310059], [0.1746583729982376, -0.4169013202190399, 0.8920131921768188, 0.494479775428772], [-0.49725568294525146, -0.8192702531814575, -0.2855392098426819, 0.11791408061981201], [0.0, 0.0, 0.0, 1.0]]}, "finger2joint2": {"matrix": [[0.8394875526428223, -0.3735746741294861, -0.39459139108657837, -1.9131168127059937], [0.05305789038538933, -0.666355550289154, 0.7437438368797302, 0.1337980180978775], [-0.5407821536064148, -0.6452999711036682, -0.53957599401474, -0.5908766984939575], [0.0, 0.0, 0.0, 1.0]]}, "finger2joint3": {"matrix": [[0.82297682762146, -0.32427582144737244, -0.46642687916755676, -2.054931879043579], [-0.09039083123207092, -0.8853561282157898, 0.4560413360595703, -0.11916148662567139], [-0.5608372092247009, -0.3331508934497833, -0.7579391002655029, -0.8358431458473206], [0.0, 0.0, 0.0, 1.0]]}, "Bone.002": {"matrix": [[0.7918544411659241, -0.5794985890388489, 0.19273757934570312, -1.6517202854156494], [0.15659058094024658, 0.4977060556411743, 0.8530932068824768, 0.23925794661045074], [-0.5902929902076721, -0.6453445553779602, 0.48485493659973145, 0.6927160024642944], [0.0, 0.0, 0.0, 1.0]]}, "finger3joint1": {"matrix": [[0.8035997748374939, -0.35211247205734253, -0.47983771562576294, -1.8959848880767822], [0.1536838561296463, -0.6561149954795837, 0.7388466000556946, 0.4490460753440857], [-0.574985921382904, -0.6674802899360657, -0.47313955426216125, 0.42069679498672485], [0.0, 0.0, 0.0, 1.0]]}, "finger3joint2": {"matrix": [[0.7558148503303528, -0.06478354334831238, -0.6515727043151855, -2.2048513889312744], [0.01922477036714554, -0.9924689531326294, 0.12097789347171783, -0.1264858841896057], [-0.6545031070709229, -0.1039634421467781, -0.748877227306366, -0.1648045927286148], [0.0, 0.0, 0.0, 1.0]]}, "finger3joint3": {"matrix": [[0.8504640460014343, 0.07927253097295761, -0.5200257301330566, -2.2467715740203857], [-0.05065765976905823, -0.9716426134109497, -0.23096397519111633, -0.7686930894851685], [-0.5235883593559265, 0.2227695882320404, -0.8223312497138977, -0.23207730054855347], [0.0, 0.0, 0.0, 1.0]]}, "Bone.003": {"matrix": [[0.33431220054626465, -0.749332845211029, 0.5716078877449036, -1.6517202854156494], [0.8197590112686157, 0.5304447412490845, 0.21592473983764648, 0.23925793170928955], [-0.46500563621520996, 0.39639461040496826, 0.7916064858436584, 0.6927159428596497], [0.0, 0.0, 0.0, 1.0]]}, "finger4joint1": {"matrix": [[0.9396843314170837, -0.021918803453445435, 0.3413395285606384, -1.9728989601135254], [-0.2570708394050598, 0.6130329370498657, 0.7470641732215881, 0.4666168689727783], [-0.22562731802463531, -0.7897527813911438, 0.5704229474067688, 0.8626184463500977], [0.0, 0.0, 0.0, 1.0]]}, "finger4joint2": {"matrix": [[0.9453509449958801, -0.3041337728500366, 0.11753229796886444, -1.994672179222107], [-0.22847674787044525, -0.3607374131679535, 0.9042491912841797, 1.0755786895751953], [-0.23261459171772003, -0.8816863894462585, -0.41051068902015686, 0.07811036705970764], [0.0, 0.0, 0.0, 1.0]]}, "finger4joint3": {"matrix": [[0.9655396938323975, -0.1509816199541092, -0.2119840532541275, -2.1215150356292725], [-0.21090275049209595, -0.9311637282371521, -0.29741188883781433, 0.9251284599304199], [-0.15248830616474152, 0.3318707346916199, -0.9309180974960327, -0.28960829973220825], [0.0, 0.0, 0.0, 1.0]]}}