{"root": {"matrix": [[0.2874608635902405, -0.9333388805389404, -0.2150459736585617, -5.960464477539063e-08], [-0.6524958610534668, -0.026470864191651344, -0.7573298215866089, 0.0], [0.7011528611183167, 0.35801929235458374, -0.6166091561317444, 0.0], [0.0, 0.0, 0.0, 1.0]]}, "carpals": {"matrix": [[0.6688284873962402, -0.3793127238750458, -0.6393669843673706, -0.23930519819259644], [0.7403378486633301, 0.2616519033908844, 0.6192235350608826, -1.4163686037063599], [-0.06758765876293182, -0.8875020742416382, 0.4558199942111969, 2.005397081375122], [0.0, 0.0, 0.0, 1.0]]}, "metacarpals": {"matrix": [[0.59494549036026, -0.7233228087425232, 0.3504908084869385, -0.6087534427642822], [0.2505577504634857, 0.5812327265739441, 0.7742021679878235, -1.1615211963653564], [-0.7637149095535278, -0.3727898895740509, 0.527036190032959, 1.1409754753112793], [0.0, 0.0, 0.0, 1.0]]}, "finger5joint1": {"matrix": [[0.7272493839263916, -0.6339434385299683, -0.2631043493747711, -1.2701046466827393], [0.3821546137332916, 0.05556860566139221, 0.9224259257316589, -1.1922754049301147], [-0.5701456069946289, -0.7713803052902222, 0.28267690539360046, 0.8454359173774719], [0.0, 0.0, 0.0, 1.0]]}, "finger5joint2": {"matrix": [[-0.30529698729515076, -0.3643474280834198, -0.8797978758811951, -1.939721703529358], [0.937311589717865, 0.048067059367895126, -0.34516066312789917, -1.1335798501968384], [0.16804799437522888, -0.9300214052200317, 0.3268324136734009, 0.030648231506347656], [0.0, 0.0, 0.0, 1.0]]}, "finger5joint3": {"matrix": [[-0.2890758812427521, -0.08013248443603516, -0.9539462924003601, -2.190150260925293], [0.9552802443504333, 0.04064328968524933, -0.2928943336009979, -1.1005417108535767], [0.06224214285612106, -0.9959549307823181, 0.06480001658201218, -0.6085880398750305], [0.0, 0.0, 0.0, 1.0]]}, "Bone": {"matrix": [[0.7742744088172913, 0.4026741087436676, 0.48821353912353516, -1.7380611896514893], [-0.5989230871200562, 0.2170519232749939, 0.7708302140235901, -0.25405561923980713], [0.2044256329536438, -0.8892366290092468, 0.4092288017272949, 0.5589470267295837], [0.0, 0.0, 0.0, 1.0]]}, "finger1joint1": {"matrix": [[0.8018047213554382, -0.4746335744857788, 0.36308664083480835, -1.4029607772827148], [0.11763767153024673, 0.7210637927055359, 0.6828088760375977, -0.07342764735221863], [-0.5858927965164185, -0.5047667622566223, 0.6339874267578125, -0.18106472492218018], [0.0, 0.0, 0.0, 1.0]]}, "finger1joint2": {"matrix": [[0.6625198125839233, -0.6164143681526184, 0.42555928230285645, -1.6712133884429932], [-0.11027952283620834, 0.48167529702186584, 0.8693830966949463, 0.33410191535949707], [-0.7408818006515503, -0.6229140758514404, 0.2511417865753174, -0.4663480222225189], [0.0, 0.0, 0.0, 1.0]]}, "finger1joint3": {"matrix": [[0.7243773937225342, -0.6861838698387146, 0.06655088812112808, -1.9354599714279175], [-0.03926411643624306, 0.05531376972794533, 0.9976965188980103, 0.5405882596969604], [-0.6882846355438232, -0.7253220081329346, 0.013125856406986713, -0.7333809733390808], [0.0, 0.0, 0.0, 1.0]]}, "Bone.001": {"matrix": [[0.9166731834411621, 0.2383008599281311, 0.32081568241119385, -1.7380611896514893], [-0.3948421776294708, 0.6640297174453735, 0.6349517703056335, -0.25405561923980713], [-0.06172163411974907, -0.7087148427963257, 0.7027897834777832, 0.558946967124939], [0.0, 0.0, 0.0, 1.0]]}, "finger2joint1": {"matrix": [[0.8876584768295288, -0.4404781758785248, -0.13431711494922638, -1.5870062112808228], [0.14267605543136597, -0.014260943979024887, 0.9896664619445801, 0.16686195135116577], [-0.4378420114517212, -0.8976499438285828, 0.05018702894449234, 0.10970431566238403], [0.0, 0.0, 0.0, 1.0]]}, "finger2joint2": {"matrix": [[0.8527868390083313, -0.3844706118106842, -0.3534640073776245, -1.9680854082107544], [0.04873102903366089, -0.615267276763916, 0.7868106961250305, 0.15452411770820618], [-0.5199805498123169, -0.688206672668457, -0.5059561133384705, -0.666896641254425], [0.0, 0.0, 0.0, 1.0]]}, "finger2joint3": {"matrix": [[0.831210196018219, -0.19869911670684814, -0.5192379355430603, -2.114036798477173], [-0.09266016632318497, -0.9704009890556335, 0.22301460802555084, -0.0790414810180664], [-0.54818195104599, -0.13725952804088593, -0.8250188231468201, -0.9281511306762695], [0.0, 0.0, 0.0, 1.0]]}, "Bone.002": {"matrix": [[0.8180384039878845, -0.4266454875469208, 0.3857288658618927, -1.7380613088607788], [0.17005106806755066, 0.8200663924217224, 0.5464186668395996, -0.2540556490421295], [-0.5494503974914551, -0.38139769434928894, 0.7433975338935852, 0.5589470267295837], [0.0, 0.0, 0.0, 1.0]]}, "finger3joint1": {"matrix": [[0.7631322741508484, -0.5588170886039734, -0.3245806097984314, -1.9178967475891113], [0.1768139898777008, -0.302544504404068, 0.9365913271903992, 0.09161058068275452], [-0.6215834617614746, -0.7721335887908936, -0.13207457959651947, 0.3981841206550598], [0.0, 0.0, 0.0, 1.0]]}, "finger3joint2": {"matrix": [[0.6771798133850098, 0.10008770227432251, -0.72897869348526, -2.408080577850342], [0.0902826115489006, -0.9945217967033386, -0.05267908424139023, -0.17377585172653198], [-0.7302578687667847, -0.030141064897179604, -0.6825063824653625, -0.27911725640296936], [0.0, 0.0, 0.0, 1.0]]}, "finger3joint3": {"matrix": [[0.7942439317703247, 0.3758666515350342, -0.4773896038532257, -2.343315839767456], [0.048400502651929855, -0.8223398923873901, -0.5669340491294861, -0.8173114061355591], [-0.6056681871414185, 0.42717790603637695, -0.6713306903839111, -0.29862093925476074], [0.0, 0.0, 0.0, 1.0]]}, "Bone.003": {"matrix": [[0.5343010425567627, -0.604642927646637, 0.5907023549079895, -1.7380613088607788], [0.8294681310653687, 0.5096231698989868, -0.22861868143081665, -0.25405561923980713], [-0.16280275583267212, 0.6121202111244202, 0.7738243341445923, 0.558946967124939], [0.0, 0.0, 0.0, 1.0]]}, "finger4joint1": {"matrix": [[0.8418610095977783, 0.1523021161556244, 0.5177585482597351, -1.997222900390625], [-0.3629908859729767, 0.8697293996810913, 0.33437666296958923, -0.03562116622924805], [-0.3993837535381317, -0.469440221786499, 0.7874758839607239, 0.8213136792182922], [0.0, 0.0, 0.0, 1.0]]}, "finger4joint2": {"matrix": [[0.8549719452857971, -0.3727458417415619, 0.3606704771518707, -1.8459322452545166], [-0.33643394708633423, 0.13069748878479004, 0.9325929880142212, 0.8283323645591736], [-0.39475905895233154, -0.9186829328536987, -0.013661397621035576, 0.35499095916748047], [0.0, 0.0, 0.0, 1.0]]}, "finger4joint3": {"matrix": [[0.8776298761367798, -0.4584116041660309, -0.14008678495883942, -2.0013906955718994], [-0.35974037647247314, -0.823041558265686, 0.43953245878219604, 0.8828413486480713], [-0.31678417325019836, -0.3353523313999176, -0.8872352242469788, -0.028157591819763184], [0.0, 0.0, 0.0, 1.0]]}}