{"root": {"matrix": [[0.4198768138885498, -0.9073912501335144, -0.01856149546802044, -5.960464477539063e-08], [0.19959697127342224, 0.11227170377969742, -0.9734249114990234, 0.0], [0.8853612542152405, 0.4050137400627136, 0.22825276851654053, 0.0], [0.0, 0.0, 0.0, 1.0]]}, "carpals": {"matrix": [[0.42462247610092163, -0.4101981222629547, -0.8071140050888062, 0.0634579062461853], [0.7529260516166687, -0.33508145809173584, 0.5664120316505432, 0.67071533203125], [-0.5027899742126465, -0.848208487033844, 0.1665658950805664, 2.3729939460754395], [0.0, 0.0, 0.0, 1.0]]}, "metacarpals": {"matrix": [[0.5482206344604492, -0.8244388699531555, -0.14055070281028748, -0.3360726833343506], [0.23404687643051147, -0.010104212909936905, 0.972172737121582, 0.3443479835987091], [-0.8029171228408813, -0.5658605098724365, 0.1874181479215622, 1.5468437671661377], [0.0, 0.0, 0.0, 1.0]]}, "finger5joint1": {"matrix": [[0.43220844864845276, -0.8106464147567749, -0.3950291872024536, -0.8449304699897766], [0.3077762722969055, -0.27914801239967346, 0.9095878601074219, -0.10240566730499268], [-0.8476256728172302, -0.5147120952606201, 0.12884777784347534, 1.287711262702942], [0.0, 0.0, 0.0, 1.0]]}, "finger5joint2": {"matrix": [[-0.3980919122695923, -0.6208547949790955, -0.6753233671188354, -1.701193928718567], [0.9081740379333496, -0.16289560496807098, -0.3855964243412018, -0.39726197719573975], [0.12939238548278809, -0.7668138146400452, 0.6286917924880981, 0.7440351247787476], [0.0, 0.0, 0.0, 1.0]]}, "finger5joint3": {"matrix": [[-0.41652771830558777, -0.20667187869548798, -0.8853196501731873, -2.127929210662842], [0.9088459610939026, -0.07063290476799011, -0.41110777854919434, -0.5092258453369141], [0.022431915625929832, -0.9758570194244385, 0.217253640294075, 0.21697713434696198], [0.0, 0.0, 0.0, 1.0]]}, "Bone": {"matrix": [[0.9081212878227234, 0.4186955690383911, 0.003076705150306225, -1.6232506036758423], [-0.03612053766846657, 0.07101815193891525, 0.9968207478523254, 0.32857251167297363], [0.41714584827423096, -0.9053453207015991, 0.0796167328953743, 0.6633784770965576], [0.0, 0.0, 0.0, 1.0]]}, "finger1joint1": {"matrix": [[0.7422376275062561, -0.6654011011123657, 0.07952585816383362, -1.2748172283172607], [0.2764253318309784, 0.4121076166629791, 0.8681913614273071, 0.38767293095588684], [-0.6104687452316284, -0.6224212050437927, 0.4898156225681305, -0.09003874659538269], [0.0, 0.0, 0.0, 1.0]]}, "finger1joint2": {"matrix": [[0.6959407329559326, -0.7119540572166443, 0.09374245256185532, -1.6508874893188477], [-0.009325374849140644, 0.12157110124826431, 0.9925388693809509, 0.6205872297286987], [-0.7180386185646057, -0.6916223168373108, 0.07796721905469894, -0.44181767106056213], [0.0, 0.0, 0.0, 1.0]]}, "finger1joint3": {"matrix": [[0.7275048494338989, -0.6283629536628723, -0.27549320459365845, -1.9560904502868652], [0.0867861956357956, -0.3140295743942261, 0.9454382658004761, 0.6727027297019958], [-0.6805915236473083, -0.7117198705673218, -0.17392458021640778, -0.738304853439331], [0.0, 0.0, 0.0, 1.0]]}, "Bone.001": {"matrix": [[0.9898491501808167, 0.04025903344154358, -0.13629931211471558, -1.6232506036758423], [0.10784567892551422, 0.41183537244796753, 0.9048539996147156, 0.32857251167297363], [0.09256138652563095, -0.9103682041168213, 0.4033133089542389, 0.6633784770965576], [0.0, 0.0, 0.0, 1.0]]}, "finger2joint1": {"matrix": [[0.7417349815368652, -0.38839611411094666, -0.5467881560325623, -1.5977309942245483], [0.31051871180534363, -0.5237513780593872, 0.7932606935501099, 0.589628279209137], [-0.5944803953170776, -0.7581772208213806, -0.26788029074668884, 0.0863109827041626], [0.0, 0.0, 0.0, 1.0]]}, "finger2joint2": {"matrix": [[0.7509156465530396, -0.35926735401153564, -0.554123044013977, -1.9337515830993652], [0.18724116683006287, -0.6888182163238525, 0.700335681438446, 0.13650530576705933], [-0.6332979202270508, -0.6296476721763611, -0.44997459650039673, -0.5696253180503845], [0.0, 0.0, 0.0, 1.0]]}, "finger2joint3": {"matrix": [[0.7512417435646057, -0.2918539345264435, -0.5919939279556274, -2.0701353549957275], [0.04366881772875786, -0.8729802966117859, 0.48579642176628113, -0.12498143315315247], [-0.6585807204246521, -0.3908023238182068, -0.6430742740631104, -0.8086498975753784], [0.0, 0.0, 0.0, 1.0]]}, "Bone.002": {"matrix": [[0.7395848035812378, -0.6714028716087341, -0.04724724218249321, -1.6232504844665527], [0.3502068519592285, 0.32392317056655884, 0.8788793683052063, 0.32857251167297363], [-0.5747776627540588, -0.666551947593689, 0.47469863295555115, 0.6633784770965576], [0.0, 0.0, 0.0, 1.0]]}, "finger3joint1": {"matrix": [[0.6281192302703857, -0.4398781955242157, -0.6418514847755432, -1.9062535762786865], [0.2369106262922287, -0.6776044368743896, 0.6962223649024963, 0.4651094079017639], [-0.7411745190620422, -0.5893719792366028, -0.32140424847602844, 0.3824200928211212], [0.0, 0.0, 0.0, 1.0]]}, "finger3joint2": {"matrix": [[0.5750829577445984, 0.0011807470582425594, -0.8180941939353943, -2.2921066284179688], [0.09959661215543747, -0.9926617741584778, 0.06857902556657791, -0.12927263975143433], [-0.812009871006012, -0.1209181472659111, -0.5709803104400635, -0.13456609845161438], [0.0, 0.0, 0.0, 1.0]]}, "finger3joint3": {"matrix": [[0.7038074731826782, 0.2158714383840561, -0.6767972111701965, -2.2913424968719482], [0.03727123886346817, -0.9626200199127197, -0.2682790160179138, -0.7716045379638672], [-0.7094123363494873, 0.16359151899814606, -0.6855447292327881, -0.21280986070632935], [0.0, 0.0, 0.0, 1.0]]}, "Bone.003": {"matrix": [[0.12296145409345627, -0.8711520433425903, 0.4753677248954773, -1.6232504844665527], [0.8735086917877197, 0.32235172390937805, 0.36479029059410095, 0.32857251167297363], [-0.47102317214012146, 0.37038281559944153, 0.8005957007408142, 0.6633784770965576], [0.0, 0.0, 0.0, 1.0]]}, "finger4joint1": {"matrix": [[0.9833779335021973, -0.15124839544296265, 0.10045649111270905, -1.996643304824829], [4.841542977374047e-05, 0.5534842610359192, 0.8328595161437988, 0.466738760471344], [-0.1815699189901352, -0.8190106153488159, 0.544291615486145, 0.8221317529678345], [0.0, 0.0, 0.0, 1.0]]}, "finger4joint2": {"matrix": [[0.9814087748527527, -0.17058677971363068, -0.08795757591724396, -2.1468873023986816], [0.028818638995289803, -0.3221130669116974, 0.9462623596191406, 1.0165472030639648], [-0.18975228071212769, -0.9312050342559814, -0.3112082779407501, 0.008560150861740112], [0.0, 0.0, 0.0, 1.0]]}, "finger4joint3": {"matrix": [[0.9933736324310303, 0.09506785869598389, -0.06457868218421936, -2.2180325984954834], [0.0416492335498333, -0.8214989900588989, -0.5686867833137512, 0.8822059035301208], [-0.10711530596017838, 0.5622285604476929, -0.8200150728225708, -0.3798109292984009], [0.0, 0.0, 0.0, 1.0]]}}