{"root": {"matrix": [[0.5077325701713562, -0.8615074157714844, 0.003543023718520999, 0.0], [-0.1682504415512085, -0.10319069772958755, -0.9803282618522644, -7.450580596923828e-09], [0.8449256420135498, 0.4971484839916229, -0.19734235107898712, 0.0], [0.0, 0.0, 0.0, 1.0]]}, "carpals": {"matrix": [[0.20530280470848083, -0.6974055171012878, -0.6866411566734314, 0.30456823110580444], [0.8961024880409241, -0.14814159274101257, 0.41839468479156494, -0.37128400802612305], [-0.39351072907447815, -0.7011985778808594, 0.5945331454277039, 2.4195809364318848], [0.0, 0.0, 0.0, 1.0]]}, "metacarpals": {"matrix": [[0.5506272912025452, -0.8343666195869446, -0.025330862030386925, -0.37470054626464844], [0.4961426854133606, 0.30271628499031067, 0.8137598633766174, -0.5155730247497559], [-0.6713060140609741, -0.46064603328704834, 0.5806489586830139, 1.7366176843643188], [0.0, 0.0, 0.0, 1.0]]}, "finger5joint1": {"matrix": [[0.7265967130661011, -0.6624025702476501, -0.18242740631103516, -0.9370439052581787], [0.48827996850013733, 0.3110434412956238, 0.8153737783432007, -0.7646324634552002], [-0.4833628535270691, -0.6815235018730164, 0.5494412779808044, 1.3526721000671387], [0.0, 0.0, 0.0, 1.0]]}, "finger5joint2": {"matrix": [[-0.16797462105751038, -0.5843949317932129, -0.7938933372497559, -1.6367214918136597], [0.7766733765602112, 0.4175065755844116, -0.47166329622268677, -0.43608590960502625], [0.6070936918258667, -0.695823073387146, 0.3837535083293915, 0.6327977180480957], [0.0, 0.0, 0.0, 1.0]]}, "finger5joint3": {"matrix": [[-0.1778344362974167, -0.40390339493751526, -0.8973497152328491, -2.0383965969085693], [0.8370419144630432, 0.4173940122127533, -0.3537549674510956, -0.14911898970603943], [0.5174315571784973, -0.8140290379524231, 0.2638571262359619, 0.15453411638736725], [0.0, 0.0, 0.0, 1.0]]}, "Bone": {"matrix": [[0.908521294593811, 0.40100979804992676, 0.11738776415586472, -1.6773786544799805], [-0.2901708781719208, 0.4033729135990143, 0.8678081035614014, -0.04294884204864502], [0.30064842104911804, -0.8224847912788391, 0.48283442854881287, 1.0174214839935303], [0.0, 0.0, 0.0, 1.0]]}, "finger1joint1": {"matrix": [[0.7830735445022583, -0.5234023332595825, 0.33592483401298523, -1.343663215637207], [0.40306907892227173, 0.8384504914283752, 0.36679136753082275, 0.2927331030368805], [-0.47363585233688354, -0.1518235206604004, 0.8675358891487122, 0.33295971155166626], [0.0, 0.0, 0.0, 1.0]]}, "finger1joint2": {"matrix": [[0.6539268493652344, -0.65372234582901, 0.38082355260849, -1.6394788026809692], [0.25540751218795776, 0.6645655632019043, 0.702224612236023, 0.7666071057319641], [-0.712142288684845, -0.3619382083415985, 0.6015430688858032, 0.24715232849121094], [0.0, 0.0, 0.0, 1.0]]}, "finger1joint3": {"matrix": [[0.7126725912094116, -0.6928424835205078, -0.1098492369055748, -1.9197187423706055], [0.3006570339202881, 0.1601974219083786, 0.9401818513870239, 1.0514954328536987], [-0.6338005661964417, -0.7030687928199768, 0.32247650623321533, 0.09199538826942444], [0.0, 0.0, 0.0, 1.0]]}, "Bone.001": {"matrix": [[0.9977187514305115, 0.06338033080101013, -0.023235443979501724, -1.6773786544799805], [-0.03211645036935806, 0.7484246492385864, 0.662441611289978, -0.04294887185096741], [0.059375714510679245, -0.6601840853691101, 0.7487530708312988, 1.0174213647842407], [0.0, 0.0, 0.0, 1.0]]}, "finger2joint1": {"matrix": [[0.8952376246452332, -0.2862758934497833, -0.34146055579185486, -1.6372028589248657], [0.40996670722961426, 0.22894905507564545, 0.8828982710838318, 0.4314652681350708], [-0.17457540333271027, -0.9303913116455078, 0.3223276436328888, 0.598941445350647], [0.0, 0.0, 0.0, 1.0]]}, "finger2joint2": {"matrix": [[0.8933898210525513, -0.3275095522403717, -0.30755800008773804, -1.8848739862442017], [0.345638632774353, 0.06366991996765137, 0.9362050294876099, 0.6295403242111206], [-0.28703391551971436, -0.9426999092102051, 0.170082226395607, -0.2059856355190277], [0.0, 0.0, 0.0, 1.0]]}, "finger2joint3": {"matrix": [[0.8738130927085876, -0.36404499411582947, -0.3223685622215271, -2.009202003479004], [0.26561591029167175, -0.1979631930589676, 0.9435350894927979, 0.6537104249000549], [-0.40730640292167664, -0.9100996851921082, -0.07628649473190308, -0.563849925994873], [0.0, 0.0, 0.0, 1.0]]}, "Bone.002": {"matrix": [[0.759567141532898, -0.6472626328468323, 0.06409872323274612, -1.6773784160614014], [0.48840901255607605, 0.6326673626899719, 0.6009896397590637, -0.042948901653289795], [-0.42955130338668823, -0.42518535256385803, 0.7966824173927307, 1.0174213647842407], [0.0, 0.0, 0.0, 1.0]]}, "finger3joint1": {"matrix": [[0.6318748593330383, -0.4204074442386627, -0.651146411895752, -1.9502060413360596], [0.46562978625297546, -0.46571049094200134, 0.7525307536125183, 0.2237267643213272], [-0.6196152567863464, -0.7786984443664551, -0.09851625561714172, 0.8382014036178589], [0.0, 0.0, 0.0, 1.0]]}, "finger3joint2": {"matrix": [[0.582227885723114, 0.030376790091395378, -0.8124579787254333, -2.3189799785614014], [0.3565848171710968, -0.9076007008552551, 0.2216033935546875, -0.1847859025001526], [-0.7306557893753052, -0.41873401403427124, -0.5392622351646423, 0.15514154732227325], [0.0, 0.0, 0.0, 1.0]]}, "finger3joint3": {"matrix": [[0.7113423943519592, 0.24055874347686768, -0.6603963971138, -2.299323797225952], [0.2687656283378601, -0.9612932205200195, -0.060665518045425415, -0.7720763683319092], [-0.6494282484054565, -0.1343381553888321, -0.748462438583374, -0.11581297218799591], [0.0, 0.0, 0.0, 1.0]]}, "Bone.003": {"matrix": [[0.20865602791309357, -0.8196392059326172, 0.5335298776626587, -1.6773784160614014], [0.9749846458435059, 0.21706275641918182, -0.04783834517002106, -0.04294886812567711], [-0.07659904658794403, 0.5301653742790222, 0.8444271087646484, 1.0174212455749512], [0.0, 0.0, 0.0, 1.0]]}, "finger4joint1": {"matrix": [[0.9911788105964661, -0.08737847954034805, 0.09964567422866821, -2.0286917686462402], [0.00022686723968945444, 0.7529877424240112, 0.6580342650413513, 0.050088465213775635], [-0.1325301229953766, -0.6522068977355957, 0.7463656067848206, 1.2446606159210205], [0.0, 0.0, 0.0, 1.0]]}, "finger4joint2": {"matrix": [[0.9906545877456665, -0.12793801724910736, -0.04727432131767273, -2.115489959716797], [0.03019435703754425, -0.13229137659072876, 0.9907507300376892, 0.7980756163597107], [-0.13300877809524536, -0.9829193949699402, -0.12719176709651947, 0.5967849493026733], [0.0, 0.0, 0.0, 1.0]]}, "finger4joint3": {"matrix": [[0.9984461069107056, -0.0309600830078125, -0.046328105032444, -2.1688482761383057], [0.026590127497911453, -0.4659254848957062, 0.8844241499900818, 0.7429018020629883], [-0.0489673875272274, -0.8842820525169373, -0.4643780589103699, 0.1868457794189453], [0.0, 0.0, 0.0, 1.0]]}}