{"root": {"matrix": [[0.19146442413330078, -0.9324768781661987, -0.30631402134895325, 0.0], [-0.19366715848445892, 0.2700596749782562, -0.9431653022766113, 0.0], [0.9622029066085815, 0.23990559577941895, -0.12888339161872864, 0.0], [0.0, 0.0, 0.0, 1.0]]}, "carpals": {"matrix": [[0.7720403075218201, -0.5281792283058167, -0.3535254895687103, -0.44529396295547485], [0.3070032298564911, -0.17712871730327606, 0.9350797533988953, -0.06759782135486603], [-0.5565091967582703, -0.8304528594017029, 0.025402434170246124, 2.4253101348876953], [0.0, 0.0, 0.0, 1.0]]}, "metacarpals": {"matrix": [[0.5480289459228516, -0.5300155282020569, 0.6471071243286133, -0.9597373008728027], [-0.6148688197135925, 0.26923784613609314, 0.7412469387054443, -0.24012012779712677], [-0.5670983195304871, -0.8041107654571533, -0.17833974957466125, 1.616454005241394], [0.0, 0.0, 0.0, 1.0]]}, "finger5joint1": {"matrix": [[0.36835944652557373, -0.35609951615333557, 0.8587807416915894, -1.6245603561401367], [-0.5403297543525696, 0.6696969866752625, 0.509459912776947, -0.28351089358329773], [-0.7565414309501648, -0.6516889929771423, 0.054278142750263214, 1.3304420709609985], [0.0, 0.0, 0.0, 1.0]]}, "finger5joint2": {"matrix": [[0.879974901676178, -0.15481972694396973, -0.44908204674720764, -2.0006980895996094], [0.4188748002052307, 0.6987674236297607, 0.5798857808113098, 0.4238715171813965], [0.22402621805667877, -0.6983938217163086, 0.6797481179237366, 0.642081081867218], [0.0, 0.0, 0.0, 1.0]]}, "finger5joint3": {"matrix": [[0.8850619792938232, -0.15642432868480682, -0.4384019374847412, -2.1071112155914307], [0.4497159719467163, 0.5303418636322021, 0.7186741828918457, 0.9041588306427002], [0.12008482217788696, -0.8332274556159973, 0.5397322177886963, 0.1620505303144455], [0.0, 0.0, 0.0, 1.0]]}, "Bone": {"matrix": [[0.5516558289527893, 0.34188008308410645, 0.760784924030304, -1.7872387170791626], [-0.4226935803890228, -0.6717324256896973, 0.6083629131317139, 0.1802349090576172], [0.7190309762954712, -0.6571860909461975, -0.22605447471141815, 0.36101388931274414], [0.0, 0.0, 0.0, 1.0]]}, "finger1joint1": {"matrix": [[0.8247685432434082, -0.4208745062351227, 0.37765243649482727, -1.502730369567871], [-0.5387448072433472, -0.3819642663002014, 0.7509042024612427, -0.378772497177124], [-0.17178690433502197, -0.8227805495262146, -0.5417758822441101, -0.1858883500099182], [0.0, 0.0, 0.0, 1.0]]}, "finger1joint2": {"matrix": [[0.6788787245750427, -0.5710005164146423, 0.46160799264907837, -1.7405996322631836], [-0.7340342998504639, -0.5430325865745544, 0.40781015157699585, -0.5946504473686218], [0.01780814863741398, -0.6156898736953735, -0.787787139415741, -0.650905966758728], [0.0, 0.0, 0.0, 1.0]]}, "finger1joint3": {"matrix": [[0.7426258325576782, -0.6593519449234009, 0.11731094121932983, -1.9853782653808594], [-0.6685413122177124, -0.719542920589447, 0.18791063129901886, -0.827439546585083], [-0.03948920592665672, -0.21797463297843933, -0.9751550555229187, -0.9148421287536621], [0.0, 0.0, 0.0, 1.0]]}, "Bone.001": {"matrix": [[0.720406174659729, 0.35728055238723755, 0.5944453477859497, -1.7872388362884521], [-0.5501483082771301, -0.22752542793750763, 0.8034728765487671, 0.180234894156456], [0.4223165810108185, -0.9058601260185242, 0.03264673799276352, 0.36101388931274414], [0.0, 0.0, 0.0, 1.0]]}, "finger2joint1": {"matrix": [[0.6452213525772095, -0.06854935735464096, 0.7609140276908875, -1.5607644319534302], [-0.6721356511116028, 0.4225614666938782, 0.6080091595649719, 0.03601023554801941], [-0.3632117807865143, -0.9037379026412964, 0.22657136619091034, -0.2131960391998291], [0.0, 0.0, 0.0, 1.0]]}, "finger2joint2": {"matrix": [[0.563288152217865, -0.7701546549797058, 0.2992793619632721, -1.620069980621338], [-0.6844685077667236, -0.23204828798770905, 0.6911267638206482, 0.4015888571739197], [-0.4628274738788605, -0.5941507816314697, -0.6578564643859863, -0.9950639605522156], [0.0, 0.0, 0.0, 1.0]]}, "finger2joint3": {"matrix": [[0.4422262907028198, -0.5976321697235107, -0.6687835454940796, -1.91243314743042], [-0.7655646800994873, -0.6399966478347778, 0.06568592041730881, 0.3134995400905609], [-0.4672755002975464, 0.4829489290714264, -0.7405494451522827, -1.2206133604049683], [0.0, 0.0, 0.0, 1.0]]}, "Bone.002": {"matrix": [[0.7560395002365112, -0.1744195818901062, 0.6308581233024597, -1.7872388362884521], [-0.5655472874641418, 0.3111095130443573, 0.763784646987915, 0.180234894156456], [-0.329485148191452, -0.9342313408851624, 0.13656869530677795, 0.36101388931274414], [0.0, 0.0, 0.0, 1.0]]}, "finger3joint1": {"matrix": [[0.7091120481491089, 0.3183128833770752, 0.6291558146476746, -1.8607584238052368], [-0.6003293395042419, -0.19544342160224915, 0.7755039930343628, 0.3113706707954407], [0.36981698870658875, -0.9276198744773865, 0.05250144004821777, -0.03277403116226196], [0.0, 0.0, 0.0, 1.0]]}, "finger3joint2": {"matrix": [[0.7255760431289673, -0.5753603577613831, 0.3774915337562561, -1.5815402269363403], [-0.6533072590827942, -0.7482725977897644, 0.11522842943668365, 0.139931321144104], [0.2161683738231659, -0.33022499084472656, -0.9188157320022583, -0.8464651107788086], [0.0, 0.0, 0.0, 1.0]]}, "finger3joint3": {"matrix": [[0.6223101019859314, -0.7802587747573853, 0.06266167014837265, -1.9538445472717285], [-0.699689507484436, -0.5903647541999817, -0.40237289667129517, -0.344261109828949], [0.35094791650772095, 0.20655691623687744, -0.9133287668228149, -1.0601471662521362], [0.0, 0.0, 0.0, 1.0]]}, "Bone.003": {"matrix": [[0.7545995712280273, -0.3242698013782501, 0.5704634189605713, -1.7872387170791626], [0.19362008571624756, 0.9406876564025879, 0.27859988808631897, 0.18023493885993958], [-0.6269693374633789, -0.0997779592871666, 0.7726277112960815, 0.36101388931274414], [0.0, 0.0, 0.0, 1.0]]}, "finger4joint1": {"matrix": [[0.6240214705467224, -0.055421967059373856, 0.7794391512870789, -1.92622709274292], [-0.7032608985900879, 0.3949733078479767, 0.5911175012588501, 0.5834318995475769], [-0.340618759393692, -0.9170189499855042, 0.20749586820602417, 0.31824707984924316], [0.0, 0.0, 0.0, 1.0]]}, "finger4joint2": {"matrix": [[0.6375217437744141, -0.6768485307693481, -0.3680243492126465, -1.9812809228897095], [-0.682476282119751, -0.7177867293357849, 0.1378694474697113, 0.9757822751998901], [-0.35747990012168884, 0.1632729470729828, -0.9195376038551331, -0.5926819443702698], [0.0, 0.0, 0.0, 1.0]]}, "finger4joint3": {"matrix": [[0.6968942284584045, 0.21145009994506836, -0.685293436050415, -2.2635693550109863], [-0.6223911046981812, -0.29644396901130676, -0.7243962287902832, 0.6764199733734131], [-0.3563249111175537, 0.9313479661941528, -0.07498560100793839, -0.5245868563652039], [0.0, 0.0, 0.0, 1.0]]}}