{"root": {"matrix": [[0.3813515901565552, -0.5865890979766846, -0.714481770992279, -5.960464477539063e-08], [-0.39873072504997253, 0.5929237008094788, -0.6996108293533325, 0.0], [0.8340172171592712, 0.5516836047172546, -0.007778765633702278, 0.0], [0.0, 0.0, 0.0, 1.0]]}, "carpals": {"matrix": [[0.8154993057250977, -0.5400916337966919, 0.20799462497234344, 0.36858025193214417], [-0.26141661405563354, -0.023108718916773796, 0.9649492502212524, -0.24270111322402954], [-0.5163545608520508, -0.8412887454032898, -0.16003386676311493, 2.4269795417785645], [0.0, 0.0, 0.0, 1.0]]}, "metacarpals": {"matrix": [[-0.06361232697963715, -0.4576236307621002, 0.8868675231933594, -0.15746575593948364], [-0.9757859706878662, 0.21487192809581757, 0.04088374972343445, -0.2652088701725006], [-0.20927253365516663, -0.8627921938896179, -0.46021121740341187, 1.6075694561004639], [0.0, 0.0, 0.0, 1.0]]}, "finger5joint1": {"matrix": [[-0.0056261783465743065, -0.6839584708213806, 0.7294991612434387, -0.772284209728241], [-0.9521159529685974, 0.22666797041893005, 0.20517461001873016, 0.011810630559921265], [-0.3056851923465729, -0.6934133768081665, -0.6524830460548401, 1.3412364721298218], [0.0, 0.0, 0.0, 1.0]]}, "finger5joint2": {"matrix": [[0.7185412049293518, -0.6501768827438354, -0.2469172328710556, -1.4947307109832764], [0.20245404541492462, -0.14411412179470062, 0.9686294794082642, 0.2512337267398834], [-0.6653648614883423, -0.7459895610809326, 0.028079206123948097, 0.6088030934333801], [0.0, 0.0, 0.0, 1.0]]}, "finger5joint3": {"matrix": [[0.6672049760818481, -0.6546375751495361, -0.35536840558052063, -1.941620111465454], [0.1344805806875229, -0.36337998509407043, 0.9218836426734924, 0.1521790325641632], [-0.7326335310935974, -0.6628755927085876, -0.15441268682479858, 0.09605832397937775], [0.0, 0.0, 0.0, 1.0]]}, "Bone": {"matrix": [[0.36564213037490845, -0.2794862985610962, 0.8878024220466614, -0.8719432353973389], [-0.36569467186927795, -0.9202817678451538, -0.1390993297100067, 0.07026594877243042], [0.8559046387672424, -0.27380430698394775, -0.43870046734809875, 0.26051127910614014], [0.0, 0.0, 0.0, 1.0]]}, "finger1joint1": {"matrix": [[0.018809016793966293, -0.7109032273292542, 0.703038215637207, -1.1045281887054443], [-0.9937698841094971, 0.06396419554948807, 0.09126705676317215, -0.6955812573432922], [-0.10985159873962402, -0.7003748416900635, -0.7052711248397827, 0.03265470266342163], [0.0, 0.0, 0.0, 1.0]]}, "finger1joint2": {"matrix": [[-0.18191485106945038, -0.9832663536071777, 0.00970795750617981, -1.5063154697418213], [-0.9754492044448853, 0.1792047619819641, -0.12800121307373047, -0.6594300270080566], [0.12411932647228241, -0.03275487199425697, -0.9917263388633728, -0.3631819486618042], [0.0, 0.0, 0.0, 1.0]]}, "finger1joint3": {"matrix": [[-0.14380021393299103, -0.7828866243362427, -0.6053181290626526, -1.927825689315796], [-0.9893116354942322, 0.12866339087486267, 0.0686156377196312, -0.5826079845428467], [0.024163777008652687, 0.6087151765823364, -0.7930205464363098, -0.3772234320640564], [0.0, 0.0, 0.0, 1.0]]}, "Bone.001": {"matrix": [[0.351506769657135, -0.07393606007099152, 0.9332610964775085, -0.8719432950019836], [-0.6691573858261108, -0.7170170545578003, 0.19522933661937714, 0.07026582956314087], [0.6547295451164246, -0.6931232213973999, -0.3015111982822418, 0.26051127910614014], [0.0, 0.0, 0.0, 1.0]]}, "finger2joint1": {"matrix": [[0.4387969374656677, -0.663811206817627, 0.6056499481201172, -0.9188100695610046], [-0.867134690284729, -0.4895657002925873, 0.09166493266820908, -0.3842394948005676], [0.23565702140331268, -0.5654025077819824, -0.7904337048530579, -0.17884820699691772], [0.0, 0.0, 0.0, 1.0]]}, "finger2joint2": {"matrix": [[0.3191143572330475, -0.7799752354621887, 0.5383349061012268, -1.4931056499481201], [-0.9125990271568298, -0.40609726309776306, -0.047409944236278534, -0.8077868223190308], [0.25559476017951965, -0.47615480422973633, -0.8413962125778198, -0.6680055856704712], [0.0, 0.0, 0.0, 1.0]]}, "finger2joint3": {"matrix": [[0.17816045880317688, -0.9158062934875488, 0.35994088649749756, -1.7891970872879028], [-0.9452435970306396, -0.2609332799911499, -0.1960303634405136, -0.9619479775428772], [0.2734462022781372, -0.3053070604801178, -0.9121482372283936, -0.8487617373466492], [0.0, 0.0, 0.0, 1.0]]}, "Bone.002": {"matrix": [[0.18566802144050598, -0.18768607079982758, 0.9645212888717651, -0.8719432353973389], [-0.982568085193634, -0.02613556571304798, 0.18405625224113464, 0.07026585936546326], [-0.009336700662970543, -0.9818811416625977, -0.1892668902873993, 0.26051127910614014], [0.0, 0.0, 0.0, 1.0]]}, "finger3joint1": {"matrix": [[0.2804774045944214, -0.376608669757843, 0.8828920125961304, -0.9510546922683716], [-0.8780744671821594, -0.4722026586532593, 0.07752297073602676, 0.05924946069717407], [0.3877078890800476, -0.7969883680343628, -0.4631325900554657, -0.15336143970489502], [0.0, 0.0, 0.0, 1.0]]}, "finger3joint2": {"matrix": [[0.18293479084968567, -0.9309462904930115, 0.3160282373428345, -1.2814090251922607], [-0.9440316557884216, -0.2560840845108032, -0.20790648460388184, -0.35495802760124207], [0.27447929978370667, -0.26030728220939636, -0.9256894588470459, -0.8524649143218994], [0.0, 0.0, 0.0, 1.0]]}, "finger3joint3": {"matrix": [[0.08076836168766022, -0.9950392842292786, -0.05807990953326225, -1.8838061094284058], [-0.9071512222290039, -0.049240995198488235, -0.4179137051105499, -0.5206649303436279], [0.4129803776741028, 0.0864415094256401, -0.9066281914710999, -1.0209046602249146], [0.0, 0.0, 0.0, 1.0]]}, "Bone.003": {"matrix": [[0.5466182231903076, 0.26130950450897217, 0.7955664396286011, -0.8719432353973389], [-0.570310115814209, 0.8118324279785156, 0.12519685924053192, 0.07026585936546326], [-0.6131515502929688, -0.5221542716026306, 0.5927898287773132, 0.26051127910614014], [0.0, 0.0, 0.0, 1.0]]}, "finger4joint1": {"matrix": [[-0.08728022873401642, -0.7716158032417297, 0.6300722360610962, -0.7599409818649292], [-0.9689610004425049, 0.2126072347164154, 0.1261441856622696, 0.4182330071926117], [-0.2312929481267929, -0.5995054841041565, -0.7662220001220703, 0.036705851554870605], [0.0, 0.0, 0.0, 1.0]]}, "finger4joint2": {"matrix": [[-0.09276208281517029, -0.9645020961761475, -0.24724622070789337, -1.5264325141906738], [-0.961216151714325, 0.02197175845503807, 0.27491873502731323, 0.6294283270835876], [-0.259727418422699, 0.2631591558456421, -0.9291331171989441, -0.5588183999061584], [0.0, 0.0, 0.0, 1.0]]}, "finger4joint3": {"matrix": [[-0.008639025501906872, -0.643438994884491, -0.7654485106468201, -1.9286904335021973], [-0.9636342525482178, -0.19909730553627014, 0.17823779582977295, 0.6385918855667114], [-0.2670840322971344, 0.7391523122787476, -0.6183198690414429, -0.4490644335746765], [0.0, 0.0, 0.0, 1.0]]}}