{"root": {"matrix": [[0.1832791119813919, -0.8520890474319458, -0.4902581572532654, 0.0], [0.39649978280067444, 0.5204163193702698, -0.7562769055366516, 5.960464477539063e-08], [0.899553656578064, -0.05577746033668518, 0.43323448300361633, 0.0], [0.0, 0.0, 0.0, 1.0]]}, "carpals": {"matrix": [[0.9328991174697876, -0.31931769847869873, -0.16653920710086823, -0.36443978548049927], [-0.06000639870762825, -0.59378981590271, 0.8023794293403625, 1.491091251373291], [-0.35510319471359253, -0.7385456562042236, -0.5731069445610046, 1.9310141801834106], [0.0, 0.0, 0.0, 1.0]]}, "metacarpals": {"matrix": [[0.4400942027568817, -0.47511178255081177, 0.7619617581367493, -0.675453245639801], [-0.8957979083061218, -0.1735636442899704, 0.4091719090938568, 0.9127436876296997], [-0.062153611332178116, -0.8626378774642944, -0.501988410949707, 1.2116752862930298], [0.0, 0.0, 0.0, 1.0]]}, "finger5joint1": {"matrix": [[0.4113644063472748, -0.43426379561424255, 0.8013702034950256, -1.3372528553009033], [-0.9020098447799683, -0.06760760396718979, 0.4263887107372284, 0.8025579452514648], [-0.13098649680614471, -0.8982447981834412, -0.4195214807987213, 0.9368017315864563], [0.0, 0.0, 0.0, 1.0]]}, "finger5joint2": {"matrix": [[0.8100979328155518, -0.3631262481212616, -0.4603045880794525, -1.7959535121917725], [0.46396201848983765, -0.08293870091438293, 0.8819637298583984, 0.7311458587646484], [-0.3584412932395935, -0.9280407428741455, 0.10128828138113022, -0.011989355087280273], [0.0, 0.0, 0.0, 1.0]]}, "finger5joint3": {"matrix": [[0.7967679500579834, -0.3506268262863159, -0.49215975403785706, -2.0455429553985596], [0.4049305021762848, -0.2947484850883484, 0.8655369281768799, 0.6741392016410828], [-0.44854381680488586, -0.8889225721359253, -0.0928666815161705, -0.6498643159866333], [0.0, 0.0, 0.0, 1.0]]}, "Bone": {"matrix": [[0.47122469544410706, 0.227669358253479, 0.8521231412887573, -1.4172346591949463], [-0.0021211160346865654, -0.9658162593841553, 0.2592187821865082, 0.6417626738548279], [0.8820104002952576, -0.12395783513784409, -0.4546334743499756, -0.1351419985294342], [0.0, 0.0, 0.0, 1.0]]}, "finger1joint1": {"matrix": [[0.515311598777771, -0.6734268665313721, 0.5300472974777222, -1.2277710437774658], [-0.8561923503875732, -0.4314374327659607, 0.28424692153930664, -0.16197773814201355], [0.03726259991526604, -0.6002981066703796, -0.798907458782196, -0.2382981777191162], [0.0, 0.0, 0.0, 1.0]]}, "finger1joint2": {"matrix": [[0.3428313136100769, -0.9207853078842163, -0.18606741726398468, -1.608377456665039], [-0.8932778835296631, -0.2582422196865082, -0.36792057752609253, -0.40581685304641724], [0.2907252609729767, 0.2923445701599121, -0.9110504984855652, -0.5775736570358276], [0.0, 0.0, 0.0, 1.0]]}, "finger1joint3": {"matrix": [[0.35577401518821716, -0.5719049572944641, -0.739154577255249, -2.0031027793884277], [-0.9158671498298645, -0.05591246858239174, -0.3975692093372345, -0.5165209770202637], [0.18604376912117004, 0.8184119462966919, -0.5436810255050659, -0.45225033164024353], [0.0, 0.0, 0.0, 1.0]]}, "Bone.001": {"matrix": [[0.6174464821815491, 0.31757068634033203, 0.719658613204956, -1.4172347784042358], [-0.29815375804901123, -0.7521324157714844, 0.5877082347869873, 0.6417626142501831], [0.7279173731803894, -0.5774473547935486, -0.3697165548801422, -0.13514196872711182], [0.0, 0.0, 0.0, 1.0]]}, "finger2joint1": {"matrix": [[0.7643706798553467, -0.46522754430770874, 0.44643092155456543, -1.2159318923950195], [-0.5896181464195251, -0.7845384478569031, 0.19196255505084991, 0.16499823331832886], [0.26093587279319763, -0.40995436906814575, -0.8739847540855408, -0.5011764168739319], [0.0, 0.0, 0.0, 1.0]]}, "finger2joint2": {"matrix": [[0.6746273636817932, -0.6131435036659241, 0.4110144376754761, -1.6184229850769043], [-0.6733556389808655, -0.7393149137496948, 0.002330660354346037, -0.5137443542480469], [0.30243998765945435, -0.2783312201499939, -0.9116256237030029, -0.8558480739593506], [0.0, 0.0, 0.0, 1.0]]}, "finger2joint3": {"matrix": [[0.560407280921936, -0.7846823930740356, 0.26498496532440186, -1.851182222366333], [-0.7512061595916748, -0.6163081526756287, -0.23633311688899994, -0.7944004535675049], [0.348758727312088, -0.06661558151245117, -0.9348417520523071, -0.9615071415901184], [0.0, 0.0, 0.0, 1.0]]}, "Bone.002": {"matrix": [[0.6525957584381104, -0.11706070601940155, 0.7486090660095215, -1.4172346591949463], [-0.7473506927490234, -0.26222944259643555, 0.6104937195777893, 0.6417626142501831], [0.12484245002269745, -0.9578789472579956, -0.2586151957511902, -0.13514196872711182], [0.0, 0.0, 0.0, 1.0]]}, "finger3joint1": {"matrix": [[0.6407899260520935, 0.02923184260725975, 0.7671595215797424, -1.4665770530700684], [-0.5676963925361633, -0.6546689867973328, 0.4991285800933838, 0.5312303304672241], [0.5168258547782898, -0.7553501129150391, -0.40291038155555725, -0.5388975143432617], [0.0, 0.0, 0.0, 1.0]]}, "finger3joint2": {"matrix": [[0.6071018576622009, -0.7664788365364075, 0.20961280167102814, -1.4409352540969849], [-0.683002233505249, -0.638157844543457, -0.35533440113067627, -0.04303327202796936], [0.40612220764160156, 0.07255819439888, -0.9109334349632263, -1.2014766931533813], [0.0, 0.0, 0.0, 1.0]]}, "finger3joint3": {"matrix": [[0.5244200825691223, -0.8317124843597412, -0.1823129802942276, -1.9369086027145386], [-0.6443294286727905, -0.24766959249973297, -0.7235325574874878, -0.4559726119041443], [0.5566174983978271, 0.496904581785202, -0.6657795310020447, -1.1545257568359375], [0.0, 0.0, 0.0, 1.0]]}, "Bone.003": {"matrix": [[0.7784310579299927, -0.1629910171031952, 0.6062005162239075, -1.4172346591949463], [-0.3051656186580658, 0.7456488609313965, 0.5923527479171753, 0.6417626142501831], [-0.5485607981681824, -0.6460971236228943, 0.5306968688964844, -0.1351419985294342], [0.0, 0.0, 0.0, 1.0]]}, "finger4joint1": {"matrix": [[0.433565229177475, -0.7924597859382629, 0.4289855360984802, -1.487095832824707], [-0.8987835049629211, -0.3460194766521454, 0.2691810727119446, 0.9613621830940247], [-0.06487781554460526, -0.5022726058959961, -0.8622716665267944, -0.4120717942714691], [0.0, 0.0, 0.0, 1.0]]}, "finger4joint2": {"matrix": [[0.4234884977340698, -0.19419468939304352, -0.8848421573638916, -2.2742927074432373], [-0.9011135697364807, -0.19058950245380402, -0.38944777846336365, 0.6176406145095825], [-0.09301292896270752, 0.9622699618339539, -0.2557039260864258, -0.9110088348388672], [0.0, 0.0, 0.0, 1.0]]}, "finger4joint3": {"matrix": [[0.45106402039527893, 0.44518426060676575, -0.7735321521759033, -2.3552844524383545], [-0.8763580918312073, 0.05687801539897919, -0.4782896935939789, 0.5381528735160828], [-0.1689300388097763, 0.8936304450035095, 0.4157964289188385, -0.509681761264801], [0.0, 0.0, 0.0, 1.0]]}}