{"root": {"matrix": [[0.5203741788864136, -0.6417790651321411, -0.5633208155632019, 0.0], [-0.8494817018508911, -0.32173922657966614, -0.41816821694374084, 0.0], [0.087129145860672, 0.6961346864700317, -0.7126044034957886, 0.0], [0.0, 0.0, 0.0, 1.0]]}, "carpals": {"matrix": [[0.5115576386451721, -0.6909303069114685, -0.5108071565628052, 0.6119609475135803], [0.8566152453422546, 0.45659583806991577, 0.24027104675769806, -2.188991069793701], [0.06722190976142883, -0.5604777932167053, 0.8254366517066956, 0.9585436582565308], [0.0, 0.0, 0.0, 1.0]]}, "metacarpals": {"matrix": [[0.48460888862609863, -0.8578231930732727, 0.1711532026529312, -0.061000943183898926], [0.6908317804336548, 0.4953513443470001, 0.5266669988632202, -1.744269609451294], [-0.5365681648254395, -0.13698948919773102, 0.832663357257843, 0.412641704082489], [0.0, 0.0, 0.0, 1.0]]}, "finger5joint1": {"matrix": [[0.2987799346446991, -0.924866795539856, -0.23526957631111145, -0.7059735655784607], [0.8235315680503845, 0.12530440092086792, 0.5532577633857727, -1.7994587421417236], [-0.4822094738483429, -0.3590543270111084, 0.799095630645752, 0.08608463406562805], [0.0, 0.0, 0.0, 1.0]]}, "finger5joint2": {"matrix": [[-0.2699630558490753, -0.6145369410514832, -0.7412582635879517, -1.682884693145752], [0.5921072959899902, 0.5011232495307922, -0.6310973167419434, -1.6671031713485718], [0.7592946887016296, -0.6092774271965027, 0.22858713567256927, -0.29317453503608704], [0.0, 0.0, 0.0, 1.0]]}, "finger5joint3": {"matrix": [[-0.28493380546569824, -0.3003539443016052, -0.9102745056152344, -2.1052775382995605], [0.6701465845108032, 0.6165698170661926, -0.41321247816085815, -1.32266366481781], [0.6853580474853516, -0.7277557849884033, 0.025599610060453415, -0.7119522094726562], [0.0, 0.0, 0.0, 1.0]]}, "Bone": {"matrix": [[0.904796838760376, 0.3015297055244446, 0.3007029891014099, -1.400301218032837], [-0.425443172454834, 0.6706601977348328, 0.6076287031173706, -0.9708886742591858], [-0.018451357260346413, -0.6777126789093018, 0.7350951433181763, 0.19876304268836975], [0.0, 0.0, 0.0, 1.0]]}, "finger1joint1": {"matrix": [[0.6129565834999084, -0.7864768505096436, 0.07575102150440216, -1.149371862411499], [0.630020797252655, 0.5443636775016785, 0.5538425445556641, -0.4127735197544098], [-0.47682052850723267, -0.29175686836242676, 0.8291682600975037, -0.3652210235595703], [0.0, 0.0, 0.0, 1.0]]}, "finger1joint2": {"matrix": [[0.5763951539993286, -0.8170161843299866, 0.015909351408481598, -1.5938715934753418], [0.4204699397087097, 0.31321772933006287, 0.8515276312828064, -0.10511098802089691], [-0.7006950974464417, -0.48412713408470154, 0.5240680575370789, -0.5301156640052795], [0.0, 0.0, 0.0, 1.0]]}, "finger1joint3": {"matrix": [[0.6046267747879028, -0.6990711092948914, -0.3817406892776489, -1.9441128969192505], [0.49276942014694214, -0.048239901661872864, 0.8688215613365173, 0.029160307720303535], [-0.6257833242416382, -0.7134230732917786, 0.31531375646591187, -0.7376530766487122], [0.0, 0.0, 0.0, 1.0]]}, "Bone.001": {"matrix": [[0.9822030663490295, 0.040127869695425034, 0.18348468840122223, -1.400301218032837], [-0.09866459667682648, 0.941497802734375, 0.32225263118743896, -0.9708887338638306], [-0.15981906652450562, -0.33462101221084595, 0.9287014603614807, 0.19876308739185333], [0.0, 0.0, 0.0, 1.0]]}, "finger2joint1": {"matrix": [[0.8681829571723938, -0.3501764237880707, 0.35161706805229187, -1.3748648166656494], [0.32194435596466064, 0.9366607666015625, 0.13790558278560638, -0.3740885853767395], [-0.37763720750808716, -0.0065261381678283215, 0.9259305000305176, -0.013347707688808441], [0.0, 0.0, 0.0, 1.0]]}, "finger2joint2": {"matrix": [[0.7967344522476196, -0.4808831810951233, 0.36601293087005615, -1.6778196096420288], [0.3912014067173004, 0.8720312118530273, 0.2941471040248871, 0.43626245856285095], [-0.46062514185905457, -0.09117235243320465, 0.8828997015953064, -0.018993787467479706], [0.0, 0.0, 0.0, 1.0]]}, "finger2joint3": {"matrix": [[0.7004077434539795, -0.651551365852356, 0.29139235615730286, -1.8603706359863281], [0.4607812166213989, 0.7245558500289917, 0.512541651725769, 0.7672998905181885], [-0.5450773239135742, -0.2247200757265091, 0.8077074289321899, -0.05360431969165802], [0.0, 0.0, 0.0, 1.0]]}, "Bone.002": {"matrix": [[0.7289822697639465, -0.629183828830719, 0.26965248584747314, -1.4003010988235474], [0.5806929469108582, 0.7769826054573059, 0.24309128522872925, -0.9708887338638306], [-0.36246442794799805, -0.020623913034796715, 0.9317693114280701, 0.19876308739185333], [0.0, 0.0, 0.0, 1.0]]}, "finger3joint1": {"matrix": [[0.897584080696106, -0.43388986587524414, 0.07798967510461807, -1.665508508682251], [0.3114667534828186, 0.7493596076965332, 0.5843358039855957, -0.643382728099823], [-0.3119797706604004, -0.5001993775367737, 0.8077555894851685, 0.19006986916065216], [0.0, 0.0, 0.0, 1.0]]}, "finger3joint2": {"matrix": [[0.8139745593070984, -0.23321667313575745, -0.5320294499397278, -2.0461087226867676], [0.403133362531662, -0.432635635137558, 0.8064178228378296, 0.013941675424575806], [-0.41824498772621155, -0.870882511138916, -0.25813695788383484, -0.24869579076766968], [0.0, 0.0, 0.0, 1.0]]}, "finger3joint3": {"matrix": [[0.8792632818222046, -0.03303521126508713, -0.47518911957740784, -2.197018623352051], [0.23981328308582306, -0.8312414884567261, 0.5015246272087097, -0.26600831747055054], [-0.4115649163722992, -0.5549290180206299, -0.7229578495025635, -0.8122267127037048], [0.0, 0.0, 0.0, 1.0]]}, "Bone.003": {"matrix": [[0.3081876337528229, -0.686040461063385, 0.6590666174888611, -1.400301218032837], [0.9181625843048096, 0.03317423164844513, -0.3948120176792145, -0.9708886742591858], [0.24899308383464813, 0.726806640625, 0.6401207447052002, 0.19876304268836975], [0.0, 0.0, 0.0, 1.0]]}, "finger4joint1": {"matrix": [[0.9042050838470459, -0.21013200283050537, 0.3718299865722656, -1.6943515539169312], [0.12402880191802979, 0.9622668027877808, 0.24219605326652527, -0.9566695690155029], [-0.4086928367614746, -0.17287731170654297, 0.8961491584777832, 0.5102865099906921], [0.0, 0.0, 0.0, 1.0]]}, "finger4joint2": {"matrix": [[0.9061619639396667, -0.3523395359516144, 0.2339380532503128, -1.9030879735946655], [0.15070809423923492, 0.7858335971832275, 0.5997933149337769, -0.000793159008026123], [-0.3951672911643982, -0.5082536935806274, 0.7651932835578918, 0.33855727314949036], [0.0, 0.0, 0.0, 1.0]]}, "finger4joint3": {"matrix": [[0.928794801235199, -0.3340055048465729, 0.16056185960769653, -2.0500357151031494], [0.07607298344373703, 0.5958621501922607, 0.7994751930236816, 0.326948881149292], [-0.3627018630504608, -0.7303342819213867, 0.5788427591323853, 0.1265835464000702], [0.0, 0.0, 0.0, 1.0]]}}