{"root": {"matrix": [[0.44153016805648804, -0.6930961012840271, -0.5697972774505615, 0.0], [-0.8620715737342834, -0.5037678480148315, -0.055232103914022446, 0.0], [-0.24876444041728973, 0.515592634677887, -0.8199271559715271, 0.0], [0.0, 0.0, 0.0, 1.0]]}, "carpals": {"matrix": [[0.6910877227783203, -0.5099790692329407, -0.5121708512306213, 0.3841554820537567], [0.6183687448501587, 0.7840519547462463, 0.05368715897202492, -2.436439037322998], [0.37418925762176514, -0.353813111782074, 0.8572038412094116, 0.034277498722076416], [0.0, 0.0, 0.0, 1.0]]}, "metacarpals": {"matrix": [[0.4050692319869995, -0.850574254989624, 0.3353240191936493, -0.11256110668182373], [0.8238685131072998, 0.4986015856266022, 0.26951226592063904, -1.6727771759033203], [-0.39643335342407227, 0.16709169745445251, 0.9027295708656311, -0.31033432483673096], [0.0, 0.0, 0.0, 1.0]]}, "finger5joint1": {"matrix": [[0.06794769316911697, -0.9485124945640564, 0.30936548113822937, -0.8069748878479004], [0.9540486931800842, 0.15247854590415955, 0.2579553425312042, -1.643669843673706], [-0.29184556007385254, 0.2776222229003906, 0.9152877926826477, -0.5167733430862427], [0.0, 0.0, 0.0, 1.0]]}, "finger5joint2": {"matrix": [[0.4882342517375946, -0.525316596031189, -0.6968997120857239, -1.8088624477386475], [0.10311685502529144, 0.8276749849319458, -0.5516524314880371, -1.482610821723938], [0.8665989637374878, 0.19747348129749298, 0.4582684338092804, -0.22352871298789978], [0.0, 0.0, 0.0, 1.0]]}, "finger5joint3": {"matrix": [[0.4746844470500946, -0.09777487069368362, -0.8747080564498901, -2.169930934906006], [0.21014811098575592, 0.977657675743103, 0.004759896546602249, -0.9137208461761475], [0.8546999096870422, -0.18607783317565918, 0.4846261739730835, -0.08779825270175934], [0.0, 0.0, 0.0, 1.0]]}, "Bone": {"matrix": [[0.871491014957428, 0.1991550475358963, 0.4481523334980011, -1.4405436515808105], [-0.3863452672958374, 0.8416680693626404, 0.37726908922195435, -0.8943216800689697], [-0.3020603656768799, -0.5019282102584839, 0.8104488253593445, -0.04945778846740723], [0.0, 0.0, 0.0, 1.0]]}, "finger1joint1": {"matrix": [[0.7497708797454834, -0.6458969116210938, 0.14373795688152313, -1.2748092412948608], [0.5762718915939331, 0.7441409826278687, 0.33788248896598816, -0.1938958764076233], [-0.32519856095314026, -0.17050248384475708, 0.9301475882530212, -0.46715623140335083], [0.0, 0.0, 0.0, 1.0]]}, "finger1joint2": {"matrix": [[0.6831748485565186, -0.71249920129776, 0.16005301475524902, -1.639856219291687], [0.43103906512260437, 0.5703654289245605, 0.6992055177688599, 0.22667652368545532], [-0.5894721150398254, -0.4086906611919403, 0.6967743039131165, -0.5635205507278442], [0.0, 0.0, 0.0, 1.0]]}, "finger1joint3": {"matrix": [[0.7215486764907837, -0.6580867767333984, -0.2151494026184082, -1.9452929496765137], [0.47841691970825195, 0.24927280843257904, 0.8420095443725586, 0.47118282318115234], [-0.5004844665527344, -0.710482120513916, 0.4947022497653961, -0.7387194633483887], [0.0, 0.0, 0.0, 1.0]]}, "Bone.001": {"matrix": [[0.9338611364364624, 0.012819768860936165, 0.3574056029319763, -1.4405436515808105], [-0.03147277235984802, 0.9984257817268372, 0.04642236977815628, -0.894321620464325], [-0.35624778270721436, -0.05460062995553017, 0.9327946901321411, -0.049457769840955734], [0.0, 0.0, 0.0, 1.0]]}, "finger2joint1": {"matrix": [[0.8689053058624268, -0.26573315262794495, 0.41759932041168213, -1.4324172735214233], [0.32255417108535767, 0.943922221660614, -0.07049241662025452, -0.261435866355896], [-0.3754490911960602, 0.19594962894916534, 0.9058926105499268, -0.08406823128461838], [0.0, 0.0, 0.0, 1.0]]}, "finger2joint2": {"matrix": [[0.798989474773407, -0.4487428069114685, 0.4003068804740906, -1.6623163223266602], [0.4117213785648346, 0.893409013748169, 0.1797369122505188, 0.5551974773406982], [-0.43829345703125, 0.02120695263147354, 0.8985815644264221, 0.08545738458633423], [0.0, 0.0, 0.0, 1.0]]}, "finger2joint3": {"matrix": [[0.7032610177993774, -0.7101978659629822, -0.03229110687971115, -1.832666277885437], [0.4937579929828644, 0.4552474617958069, 0.7409131526947021, 0.8943501710891724], [-0.511494517326355, -0.5369994640350342, 0.6708237528800964, 0.09350787103176117], [0.0, 0.0, 0.0, 1.0]]}, "Bone.002": {"matrix": [[0.6725608706474304, -0.5951006412506104, 0.43990564346313477, -1.4405436515808105], [0.6728793382644653, 0.7391921877861023, -0.02877531573176384, -0.8943216800689697], [-0.30805063247680664, 0.3153564929962158, 0.8975828289985657, -0.04945777356624603], [0.0, 0.0, 0.0, 1.0]]}, "finger3joint1": {"matrix": [[0.8254656791687012, -0.5630908608436584, 0.03918011114001274, -1.6913843154907227], [0.46701186895370483, 0.720305323600769, 0.5128936767578125, -0.5827447175979614], [-0.31702741980552673, -0.4050786793231964, 0.8575574159622192, 0.08346813917160034], [0.0, 0.0, 0.0, 1.0]]}, "finger3joint2": {"matrix": [[0.7238944172859192, -0.12876296043395996, -0.677788257598877, -2.1853175163269043], [0.5547803640365601, -0.4753606915473938, 0.6828255653381348, 0.049093782901763916], [-0.4101165533065796, -0.8703172206878662, -0.27267584204673767, -0.27185940742492676], [0.0, 0.0, 0.0, 1.0]]}, "finger3joint3": {"matrix": [[0.8202722668647766, 0.1873638927936554, -0.5404147505760193, -2.2686374187469482], [0.40777525305747986, -0.8541113138198853, 0.3228204846382141, -0.25850269198417664], [-0.4010894298553467, -0.4851685166358948, -0.777006208896637, -0.8350244760513306], [0.0, 0.0, 0.0, 1.0]]}, "Bone.003": {"matrix": [[0.3797006607055664, -0.5437915921211243, 0.7484104037284851, -1.4405436515808105], [0.8139197826385498, -0.18817031383514404, -0.5496600866317749, -0.8943215608596802], [0.43972915410995483, 0.8178523778915405, 0.3711544871330261, -0.04945775866508484], [0.0, 0.0, 0.0, 1.0]]}, "finger4joint1": {"matrix": [[0.8695852756500244, -0.18136835098266602, 0.4592677056789398, -1.6736233234405518], [0.1643192023038864, 0.9833797812461853, 0.07721977680921555, -0.9749751091003418], [-0.46563979983329773, 0.008317211642861366, 0.8849350810050964, 0.30108964443206787], [0.0, 0.0, 0.0, 1.0]]}, "finger4joint2": {"matrix": [[0.8739054799079895, -0.40808120369911194, 0.2641185522079468, -1.8537871837615967], [0.18827864527702332, 0.7850978374481201, 0.5900609493255615, 0.001874089241027832], [-0.44815167784690857, -0.46592986583709717, 0.7629345059394836, 0.3093516230583191], [0.0, 0.0, 0.0, 1.0]]}, "finger4joint3": {"matrix": [[0.9008455276489258, -0.4005124866962433, 0.16753125190734863, -2.023982524871826], [0.11371299624443054, 0.5900998115539551, 0.7992815375328064, 0.32930928468704224], [-0.4189823269844055, -0.7009790539741516, 0.5771324634552002, 0.11502960324287415], [0.0, 0.0, 0.0, 1.0]]}}