{"root": {"matrix": [[0.30882519483566284, -0.8561871647834778, -0.4142106771469116, 0.0], [0.5478050112724304, 0.51612788438797, -0.6584236025810242, 0.0], [0.7775195837020874, -0.023568853735923767, 0.628416895866394, 0.0], [0.0, 0.0, 0.0, 1.0]]}, "carpals": {"matrix": [[0.9249541759490967, -0.37185773253440857, -0.07862192392349243, -0.09308162331581116], [-0.24394139647483826, -0.7394426465034485, 0.6274687647819519, 1.8180652856826782], [-0.29146552085876465, -0.561200737953186, -0.7746619582176208, 1.6646201610565186], [0.0, 0.0, 0.0, 1.0]]}, "metacarpals": {"matrix": [[0.2383173257112503, -0.5012744665145874, 0.8318224549293518, -0.455268919467926], [-0.9182500243186951, -0.3952164947986603, 0.024912724271416664, 1.0978527069091797], [0.31626176834106445, -0.7697580456733704, -0.5544822216033936, 1.1180139780044556], [0.0, 0.0, 0.0, 1.0]]}, "finger5joint1": {"matrix": [[-0.01579134352505207, -0.5281610488891602, 0.8489972949028015, -1.1253321170806885], [-0.9963145852088928, 0.07990624755620956, 0.031178204342722893, 1.0231877565383911], [-0.08430727571249008, -0.8453759551048279, -0.5274763703346252, 0.8513395190238953], [0.0, 0.0, 0.0, 1.0]]}, "finger5joint2": {"matrix": [[0.9048716425895691, -0.42404988408088684, -0.037263765931129456, -1.6832139492034912], [0.0746789202094078, 0.07195395976305008, 0.9946081042289734, 1.1075905561447144], [-0.41908231377601624, -0.9027754068374634, 0.096776582300663, -0.041607677936553955], [0.0, 0.0, 0.0, 1.0]]}, "finger5joint3": {"matrix": [[0.8620057106018066, -0.49960073828697205, -0.08570178598165512, -1.9746782779693604], [0.026198994368314743, -0.12493357062339783, 0.991818904876709, 1.157046914100647], [-0.5062205791473389, -0.8571988344192505, -0.0946044996380806, -0.6621168851852417], [0.0, 0.0, 0.0, 1.0]]}, "Bone": {"matrix": [[0.45990315079689026, 0.01583002880215645, 0.8878278732299805, -1.237897515296936], [0.24509727954864502, -0.963262140750885, -0.10978764295578003, 0.4808100461959839], [0.853472888469696, 0.26809585094451904, -0.44688716530799866, -0.08379209041595459], [0.0, 0.0, 0.0, 1.0]]}, "finger1joint1": {"matrix": [[0.47728270292282104, -0.5841575264930725, 0.6564762592315674, -1.2247240543365479], [-0.7219349145889282, -0.6865862607955933, -0.08607689291238785, -0.32080480456352234], [0.5010099411010742, -0.4328500032424927, -0.7494193911552429, 0.1393139511346817], [0.0, 0.0, 0.0, 1.0]]}, "finger1joint2": {"matrix": [[0.26633816957473755, -0.7824038863182068, 0.5629459023475647, -1.5548770427703857], [-0.6475715041160583, -0.5778450965881348, -0.49673548340797424, -0.7088485360145569], [0.7139431834220886, -0.2322479784488678, -0.6605645418167114, -0.10532349348068237], [0.0, 0.0, 0.0, 1.0]]}, "finger1joint3": {"matrix": [[0.35050392150878906, -0.9247239828109741, 0.14843353629112244, -1.8902807235717773], [-0.6729104518890381, -0.35888490080833435, -0.6468331813812256, -0.9565612077713013], [0.6514126658439636, 0.1268351674079895, -0.7480468153953552, -0.2048843801021576], [0.0, 0.0, 0.0, 1.0]]}, "Bone.001": {"matrix": [[0.5394205451011658, 0.14933468401432037, 0.828688383102417, -1.2378973960876465], [-0.10999412834644318, -0.9632182717323303, 0.24517662823200226, 0.4808100461959839], [0.8348211050033569, -0.22340421378612518, -0.5031538009643555, -0.08379209041595459], [0.0, 0.0, 0.0, 1.0]]}, "finger2joint1": {"matrix": [[0.42934635281562805, -0.4351452887058258, 0.7913975715637207, -1.1432366371154785], [-0.7322525382041931, -0.680644154548645, 0.023011093959212303, -0.1297582983970642], [0.5286468267440796, -0.5893825888633728, -0.6108683347702026, -0.22540438175201416], [0.0, 0.0, 0.0, 1.0]]}, "finger2joint2": {"matrix": [[0.31325632333755493, -0.6954655051231384, 0.6466823220252991, -1.5197021961212158], [-0.7897841930389404, -0.5689260959625244, -0.2292681485414505, -0.7186168432235718], [0.5273624658584595, -0.43891966342926025, -0.727487325668335, -0.7353081107139587], [0.0, 0.0, 0.0, 1.0]]}, "finger2joint3": {"matrix": [[0.17237654328346252, -0.9278849959373474, 0.33062902092933655, -1.7837121486663818], [-0.8261603116989136, -0.3189742863178253, -0.46445053815841675, -0.9345905184745789], [0.5364187955856323, -0.19309210777282715, -0.8215654492378235, -0.9019291400909424], [0.0, 0.0, 0.0, 1.0]]}, "Bone.002": {"matrix": [[0.47765883803367615, -0.1704760044813156, 0.8618468046188354, -1.2378973960876465], [-0.7542999386787415, -0.5825165510177612, 0.3028298318386078, 0.4808099865913391], [0.450414776802063, -0.7947402000427246, -0.4068342447280884, -0.0837920606136322], [0.0, 0.0, 0.0, 1.0]]}, "finger3joint1": {"matrix": [[0.5669691562652588, -0.1447076052427292, 0.8109288811683655, -1.309754729270935], [-0.31495991349220276, -0.9477289915084839, 0.05108819529414177, 0.23527342081069946], [0.7611478567123413, -0.2843753695487976, -0.5829101204872131, -0.4187830686569214], [0.0, 0.0, 0.0, 1.0]]}, "finger3joint2": {"matrix": [[0.5050643682479858, -0.8540780544281006, -0.12434070557355881, -1.4366896152496338], [-0.4625965356826782, -0.14625675976276398, -0.8744217753410339, -0.5960569381713867], [0.7286386489868164, 0.4991588592529297, -0.46896252036094666, -0.6682318449020386], [0.0, 0.0, 0.0, 1.0]]}, "finger3joint3": {"matrix": [[0.4757760465145111, -0.6706691980361938, -0.5690694451332092, -1.9893466234207153], [-0.31564074754714966, 0.47370705008506775, -0.8221754431724548, -0.6906968355178833], [0.8209797739982605, 0.5707928538322449, 0.013688077218830585, -0.34523600339889526], [0.0, 0.0, 0.0, 1.0]]}, "Bone.003": {"matrix": [[0.6951282024383545, 0.00023145867453422397, 0.7188857793807983, -1.237897515296936], [-0.6401630640029907, 0.45519527792930603, 0.6188606023788452, 0.4808100461959839], [-0.32709014415740967, -0.89039146900177, 0.31656715273857117, -0.08379209041595459], [0.0, 0.0, 0.0, 1.0]]}, "finger4joint1": {"matrix": [[0.16449865698814392, -0.8770990371704102, 0.45126187801361084, -1.2377984523773193], [-0.9516092538833618, -0.26151302456855774, -0.16140158474445343, 0.6759155988693237], [0.25957608222961426, -0.40287455916404724, -0.8776740431785583, -0.4654311239719391], [0.0, 0.0, 0.0, 1.0]]}, "finger4joint2": {"matrix": [[0.1530328094959259, -0.5159974098205566, -0.8428092002868652, -2.10907244682312], [-0.9602930545806885, 0.12367463856935501, -0.2500828504562378, 0.4161392152309418], [0.23327627778053284, 0.8476147651672363, -0.47658243775367737, -0.8656302094459534], [0.0, 0.0, 0.0, 1.0]]}, "finger4joint3": {"matrix": [[0.2077086716890335, 0.366097629070282, -0.9070994257926941, -2.3242759704589844], [-0.9634885787963867, 0.23673954606056213, -0.12507465481758118, 0.4677193760871887], [0.16895681619644165, 0.8999590873718262, 0.40190380811691284, -0.5121215581893921], [0.0, 0.0, 0.0, 1.0]]}}