{"root": {"matrix": [[0.44822779297828674, -0.6637046337127686, -0.5988221764564514, 0.0], [-0.03462443873286247, 0.6564909815788269, -0.7535387873649597, 5.960464477539063e-08], [0.8932485580444336, 0.3584909737110138, 0.2712770402431488, 0.0], [0.0, 0.0, 0.0, 1.0]]}, "carpals": {"matrix": [[0.7725159525871277, -0.6273083686828613, 0.09850450605154037, 0.4313339293003082], [-0.38004153966903687, -0.3324744403362274, 0.8631505966186523, 0.6489993929862976], [-0.5087113976478577, -0.7042334675788879, -0.4952448904514313, 2.340456485748291], [0.0, 0.0, 0.0, 1.0]]}, "metacarpals": {"matrix": [[0.0012329708551988006, -0.4816538989543915, 0.8763605952262878, -0.1796606183052063], [-0.995066225528717, -0.08752979338169098, -0.04670696705579758, 0.3251712918281555], [0.09920406341552734, -0.8719792366027832, -0.47938546538352966, 1.654537320137024], [0.0, 0.0, 0.0, 1.0]]}, "finger5joint1": {"matrix": [[-0.21164657175540924, -0.6096645593643188, 0.7638813257217407, -0.815248429775238], [-0.9224469065666199, 0.38287317752838135, 0.04999663680791855, 0.4690344035625458], [-0.32295095920562744, -0.6940582394599915, -0.6434170007705688, 1.3367221355438232], [0.0, 0.0, 0.0, 1.0]]}, "finger5joint2": {"matrix": [[0.7664165496826172, -0.6278107166290283, 0.13586340844631195, -1.4592201709747314], [0.06743080914020538, 0.288978636264801, 0.9549576044082642, 0.8734527230262756], [-0.6387944221496582, -0.7227337956428528, 0.2638119161128998, 0.6036076545715332], [0.0, 0.0, 0.0, 1.0]]}, "finger5joint3": {"matrix": [[0.6958126425743103, -0.7171252369880676, 0.03969467431306839, -1.890736699104309], [0.04143691807985306, 0.09525846689939499, 0.9945895671844482, 1.072077989578247], [-0.7170266509056091, -0.6904031038284302, 0.0959976390004158, 0.10684740543365479], [0.0, 0.0, 0.0, 1.0]]}, "Bone": {"matrix": [[0.400201678276062, -0.21870961785316467, 0.8899464011192322, -0.9316561222076416], [-0.06358920782804489, -0.9753910899162292, -0.21111255884170532, 0.18851304054260254], [0.914218008518219, 0.027896415442228317, -0.4042607545852661, 0.2931356430053711], [0.0, 0.0, 0.0, 1.0]]}, "finger1joint1": {"matrix": [[0.2826308608055115, -0.6795119643211365, 0.6770400404930115, -1.1136635541915894], [-0.8892084360122681, -0.45031753182411194, -0.08076084405183792, -0.6231954097747803], [0.35976070165634155, -0.5792042016983032, -0.7315013408660889, 0.31635066866874695], [0.0, 0.0, 0.0, 1.0]]}, "finger1joint2": {"matrix": [[0.07661442458629608, -0.8652267456054688, 0.4954925775527954, -1.497709035873413], [-0.8132126927375793, -0.341763436794281, -0.4710443317890167, -0.8777050971984863], [0.5769011974334717, -0.3668520152568817, -0.72979736328125, -0.011002972722053528], [0.0, 0.0, 0.0, 1.0]]}, "finger1joint3": {"matrix": [[0.15809130668640137, -0.9851880073547363, 0.06642033159732819, -1.8686175346374512], [-0.8436472415924072, -0.16971953213214874, -0.5093668103218079, -1.024213433265686], [0.5130947232246399, 0.024491190910339355, -0.8579822778701782, -0.1682664006948471], [0.0, 0.0, 0.0, 1.0]]}, "Bone.001": {"matrix": [[0.4045860469341278, -0.03269178420305252, 0.9139153361320496, -0.9316560626029968], [-0.41424116492271423, -0.8975070714950562, 0.1512778401374817, 0.18851301074028015], [0.8152998089790344, -0.439786434173584, -0.37666115164756775, 0.2931356430053711], [0.0, 0.0, 0.0, 1.0]]}, "finger2joint1": {"matrix": [[0.0653195008635521, -0.5704358816146851, 0.8187406063079834, -0.9523788690567017], [-0.9690383672714233, -0.23204955458641052, -0.08436401933431625, -0.3804020285606384], [0.2381124347448349, -0.7878804802894592, -0.5679316520690918, 0.01436227560043335], [0.0, 0.0, 0.0, 1.0]]}, "finger2joint2": {"matrix": [[-0.06247624009847641, -0.8130290508270264, 0.5788611769676208, -1.4458907842636108], [-0.9740924835205078, -0.07663486152887344, -0.21276944875717163, -0.5811595320701599], [0.21734850108623505, -0.5771572589874268, -0.7871776819229126, -0.6672717332839966], [0.0, 0.0, 0.0, 1.0]]}, "finger2joint3": {"matrix": [[-0.2067875862121582, -0.9614313840866089, 0.18135134875774384, -1.7545300722122192], [-0.9535197615623474, 0.156515970826149, -0.2574927806854248, -0.6102513670921326], [0.21917708218097687, -0.22616830468177795, -0.9491094350814819, -0.886370062828064], [0.0, 0.0, 0.0, 1.0]]}, "Bone.002": {"matrix": [[0.252769410610199, -0.19720782339572906, 0.94721519947052, -0.9316561818122864], [-0.9250413179397583, -0.33618322014808655, 0.17685969173908234, 0.18851299583911896], [0.28355956077575684, -0.920917809009552, -0.2674022316932678, 0.2931356430053711], [0.0, 0.0, 0.0, 1.0]]}, "finger3joint1": {"matrix": [[0.37736988067626953, -0.4108615517616272, 0.8299305438995361, -1.01478111743927], [-0.6807726621627808, -0.7306355237960815, -0.052157334983348846, 0.04680842161178589], [0.6278060078620911, -0.5453113317489624, -0.5554230809211731, -0.0950404703617096], [0.0, 0.0, 0.0, 1.0]]}, "finger3joint2": {"matrix": [[0.2751728296279907, -0.9399011731147766, -0.20215241611003876, -1.3751811981201172], [-0.7851957082748413, -0.09838493913412094, -0.6113821268081665, -0.5940916538238525], [0.5547497868537903, 0.32696500420570374, -0.7650792598724365, -0.5733774900436401], [0.0, 0.0, 0.0, 1.0]]}, "finger3joint3": {"matrix": [[0.2582727372646332, -0.6891753673553467, -0.6770025491714478, -1.9833728075027466], [-0.6751015186309814, 0.37251830101013184, -0.6367637515068054, -0.6577545404434204], [0.6910374760627747, 0.6215041875839233, -0.3690519332885742, -0.36180487275123596], [0.0, 0.0, 0.0, 1.0]]}, "Bone.003": {"matrix": [[0.5772004723548889, 0.19849593937397003, 0.7921105027198792, -0.9316561222076416], [-0.6952546834945679, 0.6282405853271484, 0.3491913974285126, 0.18851295113563538], [-0.4283229410648346, -0.7522717714309692, 0.5006259083747864, 0.2931356132030487], [0.0, 0.0, 0.0, 1.0]]}, "finger4joint1": {"matrix": [[-0.09905470162630081, -0.77205491065979, 0.6277891397476196, -0.8465768098831177], [-0.9950157999992371, 0.08411729335784912, -0.05354956537485123, 0.4577890634536743], [-0.011464807204902172, -0.6299644112586975, -0.7765390276908875, -0.029302656650543213], [0.0, 0.0, 0.0, 1.0]]}, "finger4joint2": {"matrix": [[-0.1045854240655899, -0.9318495392799377, -0.3474450707435608, -1.6135047674179077], [-0.9936745166778564, 0.08354636281728745, 0.07503700256347656, 0.5413477420806885], [-0.04089551046490669, 0.3530951738357544, -0.9346928596496582, -0.655083417892456], [0.0, 0.0, 0.0, 1.0]]}, "finger4joint3": {"matrix": [[-0.021668676286935806, -0.45609718561172485, -0.8896660208702087, -2.0021443367004395], [-0.9981712698936462, -0.040355708450078964, 0.04500024393200874, 0.5761919021606445], [-0.05642767623066902, 0.8890142440795898, -0.4543885886669159, -0.5078205466270447], [0.0, 0.0, 0.0, 1.0]]}}