{"root": {"matrix": [[0.5397056937217712, -0.547313928604126, -0.6396602392196655, 0.0], [-0.8024874329566956, -0.10483784228563309, -0.5873865485191345, 0.0], [0.25442418456077576, 0.8303351402282715, -0.4957941472530365, 5.960464477539063e-08], [0.0, 0.0, 0.0, 1.0]]}, "carpals": {"matrix": [[0.6941487789154053, -0.6684800982475281, -0.267005056142807, 0.7567252516746521], [0.6557421088218689, 0.43423527479171753, 0.6176095604896545, -1.8513836860656738], [-0.2969166934490204, -0.6037995219230652, 0.7397745847702026, 1.443859577178955], [0.0, 0.0, 0.0, 1.0]]}, "metacarpals": {"matrix": [[0.28409045934677124, -0.8561491370201111, 0.4316261410713196, 0.10562968254089355], [0.1902182698249817, 0.4915534555912018, 0.8498187065124512, -1.428441047668457], [-0.9397389888763428, -0.15932223200798035, 0.30250099301338196, 0.8557624220848083], [0.0, 0.0, 0.0, 1.0]]}, "finger5joint1": {"matrix": [[0.16438986361026764, -0.9816237092018127, 0.09690577536821365, -0.6103534698486328], [0.3439306318759918, 0.14911812543869019, 0.9270787835121155, -1.5308911800384521], [-0.9244930744171143, -0.11907347291707993, 0.36212411522865295, 0.8052950501441956], [0.0, 0.0, 0.0, 1.0]]}, "finger5joint2": {"matrix": [[0.07847614586353302, -0.6407169699668884, -0.7637556791305542, -1.6472153663635254], [0.9441275000572205, 0.29375913739204407, -0.14942625164985657, -1.3733818531036377], [0.3201003670692444, -0.7093564867973328, 0.627971887588501, 0.6795209646224976], [0.0, 0.0, 0.0, 1.0]]}, "finger5joint3": {"matrix": [[0.06024745851755142, -0.3459292948246002, -0.9363240003585815, -2.0876026153564453], [0.974216639995575, 0.22469517588615417, -0.020329205319285393, -1.1714708805084229], [0.21742011606693268, -0.9109579920768738, 0.3505476415157318, 0.19195540249347687], [0.0, 0.0, 0.0, 1.0]]}, "Bone": {"matrix": [[0.850147545337677, 0.06514717638492584, 0.5224986672401428, -1.231056809425354], [-0.5263605713844299, 0.13135534524917603, 0.8400534987449646, -0.6609897017478943], [-0.013905883766710758, -0.9891923069953918, 0.1459624171257019, 0.6070162057876587], [0.0, 0.0, 0.0, 1.0]]}, "finger1joint1": {"matrix": [[0.6450740694999695, -0.7433534264564514, 0.17693188786506653, -1.176842212677002], [0.08196664601564407, 0.29752975702285767, 0.9511871933937073, -0.551677405834198], [-0.759710967540741, -0.5990838408470154, 0.2528590261936188, -0.21617743372917175], [0.0, 0.0, 0.0, 1.0]]}, "finger1joint2": {"matrix": [[0.5753133893013, -0.807521402835846, 0.1300908327102661, -1.5969693660736084], [-0.2174885869026184, 0.0022937082685530186, 0.9760599732398987, -0.3835200369358063], [-0.7884878516197205, -0.5898337960243225, -0.17430701851844788, -0.5547666549682617], [0.0, 0.0, 0.0, 1.0]]}, "finger1joint3": {"matrix": [[0.614766538143158, -0.7392457723617554, -0.27491411566734314, -1.9431405067443848], [-0.11745887249708176, -0.43048781156539917, 0.894920825958252, -0.38253676891326904], [-0.7799138426780701, -0.517876386642456, -0.3514804244041443, -0.8076186776161194], [0.0, 0.0, 0.0, 1.0]]}, "Bone.001": {"matrix": [[0.87736576795578, -0.0710233822464943, 0.4745364189147949, -1.231056809425354], [-0.3479253053665161, 0.5868744254112244, 0.7311127781867981, -0.6609897613525391], [-0.3304194211959839, -0.8065567016601562, 0.49019283056259155, 0.6070162653923035], [0.0, 0.0, 0.0, 1.0]]}, "finger2joint1": {"matrix": [[0.7553141117095947, -0.5848832130432129, -0.2956552803516388, -1.276077389717102], [0.17619888484477997, -0.25328904390335083, 0.951208770275116, -0.2889796197414398], [-0.6312323212623596, -0.7705557346343994, -0.08825698494911194, 0.09575307369232178], [0.0, 0.0, 0.0, 1.0]]}, "finger2joint2": {"matrix": [[0.7234042882919312, -0.5494649410247803, -0.4180602729320526, -1.7820885181427002], [0.06391075998544693, -0.5496199727058411, 0.8329662680625916, -0.508112370967865], [-0.6874602437019348, -0.6292900443077087, -0.3624807298183441, -0.570892333984375], [0.0, 0.0, 0.0, 1.0]]}, "finger2joint3": {"matrix": [[0.6900498867034912, -0.4891156554222107, -0.5334761142730713, -1.990674376487732], [-0.07423630356788635, -0.7810323238372803, 0.6200620532035828, -0.7167571783065796], [-0.7199442982673645, -0.3882705569267273, -0.5752615332603455, -0.8097811937332153], [0.0, 0.0, 0.0, 1.0]]}, "Bone.002": {"matrix": [[0.571770191192627, -0.6022757887840271, 0.5570840835571289, -1.2310566902160645], [0.14836324751377106, 0.7437387108802795, 0.6517980098724365, -0.6609897017478943], [-0.8068873286247253, -0.29002782702445984, 0.5146033763885498, 0.6070162057876587], [0.0, 0.0, 0.0, 1.0]]}, "finger3joint1": {"matrix": [[0.7027732729911804, -0.4235502779483795, 0.5715897083282471, -1.484922170639038], [-0.14406517148017883, 0.7020795345306396, 0.6973730325698853, -0.3474963903427124], [-0.6966742277145386, -0.5724413394927979, 0.43238401412963867, 0.48476657271385193], [0.0, 0.0, 0.0, 1.0]]}, "finger3joint2": {"matrix": [[0.604249894618988, -0.5429320931434631, -0.583186686038971, -1.8564525842666626], [-0.058181531727313995, -0.7600264549255371, 0.6472823023796082, 0.2683548331260681], [-0.7946678996086121, -0.3571896255016327, -0.490834504365921, -0.017368406057357788], [0.0, 0.0, 0.0, 1.0]]}, "finger3joint3": {"matrix": [[0.6660237908363342, 0.00022445962531492114, -0.7459303736686707, -2.207773208618164], [-0.2038380205631256, -0.9618833065032959, -0.18229196965694427, -0.22344335913658142], [-0.7175390720367432, 0.27345967292785645, -0.6405914425849915, -0.24849878251552582], [0.0, 0.0, 0.0, 1.0]]}, "Bone.003": {"matrix": [[0.3718017041683197, -0.4133257269859314, 0.8312191963195801, -1.231056809425354], [0.8324564695358276, 0.544715404510498, -0.10149398446083069, -0.6609897017478943], [-0.41082775592803955, 0.7296895980834961, 0.5466018915176392, 0.6070162057876587], [0.0, 0.0, 0.0, 1.0]]}, "finger4joint1": {"matrix": [[0.6563827991485596, -0.25502118468284607, 0.7100180387496948, -1.4082162380218506], [-0.24197934567928314, 0.8202429413795471, 0.5183115601539612, -0.42751410603523254], [-0.7145679593086243, -0.5120205283164978, 0.47668367624282837, 0.9197753667831421], [0.0, 0.0, 0.0, 1.0]]}, "finger4joint2": {"matrix": [[0.6639525294303894, -0.6039262413978577, 0.4409533739089966, -1.661543846130371], [-0.21305938065052032, 0.41245967149734497, 0.8857099413871765, 0.3872816562652588], [-0.7167791724205017, -0.6820187568664551, 0.14518165588378906, 0.41115516424179077], [0.0, 0.0, 0.0, 1.0]]}, "finger4joint3": {"matrix": [[0.7053347229957581, -0.6825183033943176, 0.191497802734375, -1.913419246673584], [-0.25954195857048035, 0.0027406124863773584, 0.9657276272773743, 0.5593032836914062], [-0.6596517562866211, -0.7308631539344788, -0.17520900070667267, 0.1267104297876358], [0.0, 0.0, 0.0, 1.0]]}}