{"root": {"matrix": [[0.3540080189704895, -0.9351494908332825, 0.013180016539990902, 0.0], [0.8667364120483398, 0.3227502703666687, -0.38026344776153564, 2.9802322387695312e-08], [0.3513493835926056, 0.1460399478673935, 0.924784243106842, 0.0], [0.0, 0.0, 0.0, 1.0]]}, "carpals": {"matrix": [[0.5740816593170166, -0.09117574989795685, -0.8137056827545166, -0.11624139547348022], [0.2883507013320923, -0.9076053500175476, 0.30513301491737366, 2.3187665939331055], [-0.7663444876670837, -0.4098038375377655, -0.4947490096092224, 0.8335436582565308], [0.0, 0.0, 0.0, 1.0]]}, "metacarpals": {"matrix": [[0.49801144003868103, -0.862714946269989, -0.08779158443212509, -0.20504605770111084], [-0.6234269738197327, -0.4265618324279785, 0.6552736759185791, 1.4347643852233887], [-0.6027629375457764, -0.2716020345687866, -0.7502725720405579, 0.43439722061157227], [0.0, 0.0, 0.0, 1.0]]}, "finger5joint1": {"matrix": [[-0.17351238429546356, -0.9324406981468201, 0.3169347643852234, -0.748640239238739], [-0.7274351119995117, 0.33828169107437134, 0.5969952344894409, 1.0311704874038696], [-0.6638758182525635, -0.12696333229541779, -0.7369863390922546, 0.6938042044639587], [0.0, 0.0, 0.0, 1.0]]}, "finger5joint2": {"matrix": [[0.6021249294281006, -0.694281280040741, -0.3942314386367798, -1.7335515022277832], [0.5826030373573303, 0.044456597417593, 0.8115397691726685, 1.3884879350662231], [-0.5459110736846924, -0.7183288335800171, 0.4312589764595032, 0.5596963167190552], [0.0, 0.0, 0.0, 1.0]]}, "finger5joint3": {"matrix": [[0.5554673075675964, 0.11238162219524384, -0.823908805847168, -2.2107555866241455], [0.5386428833007812, -0.8034771084785461, 0.2535504996776581, 1.4190446138381958], [-0.6334978342056274, -0.5846318006515503, -0.5068389177322388, 0.06596377491950989], [0.0, 0.0, 0.0, 1.0]]}, "Bone": {"matrix": [[0.9335817694664001, 0.3550550937652588, 0.048587098717689514, -1.5519835948944092], [0.26818129420280457, -0.7821248769760132, 0.5624582171440125, 0.7687829732894897], [0.23770472407341003, -0.5120706558227539, -0.8253967761993408, 0.010351061820983887], [0.0, 0.0, 0.0, 1.0]]}, "finger1joint1": {"matrix": [[0.7128064632415771, -0.6901166439056396, 0.12508279085159302, -1.2565110921859741], [-0.44604116678237915, -0.30842235684394836, 0.8401920795440674, 0.1179083064198494], [-0.5412523150444031, -0.6546863317489624, -0.5276660323143005, -0.41578784584999084], [0.0, 0.0, 0.0, 1.0]]}, "finger1joint2": {"matrix": [[0.6545370817184448, -0.7466074228286743, 0.11898870766162872, -1.6465500593185425], [-0.6744063496589661, -0.5054616332054138, 0.5382235050201416, -0.056405335664749146], [-0.34169748425483704, -0.432533860206604, -0.8343603014945984, -0.7858023643493652], [0.0, 0.0, 0.0, 1.0]]}, "finger1joint3": {"matrix": [[0.690170168876648, -0.6735317707061768, -0.26461261510849, -1.9666085243225098], [-0.5974313020706177, -0.7366704940795898, 0.3168475329875946, -0.27308839559555054], [-0.4083392918109894, -0.06059066951274872, -0.9108169674873352, -0.9712225198745728], [0.0, 0.0, 0.0, 1.0]]}, "Bone.001": {"matrix": [[0.9974561929702759, -0.008853881619870663, -0.07072798907756805, -1.5519835948944092], [0.052106741815805435, -0.5865069031715393, 0.8082662224769592, 0.7687829732894897], [-0.04863884299993515, -0.8098955750465393, -0.5845537185668945, 0.010351061820983887], [0.0, 0.0, 0.0, 1.0]]}, "finger2joint1": {"matrix": [[0.7481579780578613, -0.43405237793922424, -0.5018543601036072, -1.5575958490371704], [-0.35401612520217896, -0.9008275270462036, 0.2513604462146759, 0.3970058560371399], [-0.5611879229545593, -0.010392637923359871, -0.8276229500770569, -0.5030285120010376], [0.0, 0.0, 0.0, 1.0]]}, "finger2joint2": {"matrix": [[0.749003529548645, -0.3924020230770111, -0.5338671803474426, -1.9331159591674805], [-0.4557366371154785, -0.8899918794631958, 0.014772160910069942, -0.382344126701355], [-0.480934202671051, 0.2322385609149933, -0.845439076423645, -0.5120197534561157], [0.0, 0.0, 0.0, 1.0]]}, "finger2joint3": {"matrix": [[0.7437394857406616, -0.29492488503456116, -0.5998920798301697, -2.082077980041504], [-0.5542935132980347, -0.7737001776695251, -0.30683279037475586, -0.7201995849609375], [-0.373644083738327, 0.5607201457023621, -0.7389063835144043, -0.423858106136322], [0.0, 0.0, 0.0, 1.0]]}, "Bone.002": {"matrix": [[0.7097600698471069, -0.7040961384773254, 0.022115400061011314, -1.5519835948944092], [-0.3843246400356293, -0.36072400212287903, 0.8498073816299438, 0.7687829732894897], [-0.5903686881065369, -0.6116586923599243, -0.5266291499137878, 0.010351017117500305], [0.0, 0.0, 0.0, 1.0]]}, "finger3joint1": {"matrix": [[0.914976179599762, -0.4032396376132965, -0.014706708490848541, -1.8487671613693237], [-0.25266194343566895, -0.6009615063667297, 0.7582921981811523, 0.6167342066764832], [-0.31461185216903687, -0.6901033520698547, -0.6517488360404968, -0.2474692463874817], [0.0, 0.0, 0.0, 1.0]]}, "finger3joint2": {"matrix": [[0.8395770788192749, -0.07029248028993607, -0.5386735200881958, -2.202481746673584], [-0.3737325668334961, -0.7943778038024902, -0.4788399040699005, 0.08958181738853455], [-0.39425161480903625, 0.6033430099487305, -0.6932119131088257, -0.8528151512145996], [0.0, 0.0, 0.0, 1.0]]}, "finger3joint3": {"matrix": [[0.9136698246002197, 0.12309325486421585, -0.3873698115348816, -2.2479662895202637], [-0.32683196663856506, -0.3440832793712616, -0.8802200555801392, -0.42444437742233276], [-0.24163676798343658, 0.9308355450630188, -0.27414748072624207, -0.462403804063797], [0.0, 0.0, 0.0, 1.0]]}, "Bone.003": {"matrix": [[0.12357325106859207, -0.828717052936554, 0.545854926109314, -1.5519835948944092], [0.015346954576671124, 0.551601231098175, 0.8339667320251465, 0.7687830328941345], [-0.9922166466712952, -0.09467875957489014, 0.08088124543428421, 0.010351018980145454], [0.0, 0.0, 0.0, 1.0]]}, "finger4joint1": {"matrix": [[0.8132998943328857, -0.5697358846664429, 0.11808490008115768, -1.9071879386901855], [-0.4289843440055847, -0.45004451274871826, 0.783219039440155, 1.005210041999817], [-0.39308467507362366, -0.6876484155654907, -0.6104291081428528, -0.03023010492324829], [0.0, 0.0, 0.0, 1.0]]}, "finger4joint2": {"matrix": [[0.8021544814109802, 0.13885991275310516, -0.5807457566261292, -2.473140001296997], [-0.42398393154144287, -0.5523892641067505, -0.7177070379257202, 0.5581542253494263], [-0.42045858502388, 0.8219390511512756, -0.3842269480228424, -0.7133117914199829], [0.0, 0.0, 0.0, 1.0]]}, "finger4joint3": {"matrix": [[0.7962448000907898, 0.5984209179878235, 0.08880392462015152, -2.415226697921753], [-0.3660540282726288, 0.5934373736381531, -0.7168236374855042, 0.3277730941772461], [-0.48166200518608093, 0.5382599234580994, 0.6915761232376099, -0.37051159143447876], [0.0, 0.0, 0.0, 1.0]]}}