{"root": {"matrix": [[0.21028238534927368, -0.9656911492347717, -0.15238726139068604, -5.960464477539063e-08], [0.03609655797481537, 0.16343535482883453, -0.9858934879302979, 0.0], [0.9769740700721741, 0.2018153816461563, 0.06922563165426254, 0.0], [0.0, 0.0, 0.0, 1.0]]}, "carpals": {"matrix": [[0.795011579990387, -0.1333402693271637, -0.5917573571205139, -0.45255380868911743], [0.5455759167671204, -0.2692391574382782, 0.7936353087425232, 0.35244497656822205], [-0.26514768600463867, -0.9537978768348694, -0.14130082726478577, 2.3991589546203613], [0.0, 0.0, 0.0, 1.0]]}, "metacarpals": {"matrix": [[0.6298157572746277, -0.6869568824768066, 0.3625219166278839, -0.5824264287948608], [-0.32797446846961975, 0.1878790557384491, 0.9258153438568115, 0.09020769596099854], [-0.7041055560112, -0.7019909620285034, -0.10697495192289352, 1.470165491104126], [0.0, 0.0, 0.0, 1.0]]}, "finger5joint1": {"matrix": [[0.4711260199546814, -0.6052911281585693, 0.6416095495223999, -1.2340924739837646], [-0.31719017028808594, 0.5624793767929077, 0.7635490894317627, -0.12587755918502808], [-0.8230616450309753, -0.5632398724555969, 0.07300638407468796, 1.2371129989624023], [0.0, 0.0, 0.0, 1.0]]}, "finger5joint2": {"matrix": [[0.7184433341026306, -0.29275739192962646, -0.6309769749641418, -1.8734447956085205], [0.6319446563720703, 0.6537674069404602, 0.4162135124206543, 0.4682537913322449], [0.29066264629364014, -0.6977680325508118, 0.6547015309333801, 0.6421783566474915], [0.0, 0.0, 0.0, 1.0]]}, "finger5joint3": {"matrix": [[0.7216188311576843, -0.2403428554534912, -0.6492311954498291, -2.07466721534729], [0.6663405895233154, 0.4954889416694641, 0.5572077035903931, 0.9176111221313477], [0.18776606023311615, -0.8347005248069763, 0.5177046060562134, 0.16257792711257935], [0.0, 0.0, 0.0, 1.0]]}, "Bone": {"matrix": [[0.7428455352783203, 0.4407378137111664, 0.5039151906967163, -1.6549568176269531], [-0.313900887966156, -0.4355354309082031, 0.8436675071716309, 0.3835390508174896], [0.5913090109825134, -0.7848942279815674, -0.18518739938735962, 0.3741626441478729], [0.0, 0.0, 0.0, 1.0]]}, "finger1joint1": {"matrix": [[0.736778736114502, -0.6665066480636597, 0.11369142681360245, -1.2881802320480347], [-0.32135555148124695, -0.19725006818771362, 0.92618727684021, 0.02109183371067047], [-0.5948845148086548, -0.7189304232597351, -0.35951507091522217, -0.2790166139602661], [0.0, 0.0, 0.0, 1.0]]}, "finger1joint2": {"matrix": [[0.6803622841835022, -0.7225152850151062, 0.12279553711414337, -1.6648753881454468], [-0.5840716361999512, -0.43334755301475525, 0.6863455176353455, -0.09038963913917542], [-0.442682147026062, -0.5386850237846375, -0.716833770275116, -0.6853405237197876], [0.0, 0.0, 0.0, 1.0]]}, "finger1joint3": {"matrix": [[0.7153468132019043, -0.6514564752578735, -0.2527516484260559, -1.9746057987213135], [-0.49526700377464294, -0.7278510332107544, 0.47428199648857117, -0.2761586308479309], [-0.4929398000240326, -0.21409665048122406, -0.843310534954071, -0.9162659645080566], [0.0, 0.0, 0.0, 1.0]]}, "Bone.001": {"matrix": [[0.9020591378211975, 0.28799140453338623, 0.3214808702468872, -1.6549568176269531], [-0.34092429280281067, 0.01865447498857975, 0.9399055242538452, 0.3835390508174896], [0.26468756794929504, -0.9574510455131531, 0.11501087993383408, 0.37416261434555054], [0.0, 0.0, 0.0, 1.0]]}, "finger2joint1": {"matrix": [[0.7023815512657166, -0.30280405282974243, 0.6441813111305237, -1.4724037647247314], [-0.36916106939315796, 0.618810772895813, 0.6933924555778503, 0.39536380767822266], [-0.608588457107544, -0.7248326539993286, 0.32285794615745544, -0.23274993896484375], [0.0, 0.0, 0.0, 1.0]]}, "finger2joint2": {"matrix": [[0.6095721125602722, -0.7133564949035645, 0.3457515835762024, -1.7343745231628418], [-0.37418052554130554, 0.12559033930301666, 0.9188121557235718, 0.9307273030281067], [-0.6988638639450073, -0.6894556879997253, -0.19036753475666046, -0.85983806848526], [0.0, 0.0, 0.0, 1.0]]}, "finger2joint3": {"matrix": [[0.4903806149959564, -0.3727073073387146, -0.7877917289733887, -2.005176305770874], [-0.43789803981781006, -0.8869209289550781, 0.14702501893043518, 0.9784034490585327], [-0.7535064220428467, 0.2728740870952606, -0.5981365442276001, -1.1215667724609375], [0.0, 0.0, 0.0, 1.0]]}, "Bone.002": {"matrix": [[0.8422021865844727, -0.3810266852378845, 0.38146305084228516, -1.6549568176269531], [-0.24610300362110138, 0.35783007740974426, 0.9007723927497864, 0.383539080619812], [-0.47971734404563904, -0.852511465549469, 0.20759359002113342, 0.3741626441478729], [0.0, 0.0, 0.0, 1.0]]}, "finger3joint1": {"matrix": [[0.933122992515564, -0.32984259724617004, 0.1431272029876709, -1.8155633211135864], [-0.2662452757358551, -0.36632609367370605, 0.8915820717811584, 0.5343680381774902], [-0.24165068566799164, -0.870062530040741, -0.4296460449695587, 0.014820456504821777], [0.0, 0.0, 0.0, 1.0]]}, "finger3joint2": {"matrix": [[0.8629646301269531, -0.1331108808517456, -0.4874151349067688, -2.1048951148986816], [-0.3552042245864868, -0.8458855152130127, -0.3978787660598755, 0.2130334973335266], [-0.3593355715274811, 0.5164870619773865, -0.7772508263587952, -0.7483823299407959], [0.0, 0.0, 0.0, 1.0]]}, "finger3joint3": {"matrix": [[0.9249585866928101, -0.05104959011077881, -0.37662383913993835, -2.191028594970703], [-0.32476091384887695, -0.6209334135055542, -0.7134227156639099, -0.33432233333587646], [-0.1974385529756546, 0.7821990251541138, -0.5909165740013123, -0.4141737222671509], [0.0, 0.0, 0.0, 1.0]]}, "Bone.003": {"matrix": [[0.5716003179550171, -0.6045787334442139, 0.5547590851783752, -1.6549569368362427], [0.5046477913856506, 0.7921327948570251, 0.3433019816875458, 0.3835390508174896], [-0.6469957232475281, 0.08372659236192703, 0.7578826546669006, 0.37416261434555054], [0.0, 0.0, 0.0, 1.0]]}, "finger4joint1": {"matrix": [[0.8300768136978149, -0.10970396548509598, 0.5467516779899597, -1.9140911102294922], [-0.4700798988342285, 0.3897970914840698, 0.7918856143951416, 0.7230625152587891], [-0.2999953627586365, -0.9143426418304443, 0.271992027759552, 0.4100494980812073], [0.0, 0.0, 0.0, 1.0]]}, "finger4joint2": {"matrix": [[0.8377468585968018, -0.4735546410083771, -0.27189314365386963, -2.023066282272339], [-0.4456418752670288, -0.8806609511375427, 0.16074632108211517, 1.1102709770202637], [-0.3155679702758789, -0.013497951440513134, -0.9488065838813782, -0.4982210397720337], [0.0, 0.0, 0.0, 1.0]]}, "finger4joint3": {"matrix": [[0.8780996203422546, 0.10156164318323135, -0.4675745368003845, -2.2205686569213867], [-0.3731973469257355, -0.4661831259727478, -0.8021201491355896, 0.7429800033569336], [-0.2994401156902313, 0.878838837146759, -0.37145283818244934, -0.503850519657135], [0.0, 0.0, 0.0, 1.0]]}}