{"root": {"matrix": [[0.5902423858642578, -0.7424737811088562, 0.3167754113674164, 0.0], [0.7983905076980591, 0.4790503978729248, -0.3648059368133545, 0.0], [0.11910752207040787, 0.46823441982269287, 0.8755397796630859, 2.9802322387695312e-08], [0.0, 0.0, 0.0, 1.0]]}, "carpals": {"matrix": [[0.05590664967894554, -0.4343421757221222, -0.8990111351013184, 0.5724584460258484], [0.3915264308452606, -0.818763792514801, 0.4199198782444, 2.315455436706543], [-0.9184668064117432, -0.37546291947364807, 0.12428217381238937, 0.6292402744293213], [0.0, 0.0, 0.0, 1.0]]}, "metacarpals": {"matrix": [[0.09545576572418213, -0.9483672976493835, -0.30246883630752563, 0.14941179752349854], [0.0764804407954216, -0.2959708869457245, 0.952130138874054, 1.517984390258789], [-0.9924911856651306, -0.11401917040348053, 0.04427938908338547, 0.26354169845581055], [0.0, 0.0, 0.0, 1.0]]}, "finger5joint1": {"matrix": [[-0.07336216419935226, -0.9946620464324951, -0.07256027311086655, -0.2841157913208008], [0.008004114963114262, -0.07334112375974655, 0.9972746968269348, 0.9439877867698669], [-0.9972731471061707, 0.07258161157369614, 0.013341777957975864, 0.35440748929977417], [0.0, 0.0, 0.0, 1.0]]}, "finger5joint2": {"matrix": [[0.22935613989830017, -0.863229513168335, -0.44969964027404785, -1.334749698638916], [0.9629442691802979, 0.2685888409614563, -0.024453051388263702, 0.8665195107460022], [0.14189280569553375, -0.4274272322654724, 0.8928449153900146, 0.431073397397995], [0.0, 0.0, 0.0, 1.0]]}, "finger5joint3": {"matrix": [[0.17217585444450378, -0.6207658052444458, -0.7648558616638184, -1.9280776977539062], [0.9836925268173218, 0.14933741092681885, 0.10023415088653564, 1.0511300563812256], [0.0519995391368866, -0.7696411609649658, 0.6363554000854492, 0.1372877061367035], [0.0, 0.0, 0.0, 1.0]]}, "Bone": {"matrix": [[0.9738711714744568, -0.01667679101228714, -0.22648726403713226, -1.3312528133392334], [0.22263547778129578, -0.1266757696866989, 0.9666366577148438, 1.0558916330337524], [-0.044810950756073, -0.9918038845062256, -0.11965310573577881, 0.08552616834640503], [0.0, 0.0, 0.0, 1.0]]}, "finger1joint1": {"matrix": [[0.21314111351966858, -0.8274126648902893, -0.5195754766464233, -1.3451310396194458], [0.1460554599761963, -0.49883612990379333, 0.8543009757995605, 0.9504735469818115], [-0.9660427570343018, -0.25797346234321594, 0.014525646343827248, -0.7398408055305481], [0.0, 0.0, 0.0, 1.0]]}, "finger1joint2": {"matrix": [[0.3777148127555847, -0.6544983386993408, -0.6549527049064636, -1.8127667903900146], [-0.11103050410747528, -0.7342639565467834, 0.6697227954864502, 0.6685422658920288], [-0.9192408323287964, -0.18024441599845886, -0.3500116765499115, -0.8856418132781982], [0.0, 0.0, 0.0, 1.0]]}, "finger1joint3": {"matrix": [[0.3331998586654663, -0.28196296095848083, -0.8997079133987427, -2.093339443206787], [-0.015621738508343697, -0.9557567238807678, 0.2937430441379547, 0.35377535223960876], [-0.9427268505096436, -0.08382008224725723, -0.3228627145290375, -0.9629096388816833], [0.0, 0.0, 0.0, 1.0]]}, "Bone.001": {"matrix": [[0.8768764734268188, -0.43982115387916565, -0.19402217864990234, -1.3312528133392334], [0.2789853811264038, 0.13692128658294678, 0.9504837989807129, 1.0558916330337524], [-0.3914772570133209, -0.8875863552093506, 0.24276673793792725, 0.08552610874176025], [0.0, 0.0, 0.0, 1.0]]}, "finger2joint1": {"matrix": [[0.6015531420707703, -0.7963659167289734, -0.06272779405117035, -1.6100482940673828], [0.2593061625957489, 0.12039300799369812, 0.9582617282867432, 1.142683744430542], [-0.7555751800537109, -0.5927110910415649, 0.2789253890514374, -0.4771003723144531], [0.0, 0.0, 0.0, 1.0]]}, "finger2joint2": {"matrix": [[0.5302838087081909, -0.3551669120788574, -0.7698409557342529, -2.299023389816284], [0.1794613152742386, -0.8404261469841003, 0.5113485455513, 1.2468416690826416], [-0.8286088705062866, -0.4093164801597595, -0.38192564249038696, -0.9898837804794312], [0.0, 0.0, 0.0, 1.0]]}, "finger2joint3": {"matrix": [[0.5526996850967407, 0.5367956757545471, -0.6374738812446594, -2.4338507652282715], [0.03546914458274841, -0.7793842554092407, -0.6255412697792053, 0.9278021454811096], [-0.8326252102851868, 0.3231258988380432, -0.4498050808906555, -1.1452670097351074], [0.0, 0.0, 0.0, 1.0]]}, "Bone.002": {"matrix": [[0.3247901499271393, -0.9423666596412659, -0.08034966140985489, -1.3312528133392334], [0.28044790029525757, 0.014825288206338882, 0.9597547054290771, 1.055891752243042], [-0.9032498598098755, -0.3342526853084564, 0.2690998315811157, 0.08552612364292145], [0.0, 0.0, 0.0, 1.0]]}, "finger3joint1": {"matrix": [[0.1896548867225647, -0.6428998708724976, -0.7420986890792847, -1.7284700870513916], [0.10891170799732208, -0.737376868724823, 0.6666434407234192, 1.062140703201294], [-0.9757916927337646, -0.20725524425506592, -0.06982774287462234, -0.055364757776260376], [0.0, 0.0, 0.0, 1.0]]}, "finger3joint2": {"matrix": [[0.1142556294798851, -0.020785408094525337, -0.9932337999343872, -2.292409658432007], [-0.03499834984540939, -0.9992446303367615, 0.016885273158550262, 0.4153273105621338], [-0.9928346872329712, 0.03283243998885155, -0.11489661782979965, -0.23716521263122559], [0.0, 0.0, 0.0, 1.0]]}, "finger3joint3": {"matrix": [[0.2784808576107025, 0.30234965682029724, -0.9116100072860718, -2.3058595657348633], [-0.08687236905097961, -0.9373369812965393, -0.3374202847480774, -0.23126423358917236], [-0.9565048813819885, 0.1731588989496231, -0.23476438224315643, -0.21592000126838684], [0.0, 0.0, 0.0, 1.0]]}, "Bone.003": {"matrix": [[-0.3111390769481659, -0.6988687515258789, 0.6440300345420837, -1.3312528133392334], [0.7114884257316589, 0.27797871828079224, 0.6453773975372314, 1.0558916330337524], [-0.6300607919692993, 0.6590222120285034, 0.4107469618320465, 0.08552613854408264], [0.0, 0.0, 0.0, 1.0]]}, "finger4joint1": {"matrix": [[0.5599614381790161, -0.8262370228767395, -0.061440903693437576, -1.6308016777038574], [0.1501711755990982, 0.028285859152674675, 0.9882551431655884, 1.1750388145446777], [-0.8147954344749451, -0.56261146068573, 0.13991594314575195, 0.36799588799476624], [0.0, 0.0, 0.0, 1.0]]}, "finger4joint2": {"matrix": [[0.5395834445953369, -0.03683285042643547, -0.8411256670951843, -2.451551675796509], [0.16983544826507568, -0.9737433791160583, 0.1515899896621704, 1.203136682510376], [-0.8246243596076965, -0.2246483862400055, -0.519160270690918, -0.19087931513786316], [0.0, 0.0, 0.0, 1.0]]}, "finger4joint3": {"matrix": [[0.5530242919921875, 0.7301090955734253, -0.4013778269290924, -2.4669132232666016], [0.24795523285865784, -0.6041480898857117, -0.7573130130767822, 0.7970245480537415], [-0.795413076877594, 0.31928882002830505, -0.5151429772377014, -0.2845718264579773], [0.0, 0.0, 0.0, 1.0]]}}