{"root": {"matrix": [[0.31936901807785034, 0.2722707986831665, 0.9076739549636841, 0.0], [-0.3438132703304291, 0.9258620142936707, -0.15675440430641174, 0.0], [-0.8830605149269104, -0.26200777292251587, 0.38930195569992065, 0.0], [0.0, 0.0, 0.0, 1.0]]}, "carpals": {"matrix": [[-0.5003942847251892, -0.8654715418815613, -0.023754313588142395, 0.8867013454437256], [0.21591198444366455, -0.15131059288978577, 0.9646174907684326, 0.14634741842746735], [-0.8384434580802917, 0.4775601923465729, 0.2625806927680969, -2.297243595123291], [0.0, 0.0, 0.0, 1.0]]}, "metacarpals": {"matrix": [[-0.6076355576515198, -0.6339901089668274, 0.47836729884147644, 0.04373723268508911], [0.3662818670272827, 0.31073594093322754, 0.8770864009857178, -0.0010281801223754883], [-0.7047102451324463, 0.7081661224365234, 0.04340498521924019, -1.8321027755737305], [0.0, 0.0, 0.0, 1.0]]}, "finger5joint1": {"matrix": [[-0.40691086649894714, -0.7908607721328735, 0.4571240544319153, -0.40822702646255493], [0.3489571809768677, 0.3278915584087372, 0.8779041767120361, -0.2487754374742508], [-0.8441873788833618, 0.516745388507843, 0.14255402982234955, -1.3221770524978638], [0.0, 0.0, 0.0, 1.0]]}, "finger5joint2": {"matrix": [[0.4500921964645386, -0.8758706450462341, -0.17397356033325195, -1.24359130859375], [0.8843197226524353, 0.4642554223537445, -0.04944707080721855, 0.0975673496723175], [0.12407755106687546, -0.13159281015396118, 0.9835078716278076, -0.7763532400131226], [0.0, 0.0, 0.0, 1.0]]}, "finger5joint3": {"matrix": [[0.3752516806125641, -0.8686582446098328, -0.32344740629196167, -1.845608115196228], [0.9251736402511597, 0.3724268674850464, 0.0731530636548996, 0.4166663885116577], [0.05691557377576828, -0.3266962468624115, 0.9434139132499695, -0.8668016195297241], [0.0, 0.0, 0.0, 1.0]]}, "Bone": {"matrix": [[0.4897684156894684, -0.7730594277381897, 0.4031199812889099, -0.9460973143577576], [-0.323479562997818, 0.2682431936264038, 0.907417356967926, 0.4841168522834778], [-0.8096217513084412, -0.5748257040977478, -0.1186918318271637, -0.7264589667320251], [0.0, 0.0, 0.0, 1.0]]}, "finger1joint1": {"matrix": [[-0.41682279109954834, -0.9025273323059082, 0.10817985981702805, -1.5894279479980469], [0.343234658241272, -0.04607343673706055, 0.9381188154220581, 0.7073456048965454], [-0.8416939377784729, 0.4281602203845978, 0.3289831578731537, -1.2048218250274658], [0.0, 0.0, 0.0, 1.0]]}, "finger1joint2": {"matrix": [[-0.41183236241340637, -0.5211198329925537, -0.74754798412323, -2.0995166301727295], [0.042172033339738846, -0.8303661942481995, 0.5556197166442871, 0.6813058853149414], [-0.9102832674980164, 0.19729647040367126, 0.3639482259750366, -0.962834894657135], [0.0, 0.0, 0.0, 1.0]]}, "finger1joint3": {"matrix": [[-0.4660244286060333, 0.3597513735294342, -0.8083316087722778, -2.3229122161865234], [0.12865962088108063, -0.8763391375541687, -0.4641941785812378, 0.32534152269363403], [-0.8753674030303955, -0.32032540440559387, 0.3621097803115845, -0.878257155418396], [0.0, 0.0, 0.0, 1.0]]}, "Bone.001": {"matrix": [[0.24326291680335999, -0.7118447422981262, 0.6588625311851501, -0.9460973739624023], [-0.1042584627866745, 0.65614253282547, 0.7474000453948975, 0.48411688208580017], [-0.9643406867980957, -0.25050684809684753, 0.08539943397045135, -0.7264589667320251], [0.0, 0.0, 0.0, 1.0]]}, "finger2joint1": {"matrix": [[-0.5175792574882507, -0.3511866629123688, 0.7802430987358093, -1.3973240852355957], [0.2967042326927185, 0.7816417217254639, 0.5486369729042053, 0.9000349044799805], [-0.8025447726249695, 0.5154646039009094, -0.30036288499832153, -0.8852511644363403], [0.0, 0.0, 0.0, 1.0]]}, "finger2joint2": {"matrix": [[-0.6170973777770996, -0.774553656578064, 0.13877007365226746, -1.7011528015136719], [0.31419774889945984, -0.08085555583238602, 0.9459079504013062, 1.5762715339660645], [-0.7214364409446716, 0.6273184418678284, 0.29325881600379944, -0.43929749727249146], [0.0, 0.0, 0.0, 1.0]]}, "finger2joint3": {"matrix": [[-0.7117787003517151, -0.36549901962280273, -0.5998175740242004, -1.9951859712600708], [0.2170654684305191, -0.9266091585159302, 0.3070468008518219, 1.5455772876739502], [-0.6680220365524292, 0.08834967017173767, 0.7388778924942017, -0.2011571228504181], [0.0, 0.0, 0.0, 1.0]]}, "Bone.002": {"matrix": [[-0.3323763608932495, -0.5995674133300781, 0.7280415892601013, -0.9460972547531128], [0.3710273206233978, 0.6265659332275391, 0.6853857636451721, 0.48411691188812256], [-0.8671013116836548, 0.49792927503585815, 0.014200340956449509, -0.7264589667320251], [0.0, 0.0, 0.0, 1.0]]}, "finger3joint1": {"matrix": [[-0.5391097068786621, -0.8189066648483276, -0.19685612618923187, -1.198820948600769], [0.3358207643032074, -0.4233502149581909, 0.8414266705513, 0.748220682144165], [-0.7723893523216248, 0.38751277327537537, 0.5032380819320679, -0.5165767669677734], [0.0, 0.0, 0.0, 1.0]]}, "finger3joint2": {"matrix": [[-0.6537672877311707, -0.40214091539382935, -0.6409919857978821, -1.9171507358551025], [0.23175741732120514, -0.9127973318099976, 0.33628761768341064, 0.3768657445907593], [-0.720331072807312, 0.07129918783903122, 0.6899561882019043, -0.17665770649909973], [0.0, 0.0, 0.0, 1.0]]}, "finger3joint3": {"matrix": [[-0.555800199508667, -0.09266267716884613, -0.8261352777481079, -2.177368402481079], [0.1263282299041748, -0.9916414022445679, 0.026236355304718018, -0.21378746628761292], [-0.8216613531112671, -0.08978202939033508, 0.562860369682312, -0.13052140176296234], [0.0, 0.0, 0.0, 1.0]]}, "Bone.003": {"matrix": [[-0.13837066292762756, 0.34634676575660706, 0.9278455376625061, -0.9460973143577576], [0.9389152526855469, 0.34395158290863037, 0.011631189845502377, 0.48411691188812256], [-0.31510552763938904, 0.8727779388427734, -0.37278294563293457, -0.7264589071273804], [0.0, 0.0, 0.0, 1.0]]}, "finger4joint1": {"matrix": [[-0.1673927754163742, -0.8493244051933289, 0.5006268620491028, -0.7976462841033936], [0.13701847195625305, 0.4828219413757324, 0.864932656288147, 0.6315411329269409], [-0.9763224124908447, 0.213378444314003, 0.035552289336919785, -0.3523693382740021], [0.0, 0.0, 0.0, 1.0]]}, "finger4joint2": {"matrix": [[-0.17711956799030304, -0.8671420812606812, -0.46550264954566956, -1.641330361366272], [0.16472667455673218, -0.49242836236953735, 0.8546221852302551, 1.111156702041626], [-0.970305860042572, 0.07468945533037186, 0.23006007075309753, -0.14040793478488922], [0.0, 0.0, 0.0, 1.0]]}, "finger4joint3": {"matrix": [[-0.09759584069252014, -0.45406869053840637, -0.885604977607727, -2.0029830932617188], [0.1925705075263977, -0.8816520571708679, 0.4308199882507324, 0.9057831764221191], [-0.976417601108551, -0.1284952610731125, 0.1734856516122818, -0.10925772786140442], [0.0, 0.0, 0.0, 1.0]]}}