{"root": {"matrix": [[0.25258415937423706, -0.9638749957084656, -0.08453530073165894, -5.960464477539063e-08], [-0.5154407620429993, -0.06010127067565918, -0.8548150062561035, -3.725290298461914e-09], [0.8188540935516357, 0.25948566198349, -0.5120011568069458, 0.0], [0.0, 0.0, 0.0, 1.0]]}, "carpals": {"matrix": [[0.5682303309440613, -0.3254096806049347, -0.7557927370071411, -0.36274006962776184], [0.8163976073265076, 0.10797513276338577, 0.5673059225082397, -1.1283801794052124], [-0.10299986600875854, -0.9393879175186157, 0.3270186185836792, 2.1633684635162354], [0.0, 0.0, 0.0, 1.0]]}, "metacarpals": {"matrix": [[0.6691357493400574, -0.7024425864219666, 0.24255208671092987, -0.6796871423721313], [0.3196108043193817, 0.5666825771331787, 0.7594205141067505, -1.0232130289077759], [-0.6708993911743164, -0.4306330978870392, 0.6036960482597351, 1.2484102249145508], [0.0, 0.0, 0.0, 1.0]]}, "finger5joint1": {"matrix": [[0.6793347001075745, -0.6094653606414795, -0.4087250530719757, -1.2977380752563477], [0.49721190333366394, -0.02735542319715023, 0.867197573184967, -1.06830632686615], [-0.5397077202796936, -0.7923404574394226, 0.2844502031803131, 0.8720399141311646], [0.0, 0.0, 0.0, 1.0]]}, "finger5joint2": {"matrix": [[-0.4494990110397339, -0.34810033440589905, -0.822664201259613, -1.9414992332458496], [0.8766523599624634, 0.004963472951203585, -0.4810981750488281, -1.0972011089324951], [0.17155402898788452, -0.937443733215332, 0.30293190479278564, 0.035112619400024414], [0.0, 0.0, 0.0, 1.0]]}, "finger5joint3": {"matrix": [[-0.43405717611312866, -0.10450038313865662, -0.8948036432266235, -2.1807610988616943], [0.8984382748603821, 0.02293996326625347, -0.43849948048591614, -1.0937895774841309], [0.06635043025016785, -0.9942598938941956, 0.0839298814535141, -0.609225332736969], [0.0, 0.0, 0.0, 1.0]]}, "Bone": {"matrix": [[0.7743088006973267, 0.4955557584762573, 0.39353543519973755, -1.7763950824737549], [-0.5726840496063232, 0.28418225049972534, 0.7689428329467773, -0.13846424221992493], [0.26921817660331726, -0.820770800113678, 0.5038419365882874, 0.5760723948478699], [0.0, 0.0, 0.0, 1.0]]}, "finger1joint1": {"matrix": [[0.808520495891571, -0.5554466843605042, 0.19435365498065948, -1.3639997243881226], [0.238124281167984, 0.610832929611206, 0.7551023960113525, 0.09802868962287903], [-0.5381368398666382, -0.5642353892326355, 0.6261366009712219, -0.10696294903755188], [0.0, 0.0, 0.0, 1.0]]}, "finger1joint2": {"matrix": [[0.7219036817550659, -0.6451178789138794, 0.2503555417060852, -1.6779260635375977], [-0.01534384023398161, 0.34677696228027344, 0.9378219246864319, 0.44325822591781616], [-0.691823422908783, -0.6808585524559021, 0.240441232919693, -0.4258565902709961], [0.0, 0.0, 0.0, 1.0]]}, "finger1joint3": {"matrix": [[0.7667253613471985, -0.632854163646698, -0.1078316867351532, -1.9544775485992432], [0.06699926406145096, -0.08816972374916077, 0.993849515914917, 0.5919157862663269], [-0.6384695172309875, -0.7692344188690186, -0.02520095370709896, -0.7177294492721558], [0.0, 0.0, 0.0, 1.0]]}, "Bone.001": {"matrix": [[0.9369633197784424, 0.28710639476776123, 0.19917164742946625, -1.7763950824737549], [-0.34785696864128113, 0.7124196290969849, 0.6094697713851929, -0.13846424221992493], [0.03308882191777229, -0.6403340697288513, 0.767383337020874, 0.5760723948478699], [0.0, 0.0, 0.0, 1.0]]}, "finger2joint1": {"matrix": [[0.9130551218986511, -0.40781158208847046, -0.004444174934178591, -1.5944030284881592], [0.1588447242975235, 0.345560759305954, 0.9248544573783875, 0.31312692165374756], [-0.375630646944046, -0.8451490998268127, 0.3802950382232666, 0.17017513513565063], [0.0, 0.0, 0.0, 1.0]]}, "finger2joint2": {"matrix": [[0.8689224720001221, -0.40747496485710144, -0.2809585630893707, -1.9472209215164185], [0.10329268872737885, -0.40586304664611816, 0.9080778956413269, 0.6120884418487549], [-0.48404982686042786, -0.8180704116821289, -0.31057414412498474, -0.5610047578811646], [0.0, 0.0, 0.0, 1.0]]}, "finger2joint3": {"matrix": [[0.8380572199821472, -0.1960863620042801, -0.509126603603363, -2.10190486907959], [-0.025495756417512894, -0.9462366700172424, 0.322468101978302, 0.45801615715026855], [-0.5449860095977783, -0.25726640224456787, -0.797999918460846, -0.8715576529502869], [0.0, 0.0, 0.0, 1.0]]}, "Bone.002": {"matrix": [[0.8685234189033508, -0.41995054483413696, 0.26326507329940796, -1.7763949632644653], [0.23786412179470062, 0.8191434741020203, 0.5219428539276123, -0.13846424221992493], [-0.4348420798778534, -0.390698105096817, 0.8113366961479187, 0.5760723948478699], [0.0, 0.0, 0.0, 1.0]]}, "finger3joint1": {"matrix": [[0.7373131513595581, -0.661750853061676, -0.13584986329078674, -1.9534087181091309], [0.26321083307266235, 0.09620289504528046, 0.9599295854568481, 0.20681297779083252], [-0.6221651434898376, -0.7435257434844971, 0.24511192739009857, 0.41138923168182373], [0.0, 0.0, 0.0, 1.0]]}, "finger3joint2": {"matrix": [[0.6281076073646545, 0.20659217238426208, -0.7502003312110901, -2.533884048461914], [0.23767222464084625, -0.96897292137146, -0.0678466185927391, 0.2912003695964813], [-0.7409403920173645, -0.13568702340126038, -0.6577204465866089, -0.2408178597688675], [0.0, 0.0, 0.0, 1.0]]}, "finger3joint3": {"matrix": [[0.7547847032546997, 0.5916680097579956, -0.2832472026348114, -2.400202512741089], [0.1973252147436142, -0.6165894269943237, -0.7621548771858215, -0.33580297231674194], [-0.6255899667739868, 0.5193708539009094, -0.5821433663368225, -0.32861828804016113], [0.0, 0.0, 0.0, 1.0]]}, "Bone.003": {"matrix": [[0.5055246949195862, -0.7005234956741333, 0.5036978721618652, -1.7763950824737549], [0.8610888123512268, 0.4464973509311676, -0.24324043095111847, -0.13846424221992493], [-0.0545039176940918, 0.5566928386688232, 0.8289284110069275, 0.5760723948478699], [0.0, 0.0, 0.0, 1.0]]}, "finger4joint1": {"matrix": [[0.9072849750518799, 0.16174371540546417, 0.38816583156585693, -2.076653003692627], [-0.3074071705341339, 0.884964108467102, 0.3497697412967682, 0.05291318893432617], [-0.28693994879722595, -0.4366656541824341, 0.8526360988616943, 0.8146817684173584], [0.0, 0.0, 0.0, 1.0]]}, "finger4joint2": {"matrix": [[0.9180805087089539, -0.3135741651058197, 0.24248522520065308, -1.9159835577011108], [-0.28022876381874084, -0.08077429234981537, 0.9565284848213196, 0.9320002794265747], [-0.280356228351593, -0.9461218118667603, -0.16202953457832336, 0.3809159994125366], [0.0, 0.0, 0.0, 1.0]]}, "finger4joint3": {"matrix": [[0.9373233914375305, -0.3424578011035919, -0.06439810246229172, -2.0467636585235596], [-0.2865070700645447, -0.8625909090042114, 0.41695326566696167, 0.8983122110366821], [-0.19833824038505554, -0.3723699450492859, -0.9066433906555176, -0.013676300644874573], [0.0, 0.0, 0.0, 1.0]]}}