{"root": {"matrix": [[0.16208185255527496, -0.8909384608268738, -0.4242146909236908, 0.0], [-0.29928532242774963, 0.3652650713920593, -0.8814815282821655, 0.0], [0.9402965903282166, 0.26983341574668884, -0.2074420303106308, 2.9802322387695312e-08], [0.0, 0.0, 0.0, 1.0]]}, "carpals": {"matrix": [[0.9917671084403992, -0.12099052220582962, -0.04194217920303345, -0.4578282833099365], [0.01771032251417637, -0.1947885900735855, 0.9806851744651794, -0.22019682824611664], [-0.12682344019412994, -0.9733542799949646, -0.19104191660881042, 2.413895606994629], [0.0, 0.0, 0.0, 1.0]]}, "metacarpals": {"matrix": [[0.16878072917461395, -0.40614089369773865, 0.898088276386261, -0.5756723284721375], [-0.8904484510421753, 0.32785764336586, 0.31561145186424255, -0.40991976857185364], [-0.4226280450820923, -0.8529704213142395, -0.30631139874458313, 1.4658544063568115], [0.0, 0.0, 0.0, 1.0]]}, "finger5joint1": {"matrix": [[-0.040466416627168655, -0.4767928719520569, 0.8780836462974548, -1.2065041065216064], [-0.619208574295044, 0.7016743421554565, 0.35246774554252625, -0.19641053676605225], [-0.7841830849647522, -0.529453694820404, -0.32362839579582214, 1.1792535781860352], [0.0, 0.0, 0.0, 1.0]]}, "finger5joint2": {"matrix": [[0.9127745628356934, -0.40242666006088257, -0.06996390223503113, -1.7101271152496338], [0.32218825817108154, 0.6040546894073486, 0.7289116382598877, 0.5447485446929932], [-0.2510714530944824, -0.687873363494873, 0.6810231804847717, 0.620006263256073], [0.0, 0.0, 0.0, 1.0]]}, "finger5joint3": {"matrix": [[0.8736810088157654, -0.4682559072971344, -0.13197509944438934, -1.9867291450500488], [0.33655253052711487, 0.38584670424461365, 0.8589844107627869, 0.9599366188049316], [-0.3513023555278778, -0.7948948740959167, 0.49469998478889465, 0.14720679819583893], [0.0, 0.0, 0.0, 1.0]]}, "Bone": {"matrix": [[0.3499111831188202, -0.046573203057050705, 0.935624361038208, -1.209770917892456], [-0.48696741461753845, -0.8622565269470215, 0.13919828832149506, 0.10195708274841309], [0.8002651929855347, -0.5043258666992188, -0.32439279556274414, 0.13413071632385254], [0.0, 0.0, 0.0, 1.0]]}, "finger1joint1": {"matrix": [[0.49864745140075684, -0.562667191028595, 0.6593604683876038, -1.2485285997390747], [-0.8667808771133423, -0.3180312216281891, 0.3841182291507721, -0.6156021952629089], [-0.006433767732232809, -0.7630607485771179, -0.6462944746017456, -0.28556305170059204], [0.0, 0.0, 0.0, 1.0]]}, "finger1joint2": {"matrix": [[0.2853762209415436, -0.764282763004303, 0.578301191329956, -1.5665360689163208], [-0.936036229133606, -0.35188934206962585, -0.0031479056924581528, -0.7953465580940247], [0.20590364933013916, -0.5404126048088074, -0.8158171772956848, -0.716828465461731], [0.0, 0.0, 0.0, 1.0]]}, "finger1joint3": {"matrix": [[0.37032145261764526, -0.913472056388855, 0.16861432790756226, -1.8941714763641357], [-0.9179994463920593, -0.38762590289115906, -0.0838039219379425, -0.9461957216262817], [0.141911581158638, -0.12375357002019882, -0.9821129441261292, -0.9484944343566895], [0.0, 0.0, 0.0, 1.0]]}, "Bone.001": {"matrix": [[0.42125463485717773, 0.15057340264320374, 0.8943556547164917, -1.2097710371017456], [-0.7299335598945618, -0.5289814472198486, 0.4328685998916626, 0.10195708274841309], [0.5382758975028992, -0.8351683020591736, -0.11292717605829239, 0.13413068652153015], [0.0, 0.0, 0.0, 1.0]]}, "finger2joint1": {"matrix": [[0.3328377604484558, -0.8519395589828491, 0.40424978733062744, -1.1143248081207275], [-0.9174435138702393, -0.19346094131469727, 0.34766340255737305, -0.2333555966615677], [-0.21798188984394073, -0.48659196496009827, -0.8459975123405457, -0.39526882767677307], [0.0, 0.0, 0.0, 1.0]]}, "finger2joint2": {"matrix": [[0.21564380824565887, -0.8223218321800232, -0.5265779495239258, -1.851379632949829], [-0.9593658447265625, -0.27891695499420166, 0.042687319219112396, -0.40072810649871826], [-0.18197450041770935, 0.49597564339637756, -0.849054217338562, -0.8162432909011841], [0.0, 0.0, 0.0, 1.0]]}, "finger2joint3": {"matrix": [[0.16608542203903198, -0.09378036111593246, -0.9816418290138245, -2.163546562194824], [-0.9849767088890076, -0.0635133907198906, -0.16058197617530823, -0.5066095590591431], [-0.04728822410106659, 0.9935647249221802, -0.10292015969753265, -0.6279628276824951], [0.0, 0.0, 0.0, 1.0]]}, "Bone.002": {"matrix": [[0.3928065001964569, -0.0802951231598854, 0.916109025478363, -1.2097710371017456], [-0.8987519145011902, 0.17750082910060883, 0.4009217619895935, 0.1019570603966713], [-0.19480237364768982, -0.9808393120765686, -0.002441832097247243, 0.13413074612617493], [0.0, 0.0, 0.0, 1.0]]}, "finger3joint1": {"matrix": [[0.29337695240974426, -0.0870494619011879, 0.9520253539085388, -1.2436162233352661], [-0.9532727599143982, 0.048486389219760895, 0.2981947064399719, 0.17677545547485352], [-0.07211821526288986, -0.9950231313705444, -0.06875700503587723, -0.2793028950691223], [0.0, 0.0, 0.0, 1.0]]}, "finger3joint2": {"matrix": [[0.2387661635875702, -0.9709681868553162, 0.014543934725224972, -1.319974422454834], [-0.9444544315338135, -0.22871126234531403, 0.2360018640756607, 0.2193067967891693], [-0.22582414746284485, -0.070085309445858, -0.9716435670852661, -1.1521189212799072], [0.0, 0.0, 0.0, 1.0]]}, "finger3joint3": {"matrix": [[0.18444807827472687, -0.7562767267227173, -0.627713680267334, -1.9482686519622803], [-0.9808588624000549, -0.1821962296962738, -0.06870453804731369, 0.07131225615739822], [-0.06240765005350113, 0.6283708810806274, -0.7754063010215759, -1.197469711303711], [0.0, 0.0, 0.0, 1.0]]}, "Bone.003": {"matrix": [[0.7140767574310303, 0.13043175637722015, 0.6878095269203186, -1.2097710371017456], [-0.2928747534751892, 0.9480394721031189, 0.12427957355976105, 0.1019570529460907], [-0.6358605027198792, -0.29018697142601013, 0.7151731848716736, 0.13413070142269135], [0.0, 0.0, 0.0, 1.0]]}, "finger4joint1": {"matrix": [[0.027380578219890594, -0.6302396059036255, 0.775917649269104, -1.1538653373718262], [-0.7913876175880432, 0.4605425000190735, 0.40200236439704895, 0.5083051919937134], [-0.6107010245323181, -0.6250585913658142, -0.4861537516117096, 0.009750962257385254], [0.0, 0.0, 0.0, 1.0]]}, "finger4joint2": {"matrix": [[0.02790428325533867, -0.8529671430587769, -0.5212180614471436, -1.7799195051193237], [-0.772712230682373, -0.3491901457309723, 0.5300770401954651, 0.9657891988754272], [-0.6341426372528076, 0.3879600763320923, -0.6688418984413147, -0.611156702041626], [0.0, 0.0, 0.0, 1.0]]}, "finger4joint3": {"matrix": [[0.10633314400911331, -0.11525338143110275, -0.9876283407211304, -2.135660409927368], [-0.74868243932724, -0.6629205346107483, -0.0032461141236126423, 0.8201549053192139], [-0.6543450951576233, 0.7397650480270386, -0.15677860379219055, -0.449352890253067], [0.0, 0.0, 0.0, 1.0]]}}