{"root": {"matrix": [[0.5264312028884888, -0.7235042452812195, -0.4465554356575012, 0.0], [-0.722632110118866, -0.10401766002178192, -0.6833617091178894, 0.0], [0.4479653835296631, 0.6824381947517395, -0.5775855779647827, 5.960464477539063e-08], [0.0, 0.0, 0.0, 1.0]]}, "carpals": {"matrix": [[0.49190327525138855, -0.7020811438560486, -0.5148913264274597, 0.5325374007225037], [0.8479092121124268, 0.25202426314353943, 0.4664047062397003, -1.6591999530792236], [-0.1976887434720993, -0.6660072803497314, 0.719272792339325, 1.7459795475006104], [0.0, 0.0, 0.0, 1.0]]}, "metacarpals": {"matrix": [[0.4788978695869446, -0.8659990429878235, 0.14388303458690643, -0.15128540992736816], [0.4599452018737793, 0.3871205747127533, 0.799116849899292, -1.4137299060821533], [-0.747734546661377, -0.31651708483695984, 0.5837035179138184, 1.097292423248291], [0.0, 0.0, 0.0, 1.0]]}, "finger5joint1": {"matrix": [[0.4511047601699829, -0.8859946131706238, 0.10732118040323257, -0.7887035012245178], [0.5041714906692505, 0.3522125780582428, 0.7885156869888306, -1.6022472381591797], [-0.7364206314086914, -0.30159491300582886, 0.6055781841278076, 0.807750940322876], [0.0, 0.0, 0.0, 1.0]]}, "finger5joint2": {"matrix": [[0.18894176185131073, -0.5153096914291382, -0.8359165191650391, -1.7245548963546753], [0.7092576026916504, 0.660348117351532, -0.2467658519744873, -1.2302149534225464], [0.6791570782661438, -0.5462557673454285, 0.49025487899780273, 0.48918452858924866], [0.0, 0.0, 0.0, 1.0]]}, "finger5joint3": {"matrix": [[0.1857425570487976, -0.33422330021858215, -0.9240097403526306, -2.0787456035614014], [0.7803122401237488, 0.6216804385185242, -0.06801129877567291, -0.7763344645500183], [0.5971699953079224, -0.7083836197853088, 0.3762712776660919, 0.11372379958629608], [0.0, 0.0, 0.0, 1.0]]}, "Bone": {"matrix": [[0.9142690300941467, 0.29896122217178345, 0.2733753025531769, -1.5033502578735352], [-0.37760889530181885, 0.38452959060668945, 0.8423467874526978, -0.8093271255493164], [0.1467081606388092, -0.8733607530593872, 0.46445411443710327, 0.6031213998794556], [0.0, 0.0, 0.0, 1.0]]}, "finger1joint1": {"matrix": [[0.6429023146629333, -0.7602500319480896, -0.09325364232063293, -1.2545585632324219], [0.416420578956604, 0.2447400689125061, 0.8756116628646851, -0.4893263578414917], [-0.642861008644104, -0.6017656922340393, 0.47392791509628296, -0.12367862462997437], [0.0, 0.0, 0.0, 1.0]]}, "finger1joint2": {"matrix": [[0.6558431386947632, -0.7451779842376709, -0.12074515968561172, -1.6842353343963623], [0.1250825822353363, -0.05046761780977249, 0.9908617734909058, -0.35100457072257996], [-0.744462251663208, -0.6649532318115234, 0.06011008098721504, -0.4637835621833801], [0.0, 0.0, 0.0, 1.0]]}, "finger1joint3": {"matrix": [[0.667137622833252, -0.5699968934059143, -0.4796152114868164, -2.003680944442749], [0.22655391693115234, -0.45809119939804077, 0.8595495820045471, -0.3726392090320587], [-0.7096483111381531, -0.6820967793464661, -0.17647475004196167, -0.7488380670547485], [0.0, 0.0, 0.0, 1.0]]}, "Bone.001": {"matrix": [[0.9869551658630371, 0.025259388610720634, 0.15900065004825592, -1.5033503770828247], [-0.12312741577625275, 0.7547241449356079, 0.64438396692276, -0.8093271255493164], [-0.10372485965490341, -0.6555554866790771, 0.7479892373085022, 0.6031213998794556], [0.0, 0.0, 0.0, 1.0]]}, "finger2joint1": {"matrix": [[0.7178997993469238, -0.5600631833076477, -0.4134596288204193, -1.4873387813568115], [0.4104762375354767, -0.13913843035697937, 0.9011932611465454, -0.33091992139816284], [-0.5622532963752747, -0.8166820406913757, 0.13000531494617462, 0.18757545948028564], [0.0, 0.0, 0.0, 1.0]]}, "finger2joint2": {"matrix": [[0.6994351148605347, -0.3964495062828064, -0.5946578979492188, -1.9718769788742065], [0.3111664652824402, -0.5801212787628174, 0.7527511715888977, -0.45129531621932983], [-0.6434016823768616, -0.7115383744239807, -0.2823954224586487, -0.518976092338562], [0.0, 0.0, 0.0, 1.0]]}, "finger2joint3": {"matrix": [[0.6996654272079468, -0.20975881814956665, -0.6829854846000671, -2.122375726699829], [0.17406103014945984, -0.8770872354507446, 0.4476832449436188, -0.671518862247467], [-0.6929435133934021, -0.43210986256599426, -0.5771569013595581, -0.7890877723693848], [0.0, 0.0, 0.0, 1.0]]}, "Bone.002": {"matrix": [[0.7224057912826538, -0.645907998085022, 0.24684517085552216, -1.5033503770828247], [0.42786312103271484, 0.6979897618293762, 0.5742326378822327, -0.8093271255493164], [-0.5431969165802002, -0.30921298265457153, 0.7805923223495483, 0.6031213998794556], [0.0, 0.0, 0.0, 1.0]]}, "finger3joint1": {"matrix": [[0.977340817451477, -0.08415377140045166, 0.19422411918640137, -1.7756071090698242], [-0.06938717514276505, 0.7394996881484985, 0.6695709824562073, -0.5151174068450928], [-0.19997574388980865, -0.6678757071495056, 0.7169042229652405, 0.47278493642807007], [0.0, 0.0, 0.0, 1.0]]}, "finger3joint2": {"matrix": [[0.9434592127799988, -0.33099791407585144, -0.01802813448011875, -1.849425196647644], [0.022495532408356667, 0.00966976210474968, 0.9997000694274902, 0.1335580050945282], [-0.33072444796562195, -0.9435818791389465, 0.0165691077709198, -0.1130632758140564], [0.0, 0.0, 0.0, 1.0]]}, "finger3joint3": {"matrix": [[0.9154542088508606, -0.4015117585659027, -0.027052031829953194, -2.0636072158813477], [-0.14548690617084503, -0.39289048314094543, 0.9080035090446472, 0.13981513679027557], [-0.3752027153968811, -0.8273000717163086, -0.418087899684906, -0.7236365079879761], [0.0, 0.0, 0.0, 1.0]]}, "Bone.003": {"matrix": [[0.282917857170105, -0.6999552845954895, 0.6557591557502747, -1.5033504962921143], [0.9537607431411743, 0.2776409089565277, -0.11513315886259079, -0.8093271255493164], [-0.10147735476493835, 0.658010721206665, 0.7461395859718323, 0.6031213998794556], [0.0, 0.0, 0.0, 1.0]]}, "finger4joint1": {"matrix": [[0.8904363512992859, -0.10504515469074249, 0.44281864166259766, -1.8033647537231445], [-0.08494307845830917, 0.9175395369529724, 0.38846534490585327, -0.6903249025344849], [-0.4471101462841034, -0.3835180103778839, 0.8080880045890808, 0.8851575255393982], [0.0, 0.0, 0.0, 1.0]]}, "finger4joint2": {"matrix": [[0.89617919921875, -0.32705116271972656, 0.29983335733413696, -1.9077122211456299], [-0.05637068673968315, 0.5863656401634216, 0.8080823421478271, 0.22112129628658295], [-0.440096378326416, -0.7410885095596313, 0.5070529580116272, 0.5041865110397339], [0.0, 0.0, 0.0, 1.0]]}, "finger4joint3": {"matrix": [[0.915781557559967, -0.34913909435272217, 0.1986091136932373, -2.0441133975982666], [-0.1167328953742981, 0.24177990853786469, 0.9632835984230042, 0.46567264199256897], [-0.38433974981307983, -0.9053419232368469, 0.18066184222698212, 0.19510596990585327], [0.0, 0.0, 0.0, 1.0]]}}