{"root": {"matrix": [[0.5112401247024536, -0.728916347026825, -0.45531806349754333, 0.0], [-0.7175345420837402, -0.07040196657180786, -0.6929557919502258, 0.0], [0.4730514585971832, 0.68097323179245, -0.5590149760246277, 0.0], [0.0, 0.0, 0.0, 1.0]]}, "carpals": {"matrix": [[0.43337130546569824, -0.7614214420318604, -0.4821063280105591, 0.49387073516845703], [0.8363264799118042, 0.14047057926654816, 0.5299298167228699, -1.6136897802352905], [-0.335778146982193, -0.6328548192977905, 0.6976730227470398, 1.7991893291473389], [0.0, 0.0, 0.0, 1.0]]}, "metacarpals": {"matrix": [[0.4864208400249481, -0.8329753279685974, 0.26371705532073975, -0.2477492094039917], [0.33310526609420776, 0.4558320939540863, 0.8253833055496216, -1.476872205734253], [-0.8077347278594971, -0.3136381208896637, 0.4991948902606964, 1.1827924251556396], [0.0, 0.0, 0.0, 1.0]]}, "finger5joint1": {"matrix": [[0.4900663495063782, -0.8497093319892883, 0.19449648261070251, -0.916937530040741], [0.37699398398399353, 0.4077847898006439, 0.8316168785095215, -1.614727258682251], [-0.785945475101471, -0.3342234492301941, 0.5201771259307861, 0.9401859045028687], [0.0, 0.0, 0.0, 1.0]]}, "finger5joint2": {"matrix": [[0.256393700838089, -0.44123297929763794, -0.8599856495857239, -1.8144619464874268], [0.7689368724822998, 0.6322086453437805, -0.095118947327137, -1.1839954853057861], [0.5856602787971497, -0.6368867754936218, 0.5013749003410339, 0.5871549844741821], [0.0, 0.0, 0.0, 1.0]]}, "finger5joint3": {"matrix": [[0.26103776693344116, -0.2330198436975479, -0.9367820024490356, -2.11773681640625], [0.828664243221283, 0.5518575310707092, 0.0936383381485939, -0.7494564056396484], [0.4951508939266205, -0.8007211089134216, 0.33715111017227173, 0.14940033853054047], [0.0, 0.0, 0.0, 1.0]]}, "Bone": {"matrix": [[0.8727888464927673, 0.29266491532325745, 0.3906233608722687, -1.5482549667358398], [-0.4670601487159729, 0.2683486342430115, 0.8425220847129822, -0.7651917934417725], [0.1417534202337265, -0.9177886843681335, 0.37090399861335754, 0.693116307258606], [0.0, 0.0, 0.0, 1.0]]}, "finger1joint1": {"matrix": [[0.7305097579956055, -0.6827465295791626, 0.014577093534171581, -1.304702877998352], [0.25387102365493774, 0.291323184967041, 0.9223231077194214, -0.5418753623962402], [-0.6339596509933472, -0.6700654625892639, 0.38614416122436523, -0.07065615057945251], [0.0, 0.0, 0.0, 1.0]]}, "finger1joint2": {"matrix": [[0.7048931121826172, -0.708830714225769, 0.0261639803647995, -1.6905763149261475], [-0.04486929252743721, -0.00774706294760108, 0.9989626407623291, -0.3772258162498474], [-0.707892894744873, -0.7053360342979431, -0.03726545721292496, -0.4493626356124878], [0.0, 0.0, 0.0, 1.0]]}, "finger1joint3": {"matrix": [[0.7294466495513916, -0.5960671901702881, -0.3355761766433716, -1.9944405555725098], [0.05684392526745796, -0.4360629916191101, 0.8981188535690308, -0.3805469274520874], [-0.6816717386245728, -0.674205482006073, -0.28420183062553406, -0.7517285346984863], [0.0, 0.0, 0.0, 1.0]]}, "Bone.001": {"matrix": [[0.9599239826202393, 0.07428231090307236, 0.2702365219593048, -1.5482549667358398], [-0.24592472612857819, 0.6857008934020996, 0.6850801706314087, -0.7651917934417725], [-0.13441209495067596, -0.724082887172699, 0.6764888167381287, 0.693116307258606], [0.0, 0.0, 0.0, 1.0]]}, "finger2joint1": {"matrix": [[0.9333367347717285, -0.28174111247062683, 0.2224954068660736, -1.5011686086654663], [0.036266032606363297, 0.6905844211578369, 0.7223416566848755, -0.33053725957870483], [-0.35716521739959717, -0.6661190986633301, 0.6547657251358032, 0.23413196206092834], [0.0, 0.0, 0.0, 1.0]]}, "finger2joint2": {"matrix": [[0.879462480545044, -0.4188661575317383, 0.22604580223560333, -1.744916558265686], [0.03165872395038605, 0.5253450274467468, 0.8502998948097229, 0.26692116260528564], [-0.47491398453712463, -0.7406505942344666, 0.4752821922302246, -0.3421601951122284], [0.0, 0.0, 0.0, 1.0]]}, "finger2joint3": {"matrix": [[0.8018763661384583, -0.5878181457519531, 0.10706930607557297, -1.9039250612258911], [0.015601246617734432, 0.1997363418340683, 0.9797252416610718, 0.466350793838501], [-0.5972859859466553, -0.7839483022689819, 0.16933472454547882, -0.6233233213424683], [0.0, 0.0, 0.0, 1.0]]}, "Bone.002": {"matrix": [[0.7354657053947449, -0.5793782472610474, 0.35129889845848083, -1.5482549667358398], [0.2910935580730438, 0.7383717894554138, 0.6083348393440247, -0.7651917934417725], [-0.6118452548980713, -0.345148503780365, 0.7117006182670593, 0.6931162476539612], [0.0, 0.0, 0.0, 1.0]]}, "finger3joint1": {"matrix": [[0.9583161473274231, -0.028378678485751152, 0.2842969596385956, -1.7924686670303345], [-0.1986224353313446, 0.6490983963012695, 0.7343160510063171, -0.453960657119751], [-0.2053758054971695, -0.7601746916770935, 0.6164050102233887, 0.5476326942443848], [0.0, 0.0, 0.0, 1.0]]}, "finger3joint2": {"matrix": [[0.9300134778022766, -0.3485771417617798, 0.11648526787757874, -1.8173619508743286], [-0.12182147800922394, 0.006653482094407082, 0.9925296306610107, 0.11541645228862762], [-0.34674832224845886, -0.937256395816803, -0.03627627715468407, -0.11917853355407715], [0.0, 0.0, 0.0, 1.0]]}, "finger3joint3": {"matrix": [[0.878724217414856, -0.4647659957408905, 0.10879426449537277, -2.042919397354126], [-0.28651222586631775, -0.33126574754714966, 0.8989846706390381, 0.11972179263830185], [-0.38177788257598877, -0.8211306929588318, -0.42425236105918884, -0.7256587147712708], [0.0, 0.0, 0.0, 1.0]]}, "Bone.003": {"matrix": [[0.38208431005477905, -0.6279837489128113, 0.6779734492301941, -1.5482549667358398], [0.9015838503837585, 0.41436418890953064, -0.12429241091012955, -0.7651917934417725], [-0.20287415385246277, 0.658740222454071, 0.7245021462440491, 0.6931162476539612], [0.0, 0.0, 0.0, 1.0]]}, "finger4joint1": {"matrix": [[0.8454172611236572, -0.057395271956920624, 0.5310134291648865, -1.8174209594726562], [-0.19971060752868652, 0.8881219029426575, 0.4139499366283417, -0.5875872373580933], [-0.49536362290382385, -0.4560094177722931, 0.7393714189529419, 0.9754651784896851], [0.0, 0.0, 0.0, 1.0]]}, "finger4joint2": {"matrix": [[0.8539755940437317, -0.3517094552516937, 0.38343939185142517, -1.8744350671768188], [-0.17126888036727905, 0.5058605670928955, 0.8454415798187256, 0.29463666677474976], [-0.4913168251514435, -0.7876579165458679, 0.371755987405777, 0.5224840641021729], [0.0, 0.0, 0.0, 1.0]]}, "finger4joint3": {"matrix": [[0.8745552897453308, -0.4073244333267212, 0.26313385367393494, -2.021120309829712], [-0.22507554292678833, 0.13967449963092804, 0.9642776846885681, 0.505612313747406], [-0.42952707409858704, -0.9025394320487976, 0.030474532395601273, 0.19398118555545807], [0.0, 0.0, 0.0, 1.0]]}}