{"root": {"matrix": [[0.2043786197900772, -0.9163824319839478, -0.3441985845565796, 0.0], [0.5532149076461792, 0.39821189641952515, -0.7316970825195312, 0.0], [0.8075783252716064, -0.04087250679731369, 0.5883423089981079, 3.725290298461914e-09], [0.0, 0.0, 0.0, 1.0]]}, "carpals": {"matrix": [[0.9269497990608215, -0.2420927882194519, -0.2866268455982208, -0.39607614278793335], [0.007144405506551266, -0.7524329423904419, 0.6586300134658813, 1.7231193780899048], [-0.37511706352233887, -0.612564742565155, -0.695737898349762, 1.720165491104126], [0.0, 0.0, 0.0, 1.0]]}, "metacarpals": {"matrix": [[0.43075793981552124, -0.4810051918029785, 0.7635977268218994, -0.6318731307983398], [-0.9024360179901123, -0.22252137959003448, 0.3689083456993103, 0.9902541637420654], [-0.007530059665441513, -0.8480081558227539, -0.5299292206764221, 1.1235311031341553], [0.0, 0.0, 0.0, 1.0]]}, "finger5joint1": {"matrix": [[0.3211967945098877, -0.5496219396591187, 0.7711991667747498, -1.2960704565048218], [-0.9223570823669434, 0.003050091676414013, 0.38632628321647644, 0.869857668876648], [-0.2146856188774109, -0.8354076743125916, -0.5059679746627808, 0.8589157462120056], [0.0, 0.0, 0.0, 1.0]]}, "finger5joint2": {"matrix": [[0.8217159509658813, -0.3027421832084656, -0.4828350841999054, -1.8766210079193115], [0.44265976548194885, -0.19455192983150482, 0.8753293752670288, 0.8730794191360474], [-0.35893574357032776, -0.9330036044120789, -0.025854667648673058, -0.02350229024887085], [0.0, 0.0, 0.0, 1.0]]}, "finger5joint3": {"matrix": [[0.8151950836181641, -0.24903343617916107, -0.5229138135910034, -2.0847063064575195], [0.3736993074417114, -0.4636181592941284, 0.8033720254898071, 0.7393569946289062], [-0.44249892234802246, -0.8503174185752869, -0.28487563133239746, -0.6647883653640747], [0.0, 0.0, 0.0, 1.0]]}, "Bone": {"matrix": [[0.47544553875923157, 0.21734295785427094, 0.8524748682975769, -1.382855772972107], [0.04845135286450386, -0.9740004539489746, 0.22130408883094788, 0.6428365707397461], [0.8784096837043762, -0.06391452997922897, -0.4736146926879883, -0.20044508576393127], [0.0, 0.0, 0.0, 1.0]]}, "finger1joint1": {"matrix": [[0.5068751573562622, -0.6799168586730957, 0.52989661693573, -1.2019857168197632], [-0.8574290871620178, -0.46102192997932434, 0.22863514721393585, -0.16771459579467773], [0.08884098380804062, -0.5702381730079651, -0.81666100025177, -0.253633975982666], [0.0, 0.0, 0.0, 1.0]]}, "finger1joint2": {"matrix": [[0.33497288823127747, -0.9180442094802856, -0.21210353076457977, -1.5862598419189453], [-0.8769325613975525, -0.22141775488853455, -0.4265717566013336, -0.4282742142677307], [0.34464818239212036, 0.32889044284820557, -0.8792316317558289, -0.5759202837944031], [0.0, 0.0, 0.0, 1.0]]}, "finger1joint3": {"matrix": [[0.34522396326065063, -0.6369559168815613, -0.6892803907394409, -1.9798104763031006], [-0.9069076776504517, -0.03739361837506294, -0.41966691613197327, -0.5231924057006836], [0.24153457581996918, 0.7699925899505615, -0.5905691981315613, -0.43493032455444336], [0.0, 0.0, 0.0, 1.0]]}, "Bone.001": {"matrix": [[0.6179351806640625, 0.3071911633014679, 0.7237330079078674, -1.382855772972107], [-0.25817787647247314, -0.7901853322982788, 0.5558336973190308, 0.6428365111351013], [0.7426303625106812, -0.5303211212158203, -0.4089733064174652, -0.20044508576393127], [0.0, 0.0, 0.0, 1.0]]}, "finger2joint1": {"matrix": [[0.7414759993553162, -0.46744924783706665, 0.48135679960250854, -1.1881322860717773], [-0.6019667387008667, -0.7803285121917725, 0.16947919130325317, 0.14195096492767334], [0.29639342427253723, -0.41542550921440125, -0.8599837422370911, -0.5366069078445435], [0.0, 0.0, 0.0, 1.0]]}, "finger2joint2": {"matrix": [[0.6484962701797485, -0.6494176983833313, 0.39712604880332947, -1.592545509338379], [-0.6831421256065369, -0.7266536951065063, -0.07273934036493301, -0.5331494808197021], [0.3358112871646881, -0.2241223156452179, -0.9148767590522766, -0.8960119485855103], [0.0, 0.0, 0.0, 1.0]]}, "finger2joint3": {"matrix": [[0.5316343307495117, -0.8104091286659241, 0.24617426097393036, -1.839074969291687], [-0.7527287006378174, -0.5853257775306702, -0.3013187646865845, -0.8089990615844727], [0.38828352093696594, -0.025111019611358643, -0.9211974740028381, -0.9810924530029297], [0.0, 0.0, 0.0, 1.0]]}, "Bone.002": {"matrix": [[0.6456446051597595, -0.12432926148176193, 0.7534489035606384, -1.3828556537628174], [-0.7447335720062256, -0.32069605588912964, 0.5852571129798889, 0.6428365111351013], [0.168863445520401, -0.938986599445343, -0.29964786767959595, -0.20044508576393127], [0.0, 0.0, 0.0, 1.0]]}, "finger3joint1": {"matrix": [[0.5052807331085205, -0.04129796102643013, 0.8619662523269653, -1.4352617263793945], [-0.8484669923782349, -0.2060377299785614, 0.48749589920043945, 0.507659912109375], [0.15746498107910156, -0.9776719808578491, -0.13914687931537628, -0.596237301826477], [0.0, 0.0, 0.0, 1.0]]}, "finger3joint2": {"matrix": [[0.45857053995132446, -0.8518761396408081, -0.2530219852924347, -1.4714875221252441], [-0.888636589050293, -0.4376026690006256, -0.13721837103366852, 0.32692742347717285], [0.006169993430376053, 0.2877689599990845, -0.957679808139801, -1.4538331031799316], [0.0, 0.0, 0.0, 1.0]]}, "finger3joint3": {"matrix": [[0.4517512619495392, -0.5272352695465088, -0.7196831703186035, -2.0227198600769043], [-0.8735073804855347, -0.0973731055855751, -0.4769730865955353, 0.043763358145952225], [0.18139924108982086, 0.8441216349601746, -0.504531979560852, -1.2676235437393188], [0.0, 0.0, 0.0, 1.0]]}, "Bone.003": {"matrix": [[0.7726572751998901, -0.15861189365386963, 0.6146894097328186, -1.382855772972107], [-0.34707602858543396, 0.705207884311676, 0.6182395219802856, 0.6428365111351013], [-0.5315438508987427, -0.6910310983657837, 0.4898334741592407, -0.20044508576393127], [0.0, 0.0, 0.0, 1.0]]}, "finger4joint1": {"matrix": [[0.42418617010116577, -0.8390122652053833, 0.34077030420303345, -1.450839877128601], [-0.9055193066596985, -0.3888136148452759, 0.1698780506849289, 0.945102334022522], [-0.010033605620265007, -0.3806339204311371, -0.9246709942817688, -0.49663445353507996], [0.0, 0.0, 0.0, 1.0]]}, "finger4joint2": {"matrix": [[0.4113430976867676, -0.2709220051765442, -0.8702861070632935, -2.2842800617218018], [-0.910744845867157, -0.16051620244979858, -0.3804970383644104, 0.5588708519935608], [-0.036609962582588196, 0.9491234421730042, -0.31276801228523254, -0.8747406005859375], [0.0, 0.0, 0.0, 1.0]]}, "finger4joint3": {"matrix": [[0.44512704014778137, 0.5523043274879456, -0.704855740070343, -2.3972718715667725], [-0.8885857462882996, 0.17503808438777924, -0.42400068044662476, 0.4919254183769226], [-0.11080075800418854, 0.8150589466094971, 0.5686839818954468, -0.47889643907546997], [0.0, 0.0, 0.0, 1.0]]}}