{"root": {"matrix": [[0.26327016949653625, -0.9253748059272766, -0.27270910143852234, -5.960464477539063e-08], [-0.6914554238319397, 0.01612493395805359, -0.7222391963005066, 0.0], [0.6727393269538879, 0.37871021032333374, -0.6356102824211121, 0.0], [0.0, 0.0, 0.0, 1.0]]}, "carpals": {"matrix": [[0.7591097354888916, -0.22765356302261353, -0.609857439994812, -0.2797335982322693], [0.6457883715629578, 0.3812505304813385, 0.6615172028541565, -1.466726303100586], [0.08191186934709549, -0.8960031270980835, 0.43642720580101013, 1.9635294675827026], [0.0, 0.0, 0.0, 1.0]]}, "metacarpals": {"matrix": [[0.5667587518692017, -0.7423878312110901, 0.3572739064693451, -0.5014669895172119], [0.18062585592269897, 0.5350596308708191, 0.8252788186073303, -1.0953905582427979], [-0.803839921951294, -0.40320107340812683, 0.43734440207481384, 1.0908277034759521], [0.0, 0.0, 0.0, 1.0]]}, "finger5joint1": {"matrix": [[-0.07203792035579681, -0.969419538974762, -0.23459792137145996, -1.1715422868728638], [0.4309428036212921, -0.24237334728240967, 0.8692197799682617, -1.1612350940704346], [-0.8994989991188049, -0.03848154470324516, 0.435224711894989, 0.8218703269958496], [0.0, 0.0, 0.0, 1.0]]}, "finger5joint2": {"matrix": [[-0.22721274197101593, -0.29696857929229736, -0.9274607300758362, -2.1955134868621826], [0.9018042683601379, 0.29532283544540405, -0.31548836827278137, -1.4172472953796387], [0.3675907850265503, -0.9080712795257568, 0.20070655643939972, 0.7812233567237854], [0.0, 0.0, 0.0, 1.0]]}, "finger5joint3": {"matrix": [[-0.2025373876094818, 0.46281901001930237, -0.8630043268203735, -2.399630308151245], [0.9414311051368713, 0.3346436619758606, -0.04147789999842644, -1.214261531829834], [0.2696024477481842, -0.8208603858947754, -0.5034902095794678, 0.15707407891750336], [0.0, 0.0, 0.0, 1.0]]}, "Bone": {"matrix": [[0.788114070892334, 0.37099215388298035, 0.4911627471446991, -1.6605404615402222], [-0.5685931444168091, 0.13317404687404633, 0.8117672204971313, -0.2600139379501343], [0.23574912548065186, -0.9190371632575989, 0.31590014696121216, 0.4613189995288849], [0.0, 0.0, 0.0, 1.0]]}, "finger1joint1": {"matrix": [[0.7338435053825378, -0.4876004457473755, 0.4729897379875183, -1.3518052101135254], [0.10106614232063293, 0.7668877243995667, 0.633773148059845, -0.14918813109397888], [-0.6717582941055298, -0.41728705167770386, 0.612055778503418, -0.30349239706993103], [0.0, 0.0, 0.0, 1.0]]}, "finger1joint2": {"matrix": [[0.5645977854728699, -0.6557077169418335, 0.5012749433517456, -1.6273865699768066], [-0.11204805225133896, 0.5408217310905457, 0.8336406350135803, 0.284240186214447], [-0.8177252411842346, -0.5268386006355286, 0.2318762242794037, -0.5393339395523071], [0.0, 0.0, 0.0, 1.0]]}, "finger1joint3": {"matrix": [[0.6361345648765564, -0.7613725662231445, 0.1250779777765274, -1.908477783203125], [-0.04681200534105301, 0.12372378259897232, 0.9912117123603821, 0.5160815715789795], [-0.7701568007469177, -0.6363993287086487, 0.04306381940841675, -0.7651810646057129], [0.0, 0.0, 0.0, 1.0]]}, "Bone.001": {"matrix": [[0.9192237257957458, 0.20676971971988678, 0.33507269620895386, -1.6605404615402222], [-0.39007464051246643, 0.5940139889717102, 0.7035543322563171, -0.2600139379501343], [-0.0535641573369503, -0.7774273157119751, 0.6266877055168152, 0.4613190293312073], [0.0, 0.0, 0.0, 1.0]]}, "finger2joint1": {"matrix": [[0.7822521328926086, -0.4033985137939453, -0.47471150755882263, -1.5294723510742188], [0.16097454726696014, -0.6052504777908325, 0.7795887589454651, 0.11652180552482605], [-0.6018043756484985, -0.686251699924469, -0.4085215628147125, -0.03147941827774048], [0.0, 0.0, 0.0, 1.0]]}, "finger2joint2": {"matrix": [[0.7830751538276672, -0.41103118658065796, -0.4667402505874634, -1.878472089767456], [0.03284565731883049, -0.7220945954322815, 0.691013753414154, -0.40710997581481934], [-0.621059000492096, -0.5564463138580322, -0.5519537925720215, -0.6251894235610962], [0.0, 0.0, 0.0, 1.0]]}, "finger2joint3": {"matrix": [[0.7693144083023071, -0.3959609568119049, -0.5013681054115295, -2.034506320953369], [-0.11206982284784317, -0.8562452793121338, 0.5042656064033508, -0.6812289953231812], [-0.6289637088775635, -0.3317508101463318, -0.7030972838401794, -0.8364255428314209], [0.0, 0.0, 0.0, 1.0]]}, "Bone.002": {"matrix": [[0.7976564168930054, -0.4492454528808594, 0.40239614248275757, -1.6605404615402222], [0.12356895208358765, 0.7747796773910522, 0.6200377941131592, -0.2600139379501343], [-0.5903175473213196, -0.4448533356189728, 0.6735210418701172, 0.4613189697265625], [0.0, 0.0, 0.0, 1.0]]}, "finger3joint1": {"matrix": [[0.9222233891487122, 0.09174557030200958, 0.3756152093410492, -1.849901795387268], [-0.3507888913154602, 0.607137143611908, 0.7129735350608826, 0.06656348705291748], [-0.16263799369335175, -0.789282500743866, 0.5920996069908142, 0.2738087773323059], [0.0, 0.0, 0.0, 1.0]]}, "finger3joint2": {"matrix": [[0.9098541140556335, -0.40974947810173035, 0.06535131484270096, -1.7694244384765625], [-0.2777647078037262, -0.48447731137275696, 0.8295349478721619, 0.5991329550743103], [-0.30824047327041626, -0.7729082107543945, -0.5546175241470337, -0.41853517293930054], [0.0, 0.0, 0.0, 1.0]]}, "finger3joint3": {"matrix": [[0.8644410371780396, -0.4906937777996063, -0.10936753451824188, -2.0345652103424072], [-0.4369969964027405, -0.8409635424613953, 0.31908246874809265, 0.285637229681015], [-0.24854610860347748, -0.22803491353988647, -0.9413951635360718, -0.9186688661575317], [0.0, 0.0, 0.0, 1.0]]}, "Bone.003": {"matrix": [[0.5180420875549316, -0.5911333560943604, 0.618218183517456, -1.6605403423309326], [0.8147735595703125, 0.5610136985778809, -0.1463124006986618, -0.2600139081478119], [-0.26033854484558105, 0.5795040130615234, 0.7722687125205994, 0.4613189697265625], [0.0, 0.0, 0.0, 1.0]]}, "finger4joint1": {"matrix": [[0.7892044186592102, 0.1444130390882492, 0.5969096422195435, -1.9139115810394287], [-0.3463630676269531, 0.9072920083999634, 0.23843909800052643, -0.01955258846282959], [-0.5071378350257874, -0.394924521446228, 0.7660584449768066, 0.7097057104110718], [0.0, 0.0, 0.0, 1.0]]}, "finger4joint2": {"matrix": [[0.8036865592002869, -0.5300435423851013, 0.2704468071460724, -1.7704576253890991], [-0.3208051323890686, -0.003162175649777055, 0.9471395611763, 0.8817141652107239], [-0.5011701583862305, -0.8479644060134888, -0.17258185148239136, 0.3174038231372833], [0.0, 0.0, 0.0, 1.0]]}, "finger4joint3": {"matrix": [[0.8409228324890137, -0.48333674669265747, -0.24338045716285706, -1.9915192127227783], [-0.3332529067993164, -0.816874086856842, 0.4708063304424286, 0.8803954124450684], [-0.4263693392276764, -0.31480491161346436, -0.8480015993118286, -0.03625065088272095], [0.0, 0.0, 0.0, 1.0]]}}