{"root": {"matrix": [[0.43450313806533813, -0.6093173623085022, -0.6632792949676514, 5.960464477539063e-08], [-0.06357768923044205, 0.7138418555259705, -0.6974149942398071, 0.0], [0.8984235525131226, 0.3451988101005554, 0.2714274823665619, 2.9802322387695312e-08], [0.0, 0.0, 0.0, 1.0]]}, "carpals": {"matrix": [[0.7724870443344116, -0.5999845266342163, 0.20804379880428314, 0.46077781915664673], [-0.4650435447692871, -0.31139329075813293, 0.8287149667739868, 0.6333485841751099], [-0.43243277072906494, -0.7369210720062256, -0.5195660591125488, 2.339132070541382], [0.0, 0.0, 0.0, 1.0]]}, "metacarpals": {"matrix": [[-0.10528749227523804, -0.4669473469257355, 0.8779946565628052, -0.12360352277755737], [-0.975791335105896, -0.12167950719594955, -0.18172834813594818, 0.33005332946777344], [0.1916913390159607, -0.8758732676506042, -0.4428318738937378, 1.6213754415512085], [0.0, 0.0, 0.0, 1.0]]}, "finger5joint1": {"matrix": [[-0.29211828112602234, -0.6272186636924744, 0.7219858169555664, -0.7327801585197449], [-0.9270527958869934, 0.37122371792793274, -0.05259194225072861, 0.5065895915031433], [-0.23503172397613525, -0.6846819519996643, -0.6899060010910034, 1.2700728178024292], [0.0, 0.0, 0.0, 1.0]]}, "finger5joint2": {"matrix": [[0.6972706913948059, -0.685376763343811, 0.2099328637123108, -1.3952937126159668], [-0.03266042470932007, 0.2621906101703644, 0.9644630551338196, 0.8987029194831848], [-0.7160631418228149, -0.6793481707572937, 0.16043323278427124, 0.5468621850013733], [0.0, 0.0, 0.0, 1.0]]}, "finger5joint3": {"matrix": [[0.6176221370697021, -0.780256450176239, 0.09870297461748123, -1.8663771152496338], [-0.06108885258436203, 0.07752729207277298, 0.9951167106628418, 1.0789157152175903], [-0.7840985059738159, -0.6206356883049011, 0.00021772152103949338, 0.07992236316204071], [0.0, 0.0, 0.0, 1.0]]}, "Bone": {"matrix": [[0.36913326382637024, -0.32017573714256287, 0.8724837899208069, -0.8526378273963928], [-0.015576899982988834, -0.9407836198806763, -0.33864936232566833, 0.1400778889656067], [0.9292457103729248, 0.11141596734523773, -0.35226190090179443, 0.2538940906524658], [0.0, 0.0, 0.0, 1.0]]}, "finger1joint1": {"matrix": [[0.1962023824453354, -0.6683476567268372, 0.7175067663192749, -1.1190842390060425], [-0.8606250882148743, -0.46804654598236084, -0.2006407231092453, -0.6428306698799133], [0.46992409229278564, -0.5781381130218506, -0.6670286059379578, 0.3466130495071411], [0.0, 0.0, 0.0, 1.0]]}, "finger1joint2": {"matrix": [[-0.018236495554447174, -0.8600248694419861, 0.5099260807037354, -1.4968197345733643], [-0.7491394281387329, -0.32601237297058105, -0.5766333341598511, -0.9073603749275208], [0.6621609926223755, -0.3925214409828186, -0.638333261013031, 0.019861936569213867], [0.0, 0.0, 0.0, 1.0]]}, "finger1joint3": {"matrix": [[0.06506310403347015, -0.9939207434654236, 0.08881625533103943, -1.8654983043670654], [-0.7912179231643677, -0.10561919212341309, -0.6023443937301636, -1.0471165180206299], [0.6080631017684937, -0.031082553789019585, -0.793279767036438, -0.14840556681156158], [0.0, 0.0, 0.0, 1.0]]}, "Bone.001": {"matrix": [[0.3391943871974945, -0.11577852815389633, 0.933564305305481, -0.8526378870010376], [-0.37274691462516785, -0.9277091026306152, 0.02037877030670643, 0.14007791876792908], [0.8637165427207947, -0.35489577054977417, -0.3578298091888428, 0.2538940906524658], [0.0, 0.0, 0.0, 1.0]]}, "finger2joint1": {"matrix": [[-0.0562690794467926, -0.6258763074874878, 0.7778897881507874, -0.9260278940200806], [-0.9468235969543457, -0.21376310288906097, -0.24047896265983582, -0.44798171520233154], [0.3167940080165863, -0.7500559091567993, -0.5805662274360657, 0.028931498527526855], [0.0, 0.0, 0.0, 1.0]]}, "finger2joint2": {"matrix": [[-0.18428263068199158, -0.8066873550415039, 0.5615115761756897, -1.4675042629241943], [-0.935983419418335, -0.030317606404423714, -0.3507359027862549, -0.632918655872345], [0.2999577224254608, -0.5902000069618225, -0.7494590282440186, -0.6199786067008972], [0.0, 0.0, 0.0, 1.0]]}, "finger2joint3": {"matrix": [[-0.32502201199531555, -0.9206981658935547, 0.2160448580980301, -1.7737360000610352], [-0.8981755375862122, 0.22901059687137604, -0.37527933716773987, -0.6444277167320251], [0.29604223370552063, -0.316020131111145, -0.9013820886611938, -0.8440282344818115], [0.0, 0.0, 0.0, 1.0]]}, "Bone.002": {"matrix": [[0.14766448736190796, -0.2089800387620926, 0.9667070508003235, -0.8526378273963928], [-0.9143037796020508, -0.4015660285949707, 0.05285044014453888, 0.1400778591632843], [0.37715184688568115, -0.8916679620742798, -0.2503683269023895, 0.2538940906524658], [0.0, 0.0, 0.0, 1.0]]}, "finger3joint1": {"matrix": [[0.021289169788360596, -0.6657657623291016, 0.7458570003509521, -0.9407250285148621], [-0.9291360974311829, -0.28861406445503235, -0.23110173642635345, -0.029186248779296875], [0.3691243529319763, -0.6880825757980347, -0.6247313022613525, -0.12195295095443726], [0.0, 0.0, 0.0, 1.0]]}, "finger3joint2": {"matrix": [[-0.11320135742425919, -0.8569949865341187, -0.5027374625205994, -1.5247224569320679], [-0.9534100294113159, 0.23610079288482666, -0.18779157102108002, -0.2823531925678253], [0.2796330153942108, 0.4580567181110382, -0.8437944650650024, -0.7255262136459351], [0.0, 0.0, 0.0, 1.0]]}, "finger3joint3": {"matrix": [[-0.06942446529865265, -0.3533034324645996, -0.9329291582107544, -2.0792670249938965], [-0.8953476548194885, 0.4344726800918579, -0.0979083776473999, -0.12957702577114105], [0.439923495054245, 0.8284987211227417, -0.3464922606945038, -0.4291267991065979], [0.0, 0.0, 0.0, 1.0]]}, "Bone.003": {"matrix": [[0.511471688747406, 0.2812674939632416, 0.8119639158248901, -0.8526378870010376], [-0.7884712815284729, 0.529280960559845, 0.31332823634147644, 0.1400778591632843], [-0.3416280746459961, -0.8004685640335083, 0.4924834966659546, 0.2538940906524658], [0.0, 0.0, 0.0, 1.0]]}, "finger4joint1": {"matrix": [[-0.15852084755897522, -0.8463737964630127, 0.508450984954834, -0.7320811748504639], [-0.9772688746452332, 0.06107788160443306, -0.20301422476768494, 0.3669379651546478], [0.14077071845531464, -0.5290752649307251, -0.8368167877197266, -0.08920228481292725], [0.0, 0.0, 0.0, 1.0]]}, "finger4joint2": {"matrix": [[-0.16803289949893951, -0.9239580035209656, -0.34360775351524353, -1.5728341341018677], [-0.9793498516082764, 0.19621813297271729, -0.04870172217488289, 0.42761024832725525], [0.11242033541202545, 0.32832881808280945, -0.9378492832183838, -0.6147639751434326], [0.0, 0.0, 0.0, 1.0]]}, "finger4joint3": {"matrix": [[-0.08560188114643097, -0.5683496594429016, -0.8183218836784363, -1.9581828117370605], [-0.9914535880088806, 0.1297473907470703, 0.013599099591374397, 0.5094455480575562], [0.09844598174095154, 0.8124923706054688, -0.5745989084243774, -0.4778302311897278], [0.0, 0.0, 0.0, 1.0]]}}