{"root": {"matrix": [[0.5267054438591003, -0.3579306900501251, -0.7710168957710266, -2.9802322387695312e-08], [-0.8496946692466736, -0.19554373621940613, -0.48967501521110535, 0.0], [0.024502137675881386, 0.9130433797836304, -0.4071257710456848, 0.0], [0.0, 0.0, 0.0, 1.0]]}, "carpals": {"matrix": [[0.6534237861633301, -0.7558729648590088, -0.04114961996674538, 0.9274648427963257], [0.5469410419464111, 0.43383142352104187, 0.7159925699234009, -2.0579113960266113], [-0.5233474969863892, -0.4903531074523926, 0.6968938708305359, 0.9948842525482178], [0.0, 0.0, 0.0, 1.0]]}, "metacarpals": {"matrix": [[0.13538967072963715, -0.7106972932815552, 0.6903469562530518, 0.1912490725517273], [-0.12259416282176971, 0.679391622543335, 0.7234620451927185, -1.635362148284912], [-0.9831785559654236, -0.1825818121433258, 0.0048552886582911015, 0.5172833204269409], [0.0, 0.0, 0.0, 1.0]]}, "finger5joint1": {"matrix": [[0.18753193318843842, -0.854286253452301, 0.4847955107688904, -0.522066593170166], [-0.04082627221941948, 0.48634621500968933, 0.8728116154670715, -1.523751974105835], [-0.9814096093177795, -0.1834724247455597, 0.05632815882563591, 0.5836062431335449], [0.0, 0.0, 0.0, 1.0]]}, "finger5joint2": {"matrix": [[0.5099068880081177, -0.7463434934616089, -0.42774516344070435, -1.4244256019592285], [0.8562465310096741, 0.48814526200294495, 0.1689833253622055, -1.010037899017334], [0.08268221467733383, -0.45242103934288025, 0.887963056564331, 0.38980942964553833], [0.0, 0.0, 0.0, 1.0]]}, "finger5joint3": {"matrix": [[0.46077725291252136, -0.7003956437110901, -0.5450961589813232, -1.9374134540557861], [0.887470543384552, 0.35743287205696106, 0.2909243106842041, -0.6745184659957886], [-0.00892681535333395, -0.6178082227706909, 0.7862778306007385, 0.0788445770740509], [0.0, 0.0, 0.0, 1.0]]}, "Bone": {"matrix": [[0.662119448184967, -0.09660982340574265, 0.7431448698043823, -0.918346643447876], [-0.7488950490951538, -0.12162832170724869, 0.6514309048652649, -0.5746432542800903], [0.02745284140110016, -0.9878628253936768, -0.1528831124305725, 0.23222243785858154], [0.0, 0.0, 0.0, 1.0]]}, "finger1joint1": {"matrix": [[0.3432272672653198, -0.828278124332428, 0.4428885579109192, -0.9987441301345825], [-0.2310478836297989, 0.38258835673332214, 0.8945627212524414, -0.6758608222007751], [-0.9103909730911255, -0.4093669056892395, -0.0600571408867836, -0.5898647904396057], [0.0, 0.0, 0.0, 1.0]]}, "finger1joint2": {"matrix": [[0.20858587324619293, -0.949606716632843, 0.233963742852211, -1.4668691158294678], [-0.5000388026237488, 0.10204289108514786, 0.8599697947502136, -0.45963019132614136], [-0.8405075669288635, -0.2963685691356659, -0.45355549454689026, -0.8212301135063171], [0.0, 0.0, 0.0, 1.0]]}, "finger1joint3": {"matrix": [[0.2659047842025757, -0.9331236481666565, -0.24202236533164978, -1.8739497661590576], [-0.4137815237045288, -0.337236225605011, 0.8456099629402161, -0.4158861041069031], [-0.8706775903701782, -0.1247074082493782, -0.4757820665836334, -0.9482784271240234], [0.0, 0.0, 0.0, 1.0]]}, "Bone.001": {"matrix": [[0.673114001750946, -0.06985736638307571, 0.736231803894043, -0.9183467030525208], [-0.6635152697563171, 0.38259923458099365, 0.6429345011711121, -0.5746432542800903], [-0.3265954852104187, -0.9212694764137268, 0.21118153631687164, 0.23222243785858154], [0.0, 0.0, 0.0, 1.0]]}, "finger2joint1": {"matrix": [[0.6409156322479248, -0.7673892378807068, -0.018459349870681763, -0.9626281261444092], [-0.2159654051065445, -0.20334427058696747, 0.9549919366836548, -0.3321198523044586], [-0.7366042733192444, -0.6080827713012695, -0.2960561215877533, -0.35175520181655884], [0.0, 0.0, 0.0, 1.0]]}, "finger2joint2": {"matrix": [[0.567845344543457, -0.7482104301452637, -0.3431219458580017, -1.6265342235565186], [-0.3207946717739105, -0.5850468873977661, 0.7448559403419495, -0.5080429315567017], [-0.7580516338348389, -0.31289130449295044, -0.5722381472587585, -0.8778374195098877], [0.0, 0.0, 0.0, 1.0]]}, "finger2joint3": {"matrix": [[0.5066524147987366, -0.6584590077400208, -0.5565382838249207, -1.910567045211792], [-0.4510442316532135, -0.7525745034217834, 0.4797813892364502, -0.7301363945007324], [-0.7347530722618103, 0.007941022515296936, -0.6782879829406738, -0.996616005897522], [0.0, 0.0, 0.0, 1.0]]}, "Bone.002": {"matrix": [[0.4220898449420929, -0.42993393540382385, 0.7981208562850952, -0.918346643447876], [-0.21884822845458984, 0.8060272336006165, 0.5499319434165955, -0.5746432542800903], [-0.8797417283058167, -0.40678805112838745, 0.24612568318843842, 0.23222245275974274], [0.0, 0.0, 0.0, 1.0]]}, "finger3joint1": {"matrix": [[0.20852231979370117, -0.41602447628974915, 0.8851225972175598, -1.0995681285858154], [-0.18821580708026886, 0.871029794216156, 0.4537416398525238, -0.23489469289779663], [-0.9597360491752625, -0.26120924949645996, 0.10332676023244858, 0.06075720489025116], [0.0, 0.0, 0.0, 1.0]]}, "finger3joint2": {"matrix": [[0.10562075674533844, -0.9360427856445312, -0.33566075563430786, -1.4644970893859863], [-0.06557708233594894, -0.34337061643600464, 0.9369076490402222, 0.5291566252708435], [-0.9922418594360352, -0.07694519311189651, -0.09764990210533142, -0.16837072372436523], [0.0, 0.0, 0.0, 1.0]]}, "finger3joint3": {"matrix": [[0.11398981511592865, -0.38137876987457275, -0.9173639416694641, -2.0701918601989746], [-0.23915159702301025, -0.90676349401474, 0.34725508093833923, 0.30696824193000793], [-0.9642680287361145, 0.1798054575920105, -0.19456902146339417, -0.2181604504585266], [0.0, 0.0, 0.0, 1.0]]}, "Bone.003": {"matrix": [[0.4902738630771637, -0.10508296638727188, 0.8652104735374451, -0.918346643447876], [0.5645157694816589, 0.7946228384971619, -0.22337447106838226, -0.5746432542800903], [-0.664043128490448, 0.5979397296905518, 0.4489038586616516, 0.23222243785858154], [0.0, 0.0, 0.0, 1.0]]}, "finger4joint1": {"matrix": [[0.2734120488166809, -0.48104262351989746, 0.8329728245735168, -0.963387131690979], [-0.2940639555454254, 0.7827084064483643, 0.5485374927520752, -0.23405247926712036], [-0.9158449769020081, -0.39492401480674744, 0.0725446343421936, 0.4885110855102539], [0.0, 0.0, 0.0, 1.0]]}, "finger4joint2": {"matrix": [[0.278346985578537, -0.9003649353981018, 0.33446329832077026, -1.4412353038787842], [-0.265397310256958, 0.262568861246109, 0.927696704864502, 0.5434579849243164], [-0.9230855107307434, -0.3469872772693634, -0.16586916148662567, 0.09620971977710724], [0.0, 0.0, 0.0, 1.0]]}, "finger4joint3": {"matrix": [[0.34730473160743713, -0.9293859601020813, -0.1249840185046196, -1.816744089126587], [-0.2998475134372711, -0.23634393513202667, 0.9242469072341919, 0.652965784072876], [-0.8885214924812317, -0.2835192084312439, -0.360757440328598, -0.04850580543279648], [0.0, 0.0, 0.0, 1.0]]}}