{"root": {"matrix": [[0.6329772472381592, -0.21267536282539368, 0.7443849444389343, 0.0], [0.13815529644489288, 0.9771227836608887, 0.1616915762424469, 5.960464477539063e-08], [-0.7617433071136475, 0.0004937082412652671, 0.6478787660598755, 0.0], [0.0, 0.0, 0.0, 1.0]]}, "carpals": {"matrix": [[-0.177387073636055, -0.8883913159370422, -0.42343151569366455, 1.1396028995513916], [-0.2131287008523941, -0.3853663504123688, 0.8978133201599121, 1.250679850578308], [-0.9607861042022705, 0.24950580298900604, -0.12098266929388046, -1.795017957687378], [0.0, 0.0, 0.0, 1.0]]}, "metacarpals": {"matrix": [[-0.3413332998752594, -0.9297260642051697, -0.13820502161979675, 0.2743152379989624], [-0.4815395474433899, 0.04669259488582611, 0.8751795291900635, 0.8753353953361511], [-0.8072243928909302, 0.36527910828590393, -0.4636376202106476, -1.5520009994506836], [0.0, 0.0, 0.0, 1.0]]}, "finger5joint1": {"matrix": [[-0.28645017743110657, -0.9546208381652832, 0.08151571452617645, -0.13950574398040771], [-0.5110316276550293, 0.22420156002044678, 0.8298072814941406, 0.6264546513557434], [-0.8104276657104492, 0.1960413157939911, -0.5520641207695007, -1.0111817121505737], [0.0, 0.0, 0.0, 1.0]]}, "finger5joint2": {"matrix": [[0.3251131772994995, -0.9443451762199402, 0.050126366317272186, -1.1478452682495117], [0.8010702729225159, 0.3031827211380005, 0.5161067843437195, 0.8632725477218628], [-0.5025805234909058, -0.12763845920562744, 0.85505610704422, -0.8041086196899414], [0.0, 0.0, 0.0, 1.0]]}, "finger5joint3": {"matrix": [[0.2322787493467331, -0.9602699875831604, -0.15468434989452362, -1.796926736831665], [0.7962415218353271, 0.09639466553926468, 0.5972495675086975, 1.0716606378555298], [-0.5586102604866028, -0.26189470291137695, 0.7869977355003357, -0.8918390274047852], [0.0, 0.0, 0.0, 1.0]]}, "Bone": {"matrix": [[0.8741612434387207, -0.4648017883300781, -0.1407158225774765, -1.1772453784942627], [-0.1943586766719818, -0.6003828644752502, 0.775735080242157, 0.9482355117797852], [-0.44504642486572266, -0.6507685780525208, -0.6151698231697083, -0.981698751449585], [0.0, 0.0, 0.0, 1.0]]}, "finger1joint1": {"matrix": [[-0.06759215146303177, -0.7263468503952026, -0.6839964389801025, -1.5640475749969482], [-0.3783007264137268, -0.6157137751579285, 0.6912198662757874, 0.4486042857170105], [-0.9232116937637329, 0.3054772913455963, -0.23316021263599396, -1.5232603549957275], [0.0, 0.0, 0.0, 1.0]]}, "finger1joint2": {"matrix": [[0.15840588510036469, -0.49000710248947144, -0.8572048544883728, -1.9745631217956543], [-0.5583944320678711, -0.7604562044143677, 0.3315146267414093, 0.1006162166595459], [-0.8143115639686584, 0.4261445105075836, -0.3940781354904175, -1.3506112098693848], [0.0, 0.0, 0.0, 1.0]]}, "finger1joint3": {"matrix": [[0.08864948153495789, -0.06432349979877472, -0.9939835667610168, -2.1846210956573486], [-0.4936733543872833, -0.8695611953735352, 0.012243019416928291, -0.2253788709640503], [-0.8651173710823059, 0.48961785435676575, -0.10884111374616623, -1.167930006980896], [0.0, 0.0, 0.0, 1.0]]}, "Bone.001": {"matrix": [[0.6422966718673706, -0.7651165723800659, 0.04528927430510521, -1.1772453784942627], [-0.2930963635444641, -0.1905899941921234, 0.9368936419487, 0.9482355117797852], [-0.7082012891769409, -0.6150380969047546, -0.3466682434082031, -0.9816988110542297], [0.0, 0.0, 0.0, 1.0]]}, "finger2joint1": {"matrix": [[-0.2196606695652008, -0.950553297996521, 0.21953843533992767, -1.6622403860092163], [-0.5027774572372437, 0.30314990878105164, 0.809515118598938, 0.8274235725402832], [-0.8360406160354614, 0.06743957847356796, -0.5445069670677185, -1.3715614080429077], [0.0, 0.0, 0.0, 1.0]]}, "finger2joint2": {"matrix": [[-0.3240649998188019, -0.23555956780910492, -0.91623854637146, -2.4846105575561523], [-0.5459522008895874, -0.7443884015083313, 0.3844761252403259, 1.089693546295166], [-0.772604763507843, 0.6248177886009216, 0.11262586712837219, -1.3132160902023315], [0.0, 0.0, 0.0, 1.0]]}, "finger2joint3": {"matrix": [[-0.26577091217041016, 0.8337603211402893, -0.4839513897895813, -2.5740325450897217], [-0.6598842740058899, -0.5233044028282166, -0.5391706824302673, 0.8071114420890808], [-0.702793300151825, 0.1760561764240265, 0.6892645359039307, -1.0760250091552734], [0.0, 0.0, 0.0, 1.0]]}, "Bone.002": {"matrix": [[-0.07390157878398895, -0.9844753742218018, 0.15920528769493103, -1.1772452592849731], [-0.35767829418182373, 0.17518624663352966, 0.9172654747962952, 0.9482355117797852], [-0.9309161305427551, 0.010842992924153805, -0.36507201194763184, -0.981698751449585], [0.0, 0.0, 0.0, 1.0]]}, "finger3joint1": {"matrix": [[-0.19381040334701538, -0.8972304463386536, -0.39675503969192505, -1.5922114849090576], [-0.4704538583755493, -0.2698867917060852, 0.8401393890380859, 1.022078275680542], [-0.860878050327301, 0.3494826555252075, -0.3697986900806427, -0.9771283864974976], [0.0, 0.0, 0.0, 1.0]]}, "finger3joint2": {"matrix": [[-0.3177053928375244, 0.030378442257642746, -0.9477025270462036, -2.3792455196380615], [-0.5394432544708252, -0.8277620077133179, 0.15430794656276703, 0.7853385806083679], [-0.7797848582267761, 0.5602562427520752, 0.27937188744544983, -0.670568585395813], [0.0, 0.0, 0.0, 1.0]]}, "finger3joint3": {"matrix": [[-0.15190723538398743, 0.5080879926681519, -0.8478032350540161, -2.359588384628296], [-0.5981048345565796, -0.7301391363143921, -0.3304049074649811, 0.2497100979089737], [-0.7868894338607788, 0.4568844735622406, 0.41480329632759094, -0.3080378770828247], [0.0, 0.0, 0.0, 1.0]]}, "Bone.003": {"matrix": [[-0.47000402212142944, -0.30091071128845215, 0.829788327217102, -1.1772453784942627], [0.3450965881347656, 0.8026208877563477, 0.4865264892578125, 0.9482355117797852], [-0.812406599521637, 0.5150266885757446, -0.2733917236328125, -0.9816988110542297], [0.0, 0.0, 0.0, 1.0]]}, "finger4joint1": {"matrix": [[-0.219581738114357, -0.9607527852058411, -0.16952085494995117, -1.3062214851379395], [-0.4838135838508606, -0.043651629239320755, 0.8740816116333008, 1.2922545671463013], [-0.8471766114234924, 0.27394887804985046, -0.45524024963378906, -0.7609483003616333], [0.0, 0.0, 0.0, 1.0]]}, "finger4joint2": {"matrix": [[-0.2447800189256668, -0.18784287571907043, -0.951208233833313, -2.260593891143799], [-0.4677181839942932, -0.8364818692207336, 0.28554767370224, 1.2488926649093628], [-0.8493069410324097, 0.514793872833252, 0.11689650267362595, -0.4888187348842621], [0.0, 0.0, 0.0, 1.0]]}, "finger4joint3": {"matrix": [[-0.2143770456314087, 0.40373215079307556, -0.8894054889678955, -2.3389363288879395], [-0.40069299936294556, -0.8667795062065125, -0.29688066244125366, 0.9000271558761597], [-0.8907790780067444, 0.2927342653274536, 0.3475903272628784, -0.2741173207759857], [0.0, 0.0, 0.0, 1.0]]}}