{"root": {"matrix": [[0.678824245929718, -0.4177683889865875, 0.6038768291473389, -2.9802322387695312e-08], [0.3856724798679352, 0.9026633501052856, 0.19093360006809235, 0.0], [-0.6248634457588196, 0.10328837484121323, 0.7738715410232544, 0.0], [0.0, 0.0, 0.0, 1.0]]}, "carpals": {"matrix": [[-0.04472542181611061, -0.7937799692153931, -0.6065580248832703, 1.058333158493042], [-0.2185746282339096, -0.5846791863441467, 0.7812650799751282, 1.7342637777328491], [-0.9747946858406067, 0.16752055287361145, -0.14735014736652374, -1.3990156650543213], [0.0, 0.0, 0.0, 1.0]]}, "metacarpals": {"matrix": [[-0.15517134964466095, -0.9637486934661865, -0.2170480340719223, 0.28519630432128906], [-0.5870401263237, -0.08675409853458405, 0.8048958778381348, 1.1647899150848389], [-0.794547438621521, 0.25231269001960754, -0.5522975325584412, -1.235851526260376], [0.0, 0.0, 0.0, 1.0]]}, "finger5joint1": {"matrix": [[-0.3767763078212738, -0.9172447919845581, -0.12923267483711243, -0.14827197790145874], [-0.5836541056632996, 0.12674495577812195, 0.802049458026886, 0.8871793746948242], [-0.7192964553833008, 0.37762051820755005, -0.5831083059310913, -0.7252513766288757], [0.0, 0.0, 0.0, 1.0]]}, "finger5joint2": {"matrix": [[0.012519187293946743, -0.9697465896606445, 0.24379053711891174, -1.1171320676803589], [0.8110801577568054, 0.15243986248970032, 0.5647217035293579, 1.0210565328598022], [-0.5848006010055542, 0.1906638890504837, 0.7884511947631836, -0.3263813257217407], [0.0, 0.0, 0.0, 1.0]]}, "finger5joint3": {"matrix": [[-0.09150728583335876, -0.9947164058685303, 0.04652762413024902, -1.7836730480194092], [0.7894432544708252, -0.043985750526189804, 0.6122450828552246, 1.1258337497711182], [-0.6069638729095459, 0.09275580942630768, 0.7892977595329285, -0.19533133506774902], [0.0, 0.0, 0.0, 1.0]]}, "Bone": {"matrix": [[0.9430753588676453, -0.27673882246017456, -0.18445618450641632, -1.2194831371307373], [-0.07334940135478973, -0.7140384912490845, 0.6962532997131348, 1.0293426513671875], [-0.32438918948173523, -0.6430898904800415, -0.693690836429596, -0.8419215083122253], [0.0, 0.0, 0.0, 1.0]]}, "finger1joint1": {"matrix": [[0.1750585287809372, -0.7798604965209961, -0.6009755730628967, -1.4497816562652588], [-0.4140053987503052, -0.6121203899383545, 0.6737269163131714, 0.4351285696029663], [-0.8932827115058899, 0.13086538016796112, -0.4300234615802765, -1.377092957496643], [0.0, 0.0, 0.0, 1.0]]}, "finger1joint2": {"matrix": [[0.3652799725532532, -0.5827600359916687, -0.7259206771850586, -1.890541911125183], [-0.5871425867080688, -0.749363899230957, 0.30613264441490173, 0.0891713798046112], [-0.7223808765411377, 0.3143947720527649, -0.6158910393714905, -1.3031305074691772], [0.0, 0.0, 0.0, 1.0]]}, "finger1joint3": {"matrix": [[0.31101834774017334, -0.18801109492778778, -0.9316216707229614, -2.1403613090515137], [-0.5252317190170288, -0.8509514927864075, -0.003615465946495533, -0.23206859827041626], [-0.7920854687690735, 0.4904417097568512, -0.3634110689163208, -1.1683547496795654], [0.0, 0.0, 0.0, 1.0]]}, "Bone.001": {"matrix": [[0.7651009559631348, -0.6409128904342651, -0.06205403432250023, -1.2194830179214478], [-0.22794225811958313, -0.359713077545166, 0.9047919511795044, 1.029342532157898], [-0.6022146344184875, -0.6781127452850342, -0.4213080406188965, -0.841921329498291], [0.0, 0.0, 0.0, 1.0]]}, "finger2joint1": {"matrix": [[-0.02901752106845379, -0.9384998679161072, 0.34405747056007385, -1.6257472038269043], [-0.5892475247383118, 0.2940974533557892, 0.7525249123573303, 0.801326334476471], [-0.8074312210083008, -0.18089871108531952, -0.561542809009552, -1.271765947341919], [0.0, 0.0, 0.0, 1.0]]}, "finger2joint2": {"matrix": [[-0.1454392522573471, -0.2898593544960022, -0.9459537267684937, -2.4376893043518066], [-0.6272484660148621, -0.712393045425415, 0.3147304356098175, 1.0557644367218018], [-0.7651188373565674, 0.6391223073005676, -0.07820399850606918, -1.4282703399658203], [0.0, 0.0, 0.0, 1.0]]}, "finger2joint3": {"matrix": [[-0.09261617809534073, 0.7780449390411377, -0.6213434934616089, -2.547724723815918], [-0.730414867401123, -0.47718673944473267, -0.48865798115730286, 0.7853283286094666], [-0.6766950488090515, 0.40858107805252075, 0.6124909520149231, -1.185649037361145], [0.0, 0.0, 0.0, 1.0]]}, "Bone.002": {"matrix": [[0.10239684581756592, -0.9932253360748291, 0.05493473634123802, -1.2194830179214478], [-0.4284040331840515, 0.00580956693738699, 0.9035685062408447, 1.029342532157898], [-0.897766649723053, -0.1160569116473198, -0.4249069094657898, -0.8419214487075806], [0.0, 0.0, 0.0, 1.0]]}, "finger3joint1": {"matrix": [[0.057689495384693146, -0.9102920889854431, -0.40992656350135803, -1.6381375789642334], [-0.5347318649291992, -0.3749174475669861, 0.7572969198226929, 1.0317914485931396], [-0.8430504202842712, 0.17551270127296448, -0.5083910226821899, -0.8908405303955078], [0.0, 0.0, 0.0, 1.0]]}, "finger3joint2": {"matrix": [[-0.07111560553312302, 0.06406954675912857, -0.9954081177711487, -2.436628818511963], [-0.6162576079368591, -0.7875163555145264, -0.006660684011876583, 0.7029207348823547], [-0.7843272686004639, 0.6129542589187622, 0.09548802673816681, -0.7368840575218201], [0.0, 0.0, 0.0, 1.0]]}, "finger3joint3": {"matrix": [[0.10055673122406006, 0.6172724962234497, -0.7802964448928833, -2.3951706886291504], [-0.6446634531021118, -0.5569444298744202, -0.5236619114875793, 0.19333438575267792], [-0.7578242421150208, 0.5556865334510803, 0.34192851185798645, -0.34025347232818604], [0.0, 0.0, 0.0, 1.0]]}, "Bone.003": {"matrix": [[-0.4129401445388794, -0.4881642460823059, 0.7688795328140259, -1.2194828987121582], [0.20338848233222961, 0.7734712362289429, 0.6003127098083496, 1.029342532157898], [-0.8877575397491455, 0.4042746126651764, -0.22011034190654755, -0.8419214487075806], [0.0, 0.0, 0.0, 1.0]]}, "finger4joint1": {"matrix": [[-0.0014495305949822068, -0.9729228615760803, -0.23112420737743378, -1.4287197589874268], [-0.566696047782898, -0.18963028490543365, 0.8018077611923218, 1.3608673810958862], [-0.8239256143569946, 0.13213947415351868, -0.5510767698287964, -0.6686415076255798], [0.0, 0.0, 0.0, 1.0]]}, "finger4joint2": {"matrix": [[-0.028214380145072937, -0.07783039659261703, -0.9965669512748718, -2.39518141746521], [-0.5553052425384521, -0.8277539610862732, 0.08036807924509048, 1.1724964380264282], [-0.8311676979064941, 0.5556666254997253, -0.019865086302161217, -0.5373795032501221], [0.0, 0.0, 0.0, 1.0]]}, "finger4joint3": {"matrix": [[-0.007065554615110159, 0.6300967931747437, -0.7764840126037598, -2.4276413917541504], [-0.4856915771961212, -0.6809224486351013, -0.5481313467025757, 0.8272709846496582], [-0.8741015791893005, 0.373259037733078, 0.31084391474723816, -0.3056316077709198], [0.0, 0.0, 0.0, 1.0]]}}