{"root": {"matrix": [[0.45825713872909546, -0.7033414840698242, -0.5434253811836243, 0.0], [0.013936013914644718, 0.6170117855072021, -0.7868305444717407, -5.960464477539063e-08], [0.8887103796005249, 0.3529975712299347, 0.29255178570747375, 2.9802322387695312e-08], [0.0, 0.0, 0.0, 1.0]]}, "carpals": {"matrix": [[0.8312622904777527, -0.555327296257019, 0.0247882641851902, 0.4089898467063904], [-0.2672470510005951, -0.3601420521736145, 0.8937989473342896, 0.723917543888092], [-0.48742368817329407, -0.7496059536933899, -0.44778192043304443, 2.3224246501922607], [0.0, 0.0, 0.0, 1.0]]}, "metacarpals": {"matrix": [[0.08005423098802567, -0.4850541353225708, 0.8708120584487915, -0.13189560174942017], [-0.9958550333976746, -0.0010809183586388826, 0.0909474566578865, 0.373141348361969], [-0.04317334294319153, -0.8744832277297974, -0.4831301271915436, 1.5923129320144653], [0.0, 0.0, 0.0, 1.0]]}, "finger5joint1": {"matrix": [[-0.1383504420518875, -0.6398290991783142, 0.7559614777565002, -0.7809715867042542], [-0.8851655721664429, 0.4222590923309326, 0.1953943818807602, 0.5098501443862915], [-0.44423070549964905, -0.6421180367469788, -0.6247743964195251, 1.2995916604995728], [0.0, 0.0, 0.0, 1.0]]}, "finger5joint2": {"matrix": [[0.7674824595451355, -0.6408777236938477, -0.015682091936469078, -1.4568054676055908], [0.20359201729297638, 0.22046948969364166, 0.9539093971252441, 0.9558706879615784], [-0.607882022857666, -0.7353013157844543, 0.29968419671058655, 0.6213401556015015], [0.0, 0.0, 0.0, 1.0]]}, "finger5joint3": {"matrix": [[0.7039955854415894, -0.7001383304595947, -0.11914724856615067, -1.8973032236099243], [0.17045807838439941, 0.003712219651788473, 0.9853577017784119, 1.1074070930480957], [-0.6894444823265076, -0.7139970660209656, 0.12195779383182526, 0.11594179272651672], [0.0, 0.0, 0.0, 1.0]]}, "Bone": {"matrix": [[0.41619303822517395, -0.14169137179851532, 0.8981685638427734, -0.8891998529434204], [-0.16045062243938446, -0.9837278127670288, -0.08083924651145935, 0.37145373225212097], [0.8950075507164001, -0.11046715825796127, -0.43215516209602356, 0.2270018458366394], [0.0, 0.0, 0.0, 1.0]]}, "finger1joint1": {"matrix": [[0.16220101714134216, -0.7705658674240112, 0.6163756251335144, -1.0071136951446533], [-0.9850490689277649, -0.16318753361701965, 0.055208660662174225, -0.44719240069389343], [0.05804268270730972, -0.6161150336265564, -0.7855143547058105, 0.13507241010665894], [0.0, 0.0, 0.0, 1.0]]}, "finger1joint2": {"matrix": [[-0.017782017588615417, -0.9910882711410522, 0.1320144385099411, -1.442620873451233], [-0.9516229033470154, -0.02373247779905796, -0.3063504695892334, -0.5394224524497986], [0.30675315856933594, -0.13107538223266602, -0.9427201747894287, -0.21314245462417603], [0.0, 0.0, 0.0, 1.0]]}, "finger1joint3": {"matrix": [[0.03205101564526558, -0.951009213924408, -0.3074965476989746, -1.8674840927124023], [-0.9762407541275024, 0.03617864474654198, -0.2136472910642624, -0.5495961904525757], [0.21430516242980957, 0.3070383071899414, -0.9272541999816895, -0.26933231949806213], [0.0, 0.0, 0.0, 1.0]]}, "Bone.001": {"matrix": [[0.44654107093811035, 0.031391777098178864, 0.8942121863365173, -0.8891997933387756], [-0.49213171005249023, -0.8260247707366943, 0.27475297451019287, 0.37145376205444336], [0.7472662925720215, -0.5627588033676147, -0.35340505838394165, 0.2270018309354782], [0.0, 0.0, 0.0, 1.0]]}, "finger2joint1": {"matrix": [[0.27073925733566284, -0.6380812525749207, 0.7207998633384705, -0.8693010807037354], [-0.9426743388175964, -0.3274848759174347, 0.0641745999455452, -0.15214985609054565], [0.1951022446155548, -0.6968541741371155, -0.6901658773422241, -0.1297217607498169], [0.0, 0.0, 0.0, 1.0]]}, "finger2joint2": {"matrix": [[0.14415286481380463, -0.8471423387527466, 0.51143878698349, -1.42133629322052], [-0.970306932926178, -0.22244982421398163, -0.09497542679309845, -0.4354730248451233], [0.19422698020935059, -0.48256152868270874, -0.854054868221283, -0.732604444026947], [0.0, 0.0, 0.0, 1.0]]}, "finger2joint3": {"matrix": [[-0.00024248723639175296, -0.9859127998352051, 0.16725921630859375, -1.7429254055023193], [-0.9770243167877197, -0.03541390970349312, -0.21016433835029602, -0.5199186205863953], [0.21312680840492249, -0.1634671986103058, -0.9632522463798523, -0.91579270362854], [0.0, 0.0, 0.0, 1.0]]}, "Bone.002": {"matrix": [[0.3278292715549469, -0.18279162049293518, 0.926884651184082, -0.8891997933387756], [-0.9329619407653809, -0.2170569747686386, 0.28717276453971863, 0.37145373225212097], [0.14869382977485657, -0.9588916301727295, -0.24169526994228363, 0.2270018756389618], [0.0, 0.0, 0.0, 1.0]]}, "finger3joint1": {"matrix": [[0.2714153826236725, -0.6256762146949768, 0.7313432097434998, -0.9662483334541321], [-0.936713457107544, -0.3463093936443329, 0.05135876312851906, 0.27996206283569336], [0.2211368978023529, -0.6989984512329102, -0.6800729632377625, -0.17718064785003662], [0.0, 0.0, 0.0, 1.0]]}, "finger3joint2": {"matrix": [[0.14048954844474792, -0.8492804169654846, -0.5089060664176941, -1.5150799751281738], [-0.9809666872024536, -0.04981287568807602, -0.18767794966697693, -0.023814145475625992], [0.1340409815311432, 0.5255866646766663, -0.8401138782501221, -0.790329098701477], [0.0, 0.0, 0.0, 1.0]]}, "finger3joint3": {"matrix": [[0.18175676465034485, -0.39813485741615295, -0.8991401791572571, -2.0646324157714844], [-0.936681866645813, 0.2082263082265854, -0.2815471887588501, -0.05604708194732666], [0.29931822419166565, 0.8933814167976379, -0.33507898449897766, -0.4502323865890503], [0.0, 0.0, 0.0, 1.0]]}, "Bone.003": {"matrix": [[0.6237801313400269, 0.1388367861509323, 0.7691701650619507, -0.8891997933387756], [-0.5798870921134949, 0.7420293688774109, 0.33633801341056824, 0.37145373225212097], [-0.524050772190094, -0.6558326482772827, 0.5433727502822876, 0.2270018309354782], [0.0, 0.0, 0.0, 1.0]]}, "finger4joint1": {"matrix": [[0.07295090705156326, -0.7860621809959412, 0.6138275861740112, -0.8296916484832764], [-0.9962712526321411, -0.029011765494942665, 0.08125057816505432, 0.689501941204071], [-0.04605988785624504, -0.6174659729003906, -0.7852475047111511, -0.054100751876831055], [0.0, 0.0, 0.0, 1.0]]}, "finger4joint2": {"matrix": [[0.06675220280885696, -0.9058172702789307, -0.4183765649795532, -1.6105334758758545], [-0.9949196577072144, -0.09209595620632172, 0.04065479710698128, 0.6606828570365906], [-0.07535669952630997, 0.4135373532772064, -0.9073629975318909, -0.6674661636352539], [0.0, 0.0, 0.0, 1.0]]}, "finger4joint3": {"matrix": [[0.14793123304843903, -0.4914936423301697, -0.8582249879837036, -1.988316297531128], [-0.9843086004257202, -0.15756715834140778, -0.07942759990692139, 0.6222730875015259], [-0.09619001299142838, 0.8565081357955933, -0.5070904493331909, -0.4949950575828552], [0.0, 0.0, 0.0, 1.0]]}}