{"root": {"matrix": [[0.34308040142059326, -0.9010894894599915, 0.2652047872543335, 0.0], [0.3907530903816223, -0.11983554065227509, -0.9126617312431335, 0.0], [0.8541709184646606, 0.4167459309101105, 0.31099021434783936, 0.0], [0.0, 0.0, 0.0, 1.0]]}, "carpals": {"matrix": [[-0.33010730147361755, -0.47982680797576904, -0.8128930926322937, -0.1359497308731079], [0.9362615346908569, -0.27607688307762146, -0.2172459065914154, 0.8689881563186646], [-0.12018042057752609, -0.8327949643135071, 0.5403784513473511, 2.3046393394470215], [0.0, 0.0, 0.0, 1.0]]}, "metacarpals": {"matrix": [[-0.4136037826538086, -0.6778038144111633, -0.6078763604164124, -0.6032981872558594], [0.9097563624382019, -0.33386367559432983, -0.2467353790998459, 0.6000909805297852], [-0.03570951148867607, -0.6550700068473816, 0.7547236084938049, 1.4935022592544556], [0.0, 0.0, 0.0, 1.0]]}, "finger5joint1": {"matrix": [[-0.6259703636169434, -0.5598143339157104, -0.5429260730743408, -0.6674661636352539], [0.7373300194740295, -0.6515914797782898, -0.17824982106685638, 0.3514330983161926], [-0.25397902727127075, -0.5118947625160217, 0.8206448554992676, 0.815470814704895], [0.0, 0.0, 0.0, 1.0]]}, "finger5joint2": {"matrix": [[-0.3575768768787384, -0.8812820911407471, 0.3089982569217682, -1.2587826251983643], [-0.11470512300729752, -0.28692319989204407, -0.9510613083839417, -0.336824893951416], [0.9268122315406799, -0.3755210340023041, 0.0015093738911673427, 0.2747705280780792], [0.0, 0.0, 0.0, 1.0]]}, "finger5joint3": {"matrix": [[-0.45475462079048157, -0.8894229531288147, 0.046091798692941666, -1.8645185232162476], [-0.08845538645982742, -0.006391317117959261, -0.9960594773292542, -0.5340372920036316], [0.8862128853797913, -0.45703959465026855, -0.0757678672671318, 0.016661763191223145], [0.0, 0.0, 0.0, 1.0]]}, "Bone": {"matrix": [[0.6547338962554932, -0.4183032810688019, -0.6295598745346069, -1.6615381240844727], [0.4900369644165039, 0.8690605759620667, -0.06780457496643066, 0.07883709669113159], [0.5754885077476501, -0.26411351561546326, 0.7739874720573425, 0.47075599431991577], [0.0, 0.0, 0.0, 1.0]]}, "finger1joint1": {"matrix": [[-0.21299263834953308, -0.40275147557258606, -0.890182614326477, -2.0096449851989746], [0.9250861406326294, 0.2100490778684616, -0.31637781858444214, 0.8020585775375366], [0.3144037425518036, -0.8908816576004028, 0.32784101366996765, 0.2509639859199524], [0.0, 0.0, 0.0, 1.0]]}, "finger1joint2": {"matrix": [[0.07624161243438721, -0.1108749508857727, -0.9909055233001709, -2.237271547317505], [0.9730969071388245, 0.22497226297855377, 0.049698714166879654, 0.9207736849784851], [0.2174159586429596, -0.9680361151695251, 0.12504443526268005, -0.25254300236701965], [0.0, 0.0, 0.0, 1.0]]}, "finger1joint3": {"matrix": [[-0.020486267283558846, 0.32810574769973755, -0.944418728351593, -2.284801483154297], [0.9642150402069092, 0.25622591376304626, 0.06810123473405838, 1.017215609550476], [0.2643290162086487, -0.9092274904251099, -0.3216134309768677, -0.6675242185592651], [0.0, 0.0, 0.0, 1.0]]}, "Bone.001": {"matrix": [[0.39552226662635803, -0.8113901615142822, -0.43035778403282166, -1.6615378856658936], [0.7435197830200195, 0.5579470992088318, -0.36860984563827515, 0.07883703708648682], [0.5392032861709595, -0.17418599128723145, 0.8239651322364807, 0.47075599431991577], [0.0, 0.0, 0.0, 1.0]]}, "finger2joint1": {"matrix": [[-0.2291353940963745, -0.5419367551803589, -0.8085797429084778, -2.1758649349212646], [0.9506092071533203, 0.05409465730190277, -0.30563974380493164, 0.4325106143951416], [0.20937736332416534, -0.8386762142181396, 0.5027751922607422, 0.3603423833847046], [0.0, 0.0, 0.0, 1.0]]}, "finger2joint2": {"matrix": [[-0.2014971822500229, 0.1859515905380249, -0.9616759419441223, -2.644721031188965], [0.9757665395736694, 0.1236245334148407, -0.18054521083831787, 0.4793105721473694], [0.08531419932842255, -0.9747504591941833, -0.20635519921779633, -0.3652375042438507], [0.0, 0.0, 0.0, 1.0]]}, "finger2joint3": {"matrix": [[-0.09209931641817093, 0.8342390060424805, -0.5436567068099976, -2.5741307735443115], [0.9957094788551331, 0.07224735617637634, -0.05781692638993263, 0.5262404084205627], [-0.0089552728459239, -0.546649158000946, -0.8373135328292847, -0.735268771648407], [0.0, 0.0, 0.0, 1.0]]}, "Bone.002": {"matrix": [[-0.27553170919418335, -0.9019421935081482, -0.3325391411781311, -1.6615381240844727], [0.9276739954948425, -0.15879566967487335, -0.33794230222702026, 0.0788370817899704], [0.25199878215789795, -0.40160155296325684, 0.8804615139961243, 0.47075599431991577], [0.0, 0.0, 0.0, 1.0]]}, "finger3joint1": {"matrix": [[-0.2732788026332855, -0.7692026495933533, -0.5776207447052002, -2.0417158603668213], [0.9565311670303345, -0.1537380814552307, -0.24781636893749237, 0.011903122067451477], [0.10181886702775955, -0.620235025882721, 0.7777795791625977, 0.3014768958091736], [0.0, 0.0, 0.0, 1.0]]}, "finger3joint2": {"matrix": [[-0.3688530921936035, 0.3737833797931671, -0.8510189652442932, -2.7164461612701416], [0.929072380065918, 0.12089448422193527, -0.34958431124687195, -0.12295308709144592], [-0.02778509631752968, -0.9196032881736755, -0.3918639123439789, -0.2425817847251892], [0.0, 0.0, 0.0, 1.0]]}, "finger3joint3": {"matrix": [[-0.2014835923910141, 0.8614378571510315, -0.4661855101585388, -2.4745781421661377], [0.9794663786888123, 0.17375347018241882, -0.10225237160921097, -0.044724658131599426], [-0.007082545198500156, -0.47721534967422485, -0.878757655620575, -0.8376389741897583], [0.0, 0.0, 0.0, 1.0]]}, "Bone.003": {"matrix": [[-0.8268659710884094, -0.3603381812572479, 0.43179717659950256, -1.6615381240844727], [0.3557058870792389, -0.9297822117805481, -0.09475493431091309, 0.07883712649345398], [0.4356212317943573, 0.07524312287569046, 0.896979570388794, 0.47075602412223816], [0.0, 0.0, 0.0, 1.0]]}, "finger4joint1": {"matrix": [[-0.5749120116233826, -0.40869611501693726, -0.7088322639465332, -1.815985918045044], [0.7769871354103088, -0.5442240834236145, -0.3164033889770508, -0.31968557834625244], [-0.2564505636692047, -0.7326577305793762, 0.630432665348053, 0.5030066967010498], [0.0, 0.0, 0.0, 1.0]]}, "finger4joint2": {"matrix": [[-0.5977098941802979, -0.08670520037412643, -0.7970097661018372, -2.221968173980713], [0.7580528259277344, -0.3847120404243469, -0.5266425013542175, -0.8602955341339111], [-0.26095640659332275, -0.9189550876617432, 0.2956734597682953, -0.2247854769229889], [0.0, 0.0, 0.0, 1.0]]}, "finger4joint3": {"matrix": [[-0.5767104625701904, 0.0945754274725914, -0.811455488204956, -2.258129596710205], [0.7950314879417419, -0.16355812549591064, -0.5841005444526672, -1.0207446813583374], [-0.18796148896217346, -0.9819896817207336, 0.01913534663617611, -0.6080474853515625], [0.0, 0.0, 0.0, 1.0]]}}