{"root": {"matrix": [[0.1651357263326645, -0.9569570422172546, -0.2386700063943863, 0.0], [-0.24976582825183868, 0.19352762401103973, -0.948769748210907, 1.4901161193847656e-08], [0.9541211724281311, 0.21628740429878235, -0.2070569097995758, 1.4901161193847656e-08], [0.0, 0.0, 0.0, 1.0]]}, "carpals": {"matrix": [[0.7903915643692017, -0.4763883948326111, -0.38514289259910583, -0.5364023447036743], [0.3554840683937073, -0.15535113215446472, 0.9216815233230591, -0.26874420046806335], [-0.49891072511672974, -0.8654016256332397, 0.04656048119068146, 2.392704486846924], [0.0, 0.0, 0.0, 1.0]]}, "metacarpals": {"matrix": [[0.4766264855861664, -0.5161251425743103, 0.7116472721099854, -1.0004017353057861], [-0.5768946409225464, 0.42719566822052, 0.6962012648582458, -0.4200552701950073], [-0.6633397936820984, -0.7423734068870544, -0.09413692355155945, 1.549808382987976], [0.0, 0.0, 0.0, 1.0]]}, "finger5joint1": {"matrix": [[0.3781181871891022, -0.30551740527153015, 0.8738910555839539, -1.6713186502456665], [-0.5404753088951111, 0.6935442686080933, 0.47632184624671936, -0.36143720149993896], [-0.7516069412231445, -0.6524223685264587, 0.09711715579032898, 1.2812769412994385], [0.0, 0.0, 0.0, 1.0]]}, "finger5joint2": {"matrix": [[0.884817898273468, -0.16012294590473175, -0.43755868077278137, -1.9940283298492432], [0.3992929756641388, 0.7445628046989441, 0.5349681377410889, 0.3711344599723816], [0.24012932181358337, -0.6480631828308105, 0.7227386832237244, 0.5921412706375122], [0.0, 0.0, 0.0, 1.0]]}, "finger5joint3": {"matrix": [[0.888746976852417, -0.1642722338438034, -0.4279521405696869, -2.104086399078369], [0.4369976222515106, 0.5855433940887451, 0.6827675104141235, 0.8828984498977661], [0.13842488825321198, -0.7938215136528015, 0.5921868085861206, 0.14670468866825104], [0.0, 0.0, 0.0, 1.0]]}, "Bone": {"matrix": [[0.5214951634407043, 0.2644181251525879, 0.8112494349479675, -1.8062162399291992], [-0.5685076117515564, -0.6013134717941284, 0.5614453554153442, 0.2469157874584198], [0.6362714171409607, -0.7539927959442139, -0.16325825452804565, 0.3907575011253357], [0.0, 0.0, 0.0, 1.0]]}, "finger1joint1": {"matrix": [[0.8675861954689026, -0.3612135648727417, 0.3417876362800598, -1.5861709117889404], [-0.48827627301216125, -0.48852628469467163, 0.7231376767158508, -0.2534898817539215], [-0.09423509985208511, -0.7942712306976318, -0.6002104878425598, -0.23670604825019836], [0.0, 0.0, 0.0, 1.0]]}, "finger1joint2": {"matrix": [[0.7293807864189148, -0.5067795515060425, 0.4595412015914917, -1.7903207540512085], [-0.6753873229026794, -0.6403436660766602, 0.36580294370651245, -0.529594361782074], [0.10888264328241348, -0.5771781206130981, -0.8093267679214478, -0.6856109499931335], [0.0, 0.0, 0.0, 1.0]]}, "finger1joint3": {"matrix": [[0.79026859998703, -0.5967087149620056, 0.1393347829580307, -2.007568836212158], [-0.6109196543693542, -0.7848672866821289, 0.10373227298259735, -0.8040991425514221], [0.047461166977882385, -0.16709889471530914, -0.9847970008850098, -0.9330377578735352], [0.0, 0.0, 0.0, 1.0]]}, "Bone.001": {"matrix": [[0.6719925403594971, 0.31773051619529724, 0.6689342856407166, -1.8062163591384888], [-0.6679925322532654, -0.12989383935928345, 0.7327435612678528, 0.2469157576560974], [0.3197053372859955, -0.9392415285110474, 0.12495410442352295, 0.3907575011253357], [0.0, 0.0, 0.0, 1.0]]}, "finger2joint1": {"matrix": [[0.8359495997428894, -0.09137363731861115, 0.541145920753479, -1.6048120260238647], [-0.5480512976646423, -0.19068168103694916, 0.8144199848175049, 0.16457818448543549], [0.028769977390766144, -0.977389931678772, -0.20947757363319397, -0.20461231470108032], [0.0, 0.0, 0.0, 1.0]]}, "finger2joint2": {"matrix": [[0.7706606984138489, -0.5818030834197998, 0.25997525453567505, -1.6838639974594116], [-0.6359572410583496, -0.6762599349021912, 0.3717937767505646, -0.0003898441791534424], [-0.04050006344914436, -0.45186010003089905, -0.8911687731742859, -1.0502002239227295], [0.0, 0.0, 0.0, 1.0]]}, "finger2joint3": {"matrix": [[0.6725106239318848, -0.6430040597915649, -0.36643558740615845, -1.9047260284423828], [-0.7399855256080627, -0.5924191474914551, -0.31852877140045166, -0.25710925459861755], [-0.012268353253602982, 0.485370934009552, -0.8742219805717468, -1.221733808517456], [0.0, 0.0, 0.0, 1.0]]}, "Bone.002": {"matrix": [[0.6925954222679138, -0.16053032875061035, 0.70323646068573, -1.8062163591384888], [-0.5808119773864746, 0.45402082800865173, 0.6756644248962402, 0.2469157576560974], [-0.42774882912635803, -0.8764100670814514, 0.22121493518352509, 0.3907574713230133], [0.0, 0.0, 0.0, 1.0]]}, "finger3joint1": {"matrix": [[0.5433477759361267, 0.48222899436950684, 0.6871887445449829, -1.873881459236145], [-0.8115792274475098, 0.5111059546470642, 0.2830366790294647, 0.4382900893688202], [-0.21473807096481323, -0.7114953398704529, 0.6690752506256104, 0.021341800689697266], [0.0, 0.0, 0.0, 1.0]]}, "finger3joint2": {"matrix": [[0.5856910943984985, -0.7032174468040466, 0.40305235981941223, -1.4508790969848633], [-0.7309129238128662, -0.24329720437526703, 0.6376304626464844, 0.8866227865219116], [-0.3503316044807434, -0.6680505871772766, -0.6564875245094299, -0.6027687191963196], [0.0, 0.0, 0.0, 1.0]]}, "finger3joint3": {"matrix": [[0.4739500880241394, -0.8450630307197571, -0.2474670261144638, -1.9059171676635742], [-0.83888840675354, -0.5187509655952454, 0.16481360793113708, 0.7291899919509888], [-0.26765191555023193, 0.12948362529277802, -0.9547753930091858, -1.0350511074066162], [0.0, 0.0, 0.0, 1.0]]}, "Bone.003": {"matrix": [[0.7583510279655457, -0.2346940040588379, 0.6081302762031555, -1.8062162399291992], [0.2095012217760086, 0.9711920022964478, 0.11355715245008469, 0.2469157874584198], [-0.6172623634338379, 0.0412881001830101, 0.7856731414794922, 0.3907574415206909], [0.0, 0.0, 0.0, 1.0]]}, "finger4joint1": {"matrix": [[0.5936976671218872, 0.10603870451450348, 0.7976707816123962, -1.9068106412887573], [-0.7811167240142822, 0.31411212682724, 0.5396201014518738, 0.6631875038146973], [-0.19333772361278534, -0.9434451460838318, 0.2693164050579071, 0.40845435857772827], [0.0, 0.0, 0.0, 1.0]]}, "finger4joint2": {"matrix": [[0.6112647652626038, -0.7761191129684448, -0.1549009084701538, -1.801476240158081], [-0.7631451487541199, -0.6298761367797852, 0.1444474309682846, 0.9752136468887329], [-0.20967702567577362, 0.029916096478700638, -0.9773126244544983, -0.5287253856658936], [0.0, 0.0, 0.0, 1.0]]}, "finger4joint3": {"matrix": [[0.6758652329444885, -0.14227838814258575, -0.7231616973876953, -2.125166893005371], [-0.7101759910583496, -0.388139933347702, -0.5873644351959229, 0.7125157117843628], [-0.197118878364563, 0.9105511903762817, -0.36337313055992126, -0.5162484645843506], [0.0, 0.0, 0.0, 1.0]]}}