{"root": {"matrix": [[0.28328970074653625, -0.8349456191062927, -0.47181856632232666, 0.0], [-0.19534219801425934, 0.43142271041870117, -0.8807473182678223, 2.9802322387695312e-08], [0.9389293789863586, 0.34167274832725525, -0.04088256508111954, 2.9802322387695312e-08], [0.0, 0.0, 0.0, 1.0]]}, "carpals": {"matrix": [[0.8632861971855164, -0.460422158241272, -0.20675644278526306, -0.12356123328208923], [0.18461038172245026, -0.09320834279060364, 0.9783818125724792, 0.07954147458076477], [-0.4697400629520416, -0.8827929496765137, 0.004533448256552219, 2.462395429611206], [0.0, 0.0, 0.0, 1.0]]}, "metacarpals": {"matrix": [[0.48254427313804626, -0.5637491345405579, 0.6703266501426697, -0.5720096826553345], [-0.7099036574363708, 0.1965346783399582, 0.6763214468955994, -0.011242866516113281], [-0.5130181908607483, -0.8022223114967346, -0.3053707480430603, 1.60256028175354], [0.0, 0.0, 0.0, 1.0]]}, "finger5joint1": {"matrix": [[0.2941926121711731, -0.48010948300361633, 0.8264051675796509, -1.254144549369812], [-0.6304800510406494, 0.5523553490638733, 0.5453422665596008, -0.05273944139480591], [-0.7182934284210205, -0.6814674735069275, -0.14020048081874847, 1.3603932857513428], [0.0, 0.0, 0.0, 1.0]]}, "finger5joint2": {"matrix": [[0.860519528388977, -0.37348002195358276, -0.3464367985725403, -1.7612708806991577], [0.5090336203575134, 0.6040336489677429, 0.613210916519165, 0.5306981801986694], [-0.019762514159083366, -0.7040277123451233, 0.7098968625068665, 0.6405780911445618], [0.0, 0.0, 0.0, 1.0]]}, "finger5joint3": {"matrix": [[0.8396570682525635, -0.38736653327941895, -0.3806872069835663, -2.017976760864258], [0.5286651253700256, 0.4223165810108185, 0.7363160848617554, 0.9458716511726379], [-0.12445364147424698, -0.819508969783783, 0.5593885183334351, 0.15667517483234406], [0.0, 0.0, 0.0, 1.0]]}, "Bone": {"matrix": [[0.5727835297584534, 0.26884227991104126, 0.7743659615516663, -1.4521785974502563], [-0.36031511425971985, -0.7659512758255005, 0.532439112663269, 0.29560229182243347], [0.7362686991691589, -0.5839883685112, -0.3418562412261963, 0.3500685691833496], [0.0, 0.0, 0.0, 1.0]]}, "finger1joint1": {"matrix": [[0.6437757015228271, -0.7540400624275208, 0.13029292225837708, -1.2284513711929321], [-0.685553789138794, -0.4926912486553192, 0.5359768271446228, -0.3418129086494446], [-0.33995404839515686, -0.4343717694282532, -0.8341175317764282, -0.13591931760311127], [0.0, 0.0, 0.0, 1.0]]}, "finger1joint2": {"matrix": [[0.5884902477264404, -0.8011947274208069, -0.1084720715880394, -1.654618501663208], [-0.8061919808387756, -0.5916414856910706, -0.0038367826491594315, -0.6202713251113892], [-0.061102788895368576, 0.08970709890127182, -0.9940919280052185, -0.38141682744026184], [0.0, 0.0, 0.0, 1.0]]}, "finger1joint3": {"matrix": [[0.6034746170043945, -0.6232919692993164, -0.4973182678222656, -1.998077392578125], [-0.7801846265792847, -0.5903793573379517, -0.20679490268230438, -0.8738982677459717], [-0.1647130697965622, 0.5127953290939331, -0.8425617218017578, -0.3429608941078186], [0.0, 0.0, 0.0, 1.0]]}, "Bone.001": {"matrix": [[0.7170239090919495, 0.29074305295944214, 0.6335179805755615, -1.4521784782409668], [-0.5327379703521729, -0.3575354218482971, 0.7670451998710632, 0.29560232162475586], [0.449518084526062, -0.8874889612197876, -0.10147140175104141, 0.3500685691833496], [0.0, 0.0, 0.0, 1.0]]}, "finger2joint1": {"matrix": [[0.8580873012542725, -0.46385660767555237, 0.2202795147895813, -1.2678812742233276], [-0.5025002956390381, -0.670188307762146, 0.5462057590484619, 0.06896644830703735], [-0.1057325080037117, -0.5793828964233398, -0.8081681132316589, -0.2124961018562317], [0.0, 0.0, 0.0, 1.0]]}, "finger2joint2": {"matrix": [[0.7885804772377014, -0.5744141340255737, 0.21952016651630402, -1.6691863536834717], [-0.6093647480010986, -0.6820283532142639, 0.404365599155426, -0.5108462572097778], [-0.08255451172590256, -0.4526427984237671, -0.887861967086792, -0.7137486338615417], [0.0, 0.0, 0.0, 1.0]]}, "finger2joint3": {"matrix": [[0.6947022676467896, -0.7080128788948059, 0.1269107460975647, -1.887243390083313], [-0.7172476053237915, -0.6685455441474915, 0.19647467136383057, -0.7697553634643555], [-0.05426117032766342, -0.2275179624557495, -0.9722607135772705, -0.8855793476104736], [0.0, 0.0, 0.0, 1.0]]}, "Bone.002": {"matrix": [[0.7066067457199097, -0.21501046419143677, 0.6741493344306946, -1.4521784782409668], [-0.6431481838226318, 0.2021344006061554, 0.7385810017585754, 0.29560232162475586], [-0.2950715720653534, -0.9554641246795654, 0.004546061623841524, 0.350068598985672], [0.0, 0.0, 0.0, 1.0]]}, "finger3joint1": {"matrix": [[0.5390251874923706, 0.15305276215076447, 0.8282672762870789, -1.5428075790405273], [-0.7239858508110046, 0.5867413878440857, 0.3627381920814514, 0.3808039426803589], [-0.43046075105667114, -0.7951785326004028, 0.4270763695240021, -0.05266916751861572], [0.0, 0.0, 0.0, 1.0]]}, "finger3joint2": {"matrix": [[0.5239032506942749, -0.8243557810783386, 0.2143898606300354, -1.4085525274276733], [-0.6356204748153687, -0.21081291139125824, 0.742660403251648, 0.8954826593399048], [-0.5670202970504761, -0.5253526568412781, -0.6344227194786072, -0.7501851320266724], [0.0, 0.0, 0.0, 1.0]]}, "finger3joint3": {"matrix": [[0.43883541226387024, -0.7337220907211304, -0.5187249183654785, -1.9419770240783691], [-0.7611227035522461, -0.6103603839874268, 0.21943658590316772, 0.7590698003768921], [-0.47761470079421997, 0.29851654171943665, -0.8262999653816223, -1.0901304483413696], [0.0, 0.0, 0.0, 1.0]]}, "Bone.003": {"matrix": [[0.7240248918533325, -0.28377819061279297, 0.6286954283714294, -1.4521785974502563], [0.07219596952199936, 0.9376220107078552, 0.34007737040519714, 0.29560229182243347], [-0.6859850883483887, -0.20083500444889069, 0.6993493437767029, 0.3500685691833496], [0.0, 0.0, 0.0, 1.0]]}, "finger4joint1": {"matrix": [[0.47834300994873047, -0.4134581685066223, 0.7747516632080078, -1.573811411857605], [-0.7132006287574768, 0.3318433165550232, 0.6174338459968567, 0.6974853277206421], [-0.5123793482780457, -0.8478984236717224, -0.1361435502767563, 0.26398688554763794], [0.0, 0.0, 0.0, 1.0]]}, "finger4joint2": {"matrix": [[0.4836108684539795, -0.7136211395263672, -0.5068187117576599, -1.9845237731933594], [-0.6933505535125732, -0.6657382249832153, 0.27578482031822205, 1.0271248817443848], [-0.5342146158218384, 0.21803036332130432, -0.8167477250099182, -0.5782806873321533], [0.0, 0.0, 0.0, 1.0]]}, "finger4joint3": {"matrix": [[0.5486196875572205, 0.25859224796295166, -0.7950762510299683, -2.282148838043213], [-0.6395706534385681, -0.48267969489097595, -0.5983054041862488, 0.7494701147079468], [-0.5384843945503235, 0.8367494344711304, -0.09941965341567993, -0.48734837770462036], [0.0, 0.0, 0.0, 1.0]]}}