{"root": {"matrix": [[0.6597405672073364, -0.671195924282074, 0.3379916846752167, 0.0], [0.6514095067977905, 0.7350308895111084, 0.18813613057136536, 5.960464477539063e-08], [-0.37471047043800354, 0.09605000913143158, 0.9221531748771667, 0.0], [0.0, 0.0, 0.0, 1.0]]}, "carpals": {"matrix": [[0.19902503490447998, -0.6774978041648865, -0.7080857753753662, 0.7970094680786133], [-0.2956266701221466, -0.7303871512413025, 0.6157428026199341, 2.171454429626465], [-0.9343413710594177, 0.08678082376718521, -0.3456518054008484, -0.8570569753646851], [0.0, 0.0, 0.0, 1.0]]}, "metacarpals": {"matrix": [[0.2128029763698578, -0.9534551501274109, -0.21363015472888947, 0.1371307373046875], [-0.7062508463859558, -0.3011837601661682, 0.6407009959220886, 1.46006178855896], [-0.6752218008041382, 0.01453342754393816, -0.7374715209007263, -0.7725329399108887], [0.0, 0.0, 0.0, 1.0]]}, "finger5joint1": {"matrix": [[-0.17612116038799286, -0.9790249466896057, 0.10242622345685959, -0.3564361333847046], [-0.7704752683639526, 0.20186470448970795, 0.6046636700630188, 1.1485446691513062], [-0.6126573085784912, 0.027577299624681473, -0.7898673415184021, -0.34238913655281067], [0.0, 0.0, 0.0, 1.0]]}, "finger5joint2": {"matrix": [[0.40839430689811707, -0.7675074338912964, -0.4941108822822571, -1.3905529975891113], [0.643747866153717, -0.14160019159317017, 0.7520222663879395, 1.3617686033248901], [-0.6471492648124695, -0.6252047419548035, 0.4362529516220093, -0.3132599890232086], [0.0, 0.0, 0.0, 1.0]]}, "finger5joint3": {"matrix": [[0.36154061555862427, -0.6464075446128845, -0.6718963980674744, -1.9180877208709717], [0.5853347778320312, -0.40356579422950745, 0.7032192349433899, 1.2644418478012085], [-0.725721001625061, -0.6475270390510559, 0.23245969414710999, -0.7429851293563843], [0.0, 0.0, 0.0, 1.0]]}, "Bone": {"matrix": [[0.9894920587539673, 0.08249609917402267, -0.11874084919691086, -1.3514775037765503], [0.13320179283618927, -0.839532732963562, 0.5267274379730225, 0.9898302555084229], [-0.05623392388224602, -0.5370093584060669, -0.8416998386383057, -0.7498422265052795], [0.0, 0.0, 0.0, 1.0]]}, "finger1joint1": {"matrix": [[0.4399087727069855, -0.8503671288490295, -0.28871363401412964, -1.2828253507614136], [-0.5594862699508667, -0.5109930038452148, 0.6525802612304688, 0.2911815047264099], [-0.7024637460708618, -0.12554451823234558, -0.7005591988563538, -1.1967347860336304], [0.0, 0.0, 0.0, 1.0]]}, "finger1joint2": {"matrix": [[0.5238407850265503, -0.7506537437438965, -0.40262821316719055, -1.7634344100952148], [-0.7212706804275513, -0.6423423290252686, 0.25916174054145813, 0.0023793280124664307], [-0.45316606760025024, 0.15464447438716888, -0.877909779548645, -1.2676899433135986], [0.0, 0.0, 0.0, 1.0]]}, "finger1joint3": {"matrix": [[0.5075569748878479, -0.3423737585544586, -0.7906742095947266, -2.0852272510528564], [-0.667262613773346, -0.7367579340934753, -0.10930798947811127, -0.27298226952552795], [-0.5451115965843201, 0.5830675363540649, -0.6023999452590942, -1.2013963460922241], [0.0, 0.0, 0.0, 1.0]]}, "Bone.001": {"matrix": [[0.9377163052558899, -0.32266765832901, -0.12873713672161102, -1.3514773845672607], [-0.09754738956689835, -0.6002197265625, 0.7938641905784607, 0.9898302555084229], [-0.33342501521110535, -0.7318617105484009, -0.5943114161491394, -0.7498422265052795], [0.0, 0.0, 0.0, 1.0]]}, "finger2joint1": {"matrix": [[0.342570424079895, -0.4616433382034302, -0.8182483911514282, -1.5560111999511719], [-0.667404055595398, -0.7325617671012878, 0.13388289511203766, 0.6093608140945435], [-0.6612238883972168, 0.5002381801605225, -0.55905681848526, -1.2137573957443237], [0.0, 0.0, 0.0, 1.0]]}, "finger2joint2": {"matrix": [[0.3735642433166504, -0.38110339641571045, -0.8457006216049194, -1.9554014205932617], [-0.7404209971427917, -0.6717013120651245, -0.02436678670346737, -0.024414271116256714], [-0.5587722659111023, 0.6352772116661072, -0.5331007242202759, -0.7809768915176392], [0.0, 0.0, 0.0, 1.0]]}, "finger2joint3": {"matrix": [[0.40144890546798706, -0.22814826667308807, -0.8870099782943726, -2.1000747680664062], [-0.8074182868003845, -0.5453224182128906, -0.225163996219635, -0.27940309047698975], [-0.43233585357666016, 0.806580126285553, -0.40313029289245605, -0.5398151874542236], [0.0, 0.0, 0.0, 1.0]]}, "Bone.002": {"matrix": [[0.4490501284599304, -0.8933176398277283, -0.018364014104008675, -1.3514775037765503], [-0.5009081959724426, -0.2687077224254608, 0.8227313756942749, 0.9898302555084229], [-0.7398952841758728, -0.36024901270866394, -0.5681334733963013, -0.7498422861099243], [0.0, 0.0, 0.0, 1.0]]}, "finger3joint1": {"matrix": [[0.518684983253479, -0.6235114336013794, 0.5849778056144714, -1.7280199527740479], [-0.6338062286376953, 0.17878848314285278, 0.7525451183319092, 0.8765672445297241], [-0.5738081336021423, -0.7610965371131897, -0.30245065689086914, -0.9016908407211304], [0.0, 0.0, 0.0, 1.0]]}, "finger3joint2": {"matrix": [[0.39048007130622864, -0.24636682868003845, -0.8870334625244141, -2.2749526500701904], [-0.6262723803520203, -0.777307391166687, -0.059799227863550186, 1.0333971977233887], [-0.6747653484344482, 0.5788751840591431, -0.45781582593917847, -1.5693106651306152], [0.0, 0.0, 0.0, 1.0]]}, "finger3joint3": {"matrix": [[0.5213753581047058, 0.7788374423980713, -0.3486825227737427, -2.4343717098236084], [-0.64508056640625, 0.09224532544612885, -0.7585260272026062, 0.5304169058799744], [-0.5586044192314148, 0.6204051971435547, 0.550507664680481, -1.1947319507598877], [0.0, 0.0, 0.0, 1.0]]}, "Bone.003": {"matrix": [[-0.16958944499492645, -0.7386425733566284, 0.6524158120155334, -1.3514776229858398], [-0.029728349298238754, 0.6655381917953491, 0.7457714080810547, 0.9898302555084229], [-0.985066294670105, 0.10707980394363403, -0.13482695817947388, -0.7498422861099243], [0.0, 0.0, 0.0, 1.0]]}, "finger4joint1": {"matrix": [[0.20813600718975067, -0.9374369382858276, -0.2790893614292145, -1.668074131011963], [-0.7111220359802246, -0.34094351530075073, 0.6148679256439209, 1.2750928401947021], [-0.671553909778595, 0.07049061357975006, -0.7375949025154114, -0.7039457559585571], [0.0, 0.0, 0.0, 1.0]]}, "finger4joint2": {"matrix": [[0.1811642050743103, 0.19397737085819244, -0.9641326069831848, -2.599285364151001], [-0.7067447900772095, -0.6560460329055786, -0.26479214429855347, 0.9364135265350342], [-0.6838793754577637, 0.7293668985366821, 0.01824054680764675, -0.6339232325553894], [0.0, 0.0, 0.0, 1.0]]}, "finger4joint3": {"matrix": [[0.17849715054035187, 0.8618183135986328, -0.47477084398269653, -2.5183846950531006], [-0.6458148956298828, -0.26142144203186035, -0.7173433303833008, 0.6628010869026184], [-0.7423352003097534, 0.4346579611301422, 0.5099124312400818, -0.32973140478134155], [0.0, 0.0, 0.0, 1.0]]}}