{"root": {"matrix": [[0.5417377948760986, -0.7298367619514465, -0.4169633984565735, 5.960464477539063e-08], [0.14578981697559357, 0.57012939453125, -0.8085157871246338, 0.0], [0.8278076648712158, 0.37721461057662964, 0.4152633547782898, 2.9802322387695312e-08], [0.0, 0.0, 0.0, 1.0]]}, "carpals": {"matrix": [[0.697959303855896, -0.6997258067131042, -0.1524350941181183, 0.5576274991035461], [-0.10713089257478714, -0.31248095631599426, 0.943863570690155, 0.9786502122879028], [-0.7080788016319275, -0.642447829246521, -0.2930610775947571, 2.1946027278900146], [0.0, 0.0, 0.0, 1.0]]}, "metacarpals": {"matrix": [[0.3107425272464752, -0.6338675618171692, 0.70827317237854, -0.1239011287689209], [-0.911878228187561, 0.011431507766246796, 0.41030141711235046, 0.6742956042289734], [-0.2681735157966614, -0.7733568549156189, -0.5744577646255493, 1.5688623189926147], [0.0, 0.0, 0.0, 1.0]]}, "finger5joint1": {"matrix": [[0.11524153500795364, -0.6750068664550781, 0.7287557721138, -0.8315151333808899], [-0.859472393989563, 0.30006447434425354, 0.41384580731391907, 0.6720379590988159], [-0.49802255630493164, -0.674037516117096, -0.545569896697998, 1.4108997583389282], [0.0, 0.0, 0.0, 1.0]]}, "finger5joint2": {"matrix": [[0.7800625562667847, -0.573544979095459, -0.2500962018966675, -1.5445061922073364], [0.4230189919471741, 0.18890078365802765, 0.886211633682251, 0.9889878034591675], [-0.4610390365123749, -0.797095775604248, 0.38997501134872437, 0.6989326477050781], [0.0, 0.0, 0.0, 1.0]]}, "finger5joint3": {"matrix": [[0.7356929183006287, -0.5927247405052185, -0.3277694284915924, -1.9387239217758179], [0.38937243819236755, -0.025854162871837616, 0.9207172393798828, 1.1188257932662964], [-0.5542061924934387, -0.8049894571304321, 0.21177014708518982, 0.15106073021888733], [0.0, 0.0, 0.0, 1.0]]}, "Bone": {"matrix": [[0.6120598912239075, 0.08394692838191986, 0.7863430380821228, -1.1135444641113281], [-0.18680453300476074, -0.950861930847168, 0.24691203236579895, 0.692143440246582], [0.7684310078620911, -0.29801759123802185, -0.5663027763366699, 0.3614375591278076], [0.0, 0.0, 0.0, 1.0]]}, "finger1joint1": {"matrix": [[0.4477548599243164, -0.7864129543304443, 0.4255233108997345, -1.043684959411621], [-0.881030261516571, -0.30677810311317444, 0.36010104417800903, -0.09915211796760559], [-0.15264709293842316, -0.5361358523368835, -0.8302149176597595, 0.11343102157115936], [0.0, 0.0, 0.0, 1.0]]}, "finger1joint2": {"matrix": [[0.31257882714271545, -0.9301798343658447, 0.1925092339515686, -1.4881483316421509], [-0.9425190091133118, -0.32891806960105896, -0.05891352519392967, -0.2725364565849304], [0.1181197389960289, -0.16302838921546936, -0.9795249104499817, -0.18958136439323425], [0.0, 0.0, 0.0, 1.0]]}, "finger1joint3": {"matrix": [[0.3643817901611328, -0.896552324295044, -0.2518326938152313, -1.8869011402130127], [-0.9309347867965698, -0.3436552584171295, -0.12353760749101639, -0.41353821754455566], [0.024214116856455803, 0.27945470809936523, -0.9598532915115356, -0.2594689428806305], [0.0, 0.0, 0.0, 1.0]]}, "Bone.001": {"matrix": [[0.6925544142723083, 0.11981478333473206, 0.7113456130027771, -1.1135443449020386], [-0.46696987748146057, -0.6771493554115295, 0.5686893463134766, 0.692143440246582], [0.5498244762420654, -0.7260254621505737, -0.41301289200782776, 0.36143758893013], [0.0, 0.0, 0.0, 1.0]]}, "finger2joint1": {"matrix": [[0.6373854875564575, -0.5638321042060852, 0.5251979231834412, -1.0375957489013672], [-0.7698220014572144, -0.49547308683395386, 0.40234336256980896, 0.26290953159332275], [0.03336712718009949, -0.6607567667961121, -0.7498577833175659, -0.0987781286239624], [0.0, 0.0, 0.0, 1.0]]}, "finger2joint2": {"matrix": [[0.5325120091438293, -0.7112767696380615, 0.45882028341293335, -1.5253944396972656], [-0.8453481197357178, -0.4742211699485779, 0.24596890807151794, -0.1657484620809555], [0.04263012483716011, -0.5188441872596741, -0.8538049459457397, -0.6704310774803162], [0.0, 0.0, 0.0, 1.0]]}, "finger2joint3": {"matrix": [[0.40427491068840027, -0.8747957348823547, 0.2670092284679413, -1.7954069375991821], [-0.9127351641654968, -0.40467822551727295, 0.05612238124012947, -0.34577062726020813], [0.05895700678229332, -0.26639753580093384, -0.9620581865310669, -0.867392897605896], [0.0, 0.0, 0.0, 1.0]]}, "Bone.002": {"matrix": [[0.5686644911766052, -0.3109849691390991, 0.7615175247192383, -1.1135444641113281], [-0.8157495856285095, -0.09424386918544769, 0.5706755518913269, 0.692143440246582], [-0.10570333153009415, -0.9457303881645203, -0.3072790205478668, 0.3614375591278076], [0.0, 0.0, 0.0, 1.0]]}, "finger3joint1": {"matrix": [[0.38015758991241455, -0.0613253116607666, 0.9228864312171936, -1.2446277141571045], [-0.9073740839958191, 0.16871239244937897, 0.3849785029888153, 0.6524187326431274], [-0.17931143939495087, -0.9837554693222046, 0.008492202498018742, -0.0371972918510437], [0.0, 0.0, 0.0, 1.0]]}, "finger3joint2": {"matrix": [[0.32958683371543884, -0.9195595383644104, 0.21396905183792114, -1.2984211444854736], [-0.8835243582725525, -0.22051897644996643, 0.413226455450058, 0.8004101514816284], [-0.3328021764755249, -0.3252406120300293, -0.8851332664489746, -0.900129497051239], [0.0, 0.0, 0.0, 1.0]]}, "finger3joint3": {"matrix": [[0.2428763508796692, -0.8828264474868774, -0.4020305573940277, -1.8934500217437744], [-0.9502689838409424, -0.2998100519180298, 0.08427805453538895, 0.6577165722846985], [-0.19493578374385834, 0.36156806349754333, -0.9117390513420105, -1.110586166381836], [0.0, 0.0, 0.0, 1.0]]}, "Bone.003": {"matrix": [[0.6296027898788452, -0.17986223101615906, 0.7558107376098633, -1.1135444641113281], [-0.2858577072620392, 0.8509590029716492, 0.44062918424606323, 0.6921433806419373], [-0.7224165201187134, -0.4934755265712738, 0.4843510687351227, 0.3614375591278076], [0.0, 0.0, 0.0, 1.0]]}, "finger4joint1": {"matrix": [[0.44081637263298035, -0.5443899631500244, 0.7136667966842651, -1.1906368732452393], [-0.8929563760757446, -0.1852249652147293, 0.41026875376701355, 1.0568809509277344], [-0.09115742146968842, -0.818126380443573, -0.5677666664123535, 0.1499243974685669], [0.0, 0.0, 0.0, 1.0]]}, "finger4joint2": {"matrix": [[0.4419201612472534, -0.8175829648971558, -0.3691401481628418, -1.7314115762710571], [-0.8888787031173706, -0.45452892780303955, -0.057426415383815765, 0.8728861808776855], [-0.12083414942026138, 0.35349881649017334, -0.9275974631309509, -0.6627688407897949], [0.0, 0.0, 0.0, 1.0]]}, "finger4joint3": {"matrix": [[0.5137056112289429, -0.27676358819007874, -0.8121010661125183, -2.072395086288452], [-0.8470836281776428, -0.31389105319976807, -0.42886054515838623, 0.6833189725875854], [-0.13621841371059418, 0.9082256555557251, -0.39568936824798584, -0.5153375864028931], [0.0, 0.0, 0.0, 1.0]]}}